county,precinct,office,district,candidate,party,absentee,early_voting,election_day,votes
Potter,121 COUNTY ONLY,Registered Voters,,,,,,,103
Potter,121 COUNTY ONLY,Ballots Cast,,,,,,,77
Potter,121 COUNTY ONLY,President,,Donald J. Trump,REP,3,57,9,69
Potter,121 COUNTY ONLY,President,,Kamala D. Harris,DEM,0,6,0,6
Potter,121 COUNTY ONLY,President,,Chase Oliver,LIB,0,1,0,1
Potter,121 COUNTY ONLY,President,,Jill Stein,GRN,0,0,0,0
Potter,121 COUNTY ONLY,President,,CHERUNDA FOX/HARLAND MCVAY (W),,0,0,0,0
Potter,121 COUNTY ONLY,President,,CLAUDIA DE LA CRUZ/KARINA GARCIA (W),,0,0,0,0
Potter,121 COUNTY ONLY,President,,CORNEL WEST/MELINA ABDULLAH (W),,0,0,0,0
Potter,121 COUNTY ONLY,President,,JESSIE CUELLAR/WESLEY LASLEY (W),,0,0,0,0
Potter,121 COUNTY ONLY,President,,PETER SONSKI/LAUREN ONAK (W),,0,0,0,0
Potter,121 COUNTY ONLY,President,,SHIVA AYYADURAI/CRYSTAL ELLIS (W),,0,0,0,0
Potter,121 COUNTY ONLY,President,,Under Votes,,0,1,0,1
Potter,121 COUNTY ONLY,President,,Over Votes,,0,0,0,0
Potter,121 COUNTY ONLY,U.S. Senate,,Ted Cruz,REP,3,55,9,67
Potter,121 COUNTY ONLY,U.S. Senate,,Colin Allred,DEM,0,7,0,7
Potter,121 COUNTY ONLY,U.S. Senate,,Ted Brown,LIB,0,3,0,3
Potter,121 COUNTY ONLY,U.S. Senate,,ANALISA ROCHE (W),,0,0,0,0
Potter,121 COUNTY ONLY,U.S. Senate,,TRACY ANDRUS (W),,0,0,0,0
Potter,121 COUNTY ONLY,U.S. Senate,,Under Votes,,0,0,0,0
Potter,121 COUNTY ONLY,U.S. Senate,,Over Votes,,0,0,0,0
Potter,121 COUNTY ONLY,U.S. House,13,Ronny Jackson,REP,3,58,9,70
Potter,121 COUNTY ONLY,U.S. House,13,Under Votes,,0,7,0,7
Potter,121 COUNTY ONLY,U.S. House,13,Over Votes,,0,0,0,0
Potter,121 COUNTY ONLY,Railroad Commissioner,,Christi Craddick,REP,1,57,9,67
Potter,121 COUNTY ONLY,Railroad Commissioner,,Katherine Culbert,DEM,0,6,0,6
Potter,121 COUNTY ONLY,Railroad Commissioner,,Hawk Dunlap,LIB,0,1,0,1
Potter,121 COUNTY ONLY,Railroad Commissioner,,Eddie Espinoza,GRN,0,1,0,1
Potter,121 COUNTY ONLY,Railroad Commissioner,,RICHARD MCKIBBIN (W),,0,0,0,0
Potter,121 COUNTY ONLY,Railroad Commissioner,,Under Votes,,2,0,0,2
Potter,121 COUNTY ONLY,Railroad Commissioner,,Over Votes,,0,0,0,0
Potter,121 COUNTY ONLY,"Justice, Supreme Court, Place 2",,Jimmy Blacklock,REP,1,57,9,67
Potter,121 COUNTY ONLY,"Justice, Supreme Court, Place 2",,DaSean Jones,DEM,0,7,0,7
Potter,121 COUNTY ONLY,"Justice, Supreme Court, Place 2",,Under Votes,,2,1,0,3
Potter,121 COUNTY ONLY,"Justice, Supreme Court, Place 2",,Over Votes,,0,0,0,0
Potter,121 COUNTY ONLY,"Justice, Supreme Court, Place 4",,John Devine,REP,1,55,9,65
Potter,121 COUNTY ONLY,"Justice, Supreme Court, Place 4",,Christine Vinh Weems,DEM,0,9,0,9
Potter,121 COUNTY ONLY,"Justice, Supreme Court, Place 4",,Under Votes,,2,1,0,3
Potter,121 COUNTY ONLY,"Justice, Supreme Court, Place 4",,Over Votes,,0,0,0,0
Potter,121 COUNTY ONLY,"Justice, Supreme Court, Place 6",,Jane Bland,REP,1,54,9,64
Potter,121 COUNTY ONLY,"Justice, Supreme Court, Place 6",,Bonnie Lee Goldstein,DEM,0,7,0,7
Potter,121 COUNTY ONLY,"Justice, Supreme Court, Place 6",,J. David Roberson,LIB,0,3,0,3
Potter,121 COUNTY ONLY,"Justice, Supreme Court, Place 6",,Under Votes,,2,1,0,3
Potter,121 COUNTY ONLY,"Justice, Supreme Court, Place 6",,Over Votes,,0,0,0,0
Potter,121 COUNTY ONLY,"Presiding Judge, Court of Criminal Appeals",,David J. Schenck,REP,1,56,9,66
Potter,121 COUNTY ONLY,"Presiding Judge, Court of Criminal Appeals",,Holly Taylor,DEM,0,7,0,7
Potter,121 COUNTY ONLY,"Presiding Judge, Court of Criminal Appeals",,Under Votes,,2,2,0,4
Potter,121 COUNTY ONLY,"Presiding Judge, Court of Criminal Appeals",,Over Votes,,0,0,0,0
Potter,121 COUNTY ONLY,"Judge, Court of Criminal Appeals, Place 7",,Gina Parker,REP,1,56,9,66
Potter,121 COUNTY ONLY,"Judge, Court of Criminal Appeals, Place 7",,Nancy Mulder,DEM,0,7,0,7
Potter,121 COUNTY ONLY,"Judge, Court of Criminal Appeals, Place 7",,Under Votes,,2,2,0,4
Potter,121 COUNTY ONLY,"Judge, Court of Criminal Appeals, Place 7",,Over Votes,,0,0,0,0
Potter,121 COUNTY ONLY,"Judge, Court of Criminal Appeals, Place 8",,Lee Finley,REP,1,55,9,65
Potter,121 COUNTY ONLY,"Judge, Court of Criminal Appeals, Place 8",,Chika Anyiam,DEM,0,8,0,8
Potter,121 COUNTY ONLY,"Judge, Court of Criminal Appeals, Place 8",,Under Votes,,2,2,0,4
Potter,121 COUNTY ONLY,"Judge, Court of Criminal Appeals, Place 8",,Over Votes,,0,0,0,0
Potter,121 COUNTY ONLY,"Member, State Board of Education, District 15",,Aaron Kinsey,REP,1,54,9,64
Potter,121 COUNTY ONLY,"Member, State Board of Education, District 15",,Morgan Kirkpatrick,DEM,0,9,0,9
Potter,121 COUNTY ONLY,"Member, State Board of Education, District 15",,Jack B. Westbrook,LIB,0,1,0,1
Potter,121 COUNTY ONLY,"Member, State Board of Education, District 15",,Under Votes,,2,1,0,3
Potter,121 COUNTY ONLY,"Member, State Board of Education, District 15",,Over Votes,,0,0,0,0
Potter,121 COUNTY ONLY,State Representative,87,Caroline Fairly,REP,1,58,9,68
Potter,121 COUNTY ONLY,State Representative,87,Timothy W. Gassaway,DEM,0,6,0,6
Potter,121 COUNTY ONLY,State Representative,87,JEFFREY MCGUNEGLE (W),,0,0,0,0
Potter,121 COUNTY ONLY,State Representative,87,Under Votes,,2,1,0,3
Potter,121 COUNTY ONLY,State Representative,87,Over Votes,,0,0,0,0
Potter,121 COUNTY ONLY,"Justice, 7th Court of Appeals District, Place 2",,Judy Parker,REP,1,58,9,68
Potter,121 COUNTY ONLY,"Justice, 7th Court of Appeals District, Place 2",,Under Votes,,2,7,0,9
Potter,121 COUNTY ONLY,"Justice, 7th Court of Appeals District, Place 2",,Over Votes,,0,0,0,0
Potter,121 COUNTY ONLY,"Justice, 7th Court of Appeals District, Place 3",,Alex Yarbrough,REP,1,57,9,67
Potter,121 COUNTY ONLY,"Justice, 7th Court of Appeals District, Place 3",,Under Votes,,2,8,0,10
Potter,121 COUNTY ONLY,"Justice, 7th Court of Appeals District, Place 3",,Over Votes,,0,0,0,0
Potter,121 COUNTY ONLY,"District Judge, 108th Judicial District",,Tim Pirtle,REP,1,59,9,69
Potter,121 COUNTY ONLY,"District Judge, 108th Judicial District",,Under Votes,,2,6,0,8
Potter,121 COUNTY ONLY,"District Judge, 108th Judicial District",,Over Votes,,0,0,0,0
Potter,121 COUNTY ONLY,"District Attorney, 47th Judicial District",,Jason E. Herring,REP,1,59,9,69
Potter,121 COUNTY ONLY,"District Attorney, 47th Judicial District",,Under Votes,,2,6,0,8
Potter,121 COUNTY ONLY,"District Attorney, 47th Judicial District",,Over Votes,,0,0,0,0
Potter,121 COUNTY ONLY,County Attorney,,Scott Brumley,REP,1,58,9,68
Potter,121 COUNTY ONLY,County Attorney,,Under Votes,,2,7,0,9
Potter,121 COUNTY ONLY,County Attorney,,Over Votes,,0,0,0,0
Potter,121 COUNTY ONLY,Sheriff,,Brian Thomas,REP,1,60,9,70
Potter,121 COUNTY ONLY,Sheriff,,Under Votes,,2,5,0,7
Potter,121 COUNTY ONLY,Sheriff,,Over Votes,,0,0,0,0
Potter,121 COUNTY ONLY,County Tax Assessor-Collector,,Thomas Warren III,REP,1,58,9,68
Potter,121 COUNTY ONLY,County Tax Assessor-Collector,,Under Votes,,2,7,0,9
Potter,121 COUNTY ONLY,County Tax Assessor-Collector,,Over Votes,,0,0,0,0
Potter,121 COUNTY ONLY,"County Commissioner, Precinct 1",,H R Kelly,REP,1,56,9,66
Potter,121 COUNTY ONLY,"County Commissioner, Precinct 1",,David Martinez,DEM,0,8,0,8
Potter,121 COUNTY ONLY,"County Commissioner, Precinct 1",,Under Votes,,2,1,0,3
Potter,121 COUNTY ONLY,"County Commissioner, Precinct 1",,Over Votes,,0,0,0,0
Potter,121 COUNTY ONLY,"Constable, Precinct 1",,Darryl Wertz,REP,1,59,9,69
Potter,121 COUNTY ONLY,"Constable, Precinct 1",,Under Votes,,2,6,0,8
Potter,121 COUNTY ONLY,"Constable, Precinct 1",,Over Votes,,0,0,0,0
Potter,323 COUNTY ONLY,Registered Voters,,,,,,,3360
Potter,323 COUNTY ONLY,Ballots Cast,,,,,,,2304
Potter,323 COUNTY ONLY,President,,Donald J. Trump,REP,44,1416,497,1957
Potter,323 COUNTY ONLY,President,,Kamala D. Harris,DEM,16,222,86,324
Potter,323 COUNTY ONLY,President,,Chase Oliver,LIB,0,5,4,9
Potter,323 COUNTY ONLY,President,,Jill Stein,GRN,0,5,4,9
Potter,323 COUNTY ONLY,President,,CHERUNDA FOX/HARLAND MCVAY (W),,0,0,0,0
Potter,323 COUNTY ONLY,President,,CLAUDIA DE LA CRUZ/KARINA GARCIA (W),,0,0,0,0
Potter,323 COUNTY ONLY,President,,CORNEL WEST/MELINA ABDULLAH (W),,0,0,0,0
Potter,323 COUNTY ONLY,President,,JESSIE CUELLAR/WESLEY LASLEY (W),,0,0,0,0
Potter,323 COUNTY ONLY,President,,PETER SONSKI/LAUREN ONAK (W),,0,0,0,0
Potter,323 COUNTY ONLY,President,,SHIVA AYYADURAI/CRYSTAL ELLIS (W),,0,0,0,0
Potter,323 COUNTY ONLY,President,,Under Votes,,0,4,1,5
Potter,323 COUNTY ONLY,President,,Over Votes,,0,0,0,0
Potter,323 COUNTY ONLY,U.S. Senate,,Ted Cruz,REP,43,1383,471,1897
Potter,323 COUNTY ONLY,U.S. Senate,,Colin Allred,DEM,15,228,93,336
Potter,323 COUNTY ONLY,U.S. Senate,,Ted Brown,LIB,2,32,25,59
Potter,323 COUNTY ONLY,U.S. Senate,,ANALISA ROCHE (W),,0,0,0,0
Potter,323 COUNTY ONLY,U.S. Senate,,TRACY ANDRUS (W),,0,0,0,0
Potter,323 COUNTY ONLY,U.S. Senate,,Under Votes,,0,9,3,12
Potter,323 COUNTY ONLY,U.S. Senate,,Over Votes,,0,0,0,0
Potter,323 COUNTY ONLY,U.S. House,13,Ronny Jackson,REP,50,1468,534,2052
Potter,323 COUNTY ONLY,U.S. House,13,Under Votes,,10,184,58,252
Potter,323 COUNTY ONLY,U.S. House,13,Over Votes,,0,0,0,0
Potter,323 COUNTY ONLY,Railroad Commissioner,,Christi Craddick,REP,42,1358,462,1862
Potter,323 COUNTY ONLY,Railroad Commissioner,,Katherine Culbert,DEM,14,206,72,292
Potter,323 COUNTY ONLY,Railroad Commissioner,,Hawk Dunlap,LIB,3,32,23,58
Potter,323 COUNTY ONLY,Railroad Commissioner,,Eddie Espinoza,GRN,1,18,11,30
Potter,323 COUNTY ONLY,Railroad Commissioner,,RICHARD MCKIBBIN (W),,0,0,0,0
Potter,323 COUNTY ONLY,Railroad Commissioner,,Under Votes,,0,38,24,62
Potter,323 COUNTY ONLY,Railroad Commissioner,,Over Votes,,0,0,0,0
Potter,323 COUNTY ONLY,"Justice, Supreme Court, Place 2",,Jimmy Blacklock,REP,43,1403,489,1935
Potter,323 COUNTY ONLY,"Justice, Supreme Court, Place 2",,DaSean Jones,DEM,17,217,90,324
Potter,323 COUNTY ONLY,"Justice, Supreme Court, Place 2",,Under Votes,,0,32,13,45
Potter,323 COUNTY ONLY,"Justice, Supreme Court, Place 2",,Over Votes,,0,0,0,0
Potter,323 COUNTY ONLY,"Justice, Supreme Court, Place 4",,John Devine,REP,43,1395,486,1924
Potter,323 COUNTY ONLY,"Justice, Supreme Court, Place 4",,Christine Vinh Weems,DEM,17,219,86,322
Potter,323 COUNTY ONLY,"Justice, Supreme Court, Place 4",,Under Votes,,0,38,20,58
Potter,323 COUNTY ONLY,"Justice, Supreme Court, Place 4",,Over Votes,,0,0,0,0
Potter,323 COUNTY ONLY,"Justice, Supreme Court, Place 6",,Jane Bland,REP,41,1366,475,1882
Potter,323 COUNTY ONLY,"Justice, Supreme Court, Place 6",,Bonnie Lee Goldstein,DEM,16,206,80,302
Potter,323 COUNTY ONLY,"Justice, Supreme Court, Place 6",,J. David Roberson,LIB,3,49,23,75
Potter,323 COUNTY ONLY,"Justice, Supreme Court, Place 6",,Under Votes,,0,31,14,45
Potter,323 COUNTY ONLY,"Justice, Supreme Court, Place 6",,Over Votes,,0,0,0,0
Potter,323 COUNTY ONLY,"Presiding Judge, Court of Criminal Appeals",,David J. Schenck,REP,44,1398,492,1934
Potter,323 COUNTY ONLY,"Presiding Judge, Court of Criminal Appeals",,Holly Taylor,DEM,16,224,86,326
Potter,323 COUNTY ONLY,"Presiding Judge, Court of Criminal Appeals",,Under Votes,,0,30,14,44
Potter,323 COUNTY ONLY,"Presiding Judge, Court of Criminal Appeals",,Over Votes,,0,0,0,0
Potter,323 COUNTY ONLY,"Judge, Court of Criminal Appeals, Place 7",,Gina Parker,REP,44,1400,486,1930
Potter,323 COUNTY ONLY,"Judge, Court of Criminal Appeals, Place 7",,Nancy Mulder,DEM,15,221,87,323
Potter,323 COUNTY ONLY,"Judge, Court of Criminal Appeals, Place 7",,Under Votes,,1,31,19,51
Potter,323 COUNTY ONLY,"Judge, Court of Criminal Appeals, Place 7",,Over Votes,,0,0,0,0
Potter,323 COUNTY ONLY,"Judge, Court of Criminal Appeals, Place 8",,Lee Finley,REP,44,1402,491,1937
Potter,323 COUNTY ONLY,"Judge, Court of Criminal Appeals, Place 8",,Chika Anyiam,DEM,16,212,79,307
Potter,323 COUNTY ONLY,"Judge, Court of Criminal Appeals, Place 8",,Under Votes,,0,38,22,60
Potter,323 COUNTY ONLY,"Judge, Court of Criminal Appeals, Place 8",,Over Votes,,0,0,0,0
Potter,323 COUNTY ONLY,"Member, State Board of Education, District 15",,Aaron Kinsey,REP,42,1356,468,1866
Potter,323 COUNTY ONLY,"Member, State Board of Education, District 15",,Morgan Kirkpatrick,DEM,16,217,79,312
Potter,323 COUNTY ONLY,"Member, State Board of Education, District 15",,Jack B. Westbrook,LIB,2,43,26,71
Potter,323 COUNTY ONLY,"Member, State Board of Education, District 15",,Under Votes,,0,36,19,55
Potter,323 COUNTY ONLY,"Member, State Board of Education, District 15",,Over Votes,,0,0,0,0
Potter,323 COUNTY ONLY,State Representative,87,Caroline Fairly,REP,45,1386,486,1917
Potter,323 COUNTY ONLY,State Representative,87,Timothy W. Gassaway,DEM,15,217,85,317
Potter,323 COUNTY ONLY,State Representative,87,JEFFREY MCGUNEGLE (W),,0,0,0,0
Potter,323 COUNTY ONLY,State Representative,87,Under Votes,,0,49,21,70
Potter,323 COUNTY ONLY,State Representative,87,Over Votes,,0,0,0,0
Potter,323 COUNTY ONLY,"Justice, 7th Court of Appeals District, Place 2",,Judy Parker,REP,49,1463,530,2042
Potter,323 COUNTY ONLY,"Justice, 7th Court of Appeals District, Place 2",,Under Votes,,11,189,62,262
Potter,323 COUNTY ONLY,"Justice, 7th Court of Appeals District, Place 2",,Over Votes,,0,0,0,0
Potter,323 COUNTY ONLY,"Justice, 7th Court of Appeals District, Place 3",,Alex Yarbrough,REP,46,1452,529,2027
Potter,323 COUNTY ONLY,"Justice, 7th Court of Appeals District, Place 3",,Under Votes,,14,200,63,277
Potter,323 COUNTY ONLY,"Justice, 7th Court of Appeals District, Place 3",,Over Votes,,0,0,0,0
Potter,323 COUNTY ONLY,"District Judge, 108th Judicial District",,Tim Pirtle,REP,49,1457,526,2032
Potter,323 COUNTY ONLY,"District Judge, 108th Judicial District",,Under Votes,,11,195,66,272
Potter,323 COUNTY ONLY,"District Judge, 108th Judicial District",,Over Votes,,0,0,0,0
Potter,323 COUNTY ONLY,"District Attorney, 47th Judicial District",,Jason E. Herring,REP,50,1459,528,2037
Potter,323 COUNTY ONLY,"District Attorney, 47th Judicial District",,Under Votes,,10,193,64,267
Potter,323 COUNTY ONLY,"District Attorney, 47th Judicial District",,Over Votes,,0,0,0,0
Potter,323 COUNTY ONLY,County Attorney,,Scott Brumley,REP,49,1463,532,2044
Potter,323 COUNTY ONLY,County Attorney,,Under Votes,,11,189,60,260
Potter,323 COUNTY ONLY,County Attorney,,Over Votes,,0,0,0,0
Potter,323 COUNTY ONLY,Sheriff,,Brian Thomas,REP,50,1491,537,2078
Potter,323 COUNTY ONLY,Sheriff,,Under Votes,,10,161,55,226
Potter,323 COUNTY ONLY,Sheriff,,Over Votes,,0,0,0,0
Potter,323 COUNTY ONLY,County Tax Assessor-Collector,,Thomas Warren III,REP,49,1449,529,2027
Potter,323 COUNTY ONLY,County Tax Assessor-Collector,,Under Votes,,11,203,63,277
Potter,323 COUNTY ONLY,County Tax Assessor-Collector,,Over Votes,,0,0,0,0
Potter,323 COUNTY ONLY,"County Commissioner, Precinct 3",,John Coffee,REP,49,1456,534,2039
Potter,323 COUNTY ONLY,"County Commissioner, Precinct 3",,Under Votes,,11,196,58,265
Potter,323 COUNTY ONLY,"County Commissioner, Precinct 3",,Over Votes,,0,0,0,0
Potter,323 COUNTY ONLY,"Constable, Precinct 3",,Dennis Green,REP,50,1453,531,2034
Potter,323 COUNTY ONLY,"Constable, Precinct 3",,Under Votes,,10,199,61,270
Potter,323 COUNTY ONLY,"Constable, Precinct 3",,Over Votes,,0,0,0,0
Potter,326 COUNTY ONLY,Registered Voters,,,,,,,452
Potter,326 COUNTY ONLY,Ballots Cast,,,,,,,239
Potter,326 COUNTY ONLY,President,,Donald J. Trump,REP,3,131,70,204
Potter,326 COUNTY ONLY,President,,Kamala D. Harris,DEM,1,17,12,30
Potter,326 COUNTY ONLY,President,,Chase Oliver,LIB,0,1,1,2
Potter,326 COUNTY ONLY,President,,Jill Stein,GRN,0,1,1,2
Potter,326 COUNTY ONLY,President,,CHERUNDA FOX/HARLAND MCVAY (W),,0,0,0,0
Potter,326 COUNTY ONLY,President,,CLAUDIA DE LA CRUZ/KARINA GARCIA (W),,0,0,0,0
Potter,326 COUNTY ONLY,President,,CORNEL WEST/MELINA ABDULLAH (W),,0,0,0,0
Potter,326 COUNTY ONLY,President,,JESSIE CUELLAR/WESLEY LASLEY (W),,0,0,0,0
Potter,326 COUNTY ONLY,President,,PETER SONSKI/LAUREN ONAK (W),,0,0,0,0
Potter,326 COUNTY ONLY,President,,SHIVA AYYADURAI/CRYSTAL ELLIS (W),,0,0,0,0
Potter,326 COUNTY ONLY,President,,Under Votes,,0,0,1,1
Potter,326 COUNTY ONLY,President,,Over Votes,,0,0,0,0
Potter,326 COUNTY ONLY,U.S. Senate,,Ted Cruz,REP,3,126,64,193
Potter,326 COUNTY ONLY,U.S. Senate,,Colin Allred,DEM,1,18,16,35
Potter,326 COUNTY ONLY,U.S. Senate,,Ted Brown,LIB,0,3,4,7
Potter,326 COUNTY ONLY,U.S. Senate,,ANALISA ROCHE (W),,0,0,0,0
Potter,326 COUNTY ONLY,U.S. Senate,,TRACY ANDRUS (W),,0,0,0,0
Potter,326 COUNTY ONLY,U.S. Senate,,Under Votes,,0,3,1,4
Potter,326 COUNTY ONLY,U.S. Senate,,Over Votes,,0,0,0,0
Potter,326 COUNTY ONLY,U.S. House,13,Ronny Jackson,REP,4,138,73,215
Potter,326 COUNTY ONLY,U.S. House,13,Under Votes,,0,12,12,24
Potter,326 COUNTY ONLY,U.S. House,13,Over Votes,,0,0,0,0
Potter,326 COUNTY ONLY,Railroad Commissioner,,Christi Craddick,REP,3,124,63,190
Potter,326 COUNTY ONLY,Railroad Commissioner,,Katherine Culbert,DEM,1,15,9,25
Potter,326 COUNTY ONLY,Railroad Commissioner,,Hawk Dunlap,LIB,0,3,2,5
Potter,326 COUNTY ONLY,Railroad Commissioner,,Eddie Espinoza,GRN,0,4,5,9
Potter,326 COUNTY ONLY,Railroad Commissioner,,RICHARD MCKIBBIN (W),,0,0,0,0
Potter,326 COUNTY ONLY,Railroad Commissioner,,Under Votes,,0,4,6,10
Potter,326 COUNTY ONLY,Railroad Commissioner,,Over Votes,,0,0,0,0
Potter,326 COUNTY ONLY,"Justice, Supreme Court, Place 2",,Jimmy Blacklock,REP,3,129,69,201
Potter,326 COUNTY ONLY,"Justice, Supreme Court, Place 2",,DaSean Jones,DEM,1,18,12,31
Potter,326 COUNTY ONLY,"Justice, Supreme Court, Place 2",,Under Votes,,0,3,4,7
Potter,326 COUNTY ONLY,"Justice, Supreme Court, Place 2",,Over Votes,,0,0,0,0
Potter,326 COUNTY ONLY,"Justice, Supreme Court, Place 4",,John Devine,REP,3,129,63,195
Potter,326 COUNTY ONLY,"Justice, Supreme Court, Place 4",,Christine Vinh Weems,DEM,1,18,15,34
Potter,326 COUNTY ONLY,"Justice, Supreme Court, Place 4",,Under Votes,,0,3,7,10
Potter,326 COUNTY ONLY,"Justice, Supreme Court, Place 4",,Over Votes,,0,0,0,0
Potter,326 COUNTY ONLY,"Justice, Supreme Court, Place 6",,Jane Bland,REP,3,124,61,188
Potter,326 COUNTY ONLY,"Justice, Supreme Court, Place 6",,Bonnie Lee Goldstein,DEM,1,20,16,37
Potter,326 COUNTY ONLY,"Justice, Supreme Court, Place 6",,J. David Roberson,LIB,0,2,2,4
Potter,326 COUNTY ONLY,"Justice, Supreme Court, Place 6",,Under Votes,,0,4,6,10
Potter,326 COUNTY ONLY,"Justice, Supreme Court, Place 6",,Over Votes,,0,0,0,0
Potter,326 COUNTY ONLY,"Presiding Judge, Court of Criminal Appeals",,David J. Schenck,REP,3,127,65,195
Potter,326 COUNTY ONLY,"Presiding Judge, Court of Criminal Appeals",,Holly Taylor,DEM,1,18,17,36
Potter,326 COUNTY ONLY,"Presiding Judge, Court of Criminal Appeals",,Under Votes,,0,5,3,8
Potter,326 COUNTY ONLY,"Presiding Judge, Court of Criminal Appeals",,Over Votes,,0,0,0,0
Potter,326 COUNTY ONLY,"Judge, Court of Criminal Appeals, Place 7",,Gina Parker,REP,3,127,67,197
Potter,326 COUNTY ONLY,"Judge, Court of Criminal Appeals, Place 7",,Nancy Mulder,DEM,1,19,14,34
Potter,326 COUNTY ONLY,"Judge, Court of Criminal Appeals, Place 7",,Under Votes,,0,4,4,8
Potter,326 COUNTY ONLY,"Judge, Court of Criminal Appeals, Place 7",,Over Votes,,0,0,0,0
Potter,326 COUNTY ONLY,"Judge, Court of Criminal Appeals, Place 8",,Lee Finley,REP,3,128,66,197
Potter,326 COUNTY ONLY,"Judge, Court of Criminal Appeals, Place 8",,Chika Anyiam,DEM,1,16,16,33
Potter,326 COUNTY ONLY,"Judge, Court of Criminal Appeals, Place 8",,Under Votes,,0,6,3,9
Potter,326 COUNTY ONLY,"Judge, Court of Criminal Appeals, Place 8",,Over Votes,,0,0,0,0
Potter,326 COUNTY ONLY,"Member, State Board of Education, District 15",,Aaron Kinsey,REP,3,125,64,192
Potter,326 COUNTY ONLY,"Member, State Board of Education, District 15",,Morgan Kirkpatrick,DEM,1,17,15,33
Potter,326 COUNTY ONLY,"Member, State Board of Education, District 15",,Jack B. Westbrook,LIB,0,3,2,5
Potter,326 COUNTY ONLY,"Member, State Board of Education, District 15",,Under Votes,,0,5,4,9
Potter,326 COUNTY ONLY,"Member, State Board of Education, District 15",,Over Votes,,0,0,0,0
Potter,326 COUNTY ONLY,State Representative,87,Caroline Fairly,REP,3,127,65,195
Potter,326 COUNTY ONLY,State Representative,87,Timothy W. Gassaway,DEM,1,17,16,34
Potter,326 COUNTY ONLY,State Representative,87,JEFFREY MCGUNEGLE (W),,0,0,0,0
Potter,326 COUNTY ONLY,State Representative,87,Under Votes,,0,6,4,10
Potter,326 COUNTY ONLY,State Representative,87,Over Votes,,0,0,0,0
Potter,326 COUNTY ONLY,"Justice, 7th Court of Appeals District, Place 2",,Judy Parker,REP,4,137,75,216
Potter,326 COUNTY ONLY,"Justice, 7th Court of Appeals District, Place 2",,Under Votes,,0,13,10,23
Potter,326 COUNTY ONLY,"Justice, 7th Court of Appeals District, Place 2",,Over Votes,,0,0,0,0
Potter,326 COUNTY ONLY,"Justice, 7th Court of Appeals District, Place 3",,Alex Yarbrough,REP,4,138,73,215
Potter,326 COUNTY ONLY,"Justice, 7th Court of Appeals District, Place 3",,Under Votes,,0,12,12,24
Potter,326 COUNTY ONLY,"Justice, 7th Court of Appeals District, Place 3",,Over Votes,,0,0,0,0
Potter,326 COUNTY ONLY,"District Judge, 108th Judicial District",,Tim Pirtle,REP,4,138,73,215
Potter,326 COUNTY ONLY,"District Judge, 108th Judicial District",,Under Votes,,0,12,12,24
Potter,326 COUNTY ONLY,"District Judge, 108th Judicial District",,Over Votes,,0,0,0,0
Potter,326 COUNTY ONLY,"District Attorney, 47th Judicial District",,Jason E. Herring,REP,4,137,74,215
Potter,326 COUNTY ONLY,"District Attorney, 47th Judicial District",,Under Votes,,0,13,11,24
Potter,326 COUNTY ONLY,"District Attorney, 47th Judicial District",,Over Votes,,0,0,0,0
Potter,326 COUNTY ONLY,County Attorney,,Scott Brumley,REP,4,136,74,214
Potter,326 COUNTY ONLY,County Attorney,,Under Votes,,0,14,11,25
Potter,326 COUNTY ONLY,County Attorney,,Over Votes,,0,0,0,0
Potter,326 COUNTY ONLY,Sheriff,,Brian Thomas,REP,4,138,73,215
Potter,326 COUNTY ONLY,Sheriff,,Under Votes,,0,12,12,24
Potter,326 COUNTY ONLY,Sheriff,,Over Votes,,0,0,0,0
Potter,326 COUNTY ONLY,County Tax Assessor-Collector,,Thomas Warren III,REP,4,136,74,214
Potter,326 COUNTY ONLY,County Tax Assessor-Collector,,Under Votes,,0,14,11,25
Potter,326 COUNTY ONLY,County Tax Assessor-Collector,,Over Votes,,0,0,0,0
Potter,326 COUNTY ONLY,"County Commissioner, Precinct 3",,John Coffee,REP,4,138,74,216
Potter,326 COUNTY ONLY,"County Commissioner, Precinct 3",,Under Votes,,0,12,11,23
Potter,326 COUNTY ONLY,"County Commissioner, Precinct 3",,Over Votes,,0,0,0,0
Potter,326 COUNTY ONLY,"Constable, Precinct 3",,Dennis Green,REP,4,138,72,214
Potter,326 COUNTY ONLY,"Constable, Precinct 3",,Under Votes,,0,12,13,25
Potter,326 COUNTY ONLY,"Constable, Precinct 3",,Over Votes,,0,0,0,0
Potter,327 COUNTY ONLY,Registered Voters,,,,,,,527
Potter,327 COUNTY ONLY,Ballots Cast,,,,,,,337
Potter,327 COUNTY ONLY,President,,Donald J. Trump,REP,0,166,106,272
Potter,327 COUNTY ONLY,President,,Kamala D. Harris,DEM,4,32,21,57
Potter,327 COUNTY ONLY,President,,Chase Oliver,LIB,0,0,4,4
Potter,327 COUNTY ONLY,President,,Jill Stein,GRN,0,0,0,0
Potter,327 COUNTY ONLY,President,,CHERUNDA FOX/HARLAND MCVAY (W),,0,0,0,0
Potter,327 COUNTY ONLY,President,,CLAUDIA DE LA CRUZ/KARINA GARCIA (W),,0,0,0,0
Potter,327 COUNTY ONLY,President,,CORNEL WEST/MELINA ABDULLAH (W),,0,0,0,0
Potter,327 COUNTY ONLY,President,,JESSIE CUELLAR/WESLEY LASLEY (W),,0,0,0,0
Potter,327 COUNTY ONLY,President,,PETER SONSKI/LAUREN ONAK (W),,0,0,0,0
Potter,327 COUNTY ONLY,President,,SHIVA AYYADURAI/CRYSTAL ELLIS (W),,0,0,0,0
Potter,327 COUNTY ONLY,President,,Under Votes,,0,1,3,4
Potter,327 COUNTY ONLY,President,,Over Votes,,0,0,0,0
Potter,327 COUNTY ONLY,U.S. Senate,,Ted Cruz,REP,0,165,97,262
Potter,327 COUNTY ONLY,U.S. Senate,,Colin Allred,DEM,4,25,26,55
Potter,327 COUNTY ONLY,U.S. Senate,,Ted Brown,LIB,0,8,6,14
Potter,327 COUNTY ONLY,U.S. Senate,,ANALISA ROCHE (W),,0,0,0,0
Potter,327 COUNTY ONLY,U.S. Senate,,TRACY ANDRUS (W),,0,0,0,0
Potter,327 COUNTY ONLY,U.S. Senate,,Under Votes,,0,1,5,6
Potter,327 COUNTY ONLY,U.S. Senate,,Over Votes,,0,0,0,0
Potter,327 COUNTY ONLY,U.S. House,13,Ronny Jackson,REP,1,178,112,291
Potter,327 COUNTY ONLY,U.S. House,13,Under Votes,,3,21,22,46
Potter,327 COUNTY ONLY,U.S. House,13,Over Votes,,0,0,0,0
Potter,327 COUNTY ONLY,Railroad Commissioner,,Christi Craddick,REP,0,161,98,259
Potter,327 COUNTY ONLY,Railroad Commissioner,,Katherine Culbert,DEM,4,18,21,43
Potter,327 COUNTY ONLY,Railroad Commissioner,,Hawk Dunlap,LIB,0,11,5,16
Potter,327 COUNTY ONLY,Railroad Commissioner,,Eddie Espinoza,GRN,0,4,2,6
Potter,327 COUNTY ONLY,Railroad Commissioner,,RICHARD MCKIBBIN (W),,0,0,0,0
Potter,327 COUNTY ONLY,Railroad Commissioner,,Under Votes,,0,5,8,13
Potter,327 COUNTY ONLY,Railroad Commissioner,,Over Votes,,0,0,0,0
Potter,327 COUNTY ONLY,"Justice, Supreme Court, Place 2",,Jimmy Blacklock,REP,1,172,103,276
Potter,327 COUNTY ONLY,"Justice, Supreme Court, Place 2",,DaSean Jones,DEM,3,24,24,51
Potter,327 COUNTY ONLY,"Justice, Supreme Court, Place 2",,Under Votes,,0,3,7,10
Potter,327 COUNTY ONLY,"Justice, Supreme Court, Place 2",,Over Votes,,0,0,0,0
Potter,327 COUNTY ONLY,"Justice, Supreme Court, Place 4",,John Devine,REP,0,171,102,273
Potter,327 COUNTY ONLY,"Justice, Supreme Court, Place 4",,Christine Vinh Weems,DEM,4,25,24,53
Potter,327 COUNTY ONLY,"Justice, Supreme Court, Place 4",,Under Votes,,0,3,8,11
Potter,327 COUNTY ONLY,"Justice, Supreme Court, Place 4",,Over Votes,,0,0,0,0
Potter,327 COUNTY ONLY,"Justice, Supreme Court, Place 6",,Jane Bland,REP,0,163,100,263
Potter,327 COUNTY ONLY,"Justice, Supreme Court, Place 6",,Bonnie Lee Goldstein,DEM,4,19,22,45
Potter,327 COUNTY ONLY,"Justice, Supreme Court, Place 6",,J. David Roberson,LIB,0,14,6,20
Potter,327 COUNTY ONLY,"Justice, Supreme Court, Place 6",,Under Votes,,0,3,6,9
Potter,327 COUNTY ONLY,"Justice, Supreme Court, Place 6",,Over Votes,,0,0,0,0
Potter,327 COUNTY ONLY,"Presiding Judge, Court of Criminal Appeals",,David J. Schenck,REP,0,168,103,271
Potter,327 COUNTY ONLY,"Presiding Judge, Court of Criminal Appeals",,Holly Taylor,DEM,4,28,23,55
Potter,327 COUNTY ONLY,"Presiding Judge, Court of Criminal Appeals",,Under Votes,,0,3,8,11
Potter,327 COUNTY ONLY,"Presiding Judge, Court of Criminal Appeals",,Over Votes,,0,0,0,0
Potter,327 COUNTY ONLY,"Judge, Court of Criminal Appeals, Place 7",,Gina Parker,REP,0,169,104,273
Potter,327 COUNTY ONLY,"Judge, Court of Criminal Appeals, Place 7",,Nancy Mulder,DEM,4,27,22,53
Potter,327 COUNTY ONLY,"Judge, Court of Criminal Appeals, Place 7",,Under Votes,,0,3,8,11
Potter,327 COUNTY ONLY,"Judge, Court of Criminal Appeals, Place 7",,Over Votes,,0,0,0,0
Potter,327 COUNTY ONLY,"Judge, Court of Criminal Appeals, Place 8",,Lee Finley,REP,0,171,103,274
Potter,327 COUNTY ONLY,"Judge, Court of Criminal Appeals, Place 8",,Chika Anyiam,DEM,4,23,22,49
Potter,327 COUNTY ONLY,"Judge, Court of Criminal Appeals, Place 8",,Under Votes,,0,5,9,14
Potter,327 COUNTY ONLY,"Judge, Court of Criminal Appeals, Place 8",,Over Votes,,0,0,0,0
Potter,327 COUNTY ONLY,"Member, State Board of Education, District 15",,Aaron Kinsey,REP,0,159,100,259
Potter,327 COUNTY ONLY,"Member, State Board of Education, District 15",,Morgan Kirkpatrick,DEM,4,24,20,48
Potter,327 COUNTY ONLY,"Member, State Board of Education, District 15",,Jack B. Westbrook,LIB,0,13,6,19
Potter,327 COUNTY ONLY,"Member, State Board of Education, District 15",,Under Votes,,0,3,8,11
Potter,327 COUNTY ONLY,"Member, State Board of Education, District 15",,Over Votes,,0,0,0,0
Potter,327 COUNTY ONLY,State Representative,87,Caroline Fairly,REP,0,166,104,270
Potter,327 COUNTY ONLY,State Representative,87,Timothy W. Gassaway,DEM,4,27,21,52
Potter,327 COUNTY ONLY,State Representative,87,JEFFREY MCGUNEGLE (W),,0,0,0,0
Potter,327 COUNTY ONLY,State Representative,87,Under Votes,,0,6,9,15
Potter,327 COUNTY ONLY,State Representative,87,Over Votes,,0,0,0,0
Potter,327 COUNTY ONLY,"Justice, 7th Court of Appeals District, Place 2",,Judy Parker,REP,0,177,112,289
Potter,327 COUNTY ONLY,"Justice, 7th Court of Appeals District, Place 2",,Under Votes,,4,22,22,48
Potter,327 COUNTY ONLY,"Justice, 7th Court of Appeals District, Place 2",,Over Votes,,0,0,0,0
Potter,327 COUNTY ONLY,"Justice, 7th Court of Appeals District, Place 3",,Alex Yarbrough,REP,0,176,113,289
Potter,327 COUNTY ONLY,"Justice, 7th Court of Appeals District, Place 3",,Under Votes,,4,23,21,48
Potter,327 COUNTY ONLY,"Justice, 7th Court of Appeals District, Place 3",,Over Votes,,0,0,0,0
Potter,327 COUNTY ONLY,"District Judge, 108th Judicial District",,Tim Pirtle,REP,0,177,113,290
Potter,327 COUNTY ONLY,"District Judge, 108th Judicial District",,Under Votes,,4,22,21,47
Potter,327 COUNTY ONLY,"District Judge, 108th Judicial District",,Over Votes,,0,0,0,0
Potter,327 COUNTY ONLY,"District Attorney, 47th Judicial District",,Jason E. Herring,REP,0,177,111,288
Potter,327 COUNTY ONLY,"District Attorney, 47th Judicial District",,Under Votes,,4,22,23,49
Potter,327 COUNTY ONLY,"District Attorney, 47th Judicial District",,Over Votes,,0,0,0,0
Potter,327 COUNTY ONLY,County Attorney,,Scott Brumley,REP,0,173,110,283
Potter,327 COUNTY ONLY,County Attorney,,Under Votes,,4,26,24,54
Potter,327 COUNTY ONLY,County Attorney,,Over Votes,,0,0,0,0
Potter,327 COUNTY ONLY,Sheriff,,Brian Thomas,REP,2,182,109,293
Potter,327 COUNTY ONLY,Sheriff,,Under Votes,,2,17,25,44
Potter,327 COUNTY ONLY,Sheriff,,Over Votes,,0,0,0,0
Potter,327 COUNTY ONLY,County Tax Assessor-Collector,,Thomas Warren III,REP,1,173,108,282
Potter,327 COUNTY ONLY,County Tax Assessor-Collector,,Under Votes,,3,26,26,55
Potter,327 COUNTY ONLY,County Tax Assessor-Collector,,Over Votes,,0,0,0,0
Potter,327 COUNTY ONLY,"County Commissioner, Precinct 3",,John Coffee,REP,0,176,111,287
Potter,327 COUNTY ONLY,"County Commissioner, Precinct 3",,Under Votes,,4,23,23,50
Potter,327 COUNTY ONLY,"County Commissioner, Precinct 3",,Over Votes,,0,0,0,0
Potter,327 COUNTY ONLY,"Constable, Precinct 3",,Dennis Green,REP,0,177,109,286
Potter,327 COUNTY ONLY,"Constable, Precinct 3",,Under Votes,,4,22,25,51
Potter,327 COUNTY ONLY,"Constable, Precinct 3",,Over Votes,,0,0,0,0
Potter,121 CITY,Registered Voters,,,,,,,2119
Potter,121 CITY,Ballots Cast,,,,,,,1496
Potter,121 CITY,President,,Donald J. Trump,REP,51,957,142,1150
Potter,121 CITY,President,,Kamala D. Harris,DEM,24,235,60,319
Potter,121 CITY,President,,Chase Oliver,LIB,1,7,1,9
Potter,121 CITY,President,,Jill Stein,GRN,1,5,0,6
Potter,121 CITY,President,,CHERUNDA FOX/HARLAND MCVAY (W),,0,0,0,0
Potter,121 CITY,President,,CLAUDIA DE LA CRUZ/KARINA GARCIA (W),,0,1,0,1
Potter,121 CITY,President,,CORNEL WEST/MELINA ABDULLAH (W),,0,0,0,0
Potter,121 CITY,President,,JESSIE CUELLAR/WESLEY LASLEY (W),,0,0,0,0
Potter,121 CITY,President,,PETER SONSKI/LAUREN ONAK (W),,0,0,0,0
Potter,121 CITY,President,,SHIVA AYYADURAI/CRYSTAL ELLIS (W),,0,0,0,0
Potter,121 CITY,President,,Under Votes,,1,5,5,11
Potter,121 CITY,President,,Over Votes,,0,0,0,0
Potter,121 CITY,U.S. Senate,,Ted Cruz,REP,50,930,123,1103
Potter,121 CITY,U.S. Senate,,Colin Allred,DEM,24,244,68,336
Potter,121 CITY,U.S. Senate,,Ted Brown,LIB,2,22,9,33
Potter,121 CITY,U.S. Senate,,ANALISA ROCHE (W),,0,1,0,1
Potter,121 CITY,U.S. Senate,,TRACY ANDRUS (W),,0,0,0,0
Potter,121 CITY,U.S. Senate,,Under Votes,,2,13,8,23
Potter,121 CITY,U.S. Senate,,Over Votes,,0,0,0,0
Potter,121 CITY,U.S. House,13,Ronny Jackson,REP,61,1040,162,1263
Potter,121 CITY,U.S. House,13,Under Votes,,17,170,46,233
Potter,121 CITY,U.S. House,13,Over Votes,,0,0,0,0
Potter,121 CITY,Railroad Commissioner,,Christi Craddick,REP,53,942,130,1125
Potter,121 CITY,Railroad Commissioner,,Katherine Culbert,DEM,16,190,46,252
Potter,121 CITY,Railroad Commissioner,,Hawk Dunlap,LIB,2,22,10,34
Potter,121 CITY,Railroad Commissioner,,Eddie Espinoza,GRN,0,17,4,21
Potter,121 CITY,Railroad Commissioner,,RICHARD MCKIBBIN (W),,0,0,0,0
Potter,121 CITY,Railroad Commissioner,,Under Votes,,7,39,18,64
Potter,121 CITY,Railroad Commissioner,,Over Votes,,0,0,0,0
Potter,121 CITY,"Justice, Supreme Court, Place 2",,Jimmy Blacklock,REP,51,962,134,1147
Potter,121 CITY,"Justice, Supreme Court, Place 2",,DaSean Jones,DEM,20,211,61,292
Potter,121 CITY,"Justice, Supreme Court, Place 2",,Under Votes,,7,37,13,57
Potter,121 CITY,"Justice, Supreme Court, Place 2",,Over Votes,,0,0,0,0
Potter,121 CITY,"Justice, Supreme Court, Place 4",,John Devine,REP,50,952,136,1138
Potter,121 CITY,"Justice, Supreme Court, Place 4",,Christine Vinh Weems,DEM,20,217,58,295
Potter,121 CITY,"Justice, Supreme Court, Place 4",,Under Votes,,8,41,14,63
Potter,121 CITY,"Justice, Supreme Court, Place 4",,Over Votes,,0,0,0,0
Potter,121 CITY,"Justice, Supreme Court, Place 6",,Jane Bland,REP,53,938,124,1115
Potter,121 CITY,"Justice, Supreme Court, Place 6",,Bonnie Lee Goldstein,DEM,18,195,58,271
Potter,121 CITY,"Justice, Supreme Court, Place 6",,J. David Roberson,LIB,0,36,11,47
Potter,121 CITY,"Justice, Supreme Court, Place 6",,Under Votes,,7,41,15,63
Potter,121 CITY,"Justice, Supreme Court, Place 6",,Over Votes,,0,0,0,0
Potter,121 CITY,"Presiding Judge, Court of Criminal Appeals",,David J. Schenck,REP,51,960,132,1143
Potter,121 CITY,"Presiding Judge, Court of Criminal Appeals",,Holly Taylor,DEM,20,214,63,297
Potter,121 CITY,"Presiding Judge, Court of Criminal Appeals",,Under Votes,,7,36,13,56
Potter,121 CITY,"Presiding Judge, Court of Criminal Appeals",,Over Votes,,0,0,0,0
Potter,121 CITY,"Judge, Court of Criminal Appeals, Place 7",,Gina Parker,REP,53,972,138,1163
Potter,121 CITY,"Judge, Court of Criminal Appeals, Place 7",,Nancy Mulder,DEM,18,206,54,278
Potter,121 CITY,"Judge, Court of Criminal Appeals, Place 7",,Under Votes,,7,32,16,55
Potter,121 CITY,"Judge, Court of Criminal Appeals, Place 7",,Over Votes,,0,0,0,0
Potter,121 CITY,"Judge, Court of Criminal Appeals, Place 8",,Lee Finley,REP,50,974,138,1162
Potter,121 CITY,"Judge, Court of Criminal Appeals, Place 8",,Chika Anyiam,DEM,21,201,55,277
Potter,121 CITY,"Judge, Court of Criminal Appeals, Place 8",,Under Votes,,7,35,15,57
Potter,121 CITY,"Judge, Court of Criminal Appeals, Place 8",,Over Votes,,0,0,0,0
Potter,121 CITY,"Member, State Board of Education, District 15",,Aaron Kinsey,REP,51,926,122,1099
Potter,121 CITY,"Member, State Board of Education, District 15",,Morgan Kirkpatrick,DEM,18,211,56,285
Potter,121 CITY,"Member, State Board of Education, District 15",,Jack B. Westbrook,LIB,2,36,13,51
Potter,121 CITY,"Member, State Board of Education, District 15",,Under Votes,,7,37,17,61
Potter,121 CITY,"Member, State Board of Education, District 15",,Over Votes,,0,0,0,0
Potter,121 CITY,State Representative,87,Caroline Fairly,REP,53,951,134,1138
Potter,121 CITY,State Representative,87,Timothy W. Gassaway,DEM,17,217,58,292
Potter,121 CITY,State Representative,87,JEFFREY MCGUNEGLE (W),,0,0,0,0
Potter,121 CITY,State Representative,87,Under Votes,,8,42,16,66
Potter,121 CITY,State Representative,87,Over Votes,,0,0,0,0
Potter,121 CITY,"Justice, 7th Court of Appeals District, Place 2",,Judy Parker,REP,63,1048,158,1269
Potter,121 CITY,"Justice, 7th Court of Appeals District, Place 2",,Under Votes,,15,162,50,227
Potter,121 CITY,"Justice, 7th Court of Appeals District, Place 2",,Over Votes,,0,0,0,0
Potter,121 CITY,"Justice, 7th Court of Appeals District, Place 3",,Alex Yarbrough,REP,62,1041,154,1257
Potter,121 CITY,"Justice, 7th Court of Appeals District, Place 3",,Under Votes,,16,169,54,239
Potter,121 CITY,"Justice, 7th Court of Appeals District, Place 3",,Over Votes,,0,0,0,0
Potter,121 CITY,"District Judge, 108th Judicial District",,Tim Pirtle,REP,61,1047,158,1266
Potter,121 CITY,"District Judge, 108th Judicial District",,Under Votes,,17,163,50,230
Potter,121 CITY,"District Judge, 108th Judicial District",,Over Votes,,0,0,0,0
Potter,121 CITY,"District Attorney, 47th Judicial District",,Jason E. Herring,REP,62,1042,154,1258
Potter,121 CITY,"District Attorney, 47th Judicial District",,Under Votes,,16,168,54,238
Potter,121 CITY,"District Attorney, 47th Judicial District",,Over Votes,,0,0,0,0
Potter,121 CITY,County Attorney,,Scott Brumley,REP,62,1039,156,1257
Potter,121 CITY,County Attorney,,Under Votes,,16,171,52,239
Potter,121 CITY,County Attorney,,Over Votes,,0,0,0,0
Potter,121 CITY,Sheriff,,Brian Thomas,REP,63,1052,160,1275
Potter,121 CITY,Sheriff,,Under Votes,,15,158,48,221
Potter,121 CITY,Sheriff,,Over Votes,,0,0,0,0
Potter,121 CITY,County Tax Assessor-Collector,,Thomas Warren III,REP,62,1036,159,1257
Potter,121 CITY,County Tax Assessor-Collector,,Under Votes,,16,174,49,239
Potter,121 CITY,County Tax Assessor-Collector,,Over Votes,,0,0,0,0
Potter,121 CITY,"County Commissioner, Precinct 1",,H R Kelly,REP,55,954,131,1140
Potter,121 CITY,"County Commissioner, Precinct 1",,David Martinez,DEM,16,217,61,294
Potter,121 CITY,"County Commissioner, Precinct 1",,Under Votes,,7,39,16,62
Potter,121 CITY,"County Commissioner, Precinct 1",,Over Votes,,0,0,0,0
Potter,121 CITY,"Constable, Precinct 1",,Darryl Wertz,REP,60,1034,158,1252
Potter,121 CITY,"Constable, Precinct 1",,Under Votes,,18,176,50,244
Potter,121 CITY,"Constable, Precinct 1",,Over Votes,,0,0,0,0
Potter,121 CITY,PROPOSITION A,,For,,30,415,65,510
Potter,121 CITY,PROPOSITION A,,Against,,39,760,134,933
Potter,121 CITY,PROPOSITION A,,Under Votes,,9,35,9,53
Potter,121 CITY,PROPOSITION A,,Over Votes,,0,0,0,0
Potter,121 CITY,PROPOSITION B,,For,,51,507,112,670
Potter,121 CITY,PROPOSITION B,,Against,,17,649,73,739
Potter,121 CITY,PROPOSITION B,,Under Votes,,10,54,23,87
Potter,121 CITY,PROPOSITION B,,Over Votes,,0,0,0,0
Potter,121 CITY,PROPOSITION C,,For,,30,500,79,609
Potter,121 CITY,PROPOSITION C,,Against,,39,655,108,802
Potter,121 CITY,PROPOSITION C,,Under Votes,,9,55,21,85
Potter,121 CITY,PROPOSITION C,,Over Votes,,0,0,0,0
Potter,121 CITY,PROPOSITION D,,For,,43,535,96,674
Potter,121 CITY,PROPOSITION D,,Against,,25,567,82,674
Potter,121 CITY,PROPOSITION D,,Under Votes,,10,108,30,148
Potter,121 CITY,PROPOSITION D,,Over Votes,,0,0,0,0
Potter,121 CITY,PROPOSITION E,,For,,47,609,106,762
Potter,121 CITY,PROPOSITION E,,Against,,21,479,71,571
Potter,121 CITY,PROPOSITION E,,Under Votes,,10,122,31,163
Potter,121 CITY,PROPOSITION E,,Over Votes,,0,0,0,0
Potter,122 CITY,Registered Voters,,,,,,,2889
Potter,122 CITY,Ballots Cast,,,,,,,1563
Potter,122 CITY,President,,Donald J. Trump,REP,72,877,195,1144
Potter,122 CITY,President,,Kamala D. Harris,DEM,37,261,94,392
Potter,122 CITY,President,,Chase Oliver,LIB,1,6,7,14
Potter,122 CITY,President,,Jill Stein,GRN,0,5,1,6
Potter,122 CITY,President,,CHERUNDA FOX/HARLAND MCVAY (W),,0,0,0,0
Potter,122 CITY,President,,CLAUDIA DE LA CRUZ/KARINA GARCIA (W),,0,0,0,0
Potter,122 CITY,President,,CORNEL WEST/MELINA ABDULLAH (W),,0,0,0,0
Potter,122 CITY,President,,JESSIE CUELLAR/WESLEY LASLEY (W),,0,0,0,0
Potter,122 CITY,President,,PETER SONSKI/LAUREN ONAK (W),,1,1,0,2
Potter,122 CITY,President,,SHIVA AYYADURAI/CRYSTAL ELLIS (W),,0,0,0,0
Potter,122 CITY,President,,Under Votes,,0,4,1,5
Potter,122 CITY,President,,Over Votes,,0,0,0,0
Potter,122 CITY,U.S. Senate,,Ted Cruz,REP,79,847,178,1104
Potter,122 CITY,U.S. Senate,,Colin Allred,DEM,30,268,99,397
Potter,122 CITY,U.S. Senate,,Ted Brown,LIB,0,28,17,45
Potter,122 CITY,U.S. Senate,,ANALISA ROCHE (W),,0,1,0,1
Potter,122 CITY,U.S. Senate,,TRACY ANDRUS (W),,0,0,0,0
Potter,122 CITY,U.S. Senate,,Under Votes,,2,10,4,16
Potter,122 CITY,U.S. Senate,,Over Votes,,0,0,0,0
Potter,122 CITY,U.S. House,13,Ronny Jackson,REP,86,955,246,1287
Potter,122 CITY,U.S. House,13,Under Votes,,25,199,52,276
Potter,122 CITY,U.S. House,13,Over Votes,,0,0,0,0
Potter,122 CITY,Railroad Commissioner,,Christi Craddick,REP,76,828,179,1083
Potter,122 CITY,Railroad Commissioner,,Katherine Culbert,DEM,28,227,70,325
Potter,122 CITY,Railroad Commissioner,,Hawk Dunlap,LIB,1,37,21,59
Potter,122 CITY,Railroad Commissioner,,Eddie Espinoza,GRN,1,21,9,31
Potter,122 CITY,Railroad Commissioner,,RICHARD MCKIBBIN (W),,0,1,0,1
Potter,122 CITY,Railroad Commissioner,,Under Votes,,5,40,19,64
Potter,122 CITY,Railroad Commissioner,,Over Votes,,0,0,0,0
Potter,122 CITY,"Justice, Supreme Court, Place 2",,Jimmy Blacklock,REP,77,868,184,1129
Potter,122 CITY,"Justice, Supreme Court, Place 2",,DaSean Jones,DEM,29,249,97,375
Potter,122 CITY,"Justice, Supreme Court, Place 2",,Under Votes,,5,37,17,59
Potter,122 CITY,"Justice, Supreme Court, Place 2",,Over Votes,,0,0,0,0
Potter,122 CITY,"Justice, Supreme Court, Place 4",,John Devine,REP,79,857,184,1120
Potter,122 CITY,"Justice, Supreme Court, Place 4",,Christine Vinh Weems,DEM,27,258,94,379
Potter,122 CITY,"Justice, Supreme Court, Place 4",,Under Votes,,5,39,20,64
Potter,122 CITY,"Justice, Supreme Court, Place 4",,Over Votes,,0,0,0,0
Potter,122 CITY,"Justice, Supreme Court, Place 6",,Jane Bland,REP,76,833,176,1085
Potter,122 CITY,"Justice, Supreme Court, Place 6",,Bonnie Lee Goldstein,DEM,28,235,77,340
Potter,122 CITY,"Justice, Supreme Court, Place 6",,J. David Roberson,LIB,1,48,28,77
Potter,122 CITY,"Justice, Supreme Court, Place 6",,Under Votes,,5,38,17,60
Potter,122 CITY,"Justice, Supreme Court, Place 6",,Over Votes,,1,0,0,1
Potter,122 CITY,"Presiding Judge, Court of Criminal Appeals",,David J. Schenck,REP,74,870,189,1133
Potter,122 CITY,"Presiding Judge, Court of Criminal Appeals",,Holly Taylor,DEM,31,254,90,375
Potter,122 CITY,"Presiding Judge, Court of Criminal Appeals",,Under Votes,,6,30,19,55
Potter,122 CITY,"Presiding Judge, Court of Criminal Appeals",,Over Votes,,0,0,0,0
Potter,122 CITY,"Judge, Court of Criminal Appeals, Place 7",,Gina Parker,REP,76,863,189,1128
Potter,122 CITY,"Judge, Court of Criminal Appeals, Place 7",,Nancy Mulder,DEM,30,250,90,370
Potter,122 CITY,"Judge, Court of Criminal Appeals, Place 7",,Under Votes,,5,41,19,65
Potter,122 CITY,"Judge, Court of Criminal Appeals, Place 7",,Over Votes,,0,0,0,0
Potter,122 CITY,"Judge, Court of Criminal Appeals, Place 8",,Lee Finley,REP,78,870,192,1140
Potter,122 CITY,"Judge, Court of Criminal Appeals, Place 8",,Chika Anyiam,DEM,28,237,87,352
Potter,122 CITY,"Judge, Court of Criminal Appeals, Place 8",,Under Votes,,5,47,19,71
Potter,122 CITY,"Judge, Court of Criminal Appeals, Place 8",,Over Votes,,0,0,0,0
Potter,122 CITY,"Member, State Board of Education, District 15",,Aaron Kinsey,REP,73,819,171,1063
Potter,122 CITY,"Member, State Board of Education, District 15",,Morgan Kirkpatrick,DEM,30,257,86,373
Potter,122 CITY,"Member, State Board of Education, District 15",,Jack B. Westbrook,LIB,0,34,26,60
Potter,122 CITY,"Member, State Board of Education, District 15",,Under Votes,,8,44,15,67
Potter,122 CITY,"Member, State Board of Education, District 15",,Over Votes,,0,0,0,0
Potter,122 CITY,State Representative,87,Caroline Fairly,REP,71,837,190,1098
Potter,122 CITY,State Representative,87,Timothy W. Gassaway,DEM,31,255,90,376
Potter,122 CITY,State Representative,87,JEFFREY MCGUNEGLE (W),,1,3,0,4
Potter,122 CITY,State Representative,87,Under Votes,,8,59,18,85
Potter,122 CITY,State Representative,87,Over Votes,,0,0,0,0
Potter,122 CITY,"Justice, 7th Court of Appeals District, Place 2",,Judy Parker,REP,85,955,234,1274
Potter,122 CITY,"Justice, 7th Court of Appeals District, Place 2",,Under Votes,,26,199,64,289
Potter,122 CITY,"Justice, 7th Court of Appeals District, Place 2",,Over Votes,,0,0,0,0
Potter,122 CITY,"Justice, 7th Court of Appeals District, Place 3",,Alex Yarbrough,REP,85,946,235,1266
Potter,122 CITY,"Justice, 7th Court of Appeals District, Place 3",,Under Votes,,26,208,63,297
Potter,122 CITY,"Justice, 7th Court of Appeals District, Place 3",,Over Votes,,0,0,0,0
Potter,122 CITY,"District Judge, 108th Judicial District",,Tim Pirtle,REP,83,954,235,1272
Potter,122 CITY,"District Judge, 108th Judicial District",,Under Votes,,28,200,63,291
Potter,122 CITY,"District Judge, 108th Judicial District",,Over Votes,,0,0,0,0
Potter,122 CITY,"District Attorney, 47th Judicial District",,Jason E. Herring,REP,84,930,231,1245
Potter,122 CITY,"District Attorney, 47th Judicial District",,Under Votes,,27,224,67,318
Potter,122 CITY,"District Attorney, 47th Judicial District",,Over Votes,,0,0,0,0
Potter,122 CITY,County Attorney,,Scott Brumley,REP,83,933,230,1246
Potter,122 CITY,County Attorney,,Under Votes,,28,221,68,317
Potter,122 CITY,County Attorney,,Over Votes,,0,0,0,0
Potter,122 CITY,Sheriff,,Brian Thomas,REP,84,947,232,1263
Potter,122 CITY,Sheriff,,Under Votes,,27,207,66,300
Potter,122 CITY,Sheriff,,Over Votes,,0,0,0,0
Potter,122 CITY,County Tax Assessor-Collector,,Thomas Warren III,REP,85,928,229,1242
Potter,122 CITY,County Tax Assessor-Collector,,Under Votes,,26,226,69,321
Potter,122 CITY,County Tax Assessor-Collector,,Over Votes,,0,0,0,0
Potter,122 CITY,"County Commissioner, Precinct 1",,H R Kelly,REP,75,842,181,1098
Potter,122 CITY,"County Commissioner, Precinct 1",,David Martinez,DEM,26,249,97,372
Potter,122 CITY,"County Commissioner, Precinct 1",,Under Votes,,10,63,20,93
Potter,122 CITY,"County Commissioner, Precinct 1",,Over Votes,,0,0,0,0
Potter,122 CITY,"Constable, Precinct 1",,Darryl Wertz,REP,87,934,227,1248
Potter,122 CITY,"Constable, Precinct 1",,Under Votes,,24,220,71,315
Potter,122 CITY,"Constable, Precinct 1",,Over Votes,,0,0,0,0
Potter,122 CITY,PROPOSITION A,,For,,56,441,98,595
Potter,122 CITY,PROPOSITION A,,Against,,39,664,192,895
Potter,122 CITY,PROPOSITION A,,Under Votes,,16,49,8,73
Potter,122 CITY,PROPOSITION A,,Over Votes,,0,0,0,0
Potter,122 CITY,PROPOSITION B,,For,,76,542,161,779
Potter,122 CITY,PROPOSITION B,,Against,,24,528,113,665
Potter,122 CITY,PROPOSITION B,,Under Votes,,11,84,24,119
Potter,122 CITY,PROPOSITION B,,Over Votes,,0,0,0,0
Potter,122 CITY,PROPOSITION C,,For,,59,438,109,606
Potter,122 CITY,PROPOSITION C,,Against,,43,636,162,841
Potter,122 CITY,PROPOSITION C,,Under Votes,,9,80,27,116
Potter,122 CITY,PROPOSITION C,,Over Votes,,0,0,0,0
Potter,122 CITY,PROPOSITION D,,For,,59,523,127,709
Potter,122 CITY,PROPOSITION D,,Against,,39,506,133,678
Potter,122 CITY,PROPOSITION D,,Under Votes,,13,125,38,176
Potter,122 CITY,PROPOSITION D,,Over Votes,,0,0,0,0
Potter,122 CITY,PROPOSITION E,,For,,74,600,141,815
Potter,122 CITY,PROPOSITION E,,Against,,22,411,117,550
Potter,122 CITY,PROPOSITION E,,Under Votes,,15,143,40,198
Potter,122 CITY,PROPOSITION E,,Over Votes,,0,0,0,0
Potter,123 CITY,Registered Voters,,,,,,,3569
Potter,123 CITY,Ballots Cast,,,,,,,2277
Potter,123 CITY,President,,Donald J. Trump,REP,53,1113,266,1432
Potter,123 CITY,President,,Kamala D. Harris,DEM,47,611,122,780
Potter,123 CITY,President,,Chase Oliver,LIB,1,8,10,19
Potter,123 CITY,President,,Jill Stein,GRN,0,11,3,14
Potter,123 CITY,President,,CHERUNDA FOX/HARLAND MCVAY (W),,0,0,0,0
Potter,123 CITY,President,,CLAUDIA DE LA CRUZ/KARINA GARCIA (W),,0,0,0,0
Potter,123 CITY,President,,CORNEL WEST/MELINA ABDULLAH (W),,0,2,0,2
Potter,123 CITY,President,,JESSIE CUELLAR/WESLEY LASLEY (W),,0,0,0,0
Potter,123 CITY,President,,PETER SONSKI/LAUREN ONAK (W),,1,0,1,2
Potter,123 CITY,President,,SHIVA AYYADURAI/CRYSTAL ELLIS (W),,0,0,0,0
Potter,123 CITY,President,,Under Votes,,0,19,9,28
Potter,123 CITY,President,,Over Votes,,0,0,0,0
Potter,123 CITY,U.S. Senate,,Ted Cruz,REP,51,1086,253,1390
Potter,123 CITY,U.S. Senate,,Colin Allred,DEM,48,621,129,798
Potter,123 CITY,U.S. Senate,,Ted Brown,LIB,0,43,20,63
Potter,123 CITY,U.S. Senate,,ANALISA ROCHE (W),,0,0,0,0
Potter,123 CITY,U.S. Senate,,TRACY ANDRUS (W),,0,0,0,0
Potter,123 CITY,U.S. Senate,,Under Votes,,3,14,9,26
Potter,123 CITY,U.S. Senate,,Over Votes,,0,0,0,0
Potter,123 CITY,U.S. House,13,Ronny Jackson,REP,58,1255,309,1622
Potter,123 CITY,U.S. House,13,Under Votes,,44,509,102,655
Potter,123 CITY,U.S. House,13,Over Votes,,0,0,0,0
Potter,123 CITY,Railroad Commissioner,,Christi Craddick,REP,51,1107,240,1398
Potter,123 CITY,Railroad Commissioner,,Katherine Culbert,DEM,39,518,92,649
Potter,123 CITY,Railroad Commissioner,,Hawk Dunlap,LIB,2,46,37,85
Potter,123 CITY,Railroad Commissioner,,Eddie Espinoza,GRN,2,36,12,50
Potter,123 CITY,Railroad Commissioner,,RICHARD MCKIBBIN (W),,0,1,0,1
Potter,123 CITY,Railroad Commissioner,,Under Votes,,8,56,30,94
Potter,123 CITY,Railroad Commissioner,,Over Votes,,0,0,0,0
Potter,123 CITY,"Justice, Supreme Court, Place 2",,Jimmy Blacklock,REP,54,1136,276,1466
Potter,123 CITY,"Justice, Supreme Court, Place 2",,DaSean Jones,DEM,41,579,113,733
Potter,123 CITY,"Justice, Supreme Court, Place 2",,Under Votes,,7,49,22,78
Potter,123 CITY,"Justice, Supreme Court, Place 2",,Over Votes,,0,0,0,0
Potter,123 CITY,"Justice, Supreme Court, Place 4",,John Devine,REP,54,1119,268,1441
Potter,123 CITY,"Justice, Supreme Court, Place 4",,Christine Vinh Weems,DEM,42,586,118,746
Potter,123 CITY,"Justice, Supreme Court, Place 4",,Under Votes,,6,59,25,90
Potter,123 CITY,"Justice, Supreme Court, Place 4",,Over Votes,,0,0,0,0
Potter,123 CITY,"Justice, Supreme Court, Place 6",,Jane Bland,REP,53,1111,250,1414
Potter,123 CITY,"Justice, Supreme Court, Place 6",,Bonnie Lee Goldstein,DEM,41,541,101,683
Potter,123 CITY,"Justice, Supreme Court, Place 6",,J. David Roberson,LIB,1,65,34,100
Potter,123 CITY,"Justice, Supreme Court, Place 6",,Under Votes,,7,47,26,80
Potter,123 CITY,"Justice, Supreme Court, Place 6",,Over Votes,,0,0,0,0
Potter,123 CITY,"Presiding Judge, Court of Criminal Appeals",,David J. Schenck,REP,53,1130,266,1449
Potter,123 CITY,"Presiding Judge, Court of Criminal Appeals",,Holly Taylor,DEM,42,581,120,743
Potter,123 CITY,"Presiding Judge, Court of Criminal Appeals",,Under Votes,,7,53,25,85
Potter,123 CITY,"Presiding Judge, Court of Criminal Appeals",,Over Votes,,0,0,0,0
Potter,123 CITY,"Judge, Court of Criminal Appeals, Place 7",,Gina Parker,REP,51,1134,270,1455
Potter,123 CITY,"Judge, Court of Criminal Appeals, Place 7",,Nancy Mulder,DEM,44,569,113,726
Potter,123 CITY,"Judge, Court of Criminal Appeals, Place 7",,Under Votes,,7,61,28,96
Potter,123 CITY,"Judge, Court of Criminal Appeals, Place 7",,Over Votes,,0,0,0,0
Potter,123 CITY,"Judge, Court of Criminal Appeals, Place 8",,Lee Finley,REP,54,1142,273,1469
Potter,123 CITY,"Judge, Court of Criminal Appeals, Place 8",,Chika Anyiam,DEM,41,551,108,700
Potter,123 CITY,"Judge, Court of Criminal Appeals, Place 8",,Under Votes,,7,71,30,108
Potter,123 CITY,"Judge, Court of Criminal Appeals, Place 8",,Over Votes,,0,0,0,0
Potter,123 CITY,"Member, State Board of Education, District 15",,Aaron Kinsey,REP,51,1084,237,1372
Potter,123 CITY,"Member, State Board of Education, District 15",,Morgan Kirkpatrick,DEM,42,555,112,709
Potter,123 CITY,"Member, State Board of Education, District 15",,Jack B. Westbrook,LIB,2,67,41,110
Potter,123 CITY,"Member, State Board of Education, District 15",,Under Votes,,7,58,21,86
Potter,123 CITY,"Member, State Board of Education, District 15",,Over Votes,,0,0,0,0
Potter,123 CITY,State Representative,87,Caroline Fairly,REP,48,1068,269,1385
Potter,123 CITY,State Representative,87,Timothy W. Gassaway,DEM,44,608,112,764
Potter,123 CITY,State Representative,87,JEFFREY MCGUNEGLE (W),,0,1,0,1
Potter,123 CITY,State Representative,87,Under Votes,,10,87,30,127
Potter,123 CITY,State Representative,87,Over Votes,,0,0,0,0
Potter,123 CITY,"Justice, 7th Court of Appeals District, Place 2",,Judy Parker,REP,58,1309,313,1680
Potter,123 CITY,"Justice, 7th Court of Appeals District, Place 2",,Under Votes,,44,455,98,597
Potter,123 CITY,"Justice, 7th Court of Appeals District, Place 2",,Over Votes,,0,0,0,0
Potter,123 CITY,"Justice, 7th Court of Appeals District, Place 3",,Alex Yarbrough,REP,58,1301,307,1666
Potter,123 CITY,"Justice, 7th Court of Appeals District, Place 3",,Under Votes,,44,463,104,611
Potter,123 CITY,"Justice, 7th Court of Appeals District, Place 3",,Over Votes,,0,0,0,0
Potter,123 CITY,"District Judge, 108th Judicial District",,Tim Pirtle,REP,63,1325,313,1701
Potter,123 CITY,"District Judge, 108th Judicial District",,Under Votes,,39,439,98,576
Potter,123 CITY,"District Judge, 108th Judicial District",,Over Votes,,0,0,0,0
Potter,123 CITY,"District Attorney, 47th Judicial District",,Jason E. Herring,REP,60,1286,308,1654
Potter,123 CITY,"District Attorney, 47th Judicial District",,Under Votes,,42,478,103,623
Potter,123 CITY,"District Attorney, 47th Judicial District",,Over Votes,,0,0,0,0
Potter,123 CITY,County Attorney,,Scott Brumley,REP,59,1297,308,1664
Potter,123 CITY,County Attorney,,Under Votes,,43,467,103,613
Potter,123 CITY,County Attorney,,Over Votes,,0,0,0,0
Potter,123 CITY,Sheriff,,Brian Thomas,REP,60,1331,313,1704
Potter,123 CITY,Sheriff,,Under Votes,,42,433,98,573
Potter,123 CITY,Sheriff,,Over Votes,,0,0,0,0
Potter,123 CITY,County Tax Assessor-Collector,,Thomas Warren III,REP,57,1283,304,1644
Potter,123 CITY,County Tax Assessor-Collector,,Under Votes,,45,481,107,633
Potter,123 CITY,County Tax Assessor-Collector,,Over Votes,,0,0,0,0
Potter,123 CITY,"County Commissioner, Precinct 1",,H R Kelly,REP,59,1146,266,1471
Potter,123 CITY,"County Commissioner, Precinct 1",,David Martinez,DEM,33,554,119,706
Potter,123 CITY,"County Commissioner, Precinct 1",,Under Votes,,10,64,26,100
Potter,123 CITY,"County Commissioner, Precinct 1",,Over Votes,,0,0,0,0
Potter,123 CITY,"Constable, Precinct 1",,Darryl Wertz,REP,59,1294,308,1661
Potter,123 CITY,"Constable, Precinct 1",,Under Votes,,43,470,103,616
Potter,123 CITY,"Constable, Precinct 1",,Over Votes,,0,0,0,0
Potter,123 CITY,PROPOSITION A,,For,,21,476,118,615
Potter,123 CITY,PROPOSITION A,,Against,,65,1245,278,1588
Potter,123 CITY,PROPOSITION A,,Under Votes,,16,43,15,74
Potter,123 CITY,PROPOSITION A,,Over Votes,,0,0,0,0
Potter,123 CITY,PROPOSITION B,,For,,55,711,201,967
Potter,123 CITY,PROPOSITION B,,Against,,34,981,184,1199
Potter,123 CITY,PROPOSITION B,,Under Votes,,13,72,26,111
Potter,123 CITY,PROPOSITION B,,Over Votes,,0,0,0,0
Potter,123 CITY,PROPOSITION C,,For,,36,616,142,794
Potter,123 CITY,PROPOSITION C,,Against,,52,1064,240,1356
Potter,123 CITY,PROPOSITION C,,Under Votes,,14,84,29,127
Potter,123 CITY,PROPOSITION C,,Over Votes,,0,0,0,0
Potter,123 CITY,PROPOSITION D,,For,,42,689,169,900
Potter,123 CITY,PROPOSITION D,,Against,,43,939,191,1173
Potter,123 CITY,PROPOSITION D,,Under Votes,,17,136,51,204
Potter,123 CITY,PROPOSITION D,,Over Votes,,0,0,0,0
Potter,123 CITY,PROPOSITION E,,For,,46,793,180,1019
Potter,123 CITY,PROPOSITION E,,Against,,37,816,169,1022
Potter,123 CITY,PROPOSITION E,,Under Votes,,19,155,62,236
Potter,123 CITY,PROPOSITION E,,Over Votes,,0,0,0,0
Potter,124 CITY,Registered Voters,,,,,,,2314
Potter,124 CITY,Ballots Cast,,,,,,,1639
Potter,124 CITY,President,,Donald J. Trump,REP,34,967,186,1187
Potter,124 CITY,President,,Kamala D. Harris,DEM,34,317,68,419
Potter,124 CITY,President,,Chase Oliver,LIB,0,9,7,16
Potter,124 CITY,President,,Jill Stein,GRN,0,3,3,6
Potter,124 CITY,President,,CHERUNDA FOX/HARLAND MCVAY (W),,0,0,0,0
Potter,124 CITY,President,,CLAUDIA DE LA CRUZ/KARINA GARCIA (W),,0,0,0,0
Potter,124 CITY,President,,CORNEL WEST/MELINA ABDULLAH (W),,0,0,0,0
Potter,124 CITY,President,,JESSIE CUELLAR/WESLEY LASLEY (W),,0,0,0,0
Potter,124 CITY,President,,PETER SONSKI/LAUREN ONAK (W),,0,2,0,2
Potter,124 CITY,President,,SHIVA AYYADURAI/CRYSTAL ELLIS (W),,0,0,0,0
Potter,124 CITY,President,,Under Votes,,0,6,3,9
Potter,124 CITY,President,,Over Votes,,0,0,0,0
Potter,124 CITY,U.S. Senate,,Ted Cruz,REP,34,944,163,1141
Potter,124 CITY,U.S. Senate,,Colin Allred,DEM,34,325,80,439
Potter,124 CITY,U.S. Senate,,Ted Brown,LIB,0,25,19,44
Potter,124 CITY,U.S. Senate,,ANALISA ROCHE (W),,0,0,0,0
Potter,124 CITY,U.S. Senate,,TRACY ANDRUS (W),,0,0,0,0
Potter,124 CITY,U.S. Senate,,Under Votes,,0,10,5,15
Potter,124 CITY,U.S. Senate,,Over Votes,,0,0,0,0
Potter,124 CITY,U.S. House,13,Ronny Jackson,REP,36,1061,218,1315
Potter,124 CITY,U.S. House,13,Under Votes,,32,243,49,324
Potter,124 CITY,U.S. House,13,Over Votes,,0,0,0,0
Potter,124 CITY,Railroad Commissioner,,Christi Craddick,REP,35,919,176,1130
Potter,124 CITY,Railroad Commissioner,,Katherine Culbert,DEM,26,276,47,349
Potter,124 CITY,Railroad Commissioner,,Hawk Dunlap,LIB,0,36,15,51
Potter,124 CITY,Railroad Commissioner,,Eddie Espinoza,GRN,3,31,12,46
Potter,124 CITY,Railroad Commissioner,,RICHARD MCKIBBIN (W),,0,0,0,0
Potter,124 CITY,Railroad Commissioner,,Under Votes,,4,42,17,63
Potter,124 CITY,Railroad Commissioner,,Over Votes,,0,0,0,0
Potter,124 CITY,"Justice, Supreme Court, Place 2",,Jimmy Blacklock,REP,35,954,187,1176
Potter,124 CITY,"Justice, Supreme Court, Place 2",,DaSean Jones,DEM,28,311,67,406
Potter,124 CITY,"Justice, Supreme Court, Place 2",,Under Votes,,5,39,13,57
Potter,124 CITY,"Justice, Supreme Court, Place 2",,Over Votes,,0,0,0,0
Potter,124 CITY,"Justice, Supreme Court, Place 4",,John Devine,REP,35,948,184,1167
Potter,124 CITY,"Justice, Supreme Court, Place 4",,Christine Vinh Weems,DEM,28,315,69,412
Potter,124 CITY,"Justice, Supreme Court, Place 4",,Under Votes,,5,41,14,60
Potter,124 CITY,"Justice, Supreme Court, Place 4",,Over Votes,,0,0,0,0
Potter,124 CITY,"Justice, Supreme Court, Place 6",,Jane Bland,REP,34,915,178,1127
Potter,124 CITY,"Justice, Supreme Court, Place 6",,Bonnie Lee Goldstein,DEM,27,294,58,379
Potter,124 CITY,"Justice, Supreme Court, Place 6",,J. David Roberson,LIB,3,55,18,76
Potter,124 CITY,"Justice, Supreme Court, Place 6",,Under Votes,,4,40,13,57
Potter,124 CITY,"Justice, Supreme Court, Place 6",,Over Votes,,0,0,0,0
Potter,124 CITY,"Presiding Judge, Court of Criminal Appeals",,David J. Schenck,REP,35,951,184,1170
Potter,124 CITY,"Presiding Judge, Court of Criminal Appeals",,Holly Taylor,DEM,28,315,68,411
Potter,124 CITY,"Presiding Judge, Court of Criminal Appeals",,Under Votes,,5,38,15,58
Potter,124 CITY,"Presiding Judge, Court of Criminal Appeals",,Over Votes,,0,0,0,0
Potter,124 CITY,"Judge, Court of Criminal Appeals, Place 7",,Gina Parker,REP,35,969,188,1192
Potter,124 CITY,"Judge, Court of Criminal Appeals, Place 7",,Nancy Mulder,DEM,28,297,64,389
Potter,124 CITY,"Judge, Court of Criminal Appeals, Place 7",,Under Votes,,5,38,15,58
Potter,124 CITY,"Judge, Court of Criminal Appeals, Place 7",,Over Votes,,0,0,0,0
Potter,124 CITY,"Judge, Court of Criminal Appeals, Place 8",,Lee Finley,REP,35,969,185,1189
Potter,124 CITY,"Judge, Court of Criminal Appeals, Place 8",,Chika Anyiam,DEM,28,289,64,381
Potter,124 CITY,"Judge, Court of Criminal Appeals, Place 8",,Under Votes,,5,46,18,69
Potter,124 CITY,"Judge, Court of Criminal Appeals, Place 8",,Over Votes,,0,0,0,0
Potter,124 CITY,"Member, State Board of Education, District 15",,Aaron Kinsey,REP,34,914,178,1126
Potter,124 CITY,"Member, State Board of Education, District 15",,Morgan Kirkpatrick,DEM,27,299,61,387
Potter,124 CITY,"Member, State Board of Education, District 15",,Jack B. Westbrook,LIB,3,59,14,76
Potter,124 CITY,"Member, State Board of Education, District 15",,Under Votes,,4,32,14,50
Potter,124 CITY,"Member, State Board of Education, District 15",,Over Votes,,0,0,0,0
Potter,124 CITY,State Representative,87,Caroline Fairly,REP,31,922,186,1139
Potter,124 CITY,State Representative,87,Timothy W. Gassaway,DEM,32,325,68,425
Potter,124 CITY,State Representative,87,JEFFREY MCGUNEGLE (W),,0,0,0,0
Potter,124 CITY,State Representative,87,Under Votes,,5,57,13,75
Potter,124 CITY,State Representative,87,Over Votes,,0,0,0,0
Potter,124 CITY,"Justice, 7th Court of Appeals District, Place 2",,Judy Parker,REP,38,1056,212,1306
Potter,124 CITY,"Justice, 7th Court of Appeals District, Place 2",,Under Votes,,30,248,55,333
Potter,124 CITY,"Justice, 7th Court of Appeals District, Place 2",,Over Votes,,0,0,0,0
Potter,124 CITY,"Justice, 7th Court of Appeals District, Place 3",,Alex Yarbrough,REP,36,1049,209,1294
Potter,124 CITY,"Justice, 7th Court of Appeals District, Place 3",,Under Votes,,32,255,58,345
Potter,124 CITY,"Justice, 7th Court of Appeals District, Place 3",,Over Votes,,0,0,0,0
Potter,124 CITY,"District Judge, 108th Judicial District",,Tim Pirtle,REP,40,1065,212,1317
Potter,124 CITY,"District Judge, 108th Judicial District",,Under Votes,,28,239,55,322
Potter,124 CITY,"District Judge, 108th Judicial District",,Over Votes,,0,0,0,0
Potter,124 CITY,"District Attorney, 47th Judicial District",,Jason E. Herring,REP,36,1048,207,1291
Potter,124 CITY,"District Attorney, 47th Judicial District",,Under Votes,,32,256,60,348
Potter,124 CITY,"District Attorney, 47th Judicial District",,Over Votes,,0,0,0,0
Potter,124 CITY,County Attorney,,Scott Brumley,REP,35,1057,212,1304
Potter,124 CITY,County Attorney,,Under Votes,,33,247,55,335
Potter,124 CITY,County Attorney,,Over Votes,,0,0,0,0
Potter,124 CITY,Sheriff,,Brian Thomas,REP,38,1072,214,1324
Potter,124 CITY,Sheriff,,Under Votes,,30,232,53,315
Potter,124 CITY,Sheriff,,Over Votes,,0,0,0,0
Potter,124 CITY,County Tax Assessor-Collector,,Thomas Warren III,REP,36,1033,211,1280
Potter,124 CITY,County Tax Assessor-Collector,,Under Votes,,32,271,56,359
Potter,124 CITY,County Tax Assessor-Collector,,Over Votes,,0,0,0,0
Potter,124 CITY,"County Commissioner, Precinct 1",,H R Kelly,REP,36,947,180,1163
Potter,124 CITY,"County Commissioner, Precinct 1",,David Martinez,DEM,27,306,73,406
Potter,124 CITY,"County Commissioner, Precinct 1",,Under Votes,,5,51,14,70
Potter,124 CITY,"County Commissioner, Precinct 1",,Over Votes,,0,0,0,0
Potter,124 CITY,"Constable, Precinct 1",,Darryl Wertz,REP,36,1045,213,1294
Potter,124 CITY,"Constable, Precinct 1",,Under Votes,,32,259,54,345
Potter,124 CITY,"Constable, Precinct 1",,Over Votes,,0,0,0,0
Potter,124 CITY,PROPOSITION A,,For,,21,456,87,564
Potter,124 CITY,PROPOSITION A,,Against,,42,818,172,1032
Potter,124 CITY,PROPOSITION A,,Under Votes,,5,30,8,43
Potter,124 CITY,PROPOSITION A,,Over Votes,,0,0,0,0
Potter,124 CITY,PROPOSITION B,,For,,48,522,138,708
Potter,124 CITY,PROPOSITION B,,Against,,16,727,112,855
Potter,124 CITY,PROPOSITION B,,Under Votes,,4,55,17,76
Potter,124 CITY,PROPOSITION B,,Over Votes,,0,0,0,0
Potter,124 CITY,PROPOSITION C,,For,,34,511,77,622
Potter,124 CITY,PROPOSITION C,,Against,,31,732,169,932
Potter,124 CITY,PROPOSITION C,,Under Votes,,3,61,21,85
Potter,124 CITY,PROPOSITION C,,Over Votes,,0,0,0,0
Potter,124 CITY,PROPOSITION D,,For,,32,555,119,706
Potter,124 CITY,PROPOSITION D,,Against,,28,649,117,794
Potter,124 CITY,PROPOSITION D,,Under Votes,,8,100,31,139
Potter,124 CITY,PROPOSITION D,,Over Votes,,0,0,0,0
Potter,124 CITY,PROPOSITION E,,For,,35,644,126,805
Potter,124 CITY,PROPOSITION E,,Against,,25,551,105,681
Potter,124 CITY,PROPOSITION E,,Under Votes,,8,109,36,153
Potter,124 CITY,PROPOSITION E,,Over Votes,,0,0,0,0
Potter,125 CITY,Registered Voters,,,,,,,3722
Potter,125 CITY,Ballots Cast,,,,,,,2211
Potter,125 CITY,President,,Donald J. Trump,REP,148,1046,235,1429
Potter,125 CITY,President,,Kamala D. Harris,DEM,70,538,128,736
Potter,125 CITY,President,,Chase Oliver,LIB,0,7,6,13
Potter,125 CITY,President,,Jill Stein,GRN,1,5,4,10
Potter,125 CITY,President,,CHERUNDA FOX/HARLAND MCVAY (W),,0,0,0,0
Potter,125 CITY,President,,CLAUDIA DE LA CRUZ/KARINA GARCIA (W),,0,0,1,1
Potter,125 CITY,President,,CORNEL WEST/MELINA ABDULLAH (W),,0,1,0,1
Potter,125 CITY,President,,JESSIE CUELLAR/WESLEY LASLEY (W),,0,0,0,0
Potter,125 CITY,President,,PETER SONSKI/LAUREN ONAK (W),,0,0,2,2
Potter,125 CITY,President,,SHIVA AYYADURAI/CRYSTAL ELLIS (W),,0,1,0,1
Potter,125 CITY,President,,Under Votes,,2,12,4,18
Potter,125 CITY,President,,Over Votes,,0,0,0,0
Potter,125 CITY,U.S. Senate,,Ted Cruz,REP,149,1004,206,1359
Potter,125 CITY,U.S. Senate,,Colin Allred,DEM,62,548,144,754
Potter,125 CITY,U.S. Senate,,Ted Brown,LIB,5,38,22,65
Potter,125 CITY,U.S. Senate,,ANALISA ROCHE (W),,1,0,0,1
Potter,125 CITY,U.S. Senate,,TRACY ANDRUS (W),,0,0,0,0
Potter,125 CITY,U.S. Senate,,Under Votes,,4,20,8,32
Potter,125 CITY,U.S. Senate,,Over Votes,,0,0,0,0
Potter,125 CITY,U.S. House,13,Ronny Jackson,REP,160,1167,295,1622
Potter,125 CITY,U.S. House,13,Under Votes,,61,443,85,589
Potter,125 CITY,U.S. House,13,Over Votes,,0,0,0,0
Potter,125 CITY,Railroad Commissioner,,Christi Craddick,REP,150,1001,214,1365
Potter,125 CITY,Railroad Commissioner,,Katherine Culbert,DEM,55,473,97,625
Potter,125 CITY,Railroad Commissioner,,Hawk Dunlap,LIB,1,49,28,78
Potter,125 CITY,Railroad Commissioner,,Eddie Espinoza,GRN,6,29,14,49
Potter,125 CITY,Railroad Commissioner,,RICHARD MCKIBBIN (W),,0,1,0,1
Potter,125 CITY,Railroad Commissioner,,Under Votes,,9,57,27,93
Potter,125 CITY,Railroad Commissioner,,Over Votes,,0,0,0,0
Potter,125 CITY,"Justice, Supreme Court, Place 2",,Jimmy Blacklock,REP,144,1039,232,1415
Potter,125 CITY,"Justice, Supreme Court, Place 2",,DaSean Jones,DEM,62,507,126,695
Potter,125 CITY,"Justice, Supreme Court, Place 2",,Under Votes,,15,64,22,101
Potter,125 CITY,"Justice, Supreme Court, Place 2",,Over Votes,,0,0,0,0
Potter,125 CITY,"Justice, Supreme Court, Place 4",,John Devine,REP,141,1028,228,1397
Potter,125 CITY,"Justice, Supreme Court, Place 4",,Christine Vinh Weems,DEM,63,521,130,714
Potter,125 CITY,"Justice, Supreme Court, Place 4",,Under Votes,,17,61,22,100
Potter,125 CITY,"Justice, Supreme Court, Place 4",,Over Votes,,0,0,0,0
Potter,125 CITY,"Justice, Supreme Court, Place 6",,Jane Bland,REP,145,1015,211,1371
Potter,125 CITY,"Justice, Supreme Court, Place 6",,Bonnie Lee Goldstein,DEM,54,480,109,643
Potter,125 CITY,"Justice, Supreme Court, Place 6",,J. David Roberson,LIB,6,51,39,96
Potter,125 CITY,"Justice, Supreme Court, Place 6",,Under Votes,,16,64,21,101
Potter,125 CITY,"Justice, Supreme Court, Place 6",,Over Votes,,0,0,0,0
Potter,125 CITY,"Presiding Judge, Court of Criminal Appeals",,David J. Schenck,REP,146,1028,233,1407
Potter,125 CITY,"Presiding Judge, Court of Criminal Appeals",,Holly Taylor,DEM,63,522,122,707
Potter,125 CITY,"Presiding Judge, Court of Criminal Appeals",,Under Votes,,12,60,25,97
Potter,125 CITY,"Presiding Judge, Court of Criminal Appeals",,Over Votes,,0,0,0,0
Potter,125 CITY,"Judge, Court of Criminal Appeals, Place 7",,Gina Parker,REP,152,1050,233,1435
Potter,125 CITY,"Judge, Court of Criminal Appeals, Place 7",,Nancy Mulder,DEM,54,494,119,667
Potter,125 CITY,"Judge, Court of Criminal Appeals, Place 7",,Under Votes,,15,66,28,109
Potter,125 CITY,"Judge, Court of Criminal Appeals, Place 7",,Over Votes,,0,0,0,0
Potter,125 CITY,"Judge, Court of Criminal Appeals, Place 8",,Lee Finley,REP,148,1051,231,1430
Potter,125 CITY,"Judge, Court of Criminal Appeals, Place 8",,Chika Anyiam,DEM,58,493,118,669
Potter,125 CITY,"Judge, Court of Criminal Appeals, Place 8",,Under Votes,,15,66,31,112
Potter,125 CITY,"Judge, Court of Criminal Appeals, Place 8",,Over Votes,,0,0,0,0
Potter,125 CITY,"Member, State Board of Education, District 15",,Aaron Kinsey,REP,138,996,210,1344
Potter,125 CITY,"Member, State Board of Education, District 15",,Morgan Kirkpatrick,DEM,67,491,112,670
Potter,125 CITY,"Member, State Board of Education, District 15",,Jack B. Westbrook,LIB,4,58,33,95
Potter,125 CITY,"Member, State Board of Education, District 15",,Under Votes,,12,65,25,102
Potter,125 CITY,"Member, State Board of Education, District 15",,Over Votes,,0,0,0,0
Potter,125 CITY,State Representative,87,Caroline Fairly,REP,147,1024,232,1403
Potter,125 CITY,State Representative,87,Timothy W. Gassaway,DEM,64,517,124,705
Potter,125 CITY,State Representative,87,JEFFREY MCGUNEGLE (W),,0,1,0,1
Potter,125 CITY,State Representative,87,Under Votes,,10,68,24,102
Potter,125 CITY,State Representative,87,Over Votes,,0,0,0,0
Potter,125 CITY,"Justice, 7th Court of Appeals District, Place 2",,Judy Parker,REP,160,1171,294,1625
Potter,125 CITY,"Justice, 7th Court of Appeals District, Place 2",,Under Votes,,61,439,86,586
Potter,125 CITY,"Justice, 7th Court of Appeals District, Place 2",,Over Votes,,0,0,0,0
Potter,125 CITY,"Justice, 7th Court of Appeals District, Place 3",,Alex Yarbrough,REP,160,1160,290,1610
Potter,125 CITY,"Justice, 7th Court of Appeals District, Place 3",,Under Votes,,61,450,90,601
Potter,125 CITY,"Justice, 7th Court of Appeals District, Place 3",,Over Votes,,0,0,0,0
Potter,125 CITY,"District Judge, 108th Judicial District",,Tim Pirtle,REP,161,1213,294,1668
Potter,125 CITY,"District Judge, 108th Judicial District",,Under Votes,,60,397,86,543
Potter,125 CITY,"District Judge, 108th Judicial District",,Over Votes,,0,0,0,0
Potter,125 CITY,"District Attorney, 47th Judicial District",,Jason E. Herring,REP,160,1170,289,1619
Potter,125 CITY,"District Attorney, 47th Judicial District",,Under Votes,,61,440,91,592
Potter,125 CITY,"District Attorney, 47th Judicial District",,Over Votes,,0,0,0,0
Potter,125 CITY,County Attorney,,Scott Brumley,REP,160,1163,289,1612
Potter,125 CITY,County Attorney,,Under Votes,,61,447,91,599
Potter,125 CITY,County Attorney,,Over Votes,,0,0,0,0
Potter,125 CITY,Sheriff,,Brian Thomas,REP,167,1206,294,1667
Potter,125 CITY,Sheriff,,Under Votes,,54,404,86,544
Potter,125 CITY,Sheriff,,Over Votes,,0,0,0,0
Potter,125 CITY,County Tax Assessor-Collector,,Thomas Warren III,REP,159,1156,286,1601
Potter,125 CITY,County Tax Assessor-Collector,,Under Votes,,62,454,94,610
Potter,125 CITY,County Tax Assessor-Collector,,Over Votes,,0,0,0,0
Potter,125 CITY,"County Commissioner, Precinct 1",,H R Kelly,REP,149,1031,222,1402
Potter,125 CITY,"County Commissioner, Precinct 1",,David Martinez,DEM,57,512,132,701
Potter,125 CITY,"County Commissioner, Precinct 1",,Under Votes,,15,67,26,108
Potter,125 CITY,"County Commissioner, Precinct 1",,Over Votes,,0,0,0,0
Potter,125 CITY,"Constable, Precinct 1",,Darryl Wertz,REP,159,1155,281,1595
Potter,125 CITY,"Constable, Precinct 1",,Under Votes,,62,455,99,616
Potter,125 CITY,"Constable, Precinct 1",,Over Votes,,0,0,0,0
Potter,125 CITY,PROPOSITION A,,For,,96,498,120,714
Potter,125 CITY,PROPOSITION A,,Against,,99,1052,243,1394
Potter,125 CITY,PROPOSITION A,,Under Votes,,26,60,17,103
Potter,125 CITY,PROPOSITION A,,Over Votes,,0,0,0,0
Potter,125 CITY,PROPOSITION B,,For,,155,671,186,1012
Potter,125 CITY,PROPOSITION B,,Against,,42,836,161,1039
Potter,125 CITY,PROPOSITION B,,Under Votes,,24,103,33,160
Potter,125 CITY,PROPOSITION B,,Over Votes,,0,0,0,0
Potter,125 CITY,PROPOSITION C,,For,,103,585,143,831
Potter,125 CITY,PROPOSITION C,,Against,,95,928,207,1230
Potter,125 CITY,PROPOSITION C,,Under Votes,,23,97,30,150
Potter,125 CITY,PROPOSITION C,,Over Votes,,0,0,0,0
Potter,125 CITY,PROPOSITION D,,For,,121,680,165,966
Potter,125 CITY,PROPOSITION D,,Against,,72,764,160,996
Potter,125 CITY,PROPOSITION D,,Under Votes,,28,166,55,249
Potter,125 CITY,PROPOSITION D,,Over Votes,,0,0,0,0
Potter,125 CITY,PROPOSITION E,,For,,133,755,187,1075
Potter,125 CITY,PROPOSITION E,,Against,,52,679,139,870
Potter,125 CITY,PROPOSITION E,,Under Votes,,36,176,54,266
Potter,125 CITY,PROPOSITION E,,Over Votes,,0,0,0,0
Potter,126 CITY,Registered Voters,,,,,,,2741
Potter,126 CITY,Ballots Cast,,,,,,,1436
Potter,126 CITY,President,,Donald J. Trump,REP,17,664,233,914
Potter,126 CITY,President,,Kamala D. Harris,DEM,25,363,102,490
Potter,126 CITY,President,,Chase Oliver,LIB,1,8,3,12
Potter,126 CITY,President,,Jill Stein,GRN,0,3,2,5
Potter,126 CITY,President,,CHERUNDA FOX/HARLAND MCVAY (W),,0,0,0,0
Potter,126 CITY,President,,CLAUDIA DE LA CRUZ/KARINA GARCIA (W),,0,0,1,1
Potter,126 CITY,President,,CORNEL WEST/MELINA ABDULLAH (W),,0,2,0,2
Potter,126 CITY,President,,JESSIE CUELLAR/WESLEY LASLEY (W),,0,0,0,0
Potter,126 CITY,President,,PETER SONSKI/LAUREN ONAK (W),,0,0,0,0
Potter,126 CITY,President,,SHIVA AYYADURAI/CRYSTAL ELLIS (W),,0,0,0,0
Potter,126 CITY,President,,Under Votes,,2,7,3,12
Potter,126 CITY,President,,Over Votes,,0,0,0,0
Potter,126 CITY,U.S. Senate,,Ted Cruz,REP,19,639,207,865
Potter,126 CITY,U.S. Senate,,Colin Allred,DEM,25,373,110,508
Potter,126 CITY,U.S. Senate,,Ted Brown,LIB,1,29,21,51
Potter,126 CITY,U.S. Senate,,ANALISA ROCHE (W),,0,1,0,1
Potter,126 CITY,U.S. Senate,,TRACY ANDRUS (W),,0,0,0,0
Potter,126 CITY,U.S. Senate,,Under Votes,,0,5,6,11
Potter,126 CITY,U.S. Senate,,Over Votes,,0,0,0,0
Potter,126 CITY,U.S. House,13,Ronny Jackson,REP,29,772,270,1071
Potter,126 CITY,U.S. House,13,Under Votes,,16,275,74,365
Potter,126 CITY,U.S. House,13,Over Votes,,0,0,0,0
Potter,126 CITY,Railroad Commissioner,,Christi Craddick,REP,20,629,195,844
Potter,126 CITY,Railroad Commissioner,,Katherine Culbert,DEM,18,318,83,419
Potter,126 CITY,Railroad Commissioner,,Hawk Dunlap,LIB,1,38,21,60
Potter,126 CITY,Railroad Commissioner,,Eddie Espinoza,GRN,0,22,20,42
Potter,126 CITY,Railroad Commissioner,,RICHARD MCKIBBIN (W),,0,0,0,0
Potter,126 CITY,Railroad Commissioner,,Under Votes,,6,40,25,71
Potter,126 CITY,Railroad Commissioner,,Over Votes,,0,0,0,0
Potter,126 CITY,"Justice, Supreme Court, Place 2",,Jimmy Blacklock,REP,21,673,217,911
Potter,126 CITY,"Justice, Supreme Court, Place 2",,DaSean Jones,DEM,19,349,103,471
Potter,126 CITY,"Justice, Supreme Court, Place 2",,Under Votes,,5,25,24,54
Potter,126 CITY,"Justice, Supreme Court, Place 2",,Over Votes,,0,0,0,0
Potter,126 CITY,"Justice, Supreme Court, Place 4",,John Devine,REP,21,656,215,892
Potter,126 CITY,"Justice, Supreme Court, Place 4",,Christine Vinh Weems,DEM,19,364,102,485
Potter,126 CITY,"Justice, Supreme Court, Place 4",,Under Votes,,5,27,27,59
Potter,126 CITY,"Justice, Supreme Court, Place 4",,Over Votes,,0,0,0,0
Potter,126 CITY,"Justice, Supreme Court, Place 6",,Jane Bland,REP,21,629,201,851
Potter,126 CITY,"Justice, Supreme Court, Place 6",,Bonnie Lee Goldstein,DEM,17,343,90,450
Potter,126 CITY,"Justice, Supreme Court, Place 6",,J. David Roberson,LIB,1,45,26,72
Potter,126 CITY,"Justice, Supreme Court, Place 6",,Under Votes,,6,30,27,63
Potter,126 CITY,"Justice, Supreme Court, Place 6",,Over Votes,,0,0,0,0
Potter,126 CITY,"Presiding Judge, Court of Criminal Appeals",,David J. Schenck,REP,22,660,215,897
Potter,126 CITY,"Presiding Judge, Court of Criminal Appeals",,Holly Taylor,DEM,18,357,105,480
Potter,126 CITY,"Presiding Judge, Court of Criminal Appeals",,Under Votes,,5,30,24,59
Potter,126 CITY,"Presiding Judge, Court of Criminal Appeals",,Over Votes,,0,0,0,0
Potter,126 CITY,"Judge, Court of Criminal Appeals, Place 7",,Gina Parker,REP,21,669,222,912
Potter,126 CITY,"Judge, Court of Criminal Appeals, Place 7",,Nancy Mulder,DEM,19,351,97,467
Potter,126 CITY,"Judge, Court of Criminal Appeals, Place 7",,Under Votes,,5,27,25,57
Potter,126 CITY,"Judge, Court of Criminal Appeals, Place 7",,Over Votes,,0,0,0,0
Potter,126 CITY,"Judge, Court of Criminal Appeals, Place 8",,Lee Finley,REP,22,666,217,905
Potter,126 CITY,"Judge, Court of Criminal Appeals, Place 8",,Chika Anyiam,DEM,18,346,99,463
Potter,126 CITY,"Judge, Court of Criminal Appeals, Place 8",,Under Votes,,5,35,28,68
Potter,126 CITY,"Judge, Court of Criminal Appeals, Place 8",,Over Votes,,0,0,0,0
Potter,126 CITY,"Member, State Board of Education, District 15",,Aaron Kinsey,REP,20,618,192,830
Potter,126 CITY,"Member, State Board of Education, District 15",,Morgan Kirkpatrick,DEM,17,356,94,467
Potter,126 CITY,"Member, State Board of Education, District 15",,Jack B. Westbrook,LIB,1,43,32,76
Potter,126 CITY,"Member, State Board of Education, District 15",,Under Votes,,7,30,26,63
Potter,126 CITY,"Member, State Board of Education, District 15",,Over Votes,,0,0,0,0
Potter,126 CITY,State Representative,87,Caroline Fairly,REP,20,645,216,881
Potter,126 CITY,State Representative,87,Timothy W. Gassaway,DEM,19,361,100,480
Potter,126 CITY,State Representative,87,JEFFREY MCGUNEGLE (W),,0,0,0,0
Potter,126 CITY,State Representative,87,Under Votes,,6,41,28,75
Potter,126 CITY,State Representative,87,Over Votes,,0,0,0,0
Potter,126 CITY,"Justice, 7th Court of Appeals District, Place 2",,Judy Parker,REP,25,774,268,1067
Potter,126 CITY,"Justice, 7th Court of Appeals District, Place 2",,Under Votes,,20,273,76,369
Potter,126 CITY,"Justice, 7th Court of Appeals District, Place 2",,Over Votes,,0,0,0,0
Potter,126 CITY,"Justice, 7th Court of Appeals District, Place 3",,Alex Yarbrough,REP,23,767,262,1052
Potter,126 CITY,"Justice, 7th Court of Appeals District, Place 3",,Under Votes,,22,280,82,384
Potter,126 CITY,"Justice, 7th Court of Appeals District, Place 3",,Over Votes,,0,0,0,0
Potter,126 CITY,"District Judge, 108th Judicial District",,Tim Pirtle,REP,27,772,269,1068
Potter,126 CITY,"District Judge, 108th Judicial District",,Under Votes,,18,275,75,368
Potter,126 CITY,"District Judge, 108th Judicial District",,Over Votes,,0,0,0,0
Potter,126 CITY,"District Attorney, 47th Judicial District",,Jason E. Herring,REP,27,756,259,1042
Potter,126 CITY,"District Attorney, 47th Judicial District",,Under Votes,,18,291,85,394
Potter,126 CITY,"District Attorney, 47th Judicial District",,Over Votes,,0,0,0,0
Potter,126 CITY,County Attorney,,Scott Brumley,REP,27,760,263,1050
Potter,126 CITY,County Attorney,,Under Votes,,18,287,81,386
Potter,126 CITY,County Attorney,,Over Votes,,0,0,0,0
Potter,126 CITY,Sheriff,,Brian Thomas,REP,28,776,266,1070
Potter,126 CITY,Sheriff,,Under Votes,,17,271,78,366
Potter,126 CITY,Sheriff,,Over Votes,,0,0,0,0
Potter,126 CITY,County Tax Assessor-Collector,,Thomas Warren III,REP,27,757,262,1046
Potter,126 CITY,County Tax Assessor-Collector,,Under Votes,,18,290,82,390
Potter,126 CITY,County Tax Assessor-Collector,,Over Votes,,0,0,0,0
Potter,126 CITY,"County Commissioner, Precinct 1",,H R Kelly,REP,21,630,211,862
Potter,126 CITY,"County Commissioner, Precinct 1",,David Martinez,DEM,19,367,111,497
Potter,126 CITY,"County Commissioner, Precinct 1",,Under Votes,,5,50,22,77
Potter,126 CITY,"County Commissioner, Precinct 1",,Over Votes,,0,0,0,0
Potter,126 CITY,"Constable, Precinct 1",,Darryl Wertz,REP,27,757,263,1047
Potter,126 CITY,"Constable, Precinct 1",,Under Votes,,18,290,81,389
Potter,126 CITY,"Constable, Precinct 1",,Over Votes,,0,0,0,0
Potter,126 CITY,PROPOSITION A,,For,,11,384,124,519
Potter,126 CITY,PROPOSITION A,,Against,,27,632,203,862
Potter,126 CITY,PROPOSITION A,,Under Votes,,7,31,17,55
Potter,126 CITY,PROPOSITION A,,Over Votes,,0,0,0,0
Potter,126 CITY,PROPOSITION B,,For,,26,515,188,729
Potter,126 CITY,PROPOSITION B,,Against,,11,467,120,598
Potter,126 CITY,PROPOSITION B,,Under Votes,,8,65,36,109
Potter,126 CITY,PROPOSITION B,,Over Votes,,0,0,0,0
Potter,126 CITY,PROPOSITION C,,For,,19,347,133,499
Potter,126 CITY,PROPOSITION C,,Against,,20,634,177,831
Potter,126 CITY,PROPOSITION C,,Under Votes,,6,66,34,106
Potter,126 CITY,PROPOSITION C,,Over Votes,,0,0,0,0
Potter,126 CITY,PROPOSITION D,,For,,28,469,162,659
Potter,126 CITY,PROPOSITION D,,Against,,10,476,127,613
Potter,126 CITY,PROPOSITION D,,Under Votes,,7,102,55,164
Potter,126 CITY,PROPOSITION D,,Over Votes,,0,0,0,0
Potter,126 CITY,PROPOSITION E,,For,,27,496,171,694
Potter,126 CITY,PROPOSITION E,,Against,,11,429,110,550
Potter,126 CITY,PROPOSITION E,,Under Votes,,7,122,63,192
Potter,126 CITY,PROPOSITION E,,Over Votes,,0,0,0,0
Potter,221 CITY,Registered Voters,,,,,,,1865
Potter,221 CITY,Ballots Cast,,,,,,,638
Potter,221 CITY,President,,Donald J. Trump,REP,17,228,136,381
Potter,221 CITY,President,,Kamala D. Harris,DEM,11,126,110,247
Potter,221 CITY,President,,Chase Oliver,LIB,0,1,2,3
Potter,221 CITY,President,,Jill Stein,GRN,0,1,2,3
Potter,221 CITY,President,,CHERUNDA FOX/HARLAND MCVAY (W),,0,0,0,0
Potter,221 CITY,President,,CLAUDIA DE LA CRUZ/KARINA GARCIA (W),,0,0,0,0
Potter,221 CITY,President,,CORNEL WEST/MELINA ABDULLAH (W),,0,0,0,0
Potter,221 CITY,President,,JESSIE CUELLAR/WESLEY LASLEY (W),,0,0,0,0
Potter,221 CITY,President,,PETER SONSKI/LAUREN ONAK (W),,0,0,1,1
Potter,221 CITY,President,,SHIVA AYYADURAI/CRYSTAL ELLIS (W),,0,0,0,0
Potter,221 CITY,President,,Under Votes,,0,1,2,3
Potter,221 CITY,President,,Over Votes,,0,0,0,0
Potter,221 CITY,U.S. Senate,,Ted Cruz,REP,18,218,126,362
Potter,221 CITY,U.S. Senate,,Colin Allred,DEM,10,126,107,243
Potter,221 CITY,U.S. Senate,,Ted Brown,LIB,0,10,10,20
Potter,221 CITY,U.S. Senate,,ANALISA ROCHE (W),,0,0,0,0
Potter,221 CITY,U.S. Senate,,TRACY ANDRUS (W),,0,0,0,0
Potter,221 CITY,U.S. Senate,,Under Votes,,0,3,10,13
Potter,221 CITY,U.S. Senate,,Over Votes,,0,0,0,0
Potter,221 CITY,U.S. House,13,Ronny Jackson,REP,19,257,171,447
Potter,221 CITY,U.S. House,13,Under Votes,,9,100,82,191
Potter,221 CITY,U.S. House,13,Over Votes,,0,0,0,0
Potter,221 CITY,Railroad Commissioner,,Christi Craddick,REP,19,203,116,338
Potter,221 CITY,Railroad Commissioner,,Katherine Culbert,DEM,8,109,91,208
Potter,221 CITY,Railroad Commissioner,,Hawk Dunlap,LIB,0,7,4,11
Potter,221 CITY,Railroad Commissioner,,Eddie Espinoza,GRN,1,19,21,41
Potter,221 CITY,Railroad Commissioner,,RICHARD MCKIBBIN (W),,0,0,0,0
Potter,221 CITY,Railroad Commissioner,,Under Votes,,0,19,21,40
Potter,221 CITY,Railroad Commissioner,,Over Votes,,0,0,0,0
Potter,221 CITY,"Justice, Supreme Court, Place 2",,Jimmy Blacklock,REP,17,229,130,376
Potter,221 CITY,"Justice, Supreme Court, Place 2",,DaSean Jones,DEM,10,113,99,222
Potter,221 CITY,"Justice, Supreme Court, Place 2",,Under Votes,,1,15,24,40
Potter,221 CITY,"Justice, Supreme Court, Place 2",,Over Votes,,0,0,0,0
Potter,221 CITY,"Justice, Supreme Court, Place 4",,John Devine,REP,18,223,129,370
Potter,221 CITY,"Justice, Supreme Court, Place 4",,Christine Vinh Weems,DEM,10,117,103,230
Potter,221 CITY,"Justice, Supreme Court, Place 4",,Under Votes,,0,17,21,38
Potter,221 CITY,"Justice, Supreme Court, Place 4",,Over Votes,,0,0,0,0
Potter,221 CITY,"Justice, Supreme Court, Place 6",,Jane Bland,REP,18,216,121,355
Potter,221 CITY,"Justice, Supreme Court, Place 6",,Bonnie Lee Goldstein,DEM,9,114,99,222
Potter,221 CITY,"Justice, Supreme Court, Place 6",,J. David Roberson,LIB,1,10,13,24
Potter,221 CITY,"Justice, Supreme Court, Place 6",,Under Votes,,0,17,20,37
Potter,221 CITY,"Justice, Supreme Court, Place 6",,Over Votes,,0,0,0,0
Potter,221 CITY,"Presiding Judge, Court of Criminal Appeals",,David J. Schenck,REP,18,224,125,367
Potter,221 CITY,"Presiding Judge, Court of Criminal Appeals",,Holly Taylor,DEM,10,118,103,231
Potter,221 CITY,"Presiding Judge, Court of Criminal Appeals",,Under Votes,,0,15,25,40
Potter,221 CITY,"Presiding Judge, Court of Criminal Appeals",,Over Votes,,0,0,0,0
Potter,221 CITY,"Judge, Court of Criminal Appeals, Place 7",,Gina Parker,REP,18,226,125,369
Potter,221 CITY,"Judge, Court of Criminal Appeals, Place 7",,Nancy Mulder,DEM,10,116,105,231
Potter,221 CITY,"Judge, Court of Criminal Appeals, Place 7",,Under Votes,,0,15,23,38
Potter,221 CITY,"Judge, Court of Criminal Appeals, Place 7",,Over Votes,,0,0,0,0
Potter,221 CITY,"Judge, Court of Criminal Appeals, Place 8",,Lee Finley,REP,19,222,130,371
Potter,221 CITY,"Judge, Court of Criminal Appeals, Place 8",,Chika Anyiam,DEM,9,117,98,224
Potter,221 CITY,"Judge, Court of Criminal Appeals, Place 8",,Under Votes,,0,18,25,43
Potter,221 CITY,"Judge, Court of Criminal Appeals, Place 8",,Over Votes,,0,0,0,0
Potter,221 CITY,"Member, State Board of Education, District 15",,Aaron Kinsey,REP,18,211,116,345
Potter,221 CITY,"Member, State Board of Education, District 15",,Morgan Kirkpatrick,DEM,8,118,102,228
Potter,221 CITY,"Member, State Board of Education, District 15",,Jack B. Westbrook,LIB,2,9,13,24
Potter,221 CITY,"Member, State Board of Education, District 15",,Under Votes,,0,19,22,41
Potter,221 CITY,"Member, State Board of Education, District 15",,Over Votes,,0,0,0,0
Potter,221 CITY,State Representative,87,Caroline Fairly,REP,17,214,125,356
Potter,221 CITY,State Representative,87,Timothy W. Gassaway,DEM,11,122,98,231
Potter,221 CITY,State Representative,87,JEFFREY MCGUNEGLE (W),,0,0,0,0
Potter,221 CITY,State Representative,87,Under Votes,,0,21,30,51
Potter,221 CITY,State Representative,87,Over Votes,,0,0,0,0
Potter,221 CITY,"Justice, 7th Court of Appeals District, Place 2",,Judy Parker,REP,20,257,167,444
Potter,221 CITY,"Justice, 7th Court of Appeals District, Place 2",,Under Votes,,8,100,86,194
Potter,221 CITY,"Justice, 7th Court of Appeals District, Place 2",,Over Votes,,0,0,0,0
Potter,221 CITY,"Justice, 7th Court of Appeals District, Place 3",,Alex Yarbrough,REP,20,248,158,426
Potter,221 CITY,"Justice, 7th Court of Appeals District, Place 3",,Under Votes,,8,109,95,212
Potter,221 CITY,"Justice, 7th Court of Appeals District, Place 3",,Over Votes,,0,0,0,0
Potter,221 CITY,"District Judge, 108th Judicial District",,Tim Pirtle,REP,21,253,160,434
Potter,221 CITY,"District Judge, 108th Judicial District",,Under Votes,,7,104,93,204
Potter,221 CITY,"District Judge, 108th Judicial District",,Over Votes,,0,0,0,0
Potter,221 CITY,"District Attorney, 47th Judicial District",,Jason E. Herring,REP,20,246,158,424
Potter,221 CITY,"District Attorney, 47th Judicial District",,Under Votes,,8,111,95,214
Potter,221 CITY,"District Attorney, 47th Judicial District",,Over Votes,,0,0,0,0
Potter,221 CITY,County Attorney,,Scott Brumley,REP,20,254,158,432
Potter,221 CITY,County Attorney,,Under Votes,,8,103,95,206
Potter,221 CITY,County Attorney,,Over Votes,,0,0,0,0
Potter,221 CITY,Sheriff,,Brian Thomas,REP,20,262,166,448
Potter,221 CITY,Sheriff,,Under Votes,,8,95,87,190
Potter,221 CITY,Sheriff,,Over Votes,,0,0,0,0
Potter,221 CITY,County Tax Assessor-Collector,,Thomas Warren III,REP,20,251,155,426
Potter,221 CITY,County Tax Assessor-Collector,,Under Votes,,8,106,98,212
Potter,221 CITY,County Tax Assessor-Collector,,Over Votes,,0,0,0,0
Potter,221 CITY,"Constable, Precinct 2",,Georgia Estrada,REP,20,255,162,437
Potter,221 CITY,"Constable, Precinct 2",,Under Votes,,8,102,91,201
Potter,221 CITY,"Constable, Precinct 2",,Over Votes,,0,0,0,0
Potter,221 CITY,PROPOSITION A,,For,,13,150,92,255
Potter,221 CITY,PROPOSITION A,,Against,,13,175,141,329
Potter,221 CITY,PROPOSITION A,,Under Votes,,2,32,20,54
Potter,221 CITY,PROPOSITION A,,Over Votes,,0,0,0,0
Potter,221 CITY,PROPOSITION B,,For,,19,154,139,312
Potter,221 CITY,PROPOSITION B,,Against,,8,161,81,250
Potter,221 CITY,PROPOSITION B,,Under Votes,,1,42,33,76
Potter,221 CITY,PROPOSITION B,,Over Votes,,0,0,0,0
Potter,221 CITY,PROPOSITION C,,For,,11,120,97,228
Potter,221 CITY,PROPOSITION C,,Against,,16,192,125,333
Potter,221 CITY,PROPOSITION C,,Under Votes,,1,45,31,77
Potter,221 CITY,PROPOSITION C,,Over Votes,,0,0,0,0
Potter,221 CITY,PROPOSITION D,,For,,14,141,117,272
Potter,221 CITY,PROPOSITION D,,Against,,13,161,96,270
Potter,221 CITY,PROPOSITION D,,Under Votes,,1,55,40,96
Potter,221 CITY,PROPOSITION D,,Over Votes,,0,0,0,0
Potter,221 CITY,PROPOSITION E,,For,,16,169,131,316
Potter,221 CITY,PROPOSITION E,,Against,,7,134,78,219
Potter,221 CITY,PROPOSITION E,,Under Votes,,5,54,44,103
Potter,221 CITY,PROPOSITION E,,Over Votes,,0,0,0,0
Potter,222 CITY,Registered Voters,,,,,,,2101
Potter,222 CITY,Ballots Cast,,,,,,,738
Potter,222 CITY,President,,Donald J. Trump,REP,13,297,202,512
Potter,222 CITY,President,,Kamala D. Harris,DEM,6,115,94,215
Potter,222 CITY,President,,Chase Oliver,LIB,0,2,3,5
Potter,222 CITY,President,,Jill Stein,GRN,0,1,1,2
Potter,222 CITY,President,,CHERUNDA FOX/HARLAND MCVAY (W),,0,0,0,0
Potter,222 CITY,President,,CLAUDIA DE LA CRUZ/KARINA GARCIA (W),,0,0,0,0
Potter,222 CITY,President,,CORNEL WEST/MELINA ABDULLAH (W),,0,0,0,0
Potter,222 CITY,President,,JESSIE CUELLAR/WESLEY LASLEY (W),,0,0,0,0
Potter,222 CITY,President,,PETER SONSKI/LAUREN ONAK (W),,0,0,0,0
Potter,222 CITY,President,,SHIVA AYYADURAI/CRYSTAL ELLIS (W),,0,0,0,0
Potter,222 CITY,President,,Under Votes,,1,1,2,4
Potter,222 CITY,President,,Over Votes,,0,0,0,0
Potter,222 CITY,U.S. Senate,,Ted Cruz,REP,13,277,173,463
Potter,222 CITY,U.S. Senate,,Colin Allred,DEM,6,109,100,215
Potter,222 CITY,U.S. Senate,,Ted Brown,LIB,0,7,7,14
Potter,222 CITY,U.S. Senate,,ANALISA ROCHE (W),,0,0,1,1
Potter,222 CITY,U.S. Senate,,TRACY ANDRUS (W),,0,0,0,0
Potter,222 CITY,U.S. Senate,,Under Votes,,1,23,21,45
Potter,222 CITY,U.S. Senate,,Over Votes,,0,0,0,0
Potter,222 CITY,U.S. House,13,Ronny Jackson,REP,15,312,224,551
Potter,222 CITY,U.S. House,13,Under Votes,,5,104,78,187
Potter,222 CITY,U.S. House,13,Over Votes,,0,0,0,0
Potter,222 CITY,Railroad Commissioner,,Christi Craddick,REP,13,261,165,439
Potter,222 CITY,Railroad Commissioner,,Katherine Culbert,DEM,6,92,81,179
Potter,222 CITY,Railroad Commissioner,,Hawk Dunlap,LIB,0,8,2,10
Potter,222 CITY,Railroad Commissioner,,Eddie Espinoza,GRN,0,8,14,22
Potter,222 CITY,Railroad Commissioner,,RICHARD MCKIBBIN (W),,0,0,0,0
Potter,222 CITY,Railroad Commissioner,,Under Votes,,1,47,40,88
Potter,222 CITY,Railroad Commissioner,,Over Votes,,0,0,0,0
Potter,222 CITY,"Justice, Supreme Court, Place 2",,Jimmy Blacklock,REP,13,271,173,457
Potter,222 CITY,"Justice, Supreme Court, Place 2",,DaSean Jones,DEM,6,100,95,201
Potter,222 CITY,"Justice, Supreme Court, Place 2",,Under Votes,,1,45,34,80
Potter,222 CITY,"Justice, Supreme Court, Place 2",,Over Votes,,0,0,0,0
Potter,222 CITY,"Justice, Supreme Court, Place 4",,John Devine,REP,12,265,170,447
Potter,222 CITY,"Justice, Supreme Court, Place 4",,Christine Vinh Weems,DEM,7,105,93,205
Potter,222 CITY,"Justice, Supreme Court, Place 4",,Under Votes,,1,46,39,86
Potter,222 CITY,"Justice, Supreme Court, Place 4",,Over Votes,,0,0,0,0
Potter,222 CITY,"Justice, Supreme Court, Place 6",,Jane Bland,REP,13,256,157,426
Potter,222 CITY,"Justice, Supreme Court, Place 6",,Bonnie Lee Goldstein,DEM,6,93,82,181
Potter,222 CITY,"Justice, Supreme Court, Place 6",,J. David Roberson,LIB,0,18,24,42
Potter,222 CITY,"Justice, Supreme Court, Place 6",,Under Votes,,1,49,39,89
Potter,222 CITY,"Justice, Supreme Court, Place 6",,Over Votes,,0,0,0,0
Potter,222 CITY,"Presiding Judge, Court of Criminal Appeals",,David J. Schenck,REP,13,268,169,450
Potter,222 CITY,"Presiding Judge, Court of Criminal Appeals",,Holly Taylor,DEM,6,100,97,203
Potter,222 CITY,"Presiding Judge, Court of Criminal Appeals",,Under Votes,,1,48,36,85
Potter,222 CITY,"Presiding Judge, Court of Criminal Appeals",,Over Votes,,0,0,0,0
Potter,222 CITY,"Judge, Court of Criminal Appeals, Place 7",,Gina Parker,REP,13,263,174,450
Potter,222 CITY,"Judge, Court of Criminal Appeals, Place 7",,Nancy Mulder,DEM,6,103,89,198
Potter,222 CITY,"Judge, Court of Criminal Appeals, Place 7",,Under Votes,,1,50,39,90
Potter,222 CITY,"Judge, Court of Criminal Appeals, Place 7",,Over Votes,,0,0,0,0
Potter,222 CITY,"Judge, Court of Criminal Appeals, Place 8",,Lee Finley,REP,12,266,169,447
Potter,222 CITY,"Judge, Court of Criminal Appeals, Place 8",,Chika Anyiam,DEM,7,100,93,200
Potter,222 CITY,"Judge, Court of Criminal Appeals, Place 8",,Under Votes,,1,50,40,91
Potter,222 CITY,"Judge, Court of Criminal Appeals, Place 8",,Over Votes,,0,0,0,0
Potter,222 CITY,"Member, State Board of Education, District 15",,Aaron Kinsey,REP,12,256,161,429
Potter,222 CITY,"Member, State Board of Education, District 15",,Morgan Kirkpatrick,DEM,7,97,88,192
Potter,222 CITY,"Member, State Board of Education, District 15",,Jack B. Westbrook,LIB,0,16,12,28
Potter,222 CITY,"Member, State Board of Education, District 15",,Under Votes,,1,47,41,89
Potter,222 CITY,"Member, State Board of Education, District 15",,Over Votes,,0,0,0,0
Potter,222 CITY,State Representative,87,Caroline Fairly,REP,13,269,170,452
Potter,222 CITY,State Representative,87,Timothy W. Gassaway,DEM,6,100,95,201
Potter,222 CITY,State Representative,87,JEFFREY MCGUNEGLE (W),,0,0,0,0
Potter,222 CITY,State Representative,87,Under Votes,,1,47,37,85
Potter,222 CITY,State Representative,87,Over Votes,,0,0,0,0
Potter,222 CITY,"Justice, 7th Court of Appeals District, Place 2",,Judy Parker,REP,15,299,217,531
Potter,222 CITY,"Justice, 7th Court of Appeals District, Place 2",,Under Votes,,5,117,85,207
Potter,222 CITY,"Justice, 7th Court of Appeals District, Place 2",,Over Votes,,0,0,0,0
Potter,222 CITY,"Justice, 7th Court of Appeals District, Place 3",,Alex Yarbrough,REP,14,296,212,522
Potter,222 CITY,"Justice, 7th Court of Appeals District, Place 3",,Under Votes,,6,120,90,216
Potter,222 CITY,"Justice, 7th Court of Appeals District, Place 3",,Over Votes,,0,0,0,0
Potter,222 CITY,"District Judge, 108th Judicial District",,Tim Pirtle,REP,16,295,213,524
Potter,222 CITY,"District Judge, 108th Judicial District",,Under Votes,,4,121,89,214
Potter,222 CITY,"District Judge, 108th Judicial District",,Over Votes,,0,0,0,0
Potter,222 CITY,"District Attorney, 47th Judicial District",,Jason E. Herring,REP,14,289,208,511
Potter,222 CITY,"District Attorney, 47th Judicial District",,Under Votes,,6,127,94,227
Potter,222 CITY,"District Attorney, 47th Judicial District",,Over Votes,,0,0,0,0
Potter,222 CITY,County Attorney,,Scott Brumley,REP,14,290,210,514
Potter,222 CITY,County Attorney,,Under Votes,,6,126,92,224
Potter,222 CITY,County Attorney,,Over Votes,,0,0,0,0
Potter,222 CITY,Sheriff,,Brian Thomas,REP,13,301,214,528
Potter,222 CITY,Sheriff,,Under Votes,,7,115,88,210
Potter,222 CITY,Sheriff,,Over Votes,,0,0,0,0
Potter,222 CITY,County Tax Assessor-Collector,,Thomas Warren III,REP,14,291,213,518
Potter,222 CITY,County Tax Assessor-Collector,,Under Votes,,6,125,89,220
Potter,222 CITY,County Tax Assessor-Collector,,Over Votes,,0,0,0,0
Potter,222 CITY,"Constable, Precinct 2",,Georgia Estrada,REP,15,290,212,517
Potter,222 CITY,"Constable, Precinct 2",,Under Votes,,5,126,90,221
Potter,222 CITY,"Constable, Precinct 2",,Over Votes,,0,0,0,0
Potter,222 CITY,PROPOSITION A,,For,,9,185,130,324
Potter,222 CITY,PROPOSITION A,,Against,,6,168,120,294
Potter,222 CITY,PROPOSITION A,,Under Votes,,5,63,52,120
Potter,222 CITY,PROPOSITION A,,Over Votes,,0,0,0,0
Potter,222 CITY,PROPOSITION B,,For,,8,192,161,361
Potter,222 CITY,PROPOSITION B,,Against,,8,136,73,217
Potter,222 CITY,PROPOSITION B,,Under Votes,,4,88,68,160
Potter,222 CITY,PROPOSITION B,,Over Votes,,0,0,0,0
Potter,222 CITY,PROPOSITION C,,For,,8,149,126,283
Potter,222 CITY,PROPOSITION C,,Against,,8,183,104,295
Potter,222 CITY,PROPOSITION C,,Under Votes,,4,84,72,160
Potter,222 CITY,PROPOSITION C,,Over Votes,,0,0,0,0
Potter,222 CITY,PROPOSITION D,,For,,9,187,132,328
Potter,222 CITY,PROPOSITION D,,Against,,5,127,93,225
Potter,222 CITY,PROPOSITION D,,Under Votes,,6,102,77,185
Potter,222 CITY,PROPOSITION D,,Over Votes,,0,0,0,0
Potter,222 CITY,PROPOSITION E,,For,,6,190,147,343
Potter,222 CITY,PROPOSITION E,,Against,,8,121,77,206
Potter,222 CITY,PROPOSITION E,,Under Votes,,6,105,78,189
Potter,222 CITY,PROPOSITION E,,Over Votes,,0,0,0,0
Potter,223 CITY,Registered Voters,,,,,,,2076
Potter,223 CITY,Ballots Cast,,,,,,,794
Potter,223 CITY,President,,Donald J. Trump,REP,15,302,151,468
Potter,223 CITY,President,,Kamala D. Harris,DEM,14,200,98,312
Potter,223 CITY,President,,Chase Oliver,LIB,0,2,1,3
Potter,223 CITY,President,,Jill Stein,GRN,0,4,2,6
Potter,223 CITY,President,,CHERUNDA FOX/HARLAND MCVAY (W),,0,0,0,0
Potter,223 CITY,President,,CLAUDIA DE LA CRUZ/KARINA GARCIA (W),,0,1,0,1
Potter,223 CITY,President,,CORNEL WEST/MELINA ABDULLAH (W),,0,0,0,0
Potter,223 CITY,President,,JESSIE CUELLAR/WESLEY LASLEY (W),,0,0,0,0
Potter,223 CITY,President,,PETER SONSKI/LAUREN ONAK (W),,0,0,0,0
Potter,223 CITY,President,,SHIVA AYYADURAI/CRYSTAL ELLIS (W),,0,0,0,0
Potter,223 CITY,President,,Under Votes,,1,2,1,4
Potter,223 CITY,President,,Over Votes,,0,0,0,0
Potter,223 CITY,U.S. Senate,,Ted Cruz,REP,18,289,121,428
Potter,223 CITY,U.S. Senate,,Colin Allred,DEM,12,192,113,317
Potter,223 CITY,U.S. Senate,,Ted Brown,LIB,0,16,15,31
Potter,223 CITY,U.S. Senate,,ANALISA ROCHE (W),,0,0,0,0
Potter,223 CITY,U.S. Senate,,TRACY ANDRUS (W),,0,0,0,0
Potter,223 CITY,U.S. Senate,,Under Votes,,0,14,4,18
Potter,223 CITY,U.S. Senate,,Over Votes,,0,0,0,0
Potter,223 CITY,U.S. House,13,Ronny Jackson,REP,20,357,189,566
Potter,223 CITY,U.S. House,13,Under Votes,,10,154,64,228
Potter,223 CITY,U.S. House,13,Over Votes,,0,0,0,0
Potter,223 CITY,Railroad Commissioner,,Christi Craddick,REP,17,268,120,405
Potter,223 CITY,Railroad Commissioner,,Katherine Culbert,DEM,13,168,79,260
Potter,223 CITY,Railroad Commissioner,,Hawk Dunlap,LIB,0,12,10,22
Potter,223 CITY,Railroad Commissioner,,Eddie Espinoza,GRN,0,37,24,61
Potter,223 CITY,Railroad Commissioner,,RICHARD MCKIBBIN (W),,0,0,0,0
Potter,223 CITY,Railroad Commissioner,,Under Votes,,0,26,20,46
Potter,223 CITY,Railroad Commissioner,,Over Votes,,0,0,0,0
Potter,223 CITY,"Justice, Supreme Court, Place 2",,Jimmy Blacklock,REP,19,291,133,443
Potter,223 CITY,"Justice, Supreme Court, Place 2",,DaSean Jones,DEM,11,193,105,309
Potter,223 CITY,"Justice, Supreme Court, Place 2",,Under Votes,,0,27,15,42
Potter,223 CITY,"Justice, Supreme Court, Place 2",,Over Votes,,0,0,0,0
Potter,223 CITY,"Justice, Supreme Court, Place 4",,John Devine,REP,18,289,133,440
Potter,223 CITY,"Justice, Supreme Court, Place 4",,Christine Vinh Weems,DEM,12,194,104,310
Potter,223 CITY,"Justice, Supreme Court, Place 4",,Under Votes,,0,28,16,44
Potter,223 CITY,"Justice, Supreme Court, Place 4",,Over Votes,,0,0,0,0
Potter,223 CITY,"Justice, Supreme Court, Place 6",,Jane Bland,REP,18,277,122,417
Potter,223 CITY,"Justice, Supreme Court, Place 6",,Bonnie Lee Goldstein,DEM,12,185,93,290
Potter,223 CITY,"Justice, Supreme Court, Place 6",,J. David Roberson,LIB,0,22,25,47
Potter,223 CITY,"Justice, Supreme Court, Place 6",,Under Votes,,0,27,13,40
Potter,223 CITY,"Justice, Supreme Court, Place 6",,Over Votes,,0,0,0,0
Potter,223 CITY,"Presiding Judge, Court of Criminal Appeals",,David J. Schenck,REP,17,283,131,431
Potter,223 CITY,"Presiding Judge, Court of Criminal Appeals",,Holly Taylor,DEM,13,205,108,326
Potter,223 CITY,"Presiding Judge, Court of Criminal Appeals",,Under Votes,,0,23,14,37
Potter,223 CITY,"Presiding Judge, Court of Criminal Appeals",,Over Votes,,0,0,0,0
Potter,223 CITY,"Judge, Court of Criminal Appeals, Place 7",,Gina Parker,REP,18,295,138,451
Potter,223 CITY,"Judge, Court of Criminal Appeals, Place 7",,Nancy Mulder,DEM,12,189,100,301
Potter,223 CITY,"Judge, Court of Criminal Appeals, Place 7",,Under Votes,,0,27,15,42
Potter,223 CITY,"Judge, Court of Criminal Appeals, Place 7",,Over Votes,,0,0,0,0
Potter,223 CITY,"Judge, Court of Criminal Appeals, Place 8",,Lee Finley,REP,19,293,137,449
Potter,223 CITY,"Judge, Court of Criminal Appeals, Place 8",,Chika Anyiam,DEM,11,189,98,298
Potter,223 CITY,"Judge, Court of Criminal Appeals, Place 8",,Under Votes,,0,29,18,47
Potter,223 CITY,"Judge, Court of Criminal Appeals, Place 8",,Over Votes,,0,0,0,0
Potter,223 CITY,"Member, State Board of Education, District 15",,Aaron Kinsey,REP,17,278,123,418
Potter,223 CITY,"Member, State Board of Education, District 15",,Morgan Kirkpatrick,DEM,12,185,96,293
Potter,223 CITY,"Member, State Board of Education, District 15",,Jack B. Westbrook,LIB,0,22,16,38
Potter,223 CITY,"Member, State Board of Education, District 15",,Under Votes,,1,26,18,45
Potter,223 CITY,"Member, State Board of Education, District 15",,Over Votes,,0,0,0,0
Potter,223 CITY,State Representative,87,Caroline Fairly,REP,18,291,137,446
Potter,223 CITY,State Representative,87,Timothy W. Gassaway,DEM,11,185,93,289
Potter,223 CITY,State Representative,87,JEFFREY MCGUNEGLE (W),,0,0,0,0
Potter,223 CITY,State Representative,87,Under Votes,,1,35,23,59
Potter,223 CITY,State Representative,87,Over Votes,,0,0,0,0
Potter,223 CITY,"Justice, 7th Court of Appeals District, Place 2",,Judy Parker,REP,20,350,182,552
Potter,223 CITY,"Justice, 7th Court of Appeals District, Place 2",,Under Votes,,10,161,71,242
Potter,223 CITY,"Justice, 7th Court of Appeals District, Place 2",,Over Votes,,0,0,0,0
Potter,223 CITY,"Justice, 7th Court of Appeals District, Place 3",,Alex Yarbrough,REP,19,351,184,554
Potter,223 CITY,"Justice, 7th Court of Appeals District, Place 3",,Under Votes,,11,160,69,240
Potter,223 CITY,"Justice, 7th Court of Appeals District, Place 3",,Over Votes,,0,0,0,0
Potter,223 CITY,"District Judge, 108th Judicial District",,Tim Pirtle,REP,21,345,189,555
Potter,223 CITY,"District Judge, 108th Judicial District",,Under Votes,,9,166,64,239
Potter,223 CITY,"District Judge, 108th Judicial District",,Over Votes,,0,0,0,0
Potter,223 CITY,"District Attorney, 47th Judicial District",,Jason E. Herring,REP,21,338,183,542
Potter,223 CITY,"District Attorney, 47th Judicial District",,Under Votes,,9,173,70,252
Potter,223 CITY,"District Attorney, 47th Judicial District",,Over Votes,,0,0,0,0
Potter,223 CITY,County Attorney,,Scott Brumley,REP,22,342,188,552
Potter,223 CITY,County Attorney,,Under Votes,,8,169,65,242
Potter,223 CITY,County Attorney,,Over Votes,,0,0,0,0
Potter,223 CITY,Sheriff,,Brian Thomas,REP,23,347,189,559
Potter,223 CITY,Sheriff,,Under Votes,,7,164,64,235
Potter,223 CITY,Sheriff,,Over Votes,,0,0,0,0
Potter,223 CITY,County Tax Assessor-Collector,,Thomas Warren III,REP,22,340,179,541
Potter,223 CITY,County Tax Assessor-Collector,,Under Votes,,8,171,74,253
Potter,223 CITY,County Tax Assessor-Collector,,Over Votes,,0,0,0,0
Potter,223 CITY,"Constable, Precinct 2",,Georgia Estrada,REP,23,346,193,562
Potter,223 CITY,"Constable, Precinct 2",,Under Votes,,7,165,60,232
Potter,223 CITY,"Constable, Precinct 2",,Over Votes,,0,0,0,0
Potter,223 CITY,PROPOSITION A,,For,,13,223,106,342
Potter,223 CITY,PROPOSITION A,,Against,,10,251,129,390
Potter,223 CITY,PROPOSITION A,,Under Votes,,7,37,18,62
Potter,223 CITY,PROPOSITION A,,Over Votes,,0,0,0,0
Potter,223 CITY,PROPOSITION B,,For,,24,248,143,415
Potter,223 CITY,PROPOSITION B,,Against,,5,208,88,301
Potter,223 CITY,PROPOSITION B,,Under Votes,,1,55,22,78
Potter,223 CITY,PROPOSITION B,,Over Votes,,0,0,0,0
Potter,223 CITY,PROPOSITION C,,For,,14,181,101,296
Potter,223 CITY,PROPOSITION C,,Against,,15,280,126,421
Potter,223 CITY,PROPOSITION C,,Under Votes,,1,50,26,77
Potter,223 CITY,PROPOSITION C,,Over Votes,,0,0,0,0
Potter,223 CITY,PROPOSITION D,,For,,22,207,131,360
Potter,223 CITY,PROPOSITION D,,Against,,5,237,95,337
Potter,223 CITY,PROPOSITION D,,Under Votes,,3,67,27,97
Potter,223 CITY,PROPOSITION D,,Over Votes,,0,0,0,0
Potter,223 CITY,PROPOSITION E,,For,,23,225,123,371
Potter,223 CITY,PROPOSITION E,,Against,,3,215,90,308
Potter,223 CITY,PROPOSITION E,,Under Votes,,4,71,40,115
Potter,223 CITY,PROPOSITION E,,Over Votes,,0,0,0,0
Potter,224 CITY,Registered Voters,,,,,,,3086
Potter,224 CITY,Ballots Cast,,,,,,,1377
Potter,224 CITY,President,,Donald J. Trump,REP,21,563,311,895
Potter,224 CITY,President,,Kamala D. Harris,DEM,18,285,161,464
Potter,224 CITY,President,,Chase Oliver,LIB,1,4,1,6
Potter,224 CITY,President,,Jill Stein,GRN,0,3,1,4
Potter,224 CITY,President,,CHERUNDA FOX/HARLAND MCVAY (W),,0,0,0,0
Potter,224 CITY,President,,CLAUDIA DE LA CRUZ/KARINA GARCIA (W),,0,1,0,1
Potter,224 CITY,President,,CORNEL WEST/MELINA ABDULLAH (W),,0,0,0,0
Potter,224 CITY,President,,JESSIE CUELLAR/WESLEY LASLEY (W),,0,0,0,0
Potter,224 CITY,President,,PETER SONSKI/LAUREN ONAK (W),,0,0,3,3
Potter,224 CITY,President,,SHIVA AYYADURAI/CRYSTAL ELLIS (W),,0,0,0,0
Potter,224 CITY,President,,Under Votes,,2,2,0,4
Potter,224 CITY,President,,Over Votes,,0,0,0,0
Potter,224 CITY,U.S. Senate,,Ted Cruz,REP,23,535,282,840
Potter,224 CITY,U.S. Senate,,Colin Allred,DEM,18,290,167,475
Potter,224 CITY,U.S. Senate,,Ted Brown,LIB,1,21,20,42
Potter,224 CITY,U.S. Senate,,ANALISA ROCHE (W),,0,1,0,1
Potter,224 CITY,U.S. Senate,,TRACY ANDRUS (W),,0,2,0,2
Potter,224 CITY,U.S. Senate,,Under Votes,,0,9,8,17
Potter,224 CITY,U.S. Senate,,Over Votes,,0,0,0,0
Potter,224 CITY,U.S. House,13,Ronny Jackson,REP,26,647,378,1051
Potter,224 CITY,U.S. House,13,Under Votes,,16,211,99,326
Potter,224 CITY,U.S. House,13,Over Votes,,0,0,0,0
Potter,224 CITY,Railroad Commissioner,,Christi Craddick,REP,17,518,268,803
Potter,224 CITY,Railroad Commissioner,,Katherine Culbert,DEM,17,240,140,397
Potter,224 CITY,Railroad Commissioner,,Hawk Dunlap,LIB,2,24,15,41
Potter,224 CITY,Railroad Commissioner,,Eddie Espinoza,GRN,3,35,28,66
Potter,224 CITY,Railroad Commissioner,,RICHARD MCKIBBIN (W),,0,1,2,3
Potter,224 CITY,Railroad Commissioner,,Under Votes,,3,40,24,67
Potter,224 CITY,Railroad Commissioner,,Over Votes,,0,0,0,0
Potter,224 CITY,"Justice, Supreme Court, Place 2",,Jimmy Blacklock,REP,20,549,292,861
Potter,224 CITY,"Justice, Supreme Court, Place 2",,DaSean Jones,DEM,19,275,159,453
Potter,224 CITY,"Justice, Supreme Court, Place 2",,Under Votes,,3,34,26,63
Potter,224 CITY,"Justice, Supreme Court, Place 2",,Over Votes,,0,0,0,0
Potter,224 CITY,"Justice, Supreme Court, Place 4",,John Devine,REP,19,548,290,857
Potter,224 CITY,"Justice, Supreme Court, Place 4",,Christine Vinh Weems,DEM,20,269,161,450
Potter,224 CITY,"Justice, Supreme Court, Place 4",,Under Votes,,3,41,26,70
Potter,224 CITY,"Justice, Supreme Court, Place 4",,Over Votes,,0,0,0,0
Potter,224 CITY,"Justice, Supreme Court, Place 6",,Jane Bland,REP,17,527,270,814
Potter,224 CITY,"Justice, Supreme Court, Place 6",,Bonnie Lee Goldstein,DEM,19,256,142,417
Potter,224 CITY,"Justice, Supreme Court, Place 6",,J. David Roberson,LIB,2,35,39,76
Potter,224 CITY,"Justice, Supreme Court, Place 6",,Under Votes,,3,40,26,69
Potter,224 CITY,"Justice, Supreme Court, Place 6",,Over Votes,,1,0,0,1
Potter,224 CITY,"Presiding Judge, Court of Criminal Appeals",,David J. Schenck,REP,17,546,289,852
Potter,224 CITY,"Presiding Judge, Court of Criminal Appeals",,Holly Taylor,DEM,21,272,158,451
Potter,224 CITY,"Presiding Judge, Court of Criminal Appeals",,Under Votes,,4,40,30,74
Potter,224 CITY,"Presiding Judge, Court of Criminal Appeals",,Over Votes,,0,0,0,0
Potter,224 CITY,"Judge, Court of Criminal Appeals, Place 7",,Gina Parker,REP,18,546,288,852
Potter,224 CITY,"Judge, Court of Criminal Appeals, Place 7",,Nancy Mulder,DEM,20,266,162,448
Potter,224 CITY,"Judge, Court of Criminal Appeals, Place 7",,Under Votes,,4,46,27,77
Potter,224 CITY,"Judge, Court of Criminal Appeals, Place 7",,Over Votes,,0,0,0,0
Potter,224 CITY,"Judge, Court of Criminal Appeals, Place 8",,Lee Finley,REP,18,554,291,863
Potter,224 CITY,"Judge, Court of Criminal Appeals, Place 8",,Chika Anyiam,DEM,20,261,157,438
Potter,224 CITY,"Judge, Court of Criminal Appeals, Place 8",,Under Votes,,4,43,29,76
Potter,224 CITY,"Judge, Court of Criminal Appeals, Place 8",,Over Votes,,0,0,0,0
Potter,224 CITY,"Member, State Board of Education, District 15",,Aaron Kinsey,REP,17,524,269,810
Potter,224 CITY,"Member, State Board of Education, District 15",,Morgan Kirkpatrick,DEM,19,264,148,431
Potter,224 CITY,"Member, State Board of Education, District 15",,Jack B. Westbrook,LIB,1,33,29,63
Potter,224 CITY,"Member, State Board of Education, District 15",,Under Votes,,5,37,31,73
Potter,224 CITY,"Member, State Board of Education, District 15",,Over Votes,,0,0,0,0
Potter,224 CITY,State Representative,87,Caroline Fairly,REP,20,535,294,849
Potter,224 CITY,State Representative,87,Timothy W. Gassaway,DEM,18,271,151,440
Potter,224 CITY,State Representative,87,JEFFREY MCGUNEGLE (W),,0,0,0,0
Potter,224 CITY,State Representative,87,Under Votes,,4,52,32,88
Potter,224 CITY,State Representative,87,Over Votes,,0,0,0,0
Potter,224 CITY,"Justice, 7th Court of Appeals District, Place 2",,Judy Parker,REP,26,640,369,1035
Potter,224 CITY,"Justice, 7th Court of Appeals District, Place 2",,Under Votes,,16,218,108,342
Potter,224 CITY,"Justice, 7th Court of Appeals District, Place 2",,Over Votes,,0,0,0,0
Potter,224 CITY,"Justice, 7th Court of Appeals District, Place 3",,Alex Yarbrough,REP,24,629,359,1012
Potter,224 CITY,"Justice, 7th Court of Appeals District, Place 3",,Under Votes,,18,229,118,365
Potter,224 CITY,"Justice, 7th Court of Appeals District, Place 3",,Over Votes,,0,0,0,0
Potter,224 CITY,"District Judge, 108th Judicial District",,Tim Pirtle,REP,24,625,365,1014
Potter,224 CITY,"District Judge, 108th Judicial District",,Under Votes,,18,233,112,363
Potter,224 CITY,"District Judge, 108th Judicial District",,Over Votes,,0,0,0,0
Potter,224 CITY,"District Attorney, 47th Judicial District",,Jason E. Herring,REP,24,625,359,1008
Potter,224 CITY,"District Attorney, 47th Judicial District",,Under Votes,,18,233,118,369
Potter,224 CITY,"District Attorney, 47th Judicial District",,Over Votes,,0,0,0,0
Potter,224 CITY,County Attorney,,Scott Brumley,REP,26,629,359,1014
Potter,224 CITY,County Attorney,,Under Votes,,16,229,118,363
Potter,224 CITY,County Attorney,,Over Votes,,0,0,0,0
Potter,224 CITY,Sheriff,,Brian Thomas,REP,26,639,368,1033
Potter,224 CITY,Sheriff,,Under Votes,,16,219,109,344
Potter,224 CITY,Sheriff,,Over Votes,,0,0,0,0
Potter,224 CITY,County Tax Assessor-Collector,,Thomas Warren III,REP,26,618,360,1004
Potter,224 CITY,County Tax Assessor-Collector,,Under Votes,,16,240,117,373
Potter,224 CITY,County Tax Assessor-Collector,,Over Votes,,0,0,0,0
Potter,224 CITY,"Constable, Precinct 2",,Georgia Estrada,REP,26,628,369,1023
Potter,224 CITY,"Constable, Precinct 2",,Under Votes,,16,230,108,354
Potter,224 CITY,"Constable, Precinct 2",,Over Votes,,0,0,0,0
Potter,224 CITY,PROPOSITION A,,For,,17,349,186,552
Potter,224 CITY,PROPOSITION A,,Against,,17,463,266,746
Potter,224 CITY,PROPOSITION A,,Under Votes,,8,46,25,79
Potter,224 CITY,PROPOSITION A,,Over Votes,,0,0,0,0
Potter,224 CITY,PROPOSITION B,,For,,27,400,264,691
Potter,224 CITY,PROPOSITION B,,Against,,6,385,173,564
Potter,224 CITY,PROPOSITION B,,Under Votes,,9,73,40,122
Potter,224 CITY,PROPOSITION B,,Over Votes,,0,0,0,0
Potter,224 CITY,PROPOSITION C,,For,,18,290,179,487
Potter,224 CITY,PROPOSITION C,,Against,,18,491,246,755
Potter,224 CITY,PROPOSITION C,,Under Votes,,6,77,52,135
Potter,224 CITY,PROPOSITION C,,Over Votes,,0,0,0,0
Potter,224 CITY,PROPOSITION D,,For,,21,379,216,616
Potter,224 CITY,PROPOSITION D,,Against,,12,376,199,587
Potter,224 CITY,PROPOSITION D,,Under Votes,,9,103,62,174
Potter,224 CITY,PROPOSITION D,,Over Votes,,0,0,0,0
Potter,224 CITY,PROPOSITION E,,For,,19,407,215,641
Potter,224 CITY,PROPOSITION E,,Against,,15,335,197,547
Potter,224 CITY,PROPOSITION E,,Under Votes,,8,116,65,189
Potter,224 CITY,PROPOSITION E,,Over Votes,,0,0,0,0
Potter,225 CITY,Registered Voters,,,,,,,1871
Potter,225 CITY,Ballots Cast,,,,,,,688
Potter,225 CITY,President,,Donald J. Trump,REP,6,282,123,411
Potter,225 CITY,President,,Kamala D. Harris,DEM,13,162,91,266
Potter,225 CITY,President,,Chase Oliver,LIB,0,3,0,3
Potter,225 CITY,President,,Jill Stein,GRN,0,1,3,4
Potter,225 CITY,President,,CHERUNDA FOX/HARLAND MCVAY (W),,0,0,0,0
Potter,225 CITY,President,,CLAUDIA DE LA CRUZ/KARINA GARCIA (W),,0,0,2,2
Potter,225 CITY,President,,CORNEL WEST/MELINA ABDULLAH (W),,0,0,0,0
Potter,225 CITY,President,,JESSIE CUELLAR/WESLEY LASLEY (W),,0,0,0,0
Potter,225 CITY,President,,PETER SONSKI/LAUREN ONAK (W),,0,0,0,0
Potter,225 CITY,President,,SHIVA AYYADURAI/CRYSTAL ELLIS (W),,0,0,0,0
Potter,225 CITY,President,,Under Votes,,0,2,0,2
Potter,225 CITY,President,,Over Votes,,0,0,0,0
Potter,225 CITY,U.S. Senate,,Ted Cruz,REP,6,272,115,393
Potter,225 CITY,U.S. Senate,,Colin Allred,DEM,12,158,90,260
Potter,225 CITY,U.S. Senate,,Ted Brown,LIB,0,9,11,20
Potter,225 CITY,U.S. Senate,,ANALISA ROCHE (W),,0,0,2,2
Potter,225 CITY,U.S. Senate,,TRACY ANDRUS (W),,0,0,0,0
Potter,225 CITY,U.S. Senate,,Under Votes,,1,11,1,13
Potter,225 CITY,U.S. Senate,,Over Votes,,0,0,0,0
Potter,225 CITY,U.S. House,13,Ronny Jackson,REP,8,323,157,488
Potter,225 CITY,U.S. House,13,Under Votes,,11,127,62,200
Potter,225 CITY,U.S. House,13,Over Votes,,0,0,0,0
Potter,225 CITY,Railroad Commissioner,,Christi Craddick,REP,5,257,104,366
Potter,225 CITY,Railroad Commissioner,,Katherine Culbert,DEM,12,133,79,224
Potter,225 CITY,Railroad Commissioner,,Hawk Dunlap,LIB,1,15,4,20
Potter,225 CITY,Railroad Commissioner,,Eddie Espinoza,GRN,0,17,20,37
Potter,225 CITY,Railroad Commissioner,,RICHARD MCKIBBIN (W),,0,0,0,0
Potter,225 CITY,Railroad Commissioner,,Under Votes,,1,28,12,41
Potter,225 CITY,Railroad Commissioner,,Over Votes,,0,0,0,0
Potter,225 CITY,"Justice, Supreme Court, Place 2",,Jimmy Blacklock,REP,4,275,116,395
Potter,225 CITY,"Justice, Supreme Court, Place 2",,DaSean Jones,DEM,13,157,91,261
Potter,225 CITY,"Justice, Supreme Court, Place 2",,Under Votes,,2,18,12,32
Potter,225 CITY,"Justice, Supreme Court, Place 2",,Over Votes,,0,0,0,0
Potter,225 CITY,"Justice, Supreme Court, Place 4",,John Devine,REP,5,273,121,399
Potter,225 CITY,"Justice, Supreme Court, Place 4",,Christine Vinh Weems,DEM,12,153,88,253
Potter,225 CITY,"Justice, Supreme Court, Place 4",,Under Votes,,2,24,10,36
Potter,225 CITY,"Justice, Supreme Court, Place 4",,Over Votes,,0,0,0,0
Potter,225 CITY,"Justice, Supreme Court, Place 6",,Jane Bland,REP,5,260,110,375
Potter,225 CITY,"Justice, Supreme Court, Place 6",,Bonnie Lee Goldstein,DEM,12,152,84,248
Potter,225 CITY,"Justice, Supreme Court, Place 6",,J. David Roberson,LIB,0,17,8,25
Potter,225 CITY,"Justice, Supreme Court, Place 6",,Under Votes,,2,21,17,40
Potter,225 CITY,"Justice, Supreme Court, Place 6",,Over Votes,,0,0,0,0
Potter,225 CITY,"Presiding Judge, Court of Criminal Appeals",,David J. Schenck,REP,5,271,115,391
Potter,225 CITY,"Presiding Judge, Court of Criminal Appeals",,Holly Taylor,DEM,12,154,89,255
Potter,225 CITY,"Presiding Judge, Court of Criminal Appeals",,Under Votes,,2,25,15,42
Potter,225 CITY,"Presiding Judge, Court of Criminal Appeals",,Over Votes,,0,0,0,0
Potter,225 CITY,"Judge, Court of Criminal Appeals, Place 7",,Gina Parker,REP,5,269,117,391
Potter,225 CITY,"Judge, Court of Criminal Appeals, Place 7",,Nancy Mulder,DEM,12,157,88,257
Potter,225 CITY,"Judge, Court of Criminal Appeals, Place 7",,Under Votes,,2,24,14,40
Potter,225 CITY,"Judge, Court of Criminal Appeals, Place 7",,Over Votes,,0,0,0,0
Potter,225 CITY,"Judge, Court of Criminal Appeals, Place 8",,Lee Finley,REP,4,272,117,393
Potter,225 CITY,"Judge, Court of Criminal Appeals, Place 8",,Chika Anyiam,DEM,13,143,84,240
Potter,225 CITY,"Judge, Court of Criminal Appeals, Place 8",,Under Votes,,2,35,18,55
Potter,225 CITY,"Judge, Court of Criminal Appeals, Place 8",,Over Votes,,0,0,0,0
Potter,225 CITY,"Member, State Board of Education, District 15",,Aaron Kinsey,REP,5,257,102,364
Potter,225 CITY,"Member, State Board of Education, District 15",,Morgan Kirkpatrick,DEM,12,147,87,246
Potter,225 CITY,"Member, State Board of Education, District 15",,Jack B. Westbrook,LIB,0,18,12,30
Potter,225 CITY,"Member, State Board of Education, District 15",,Under Votes,,2,28,18,48
Potter,225 CITY,"Member, State Board of Education, District 15",,Over Votes,,0,0,0,0
Potter,225 CITY,State Representative,87,Caroline Fairly,REP,6,269,115,390
Potter,225 CITY,State Representative,87,Timothy W. Gassaway,DEM,11,148,87,246
Potter,225 CITY,State Representative,87,JEFFREY MCGUNEGLE (W),,0,0,0,0
Potter,225 CITY,State Representative,87,Under Votes,,2,33,17,52
Potter,225 CITY,State Representative,87,Over Votes,,0,0,0,0
Potter,225 CITY,"Justice, 7th Court of Appeals District, Place 2",,Judy Parker,REP,8,311,148,467
Potter,225 CITY,"Justice, 7th Court of Appeals District, Place 2",,Under Votes,,11,139,71,221
Potter,225 CITY,"Justice, 7th Court of Appeals District, Place 2",,Over Votes,,0,0,0,0
Potter,225 CITY,"Justice, 7th Court of Appeals District, Place 3",,Alex Yarbrough,REP,8,307,146,461
Potter,225 CITY,"Justice, 7th Court of Appeals District, Place 3",,Under Votes,,11,143,73,227
Potter,225 CITY,"Justice, 7th Court of Appeals District, Place 3",,Over Votes,,0,0,0,0
Potter,225 CITY,"District Judge, 108th Judicial District",,Tim Pirtle,REP,8,308,148,464
Potter,225 CITY,"District Judge, 108th Judicial District",,Under Votes,,11,142,71,224
Potter,225 CITY,"District Judge, 108th Judicial District",,Over Votes,,0,0,0,0
Potter,225 CITY,"District Attorney, 47th Judicial District",,Jason E. Herring,REP,8,297,142,447
Potter,225 CITY,"District Attorney, 47th Judicial District",,Under Votes,,11,153,77,241
Potter,225 CITY,"District Attorney, 47th Judicial District",,Over Votes,,0,0,0,0
Potter,225 CITY,County Attorney,,Scott Brumley,REP,8,300,148,456
Potter,225 CITY,County Attorney,,Under Votes,,11,150,71,232
Potter,225 CITY,County Attorney,,Over Votes,,0,0,0,0
Potter,225 CITY,Sheriff,,Brian Thomas,REP,9,315,149,473
Potter,225 CITY,Sheriff,,Under Votes,,10,135,70,215
Potter,225 CITY,Sheriff,,Over Votes,,0,0,0,0
Potter,225 CITY,County Tax Assessor-Collector,,Thomas Warren III,REP,8,304,145,457
Potter,225 CITY,County Tax Assessor-Collector,,Under Votes,,11,146,74,231
Potter,225 CITY,County Tax Assessor-Collector,,Over Votes,,0,0,0,0
Potter,225 CITY,"Constable, Precinct 2",,Georgia Estrada,REP,8,316,151,475
Potter,225 CITY,"Constable, Precinct 2",,Under Votes,,11,134,68,213
Potter,225 CITY,"Constable, Precinct 2",,Over Votes,,0,0,0,0
Potter,225 CITY,PROPOSITION A,,For,,6,212,98,316
Potter,225 CITY,PROPOSITION A,,Against,,12,208,108,328
Potter,225 CITY,PROPOSITION A,,Under Votes,,1,30,13,44
Potter,225 CITY,PROPOSITION A,,Over Votes,,0,0,0,0
Potter,225 CITY,PROPOSITION B,,For,,17,212,144,373
Potter,225 CITY,PROPOSITION B,,Against,,1,202,44,247
Potter,225 CITY,PROPOSITION B,,Under Votes,,1,36,31,68
Potter,225 CITY,PROPOSITION B,,Over Votes,,0,0,0,0
Potter,225 CITY,PROPOSITION C,,For,,9,156,98,263
Potter,225 CITY,PROPOSITION C,,Against,,9,249,91,349
Potter,225 CITY,PROPOSITION C,,Under Votes,,1,45,30,76
Potter,225 CITY,PROPOSITION C,,Over Votes,,0,0,0,0
Potter,225 CITY,PROPOSITION D,,For,,10,212,113,335
Potter,225 CITY,PROPOSITION D,,Against,,8,180,67,255
Potter,225 CITY,PROPOSITION D,,Under Votes,,1,58,39,98
Potter,225 CITY,PROPOSITION D,,Over Votes,,0,0,0,0
Potter,225 CITY,PROPOSITION E,,For,,10,223,120,353
Potter,225 CITY,PROPOSITION E,,Against,,7,169,58,234
Potter,225 CITY,PROPOSITION E,,Under Votes,,2,58,41,101
Potter,225 CITY,PROPOSITION E,,Over Votes,,0,0,0,0
Potter,323 CITY,Registered Voters,,,,,,,741
Potter,323 CITY,Ballots Cast,,,,,,,514
Potter,323 CITY,President,,Donald J. Trump,REP,12,332,102,446
Potter,323 CITY,President,,Kamala D. Harris,DEM,3,44,15,62
Potter,323 CITY,President,,Chase Oliver,LIB,0,3,0,3
Potter,323 CITY,President,,Jill Stein,GRN,0,0,1,1
Potter,323 CITY,President,,CHERUNDA FOX/HARLAND MCVAY (W),,0,0,0,0
Potter,323 CITY,President,,CLAUDIA DE LA CRUZ/KARINA GARCIA (W),,0,0,1,1
Potter,323 CITY,President,,CORNEL WEST/MELINA ABDULLAH (W),,0,0,0,0
Potter,323 CITY,President,,JESSIE CUELLAR/WESLEY LASLEY (W),,0,0,0,0
Potter,323 CITY,President,,PETER SONSKI/LAUREN ONAK (W),,0,0,0,0
Potter,323 CITY,President,,SHIVA AYYADURAI/CRYSTAL ELLIS (W),,0,0,0,0
Potter,323 CITY,President,,Under Votes,,1,0,0,1
Potter,323 CITY,President,,Over Votes,,0,0,0,0
Potter,323 CITY,U.S. Senate,,Ted Cruz,REP,14,326,96,436
Potter,323 CITY,U.S. Senate,,Colin Allred,DEM,2,47,19,68
Potter,323 CITY,U.S. Senate,,Ted Brown,LIB,0,3,4,7
Potter,323 CITY,U.S. Senate,,ANALISA ROCHE (W),,0,0,0,0
Potter,323 CITY,U.S. Senate,,TRACY ANDRUS (W),,0,0,0,0
Potter,323 CITY,U.S. Senate,,Under Votes,,0,3,0,3
Potter,323 CITY,U.S. Senate,,Over Votes,,0,0,0,0
Potter,323 CITY,U.S. House,13,Ronny Jackson,REP,14,342,106,462
Potter,323 CITY,U.S. House,13,Under Votes,,2,37,13,52
Potter,323 CITY,U.S. House,13,Over Votes,,0,0,0,0
Potter,323 CITY,Railroad Commissioner,,Christi Craddick,REP,14,317,95,426
Potter,323 CITY,Railroad Commissioner,,Katherine Culbert,DEM,2,39,14,55
Potter,323 CITY,Railroad Commissioner,,Hawk Dunlap,LIB,0,7,5,12
Potter,323 CITY,Railroad Commissioner,,Eddie Espinoza,GRN,0,6,1,7
Potter,323 CITY,Railroad Commissioner,,RICHARD MCKIBBIN (W),,0,0,0,0
Potter,323 CITY,Railroad Commissioner,,Under Votes,,0,10,4,14
Potter,323 CITY,Railroad Commissioner,,Over Votes,,0,0,0,0
Potter,323 CITY,"Justice, Supreme Court, Place 2",,Jimmy Blacklock,REP,14,328,101,443
Potter,323 CITY,"Justice, Supreme Court, Place 2",,DaSean Jones,DEM,2,37,15,54
Potter,323 CITY,"Justice, Supreme Court, Place 2",,Under Votes,,0,14,3,17
Potter,323 CITY,"Justice, Supreme Court, Place 2",,Over Votes,,0,0,0,0
Potter,323 CITY,"Justice, Supreme Court, Place 4",,John Devine,REP,14,323,100,437
Potter,323 CITY,"Justice, Supreme Court, Place 4",,Christine Vinh Weems,DEM,2,41,15,58
Potter,323 CITY,"Justice, Supreme Court, Place 4",,Under Votes,,0,15,4,19
Potter,323 CITY,"Justice, Supreme Court, Place 4",,Over Votes,,0,0,0,0
Potter,323 CITY,"Justice, Supreme Court, Place 6",,Jane Bland,REP,14,326,98,438
Potter,323 CITY,"Justice, Supreme Court, Place 6",,Bonnie Lee Goldstein,DEM,2,34,15,51
Potter,323 CITY,"Justice, Supreme Court, Place 6",,J. David Roberson,LIB,0,7,2,9
Potter,323 CITY,"Justice, Supreme Court, Place 6",,Under Votes,,0,12,4,16
Potter,323 CITY,"Justice, Supreme Court, Place 6",,Over Votes,,0,0,0,0
Potter,323 CITY,"Presiding Judge, Court of Criminal Appeals",,David J. Schenck,REP,14,328,100,442
Potter,323 CITY,"Presiding Judge, Court of Criminal Appeals",,Holly Taylor,DEM,1,39,16,56
Potter,323 CITY,"Presiding Judge, Court of Criminal Appeals",,Under Votes,,1,12,3,16
Potter,323 CITY,"Presiding Judge, Court of Criminal Appeals",,Over Votes,,0,0,0,0
Potter,323 CITY,"Judge, Court of Criminal Appeals, Place 7",,Gina Parker,REP,14,331,99,444
Potter,323 CITY,"Judge, Court of Criminal Appeals, Place 7",,Nancy Mulder,DEM,2,37,16,55
Potter,323 CITY,"Judge, Court of Criminal Appeals, Place 7",,Under Votes,,0,11,4,15
Potter,323 CITY,"Judge, Court of Criminal Appeals, Place 7",,Over Votes,,0,0,0,0
Potter,323 CITY,"Judge, Court of Criminal Appeals, Place 8",,Lee Finley,REP,14,331,99,444
Potter,323 CITY,"Judge, Court of Criminal Appeals, Place 8",,Chika Anyiam,DEM,2,33,15,50
Potter,323 CITY,"Judge, Court of Criminal Appeals, Place 8",,Under Votes,,0,15,5,20
Potter,323 CITY,"Judge, Court of Criminal Appeals, Place 8",,Over Votes,,0,0,0,0
Potter,323 CITY,"Member, State Board of Education, District 15",,Aaron Kinsey,REP,14,321,96,431
Potter,323 CITY,"Member, State Board of Education, District 15",,Morgan Kirkpatrick,DEM,2,42,16,60
Potter,323 CITY,"Member, State Board of Education, District 15",,Jack B. Westbrook,LIB,0,7,3,10
Potter,323 CITY,"Member, State Board of Education, District 15",,Under Votes,,0,9,4,13
Potter,323 CITY,"Member, State Board of Education, District 15",,Over Votes,,0,0,0,0
Potter,323 CITY,State Representative,87,Caroline Fairly,REP,14,326,100,440
Potter,323 CITY,State Representative,87,Timothy W. Gassaway,DEM,2,43,15,60
Potter,323 CITY,State Representative,87,JEFFREY MCGUNEGLE (W),,0,0,0,0
Potter,323 CITY,State Representative,87,Under Votes,,0,10,4,14
Potter,323 CITY,State Representative,87,Over Votes,,0,0,0,0
Potter,323 CITY,"Justice, 7th Court of Appeals District, Place 2",,Judy Parker,REP,14,337,103,454
Potter,323 CITY,"Justice, 7th Court of Appeals District, Place 2",,Under Votes,,2,42,16,60
Potter,323 CITY,"Justice, 7th Court of Appeals District, Place 2",,Over Votes,,0,0,0,0
Potter,323 CITY,"Justice, 7th Court of Appeals District, Place 3",,Alex Yarbrough,REP,14,328,103,445
Potter,323 CITY,"Justice, 7th Court of Appeals District, Place 3",,Under Votes,,2,51,16,69
Potter,323 CITY,"Justice, 7th Court of Appeals District, Place 3",,Over Votes,,0,0,0,0
Potter,323 CITY,"District Judge, 108th Judicial District",,Tim Pirtle,REP,14,333,103,450
Potter,323 CITY,"District Judge, 108th Judicial District",,Under Votes,,2,46,16,64
Potter,323 CITY,"District Judge, 108th Judicial District",,Over Votes,,0,0,0,0
Potter,323 CITY,"District Attorney, 47th Judicial District",,Jason E. Herring,REP,14,327,101,442
Potter,323 CITY,"District Attorney, 47th Judicial District",,Under Votes,,2,52,18,72
Potter,323 CITY,"District Attorney, 47th Judicial District",,Over Votes,,0,0,0,0
Potter,323 CITY,County Attorney,,Scott Brumley,REP,14,333,104,451
Potter,323 CITY,County Attorney,,Under Votes,,2,46,15,63
Potter,323 CITY,County Attorney,,Over Votes,,0,0,0,0
Potter,323 CITY,Sheriff,,Brian Thomas,REP,14,339,106,459
Potter,323 CITY,Sheriff,,Under Votes,,2,40,13,55
Potter,323 CITY,Sheriff,,Over Votes,,0,0,0,0
Potter,323 CITY,County Tax Assessor-Collector,,Thomas Warren III,REP,14,329,104,447
Potter,323 CITY,County Tax Assessor-Collector,,Under Votes,,2,50,15,67
Potter,323 CITY,County Tax Assessor-Collector,,Over Votes,,0,0,0,0
Potter,323 CITY,"County Commissioner, Precinct 3",,John Coffee,REP,14,336,106,456
Potter,323 CITY,"County Commissioner, Precinct 3",,Under Votes,,2,43,13,58
Potter,323 CITY,"County Commissioner, Precinct 3",,Over Votes,,0,0,0,0
Potter,323 CITY,"Constable, Precinct 3",,Dennis Green,REP,14,331,103,448
Potter,323 CITY,"Constable, Precinct 3",,Under Votes,,2,48,16,66
Potter,323 CITY,"Constable, Precinct 3",,Over Votes,,0,0,0,0
Potter,323 CITY,PROPOSITION A,,For,,9,156,52,217
Potter,323 CITY,PROPOSITION A,,Against,,6,205,64,275
Potter,323 CITY,PROPOSITION A,,Under Votes,,1,18,3,22
Potter,323 CITY,PROPOSITION A,,Over Votes,,0,0,0,0
Potter,323 CITY,PROPOSITION B,,For,,7,116,53,176
Potter,323 CITY,PROPOSITION B,,Against,,9,243,58,310
Potter,323 CITY,PROPOSITION B,,Under Votes,,0,20,8,28
Potter,323 CITY,PROPOSITION B,,Over Votes,,0,0,0,0
Potter,323 CITY,PROPOSITION C,,For,,7,125,32,164
Potter,323 CITY,PROPOSITION C,,Against,,9,232,80,321
Potter,323 CITY,PROPOSITION C,,Under Votes,,0,22,7,29
Potter,323 CITY,PROPOSITION C,,Over Votes,,0,0,0,0
Potter,323 CITY,PROPOSITION D,,For,,9,169,46,224
Potter,323 CITY,PROPOSITION D,,Against,,6,173,61,240
Potter,323 CITY,PROPOSITION D,,Under Votes,,1,37,12,50
Potter,323 CITY,PROPOSITION D,,Over Votes,,0,0,0,0
Potter,323 CITY,PROPOSITION E,,For,,8,175,52,235
Potter,323 CITY,PROPOSITION E,,Against,,7,166,54,227
Potter,323 CITY,PROPOSITION E,,Under Votes,,1,38,13,52
Potter,323 CITY,PROPOSITION E,,Over Votes,,0,0,0,0
Potter,324 CITY,Registered Voters,,,,,,,3588
Potter,324 CITY,Ballots Cast,,,,,,,2701
Potter,324 CITY,President,,Donald J. Trump,REP,72,1765,215,2052
Potter,324 CITY,President,,Kamala D. Harris,DEM,44,464,88,596
Potter,324 CITY,President,,Chase Oliver,LIB,2,14,3,19
Potter,324 CITY,President,,Jill Stein,GRN,0,7,1,8
Potter,324 CITY,President,,CHERUNDA FOX/HARLAND MCVAY (W),,0,0,0,0
Potter,324 CITY,President,,CLAUDIA DE LA CRUZ/KARINA GARCIA (W),,0,0,0,0
Potter,324 CITY,President,,CORNEL WEST/MELINA ABDULLAH (W),,0,0,0,0
Potter,324 CITY,President,,JESSIE CUELLAR/WESLEY LASLEY (W),,0,0,0,0
Potter,324 CITY,President,,PETER SONSKI/LAUREN ONAK (W),,0,0,0,0
Potter,324 CITY,President,,SHIVA AYYADURAI/CRYSTAL ELLIS (W),,0,0,0,0
Potter,324 CITY,President,,Under Votes,,2,21,3,26
Potter,324 CITY,President,,Over Votes,,0,0,0,0
Potter,324 CITY,U.S. Senate,,Ted Cruz,REP,74,1753,204,2031
Potter,324 CITY,U.S. Senate,,Colin Allred,DEM,43,471,88,602
Potter,324 CITY,U.S. Senate,,Ted Brown,LIB,2,33,16,51
Potter,324 CITY,U.S. Senate,,ANALISA ROCHE (W),,0,0,0,0
Potter,324 CITY,U.S. Senate,,TRACY ANDRUS (W),,0,0,0,0
Potter,324 CITY,U.S. Senate,,Under Votes,,1,14,2,17
Potter,324 CITY,U.S. Senate,,Over Votes,,0,0,0,0
Potter,324 CITY,U.S. House,13,Ronny Jackson,REP,88,1894,264,2246
Potter,324 CITY,U.S. House,13,Under Votes,,32,377,46,455
Potter,324 CITY,U.S. House,13,Over Votes,,0,0,0,0
Potter,324 CITY,Railroad Commissioner,,Christi Craddick,REP,79,1751,204,2034
Potter,324 CITY,Railroad Commissioner,,Katherine Culbert,DEM,35,374,66,475
Potter,324 CITY,Railroad Commissioner,,Hawk Dunlap,LIB,0,45,13,58
Potter,324 CITY,Railroad Commissioner,,Eddie Espinoza,GRN,0,19,12,31
Potter,324 CITY,Railroad Commissioner,,RICHARD MCKIBBIN (W),,0,0,0,0
Potter,324 CITY,Railroad Commissioner,,Under Votes,,6,82,15,103
Potter,324 CITY,Railroad Commissioner,,Over Votes,,0,0,0,0
Potter,324 CITY,"Justice, Supreme Court, Place 2",,Jimmy Blacklock,REP,78,1789,220,2087
Potter,324 CITY,"Justice, Supreme Court, Place 2",,DaSean Jones,DEM,36,427,77,540
Potter,324 CITY,"Justice, Supreme Court, Place 2",,Under Votes,,6,55,13,74
Potter,324 CITY,"Justice, Supreme Court, Place 2",,Over Votes,,0,0,0,0
Potter,324 CITY,"Justice, Supreme Court, Place 4",,John Devine,REP,76,1777,212,2065
Potter,324 CITY,"Justice, Supreme Court, Place 4",,Christine Vinh Weems,DEM,37,435,86,558
Potter,324 CITY,"Justice, Supreme Court, Place 4",,Under Votes,,7,59,12,78
Potter,324 CITY,"Justice, Supreme Court, Place 4",,Over Votes,,0,0,0,0
Potter,324 CITY,"Justice, Supreme Court, Place 6",,Jane Bland,REP,78,1765,209,2052
Potter,324 CITY,"Justice, Supreme Court, Place 6",,Bonnie Lee Goldstein,DEM,37,400,72,509
Potter,324 CITY,"Justice, Supreme Court, Place 6",,J. David Roberson,LIB,0,46,15,61
Potter,324 CITY,"Justice, Supreme Court, Place 6",,Under Votes,,5,60,14,79
Potter,324 CITY,"Justice, Supreme Court, Place 6",,Over Votes,,0,0,0,0
Potter,324 CITY,"Presiding Judge, Court of Criminal Appeals",,David J. Schenck,REP,76,1782,215,2073
Potter,324 CITY,"Presiding Judge, Court of Criminal Appeals",,Holly Taylor,DEM,38,423,83,544
Potter,324 CITY,"Presiding Judge, Court of Criminal Appeals",,Under Votes,,6,66,12,84
Potter,324 CITY,"Presiding Judge, Court of Criminal Appeals",,Over Votes,,0,0,0,0
Potter,324 CITY,"Judge, Court of Criminal Appeals, Place 7",,Gina Parker,REP,80,1787,222,2089
Potter,324 CITY,"Judge, Court of Criminal Appeals, Place 7",,Nancy Mulder,DEM,33,409,77,519
Potter,324 CITY,"Judge, Court of Criminal Appeals, Place 7",,Under Votes,,7,75,11,93
Potter,324 CITY,"Judge, Court of Criminal Appeals, Place 7",,Over Votes,,0,0,0,0
Potter,324 CITY,"Judge, Court of Criminal Appeals, Place 8",,Lee Finley,REP,80,1800,219,2099
Potter,324 CITY,"Judge, Court of Criminal Appeals, Place 8",,Chika Anyiam,DEM,33,397,79,509
Potter,324 CITY,"Judge, Court of Criminal Appeals, Place 8",,Under Votes,,7,74,12,93
Potter,324 CITY,"Judge, Court of Criminal Appeals, Place 8",,Over Votes,,0,0,0,0
Potter,324 CITY,"Member, State Board of Education, District 15",,Aaron Kinsey,REP,77,1730,198,2005
Potter,324 CITY,"Member, State Board of Education, District 15",,Morgan Kirkpatrick,DEM,37,416,79,532
Potter,324 CITY,"Member, State Board of Education, District 15",,Jack B. Westbrook,LIB,0,56,21,77
Potter,324 CITY,"Member, State Board of Education, District 15",,Under Votes,,6,69,12,87
Potter,324 CITY,"Member, State Board of Education, District 15",,Over Votes,,0,0,0,0
Potter,324 CITY,State Representative,87,Caroline Fairly,REP,75,1750,207,2032
Potter,324 CITY,State Representative,87,Timothy W. Gassaway,DEM,38,435,88,561
Potter,324 CITY,State Representative,87,JEFFREY MCGUNEGLE (W),,0,0,0,0
Potter,324 CITY,State Representative,87,Under Votes,,7,86,15,108
Potter,324 CITY,State Representative,87,Over Votes,,0,0,0,0
Potter,324 CITY,"Justice, 7th Court of Appeals District, Place 2",,Judy Parker,REP,90,1912,257,2259
Potter,324 CITY,"Justice, 7th Court of Appeals District, Place 2",,Under Votes,,30,359,53,442
Potter,324 CITY,"Justice, 7th Court of Appeals District, Place 2",,Over Votes,,0,0,0,0
Potter,324 CITY,"Justice, 7th Court of Appeals District, Place 3",,Alex Yarbrough,REP,87,1896,255,2238
Potter,324 CITY,"Justice, 7th Court of Appeals District, Place 3",,Under Votes,,33,375,55,463
Potter,324 CITY,"Justice, 7th Court of Appeals District, Place 3",,Over Votes,,0,0,0,0
Potter,324 CITY,"District Judge, 108th Judicial District",,Tim Pirtle,REP,88,1931,256,2275
Potter,324 CITY,"District Judge, 108th Judicial District",,Under Votes,,32,340,54,426
Potter,324 CITY,"District Judge, 108th Judicial District",,Over Votes,,0,0,0,0
Potter,324 CITY,"District Attorney, 47th Judicial District",,Jason E. Herring,REP,86,1900,254,2240
Potter,324 CITY,"District Attorney, 47th Judicial District",,Under Votes,,34,371,56,461
Potter,324 CITY,"District Attorney, 47th Judicial District",,Over Votes,,0,0,0,0
Potter,324 CITY,County Attorney,,Scott Brumley,REP,86,1911,254,2251
Potter,324 CITY,County Attorney,,Under Votes,,34,360,56,450
Potter,324 CITY,County Attorney,,Over Votes,,0,0,0,0
Potter,324 CITY,Sheriff,,Brian Thomas,REP,83,1946,258,2287
Potter,324 CITY,Sheriff,,Under Votes,,37,325,52,414
Potter,324 CITY,Sheriff,,Over Votes,,0,0,0,0
Potter,324 CITY,County Tax Assessor-Collector,,Thomas Warren III,REP,82,1872,255,2209
Potter,324 CITY,County Tax Assessor-Collector,,Under Votes,,38,399,55,492
Potter,324 CITY,County Tax Assessor-Collector,,Over Votes,,0,0,0,0
Potter,324 CITY,"County Commissioner, Precinct 3",,John Coffee,REP,90,1907,258,2255
Potter,324 CITY,"County Commissioner, Precinct 3",,Under Votes,,30,364,52,446
Potter,324 CITY,"County Commissioner, Precinct 3",,Over Votes,,0,0,0,0
Potter,324 CITY,"Constable, Precinct 3",,Dennis Green,REP,85,1891,257,2233
Potter,324 CITY,"Constable, Precinct 3",,Under Votes,,35,380,53,468
Potter,324 CITY,"Constable, Precinct 3",,Over Votes,,0,0,0,0
Potter,324 CITY,PROPOSITION A,,For,,39,843,110,992
Potter,324 CITY,PROPOSITION A,,Against,,66,1349,191,1606
Potter,324 CITY,PROPOSITION A,,Under Votes,,15,79,9,103
Potter,324 CITY,PROPOSITION A,,Over Votes,,0,0,0,0
Potter,324 CITY,PROPOSITION B,,For,,76,912,149,1137
Potter,324 CITY,PROPOSITION B,,Against,,28,1239,132,1399
Potter,324 CITY,PROPOSITION B,,Under Votes,,16,120,29,165
Potter,324 CITY,PROPOSITION B,,Over Votes,,0,0,0,0
Potter,324 CITY,PROPOSITION C,,For,,55,888,98,1041
Potter,324 CITY,PROPOSITION C,,Against,,53,1262,190,1505
Potter,324 CITY,PROPOSITION C,,Under Votes,,12,121,22,155
Potter,324 CITY,PROPOSITION C,,Over Votes,,0,0,0,0
Potter,324 CITY,PROPOSITION D,,For,,63,977,139,1179
Potter,324 CITY,PROPOSITION D,,Against,,41,1077,136,1254
Potter,324 CITY,PROPOSITION D,,Under Votes,,16,217,35,268
Potter,324 CITY,PROPOSITION D,,Over Votes,,0,0,0,0
Potter,324 CITY,PROPOSITION E,,For,,65,1128,169,1362
Potter,324 CITY,PROPOSITION E,,Against,,36,907,102,1045
Potter,324 CITY,PROPOSITION E,,Under Votes,,19,236,39,294
Potter,324 CITY,PROPOSITION E,,Over Votes,,0,0,0,0
Potter,325 CITY,Registered Voters,,,,,,,2615
Potter,325 CITY,Ballots Cast,,,,,,,1625
Potter,325 CITY,President,,Donald J. Trump,REP,76,899,198,1173
Potter,325 CITY,President,,Kamala D. Harris,DEM,28,336,59,423
Potter,325 CITY,President,,Chase Oliver,LIB,0,7,5,12
Potter,325 CITY,President,,Jill Stein,GRN,1,8,1,10
Potter,325 CITY,President,,CHERUNDA FOX/HARLAND MCVAY (W),,0,0,0,0
Potter,325 CITY,President,,CLAUDIA DE LA CRUZ/KARINA GARCIA (W),,0,0,0,0
Potter,325 CITY,President,,CORNEL WEST/MELINA ABDULLAH (W),,0,0,1,1
Potter,325 CITY,President,,JESSIE CUELLAR/WESLEY LASLEY (W),,0,0,0,0
Potter,325 CITY,President,,PETER SONSKI/LAUREN ONAK (W),,0,0,0,0
Potter,325 CITY,President,,SHIVA AYYADURAI/CRYSTAL ELLIS (W),,0,0,0,0
Potter,325 CITY,President,,Under Votes,,0,5,1,6
Potter,325 CITY,President,,Over Votes,,0,0,0,0
Potter,325 CITY,U.S. Senate,,Ted Cruz,REP,78,878,181,1137
Potter,325 CITY,U.S. Senate,,Colin Allred,DEM,25,339,67,431
Potter,325 CITY,U.S. Senate,,Ted Brown,LIB,2,29,10,41
Potter,325 CITY,U.S. Senate,,ANALISA ROCHE (W),,0,0,0,0
Potter,325 CITY,U.S. Senate,,TRACY ANDRUS (W),,0,0,0,0
Potter,325 CITY,U.S. Senate,,Under Votes,,0,9,7,16
Potter,325 CITY,U.S. Senate,,Over Votes,,0,0,0,0
Potter,325 CITY,U.S. House,13,Ronny Jackson,REP,83,984,216,1283
Potter,325 CITY,U.S. House,13,Under Votes,,22,271,49,342
Potter,325 CITY,U.S. House,13,Over Votes,,0,0,0,0
Potter,325 CITY,Railroad Commissioner,,Christi Craddick,REP,78,872,183,1133
Potter,325 CITY,Railroad Commissioner,,Katherine Culbert,DEM,21,275,45,341
Potter,325 CITY,Railroad Commissioner,,Hawk Dunlap,LIB,1,40,12,53
Potter,325 CITY,Railroad Commissioner,,Eddie Espinoza,GRN,1,21,5,27
Potter,325 CITY,Railroad Commissioner,,RICHARD MCKIBBIN (W),,0,0,0,0
Potter,325 CITY,Railroad Commissioner,,Under Votes,,4,47,20,71
Potter,325 CITY,Railroad Commissioner,,Over Votes,,0,0,0,0
Potter,325 CITY,"Justice, Supreme Court, Place 2",,Jimmy Blacklock,REP,79,898,192,1169
Potter,325 CITY,"Justice, Supreme Court, Place 2",,DaSean Jones,DEM,23,312,53,388
Potter,325 CITY,"Justice, Supreme Court, Place 2",,Under Votes,,3,45,20,68
Potter,325 CITY,"Justice, Supreme Court, Place 2",,Over Votes,,0,0,0,0
Potter,325 CITY,"Justice, Supreme Court, Place 4",,John Devine,REP,76,890,189,1155
Potter,325 CITY,"Justice, Supreme Court, Place 4",,Christine Vinh Weems,DEM,26,324,57,407
Potter,325 CITY,"Justice, Supreme Court, Place 4",,Under Votes,,3,41,19,63
Potter,325 CITY,"Justice, Supreme Court, Place 4",,Over Votes,,0,0,0,0
Potter,325 CITY,"Justice, Supreme Court, Place 6",,Jane Bland,REP,78,868,179,1125
Potter,325 CITY,"Justice, Supreme Court, Place 6",,Bonnie Lee Goldstein,DEM,23,298,47,368
Potter,325 CITY,"Justice, Supreme Court, Place 6",,J. David Roberson,LIB,1,47,17,65
Potter,325 CITY,"Justice, Supreme Court, Place 6",,Under Votes,,3,42,22,67
Potter,325 CITY,"Justice, Supreme Court, Place 6",,Over Votes,,0,0,0,0
Potter,325 CITY,"Presiding Judge, Court of Criminal Appeals",,David J. Schenck,REP,75,898,186,1159
Potter,325 CITY,"Presiding Judge, Court of Criminal Appeals",,Holly Taylor,DEM,27,318,59,404
Potter,325 CITY,"Presiding Judge, Court of Criminal Appeals",,Under Votes,,3,39,20,62
Potter,325 CITY,"Presiding Judge, Court of Criminal Appeals",,Over Votes,,0,0,0,0
Potter,325 CITY,"Judge, Court of Criminal Appeals, Place 7",,Gina Parker,REP,76,900,193,1169
Potter,325 CITY,"Judge, Court of Criminal Appeals, Place 7",,Nancy Mulder,DEM,25,311,53,389
Potter,325 CITY,"Judge, Court of Criminal Appeals, Place 7",,Under Votes,,4,44,19,67
Potter,325 CITY,"Judge, Court of Criminal Appeals, Place 7",,Over Votes,,0,0,0,0
Potter,325 CITY,"Judge, Court of Criminal Appeals, Place 8",,Lee Finley,REP,77,901,193,1171
Potter,325 CITY,"Judge, Court of Criminal Appeals, Place 8",,Chika Anyiam,DEM,24,305,52,381
Potter,325 CITY,"Judge, Court of Criminal Appeals, Place 8",,Under Votes,,4,49,20,73
Potter,325 CITY,"Judge, Court of Criminal Appeals, Place 8",,Over Votes,,0,0,0,0
Potter,325 CITY,"Member, State Board of Education, District 15",,Aaron Kinsey,REP,75,860,176,1111
Potter,325 CITY,"Member, State Board of Education, District 15",,Morgan Kirkpatrick,DEM,27,308,53,388
Potter,325 CITY,"Member, State Board of Education, District 15",,Jack B. Westbrook,LIB,0,35,15,50
Potter,325 CITY,"Member, State Board of Education, District 15",,Under Votes,,3,52,21,76
Potter,325 CITY,"Member, State Board of Education, District 15",,Over Votes,,0,0,0,0
Potter,325 CITY,State Representative,87,Caroline Fairly,REP,77,856,191,1124
Potter,325 CITY,State Representative,87,Timothy W. Gassaway,DEM,26,321,56,403
Potter,325 CITY,State Representative,87,JEFFREY MCGUNEGLE (W),,0,0,0,0
Potter,325 CITY,State Representative,87,Under Votes,,2,78,18,98
Potter,325 CITY,State Representative,87,Over Votes,,0,0,0,0
Potter,325 CITY,"Justice, 7th Court of Appeals District, Place 2",,Judy Parker,REP,85,979,213,1277
Potter,325 CITY,"Justice, 7th Court of Appeals District, Place 2",,Under Votes,,20,276,52,348
Potter,325 CITY,"Justice, 7th Court of Appeals District, Place 2",,Over Votes,,0,0,0,0
Potter,325 CITY,"Justice, 7th Court of Appeals District, Place 3",,Alex Yarbrough,REP,84,974,209,1267
Potter,325 CITY,"Justice, 7th Court of Appeals District, Place 3",,Under Votes,,21,281,56,358
Potter,325 CITY,"Justice, 7th Court of Appeals District, Place 3",,Over Votes,,0,0,0,0
Potter,325 CITY,"District Judge, 108th Judicial District",,Tim Pirtle,REP,85,997,211,1293
Potter,325 CITY,"District Judge, 108th Judicial District",,Under Votes,,20,258,54,332
Potter,325 CITY,"District Judge, 108th Judicial District",,Over Votes,,0,0,0,0
Potter,325 CITY,"District Attorney, 47th Judicial District",,Jason E. Herring,REP,85,968,210,1263
Potter,325 CITY,"District Attorney, 47th Judicial District",,Under Votes,,20,287,55,362
Potter,325 CITY,"District Attorney, 47th Judicial District",,Over Votes,,0,0,0,0
Potter,325 CITY,County Attorney,,Scott Brumley,REP,83,979,211,1273
Potter,325 CITY,County Attorney,,Under Votes,,22,276,54,352
Potter,325 CITY,County Attorney,,Over Votes,,0,0,0,0
Potter,325 CITY,Sheriff,,Brian Thomas,REP,86,994,213,1293
Potter,325 CITY,Sheriff,,Under Votes,,19,261,52,332
Potter,325 CITY,Sheriff,,Over Votes,,0,0,0,0
Potter,325 CITY,County Tax Assessor-Collector,,Thomas Warren III,REP,87,961,206,1254
Potter,325 CITY,County Tax Assessor-Collector,,Under Votes,,18,294,59,371
Potter,325 CITY,County Tax Assessor-Collector,,Over Votes,,0,0,0,0
Potter,325 CITY,"County Commissioner, Precinct 3",,John Coffee,REP,87,970,208,1265
Potter,325 CITY,"County Commissioner, Precinct 3",,Under Votes,,18,285,57,360
Potter,325 CITY,"County Commissioner, Precinct 3",,Over Votes,,0,0,0,0
Potter,325 CITY,"Constable, Precinct 3",,Dennis Green,REP,86,965,206,1257
Potter,325 CITY,"Constable, Precinct 3",,Under Votes,,19,290,59,368
Potter,325 CITY,"Constable, Precinct 3",,Over Votes,,0,0,0,0
Potter,325 CITY,PROPOSITION A,,For,,44,470,102,616
Potter,325 CITY,PROPOSITION A,,Against,,49,732,160,941
Potter,325 CITY,PROPOSITION A,,Under Votes,,12,53,3,68
Potter,325 CITY,PROPOSITION A,,Over Votes,,0,0,0,0
Potter,325 CITY,PROPOSITION B,,For,,71,542,153,766
Potter,325 CITY,PROPOSITION B,,Against,,24,636,100,760
Potter,325 CITY,PROPOSITION B,,Under Votes,,10,77,12,99
Potter,325 CITY,PROPOSITION B,,Over Votes,,0,0,0,0
Potter,325 CITY,PROPOSITION C,,For,,51,422,96,569
Potter,325 CITY,PROPOSITION C,,Against,,44,746,154,944
Potter,325 CITY,PROPOSITION C,,Under Votes,,10,87,15,112
Potter,325 CITY,PROPOSITION C,,Over Votes,,0,0,0,0
Potter,325 CITY,PROPOSITION D,,For,,50,544,126,720
Potter,325 CITY,PROPOSITION D,,Against,,41,587,116,744
Potter,325 CITY,PROPOSITION D,,Under Votes,,14,124,23,161
Potter,325 CITY,PROPOSITION D,,Over Votes,,0,0,0,0
Potter,325 CITY,PROPOSITION E,,For,,67,584,132,783
Potter,325 CITY,PROPOSITION E,,Against,,23,525,105,653
Potter,325 CITY,PROPOSITION E,,Under Votes,,15,146,28,189
Potter,325 CITY,PROPOSITION E,,Over Votes,,0,0,0,0
Potter,326 CITY,Registered Voters,,,,,,,2925
Potter,326 CITY,Ballots Cast,,,,,,,1765
Potter,326 CITY,President,,Donald J. Trump,REP,44,1046,331,1421
Potter,326 CITY,President,,Kamala D. Harris,DEM,16,229,71,316
Potter,326 CITY,President,,Chase Oliver,LIB,0,5,1,6
Potter,326 CITY,President,,Jill Stein,GRN,0,2,5,7
Potter,326 CITY,President,,CHERUNDA FOX/HARLAND MCVAY (W),,0,0,0,0
Potter,326 CITY,President,,CLAUDIA DE LA CRUZ/KARINA GARCIA (W),,0,0,0,0
Potter,326 CITY,President,,CORNEL WEST/MELINA ABDULLAH (W),,0,0,1,1
Potter,326 CITY,President,,JESSIE CUELLAR/WESLEY LASLEY (W),,0,0,0,0
Potter,326 CITY,President,,PETER SONSKI/LAUREN ONAK (W),,0,0,0,0
Potter,326 CITY,President,,SHIVA AYYADURAI/CRYSTAL ELLIS (W),,0,1,0,1
Potter,326 CITY,President,,Under Votes,,2,8,3,13
Potter,326 CITY,President,,Over Votes,,0,0,0,0
Potter,326 CITY,U.S. Senate,,Ted Cruz,REP,46,1030,303,1379
Potter,326 CITY,U.S. Senate,,Colin Allred,DEM,15,225,89,329
Potter,326 CITY,U.S. Senate,,Ted Brown,LIB,0,28,13,41
Potter,326 CITY,U.S. Senate,,ANALISA ROCHE (W),,0,0,0,0
Potter,326 CITY,U.S. Senate,,TRACY ANDRUS (W),,0,0,0,0
Potter,326 CITY,U.S. Senate,,Under Votes,,1,8,7,16
Potter,326 CITY,U.S. Senate,,Over Votes,,0,0,0,0
Potter,326 CITY,U.S. House,13,Ronny Jackson,REP,50,1133,363,1546
Potter,326 CITY,U.S. House,13,Under Votes,,12,158,49,219
Potter,326 CITY,U.S. House,13,Over Votes,,0,0,0,0
Potter,326 CITY,Railroad Commissioner,,Christi Craddick,REP,44,1004,297,1345
Potter,326 CITY,Railroad Commissioner,,Katherine Culbert,DEM,12,199,68,279
Potter,326 CITY,Railroad Commissioner,,Hawk Dunlap,LIB,0,35,17,52
Potter,326 CITY,Railroad Commissioner,,Eddie Espinoza,GRN,0,16,13,29
Potter,326 CITY,Railroad Commissioner,,RICHARD MCKIBBIN (W),,0,0,0,0
Potter,326 CITY,Railroad Commissioner,,Under Votes,,6,37,17,60
Potter,326 CITY,Railroad Commissioner,,Over Votes,,0,0,0,0
Potter,326 CITY,"Justice, Supreme Court, Place 2",,Jimmy Blacklock,REP,46,1051,325,1422
Potter,326 CITY,"Justice, Supreme Court, Place 2",,DaSean Jones,DEM,12,212,71,295
Potter,326 CITY,"Justice, Supreme Court, Place 2",,Under Votes,,4,28,16,48
Potter,326 CITY,"Justice, Supreme Court, Place 2",,Over Votes,,0,0,0,0
Potter,326 CITY,"Justice, Supreme Court, Place 4",,John Devine,REP,44,1033,316,1393
Potter,326 CITY,"Justice, Supreme Court, Place 4",,Christine Vinh Weems,DEM,14,225,78,317
Potter,326 CITY,"Justice, Supreme Court, Place 4",,Under Votes,,4,33,18,55
Potter,326 CITY,"Justice, Supreme Court, Place 4",,Over Votes,,0,0,0,0
Potter,326 CITY,"Justice, Supreme Court, Place 6",,Jane Bland,REP,44,1007,304,1355
Potter,326 CITY,"Justice, Supreme Court, Place 6",,Bonnie Lee Goldstein,DEM,13,207,71,291
Potter,326 CITY,"Justice, Supreme Court, Place 6",,J. David Roberson,LIB,0,43,19,62
Potter,326 CITY,"Justice, Supreme Court, Place 6",,Under Votes,,5,34,18,57
Potter,326 CITY,"Justice, Supreme Court, Place 6",,Over Votes,,0,0,0,0
Potter,326 CITY,"Presiding Judge, Court of Criminal Appeals",,David J. Schenck,REP,45,1028,317,1390
Potter,326 CITY,"Presiding Judge, Court of Criminal Appeals",,Holly Taylor,DEM,13,226,75,314
Potter,326 CITY,"Presiding Judge, Court of Criminal Appeals",,Under Votes,,4,37,20,61
Potter,326 CITY,"Presiding Judge, Court of Criminal Appeals",,Over Votes,,0,0,0,0
Potter,326 CITY,"Judge, Court of Criminal Appeals, Place 7",,Gina Parker,REP,46,1032,320,1398
Potter,326 CITY,"Judge, Court of Criminal Appeals, Place 7",,Nancy Mulder,DEM,12,219,72,303
Potter,326 CITY,"Judge, Court of Criminal Appeals, Place 7",,Under Votes,,4,40,20,64
Potter,326 CITY,"Judge, Court of Criminal Appeals, Place 7",,Over Votes,,0,0,0,0
Potter,326 CITY,"Judge, Court of Criminal Appeals, Place 8",,Lee Finley,REP,44,1040,318,1402
Potter,326 CITY,"Judge, Court of Criminal Appeals, Place 8",,Chika Anyiam,DEM,14,209,71,294
Potter,326 CITY,"Judge, Court of Criminal Appeals, Place 8",,Under Votes,,4,42,23,69
Potter,326 CITY,"Judge, Court of Criminal Appeals, Place 8",,Over Votes,,0,0,0,0
Potter,326 CITY,"Member, State Board of Education, District 15",,Aaron Kinsey,REP,44,993,296,1333
Potter,326 CITY,"Member, State Board of Education, District 15",,Morgan Kirkpatrick,DEM,13,202,76,291
Potter,326 CITY,"Member, State Board of Education, District 15",,Jack B. Westbrook,LIB,1,55,18,74
Potter,326 CITY,"Member, State Board of Education, District 15",,Under Votes,,4,41,22,67
Potter,326 CITY,"Member, State Board of Education, District 15",,Over Votes,,0,0,0,0
Potter,326 CITY,State Representative,87,Caroline Fairly,REP,43,1019,315,1377
Potter,326 CITY,State Representative,87,Timothy W. Gassaway,DEM,13,222,80,315
Potter,326 CITY,State Representative,87,JEFFREY MCGUNEGLE (W),,0,0,0,0
Potter,326 CITY,State Representative,87,Under Votes,,6,50,17,73
Potter,326 CITY,State Representative,87,Over Votes,,0,0,0,0
Potter,326 CITY,"Justice, 7th Court of Appeals District, Place 2",,Judy Parker,REP,50,1120,356,1526
Potter,326 CITY,"Justice, 7th Court of Appeals District, Place 2",,Under Votes,,12,171,56,239
Potter,326 CITY,"Justice, 7th Court of Appeals District, Place 2",,Over Votes,,0,0,0,0
Potter,326 CITY,"Justice, 7th Court of Appeals District, Place 3",,Alex Yarbrough,REP,49,1110,349,1508
Potter,326 CITY,"Justice, 7th Court of Appeals District, Place 3",,Under Votes,,13,181,63,257
Potter,326 CITY,"Justice, 7th Court of Appeals District, Place 3",,Over Votes,,0,0,0,0
Potter,326 CITY,"District Judge, 108th Judicial District",,Tim Pirtle,REP,50,1114,356,1520
Potter,326 CITY,"District Judge, 108th Judicial District",,Under Votes,,12,177,56,245
Potter,326 CITY,"District Judge, 108th Judicial District",,Over Votes,,0,0,0,0
Potter,326 CITY,"District Attorney, 47th Judicial District",,Jason E. Herring,REP,50,1101,354,1505
Potter,326 CITY,"District Attorney, 47th Judicial District",,Under Votes,,12,190,58,260
Potter,326 CITY,"District Attorney, 47th Judicial District",,Over Votes,,0,0,0,0
Potter,326 CITY,County Attorney,,Scott Brumley,REP,50,1115,352,1517
Potter,326 CITY,County Attorney,,Under Votes,,12,176,60,248
Potter,326 CITY,County Attorney,,Over Votes,,0,0,0,0
Potter,326 CITY,Sheriff,,Brian Thomas,REP,51,1139,359,1549
Potter,326 CITY,Sheriff,,Under Votes,,11,152,53,216
Potter,326 CITY,Sheriff,,Over Votes,,0,0,0,0
Potter,326 CITY,County Tax Assessor-Collector,,Thomas Warren III,REP,50,1109,348,1507
Potter,326 CITY,County Tax Assessor-Collector,,Under Votes,,12,182,64,258
Potter,326 CITY,County Tax Assessor-Collector,,Over Votes,,0,0,0,0
Potter,326 CITY,"County Commissioner, Precinct 3",,John Coffee,REP,51,1100,348,1499
Potter,326 CITY,"County Commissioner, Precinct 3",,Under Votes,,11,191,64,266
Potter,326 CITY,"County Commissioner, Precinct 3",,Over Votes,,0,0,0,0
Potter,326 CITY,"Constable, Precinct 3",,Dennis Green,REP,49,1098,348,1495
Potter,326 CITY,"Constable, Precinct 3",,Under Votes,,13,193,64,270
Potter,326 CITY,"Constable, Precinct 3",,Over Votes,,0,0,0,0
Potter,326 CITY,PROPOSITION A,,For,,25,579,174,778
Potter,326 CITY,PROPOSITION A,,Against,,34,665,225,924
Potter,326 CITY,PROPOSITION A,,Under Votes,,3,47,13,63
Potter,326 CITY,PROPOSITION A,,Over Votes,,0,0,0,0
Potter,326 CITY,PROPOSITION B,,For,,43,516,214,773
Potter,326 CITY,PROPOSITION B,,Against,,16,701,166,883
Potter,326 CITY,PROPOSITION B,,Under Votes,,3,74,32,109
Potter,326 CITY,PROPOSITION B,,Over Votes,,0,0,0,0
Potter,326 CITY,PROPOSITION C,,For,,27,427,150,604
Potter,326 CITY,PROPOSITION C,,Against,,32,802,230,1064
Potter,326 CITY,PROPOSITION C,,Under Votes,,3,62,32,97
Potter,326 CITY,PROPOSITION C,,Over Votes,,0,0,0,0
Potter,326 CITY,PROPOSITION D,,For,,38,595,179,812
Potter,326 CITY,PROPOSITION D,,Against,,18,585,187,790
Potter,326 CITY,PROPOSITION D,,Under Votes,,6,111,46,163
Potter,326 CITY,PROPOSITION D,,Over Votes,,0,0,0,0
Potter,326 CITY,PROPOSITION E,,For,,40,595,197,832
Potter,326 CITY,PROPOSITION E,,Against,,17,573,164,754
Potter,326 CITY,PROPOSITION E,,Under Votes,,5,123,51,179
Potter,326 CITY,PROPOSITION E,,Over Votes,,0,0,0,0
Potter,327 CITY,Registered Voters,,,,,,,962
Potter,327 CITY,Ballots Cast,,,,,,,527
Potter,327 CITY,President,,Donald J. Trump,REP,2,229,172,403
Potter,327 CITY,President,,Kamala D. Harris,DEM,6,63,40,109
Potter,327 CITY,President,,Chase Oliver,LIB,0,7,3,10
Potter,327 CITY,President,,Jill Stein,GRN,0,0,1,1
Potter,327 CITY,President,,CHERUNDA FOX/HARLAND MCVAY (W),,0,0,0,0
Potter,327 CITY,President,,CLAUDIA DE LA CRUZ/KARINA GARCIA (W),,0,0,0,0
Potter,327 CITY,President,,CORNEL WEST/MELINA ABDULLAH (W),,0,0,0,0
Potter,327 CITY,President,,JESSIE CUELLAR/WESLEY LASLEY (W),,0,0,0,0
Potter,327 CITY,President,,PETER SONSKI/LAUREN ONAK (W),,0,0,0,0
Potter,327 CITY,President,,SHIVA AYYADURAI/CRYSTAL ELLIS (W),,0,0,0,0
Potter,327 CITY,President,,Under Votes,,1,1,2,4
Potter,327 CITY,President,,Over Votes,,0,0,0,0
Potter,327 CITY,U.S. Senate,,Ted Cruz,REP,3,217,149,369
Potter,327 CITY,U.S. Senate,,Colin Allred,DEM,6,73,54,133
Potter,327 CITY,U.S. Senate,,Ted Brown,LIB,0,6,9,15
Potter,327 CITY,U.S. Senate,,ANALISA ROCHE (W),,0,0,0,0
Potter,327 CITY,U.S. Senate,,TRACY ANDRUS (W),,0,0,0,0
Potter,327 CITY,U.S. Senate,,Under Votes,,0,4,6,10
Potter,327 CITY,U.S. Senate,,Over Votes,,0,0,0,0
Potter,327 CITY,U.S. House,13,Ronny Jackson,REP,3,262,186,451
Potter,327 CITY,U.S. House,13,Under Votes,,6,38,32,76
Potter,327 CITY,U.S. House,13,Over Votes,,0,0,0,0
Potter,327 CITY,Railroad Commissioner,,Christi Craddick,REP,3,220,150,373
Potter,327 CITY,Railroad Commissioner,,Katherine Culbert,DEM,5,54,36,95
Potter,327 CITY,Railroad Commissioner,,Hawk Dunlap,LIB,0,11,11,22
Potter,327 CITY,Railroad Commissioner,,Eddie Espinoza,GRN,0,7,4,11
Potter,327 CITY,Railroad Commissioner,,RICHARD MCKIBBIN (W),,0,0,0,0
Potter,327 CITY,Railroad Commissioner,,Under Votes,,1,8,17,26
Potter,327 CITY,Railroad Commissioner,,Over Votes,,0,0,0,0
Potter,327 CITY,"Justice, Supreme Court, Place 2",,Jimmy Blacklock,REP,3,232,161,396
Potter,327 CITY,"Justice, Supreme Court, Place 2",,DaSean Jones,DEM,5,61,42,108
Potter,327 CITY,"Justice, Supreme Court, Place 2",,Under Votes,,1,7,15,23
Potter,327 CITY,"Justice, Supreme Court, Place 2",,Over Votes,,0,0,0,0
Potter,327 CITY,"Justice, Supreme Court, Place 4",,John Devine,REP,3,230,160,393
Potter,327 CITY,"Justice, Supreme Court, Place 4",,Christine Vinh Weems,DEM,5,63,44,112
Potter,327 CITY,"Justice, Supreme Court, Place 4",,Under Votes,,1,7,14,22
Potter,327 CITY,"Justice, Supreme Court, Place 4",,Over Votes,,0,0,0,0
Potter,327 CITY,"Justice, Supreme Court, Place 6",,Jane Bland,REP,3,225,148,376
Potter,327 CITY,"Justice, Supreme Court, Place 6",,Bonnie Lee Goldstein,DEM,5,52,39,96
Potter,327 CITY,"Justice, Supreme Court, Place 6",,J. David Roberson,LIB,0,16,17,33
Potter,327 CITY,"Justice, Supreme Court, Place 6",,Under Votes,,1,7,14,22
Potter,327 CITY,"Justice, Supreme Court, Place 6",,Over Votes,,0,0,0,0
Potter,327 CITY,"Presiding Judge, Court of Criminal Appeals",,David J. Schenck,REP,2,227,158,387
Potter,327 CITY,"Presiding Judge, Court of Criminal Appeals",,Holly Taylor,DEM,5,65,44,114
Potter,327 CITY,"Presiding Judge, Court of Criminal Appeals",,Under Votes,,2,8,16,26
Potter,327 CITY,"Presiding Judge, Court of Criminal Appeals",,Over Votes,,0,0,0,0
Potter,327 CITY,"Judge, Court of Criminal Appeals, Place 7",,Gina Parker,REP,2,236,160,398
Potter,327 CITY,"Judge, Court of Criminal Appeals, Place 7",,Nancy Mulder,DEM,5,55,43,103
Potter,327 CITY,"Judge, Court of Criminal Appeals, Place 7",,Under Votes,,2,9,15,26
Potter,327 CITY,"Judge, Court of Criminal Appeals, Place 7",,Over Votes,,0,0,0,0
Potter,327 CITY,"Judge, Court of Criminal Appeals, Place 8",,Lee Finley,REP,2,228,158,388
Potter,327 CITY,"Judge, Court of Criminal Appeals, Place 8",,Chika Anyiam,DEM,5,62,43,110
Potter,327 CITY,"Judge, Court of Criminal Appeals, Place 8",,Under Votes,,2,10,17,29
Potter,327 CITY,"Judge, Court of Criminal Appeals, Place 8",,Over Votes,,0,0,0,0
Potter,327 CITY,"Member, State Board of Education, District 15",,Aaron Kinsey,REP,3,215,143,361
Potter,327 CITY,"Member, State Board of Education, District 15",,Morgan Kirkpatrick,DEM,5,62,41,108
Potter,327 CITY,"Member, State Board of Education, District 15",,Jack B. Westbrook,LIB,0,13,16,29
Potter,327 CITY,"Member, State Board of Education, District 15",,Under Votes,,1,10,18,29
Potter,327 CITY,"Member, State Board of Education, District 15",,Over Votes,,0,0,0,0
Potter,327 CITY,State Representative,87,Caroline Fairly,REP,3,220,153,376
Potter,327 CITY,State Representative,87,Timothy W. Gassaway,DEM,5,61,47,113
Potter,327 CITY,State Representative,87,JEFFREY MCGUNEGLE (W),,0,0,0,0
Potter,327 CITY,State Representative,87,Under Votes,,1,19,18,38
Potter,327 CITY,State Representative,87,Over Votes,,0,0,0,0
Potter,327 CITY,"Justice, 7th Court of Appeals District, Place 2",,Judy Parker,REP,3,256,181,440
Potter,327 CITY,"Justice, 7th Court of Appeals District, Place 2",,Under Votes,,6,44,37,87
Potter,327 CITY,"Justice, 7th Court of Appeals District, Place 2",,Over Votes,,0,0,0,0
Potter,327 CITY,"Justice, 7th Court of Appeals District, Place 3",,Alex Yarbrough,REP,3,254,179,436
Potter,327 CITY,"Justice, 7th Court of Appeals District, Place 3",,Under Votes,,6,46,39,91
Potter,327 CITY,"Justice, 7th Court of Appeals District, Place 3",,Over Votes,,0,0,0,0
Potter,327 CITY,"District Judge, 108th Judicial District",,Tim Pirtle,REP,3,255,181,439
Potter,327 CITY,"District Judge, 108th Judicial District",,Under Votes,,6,45,37,88
Potter,327 CITY,"District Judge, 108th Judicial District",,Over Votes,,0,0,0,0
Potter,327 CITY,"District Attorney, 47th Judicial District",,Jason E. Herring,REP,3,255,180,438
Potter,327 CITY,"District Attorney, 47th Judicial District",,Under Votes,,6,45,38,89
Potter,327 CITY,"District Attorney, 47th Judicial District",,Over Votes,,0,0,0,0
Potter,327 CITY,County Attorney,,Scott Brumley,REP,3,253,179,435
Potter,327 CITY,County Attorney,,Under Votes,,6,47,39,92
Potter,327 CITY,County Attorney,,Over Votes,,0,0,0,0
Potter,327 CITY,Sheriff,,Brian Thomas,REP,3,262,185,450
Potter,327 CITY,Sheriff,,Under Votes,,6,38,33,77
Potter,327 CITY,Sheriff,,Over Votes,,0,0,0,0
Potter,327 CITY,County Tax Assessor-Collector,,Thomas Warren III,REP,3,254,180,437
Potter,327 CITY,County Tax Assessor-Collector,,Under Votes,,6,46,38,90
Potter,327 CITY,County Tax Assessor-Collector,,Over Votes,,0,0,0,0
Potter,327 CITY,"County Commissioner, Precinct 3",,John Coffee,REP,3,256,178,437
Potter,327 CITY,"County Commissioner, Precinct 3",,Under Votes,,6,44,40,90
Potter,327 CITY,"County Commissioner, Precinct 3",,Over Votes,,0,0,0,0
Potter,327 CITY,"Constable, Precinct 3",,Dennis Green,REP,3,254,178,435
Potter,327 CITY,"Constable, Precinct 3",,Under Votes,,6,46,40,92
Potter,327 CITY,"Constable, Precinct 3",,Over Votes,,0,0,0,0
Potter,327 CITY,PROPOSITION A,,For,,3,132,85,220
Potter,327 CITY,PROPOSITION A,,Against,,6,158,127,291
Potter,327 CITY,PROPOSITION A,,Under Votes,,0,10,6,16
Potter,327 CITY,PROPOSITION A,,Over Votes,,0,0,0,0
Potter,327 CITY,PROPOSITION B,,For,,5,170,127,302
Potter,327 CITY,PROPOSITION B,,Against,,3,109,77,189
Potter,327 CITY,PROPOSITION B,,Under Votes,,1,21,14,36
Potter,327 CITY,PROPOSITION B,,Over Votes,,0,0,0,0
Potter,327 CITY,PROPOSITION C,,For,,4,108,78,190
Potter,327 CITY,PROPOSITION C,,Against,,5,173,122,300
Potter,327 CITY,PROPOSITION C,,Under Votes,,0,19,18,37
Potter,327 CITY,PROPOSITION C,,Over Votes,,0,0,0,0
Potter,327 CITY,PROPOSITION D,,For,,3,137,93,233
Potter,327 CITY,PROPOSITION D,,Against,,5,131,99,235
Potter,327 CITY,PROPOSITION D,,Under Votes,,1,32,26,59
Potter,327 CITY,PROPOSITION D,,Over Votes,,0,0,0,0
Potter,327 CITY,PROPOSITION E,,For,,3,169,105,277
Potter,327 CITY,PROPOSITION E,,Against,,5,97,86,188
Potter,327 CITY,PROPOSITION E,,Under Votes,,1,34,27,62
Potter,327 CITY,PROPOSITION E,,Over Votes,,0,0,0,0
Potter,421 CITY,Registered Voters,,,,,,,1658
Potter,421 CITY,Ballots Cast,,,,,,,497
Potter,421 CITY,President,,Donald J. Trump,REP,1,170,106,277
Potter,421 CITY,President,,Kamala D. Harris,DEM,12,128,72,212
Potter,421 CITY,President,,Chase Oliver,LIB,0,3,2,5
Potter,421 CITY,President,,Jill Stein,GRN,0,1,0,1
Potter,421 CITY,President,,CHERUNDA FOX/HARLAND MCVAY (W),,0,0,0,0
Potter,421 CITY,President,,CLAUDIA DE LA CRUZ/KARINA GARCIA (W),,0,0,1,1
Potter,421 CITY,President,,CORNEL WEST/MELINA ABDULLAH (W),,0,0,0,0
Potter,421 CITY,President,,JESSIE CUELLAR/WESLEY LASLEY (W),,0,0,0,0
Potter,421 CITY,President,,PETER SONSKI/LAUREN ONAK (W),,0,0,0,0
Potter,421 CITY,President,,SHIVA AYYADURAI/CRYSTAL ELLIS (W),,0,0,0,0
Potter,421 CITY,President,,Under Votes,,0,1,0,1
Potter,421 CITY,President,,Over Votes,,0,0,0,0
Potter,421 CITY,U.S. Senate,,Ted Cruz,REP,1,155,86,242
Potter,421 CITY,U.S. Senate,,Colin Allred,DEM,11,125,78,214
Potter,421 CITY,U.S. Senate,,Ted Brown,LIB,0,7,12,19
Potter,421 CITY,U.S. Senate,,ANALISA ROCHE (W),,0,0,0,0
Potter,421 CITY,U.S. Senate,,TRACY ANDRUS (W),,0,0,0,0
Potter,421 CITY,U.S. Senate,,Under Votes,,1,16,5,22
Potter,421 CITY,U.S. Senate,,Over Votes,,0,0,0,0
Potter,421 CITY,U.S. House,13,Ronny Jackson,REP,5,189,126,320
Potter,421 CITY,U.S. House,13,Under Votes,,8,114,55,177
Potter,421 CITY,U.S. House,13,Over Votes,,0,0,0,0
Potter,421 CITY,Railroad Commissioner,,Christi Craddick,REP,1,157,83,241
Potter,421 CITY,Railroad Commissioner,,Katherine Culbert,DEM,11,101,64,176
Potter,421 CITY,Railroad Commissioner,,Hawk Dunlap,LIB,0,3,3,6
Potter,421 CITY,Railroad Commissioner,,Eddie Espinoza,GRN,0,17,12,29
Potter,421 CITY,Railroad Commissioner,,RICHARD MCKIBBIN (W),,0,0,0,0
Potter,421 CITY,Railroad Commissioner,,Under Votes,,1,25,19,45
Potter,421 CITY,Railroad Commissioner,,Over Votes,,0,0,0,0
Potter,421 CITY,"Justice, Supreme Court, Place 2",,Jimmy Blacklock,REP,1,165,88,254
Potter,421 CITY,"Justice, Supreme Court, Place 2",,DaSean Jones,DEM,11,120,78,209
Potter,421 CITY,"Justice, Supreme Court, Place 2",,Under Votes,,1,18,15,34
Potter,421 CITY,"Justice, Supreme Court, Place 2",,Over Votes,,0,0,0,0
Potter,421 CITY,"Justice, Supreme Court, Place 4",,John Devine,REP,1,161,93,255
Potter,421 CITY,"Justice, Supreme Court, Place 4",,Christine Vinh Weems,DEM,11,117,71,199
Potter,421 CITY,"Justice, Supreme Court, Place 4",,Under Votes,,1,25,17,43
Potter,421 CITY,"Justice, Supreme Court, Place 4",,Over Votes,,0,0,0,0
Potter,421 CITY,"Justice, Supreme Court, Place 6",,Jane Bland,REP,1,159,85,245
Potter,421 CITY,"Justice, Supreme Court, Place 6",,Bonnie Lee Goldstein,DEM,11,111,68,190
Potter,421 CITY,"Justice, Supreme Court, Place 6",,J. David Roberson,LIB,0,12,12,24
Potter,421 CITY,"Justice, Supreme Court, Place 6",,Under Votes,,1,21,16,38
Potter,421 CITY,"Justice, Supreme Court, Place 6",,Over Votes,,0,0,0,0
Potter,421 CITY,"Presiding Judge, Court of Criminal Appeals",,David J. Schenck,REP,1,156,90,247
Potter,421 CITY,"Presiding Judge, Court of Criminal Appeals",,Holly Taylor,DEM,11,124,76,211
Potter,421 CITY,"Presiding Judge, Court of Criminal Appeals",,Under Votes,,1,23,15,39
Potter,421 CITY,"Presiding Judge, Court of Criminal Appeals",,Over Votes,,0,0,0,0
Potter,421 CITY,"Judge, Court of Criminal Appeals, Place 7",,Gina Parker,REP,1,163,91,255
Potter,421 CITY,"Judge, Court of Criminal Appeals, Place 7",,Nancy Mulder,DEM,11,118,75,204
Potter,421 CITY,"Judge, Court of Criminal Appeals, Place 7",,Under Votes,,1,22,15,38
Potter,421 CITY,"Judge, Court of Criminal Appeals, Place 7",,Over Votes,,0,0,0,0
Potter,421 CITY,"Judge, Court of Criminal Appeals, Place 8",,Lee Finley,REP,1,164,97,262
Potter,421 CITY,"Judge, Court of Criminal Appeals, Place 8",,Chika Anyiam,DEM,11,117,69,197
Potter,421 CITY,"Judge, Court of Criminal Appeals, Place 8",,Under Votes,,1,22,15,38
Potter,421 CITY,"Judge, Court of Criminal Appeals, Place 8",,Over Votes,,0,0,0,0
Potter,421 CITY,"Member, State Board of Education, District 15",,Aaron Kinsey,REP,1,150,86,237
Potter,421 CITY,"Member, State Board of Education, District 15",,Morgan Kirkpatrick,DEM,10,114,71,195
Potter,421 CITY,"Member, State Board of Education, District 15",,Jack B. Westbrook,LIB,1,13,8,22
Potter,421 CITY,"Member, State Board of Education, District 15",,Under Votes,,1,26,16,43
Potter,421 CITY,"Member, State Board of Education, District 15",,Over Votes,,0,0,0,0
Potter,421 CITY,State Representative,87,Caroline Fairly,REP,1,162,93,256
Potter,421 CITY,State Representative,87,Timothy W. Gassaway,DEM,11,116,70,197
Potter,421 CITY,State Representative,87,JEFFREY MCGUNEGLE (W),,0,0,0,0
Potter,421 CITY,State Representative,87,Under Votes,,1,25,18,44
Potter,421 CITY,State Representative,87,Over Votes,,0,0,0,0
Potter,421 CITY,"Justice, 7th Court of Appeals District, Place 2",,Judy Parker,REP,6,186,126,318
Potter,421 CITY,"Justice, 7th Court of Appeals District, Place 2",,Under Votes,,7,117,55,179
Potter,421 CITY,"Justice, 7th Court of Appeals District, Place 2",,Over Votes,,0,0,0,0
Potter,421 CITY,"Justice, 7th Court of Appeals District, Place 3",,Alex Yarbrough,REP,6,188,122,316
Potter,421 CITY,"Justice, 7th Court of Appeals District, Place 3",,Under Votes,,7,115,59,181
Potter,421 CITY,"Justice, 7th Court of Appeals District, Place 3",,Over Votes,,0,0,0,0
Potter,421 CITY,"District Judge, 108th Judicial District",,Tim Pirtle,REP,6,191,121,318
Potter,421 CITY,"District Judge, 108th Judicial District",,Under Votes,,7,112,60,179
Potter,421 CITY,"District Judge, 108th Judicial District",,Over Votes,,0,0,0,0
Potter,421 CITY,"District Attorney, 47th Judicial District",,Jason E. Herring,REP,6,186,121,313
Potter,421 CITY,"District Attorney, 47th Judicial District",,Under Votes,,7,117,60,184
Potter,421 CITY,"District Attorney, 47th Judicial District",,Over Votes,,0,0,0,0
Potter,421 CITY,County Attorney,,Scott Brumley,REP,6,187,122,315
Potter,421 CITY,County Attorney,,Under Votes,,7,116,59,182
Potter,421 CITY,County Attorney,,Over Votes,,0,0,0,0
Potter,421 CITY,Sheriff,,Brian Thomas,REP,8,196,122,326
Potter,421 CITY,Sheriff,,Under Votes,,5,107,59,171
Potter,421 CITY,Sheriff,,Over Votes,,0,0,0,0
Potter,421 CITY,County Tax Assessor-Collector,,Thomas Warren III,REP,6,190,123,319
Potter,421 CITY,County Tax Assessor-Collector,,Under Votes,,7,113,58,178
Potter,421 CITY,County Tax Assessor-Collector,,Over Votes,,0,0,0,0
Potter,421 CITY,"Constable, Precinct 4",,Idella Thomas-Jackson,DEM,11,184,127,322
Potter,421 CITY,"Constable, Precinct 4",,Under Votes,,2,119,54,175
Potter,421 CITY,"Constable, Precinct 4",,Over Votes,,0,0,0,0
Potter,421 CITY,PROPOSITION A,,For,,3,120,70,193
Potter,421 CITY,PROPOSITION A,,Against,,7,154,93,254
Potter,421 CITY,PROPOSITION A,,Under Votes,,3,29,18,50
Potter,421 CITY,PROPOSITION A,,Over Votes,,0,0,0,0
Potter,421 CITY,PROPOSITION B,,For,,7,151,104,262
Potter,421 CITY,PROPOSITION B,,Against,,3,108,55,166
Potter,421 CITY,PROPOSITION B,,Under Votes,,3,44,22,69
Potter,421 CITY,PROPOSITION B,,Over Votes,,0,0,0,0
Potter,421 CITY,PROPOSITION C,,For,,5,126,71,202
Potter,421 CITY,PROPOSITION C,,Against,,5,133,85,223
Potter,421 CITY,PROPOSITION C,,Under Votes,,3,44,25,72
Potter,421 CITY,PROPOSITION C,,Over Votes,,0,0,0,0
Potter,421 CITY,PROPOSITION D,,For,,6,130,85,221
Potter,421 CITY,PROPOSITION D,,Against,,4,119,69,192
Potter,421 CITY,PROPOSITION D,,Under Votes,,3,54,27,84
Potter,421 CITY,PROPOSITION D,,Over Votes,,0,0,0,0
Potter,421 CITY,PROPOSITION E,,For,,7,156,90,253
Potter,421 CITY,PROPOSITION E,,Against,,3,88,61,152
Potter,421 CITY,PROPOSITION E,,Under Votes,,3,59,30,92
Potter,421 CITY,PROPOSITION E,,Over Votes,,0,0,0,0
Potter,422 CITY,Registered Voters,,,,,,,4101
Potter,422 CITY,Ballots Cast,,,,,,,1424
Potter,422 CITY,President,,Donald J. Trump,REP,18,448,223,689
Potter,422 CITY,President,,Kamala D. Harris,DEM,50,433,221,704
Potter,422 CITY,President,,Chase Oliver,LIB,0,6,9,15
Potter,422 CITY,President,,Jill Stein,GRN,0,4,2,6
Potter,422 CITY,President,,CHERUNDA FOX/HARLAND MCVAY (W),,0,0,0,0
Potter,422 CITY,President,,CLAUDIA DE LA CRUZ/KARINA GARCIA (W),,0,0,0,0
Potter,422 CITY,President,,CORNEL WEST/MELINA ABDULLAH (W),,0,0,0,0
Potter,422 CITY,President,,JESSIE CUELLAR/WESLEY LASLEY (W),,0,0,0,0
Potter,422 CITY,President,,PETER SONSKI/LAUREN ONAK (W),,0,0,0,0
Potter,422 CITY,President,,SHIVA AYYADURAI/CRYSTAL ELLIS (W),,0,0,0,0
Potter,422 CITY,President,,Under Votes,,0,3,7,10
Potter,422 CITY,President,,Over Votes,,0,0,0,0
Potter,422 CITY,U.S. Senate,,Ted Cruz,REP,20,418,189,627
Potter,422 CITY,U.S. Senate,,Colin Allred,DEM,48,430,240,718
Potter,422 CITY,U.S. Senate,,Ted Brown,LIB,0,30,18,48
Potter,422 CITY,U.S. Senate,,ANALISA ROCHE (W),,0,0,0,0
Potter,422 CITY,U.S. Senate,,TRACY ANDRUS (W),,0,0,0,0
Potter,422 CITY,U.S. Senate,,Under Votes,,0,16,15,31
Potter,422 CITY,U.S. Senate,,Over Votes,,0,0,0,0
Potter,422 CITY,U.S. House,13,Ronny Jackson,REP,27,543,284,854
Potter,422 CITY,U.S. House,13,Under Votes,,41,351,178,570
Potter,422 CITY,U.S. House,13,Over Votes,,0,0,0,0
Potter,422 CITY,Railroad Commissioner,,Christi Craddick,REP,19,396,186,601
Potter,422 CITY,Railroad Commissioner,,Katherine Culbert,DEM,47,391,202,640
Potter,422 CITY,Railroad Commissioner,,Hawk Dunlap,LIB,0,29,16,45
Potter,422 CITY,Railroad Commissioner,,Eddie Espinoza,GRN,2,29,24,55
Potter,422 CITY,Railroad Commissioner,,RICHARD MCKIBBIN (W),,0,0,0,0
Potter,422 CITY,Railroad Commissioner,,Under Votes,,0,49,34,83
Potter,422 CITY,Railroad Commissioner,,Over Votes,,0,0,0,0
Potter,422 CITY,"Justice, Supreme Court, Place 2",,Jimmy Blacklock,REP,19,423,201,643
Potter,422 CITY,"Justice, Supreme Court, Place 2",,DaSean Jones,DEM,47,434,230,711
Potter,422 CITY,"Justice, Supreme Court, Place 2",,Under Votes,,2,37,31,70
Potter,422 CITY,"Justice, Supreme Court, Place 2",,Over Votes,,0,0,0,0
Potter,422 CITY,"Justice, Supreme Court, Place 4",,John Devine,REP,18,416,203,637
Potter,422 CITY,"Justice, Supreme Court, Place 4",,Christine Vinh Weems,DEM,49,435,227,711
Potter,422 CITY,"Justice, Supreme Court, Place 4",,Under Votes,,1,43,32,76
Potter,422 CITY,"Justice, Supreme Court, Place 4",,Over Votes,,0,0,0,0
Potter,422 CITY,"Justice, Supreme Court, Place 6",,Jane Bland,REP,18,401,196,615
Potter,422 CITY,"Justice, Supreme Court, Place 6",,Bonnie Lee Goldstein,DEM,48,417,202,667
Potter,422 CITY,"Justice, Supreme Court, Place 6",,J. David Roberson,LIB,0,39,27,66
Potter,422 CITY,"Justice, Supreme Court, Place 6",,Under Votes,,2,37,37,76
Potter,422 CITY,"Justice, Supreme Court, Place 6",,Over Votes,,0,0,0,0
Potter,422 CITY,"Presiding Judge, Court of Criminal Appeals",,David J. Schenck,REP,19,428,195,642
Potter,422 CITY,"Presiding Judge, Court of Criminal Appeals",,Holly Taylor,DEM,48,437,233,718
Potter,422 CITY,"Presiding Judge, Court of Criminal Appeals",,Under Votes,,1,29,34,64
Potter,422 CITY,"Presiding Judge, Court of Criminal Appeals",,Over Votes,,0,0,0,0
Potter,422 CITY,"Judge, Court of Criminal Appeals, Place 7",,Gina Parker,REP,19,423,205,647
Potter,422 CITY,"Judge, Court of Criminal Appeals, Place 7",,Nancy Mulder,DEM,49,434,221,704
Potter,422 CITY,"Judge, Court of Criminal Appeals, Place 7",,Under Votes,,0,37,36,73
Potter,422 CITY,"Judge, Court of Criminal Appeals, Place 7",,Over Votes,,0,0,0,0
Potter,422 CITY,"Judge, Court of Criminal Appeals, Place 8",,Lee Finley,REP,20,425,208,653
Potter,422 CITY,"Judge, Court of Criminal Appeals, Place 8",,Chika Anyiam,DEM,48,433,216,697
Potter,422 CITY,"Judge, Court of Criminal Appeals, Place 8",,Under Votes,,0,36,38,74
Potter,422 CITY,"Judge, Court of Criminal Appeals, Place 8",,Over Votes,,0,0,0,0
Potter,422 CITY,"Member, State Board of Education, District 15",,Aaron Kinsey,REP,19,400,194,613
Potter,422 CITY,"Member, State Board of Education, District 15",,Morgan Kirkpatrick,DEM,48,417,209,674
Potter,422 CITY,"Member, State Board of Education, District 15",,Jack B. Westbrook,LIB,0,37,29,66
Potter,422 CITY,"Member, State Board of Education, District 15",,Under Votes,,1,40,30,71
Potter,422 CITY,"Member, State Board of Education, District 15",,Over Votes,,0,0,0,0
Potter,422 CITY,State Representative,87,Caroline Fairly,REP,19,415,199,633
Potter,422 CITY,State Representative,87,Timothy W. Gassaway,DEM,47,434,224,705
Potter,422 CITY,State Representative,87,JEFFREY MCGUNEGLE (W),,2,1,0,3
Potter,422 CITY,State Representative,87,Under Votes,,0,44,39,83
Potter,422 CITY,State Representative,87,Over Votes,,0,0,0,0
Potter,422 CITY,"Justice, 7th Court of Appeals District, Place 2",,Judy Parker,REP,31,537,280,848
Potter,422 CITY,"Justice, 7th Court of Appeals District, Place 2",,Under Votes,,37,357,182,576
Potter,422 CITY,"Justice, 7th Court of Appeals District, Place 2",,Over Votes,,0,0,0,0
Potter,422 CITY,"Justice, 7th Court of Appeals District, Place 3",,Alex Yarbrough,REP,29,533,280,842
Potter,422 CITY,"Justice, 7th Court of Appeals District, Place 3",,Under Votes,,39,361,182,582
Potter,422 CITY,"Justice, 7th Court of Appeals District, Place 3",,Over Votes,,0,0,0,0
Potter,422 CITY,"District Judge, 108th Judicial District",,Tim Pirtle,REP,32,580,281,893
Potter,422 CITY,"District Judge, 108th Judicial District",,Under Votes,,36,314,181,531
Potter,422 CITY,"District Judge, 108th Judicial District",,Over Votes,,0,0,0,0
Potter,422 CITY,"District Attorney, 47th Judicial District",,Jason E. Herring,REP,31,536,273,840
Potter,422 CITY,"District Attorney, 47th Judicial District",,Under Votes,,37,358,189,584
Potter,422 CITY,"District Attorney, 47th Judicial District",,Over Votes,,0,0,0,0
Potter,422 CITY,County Attorney,,Scott Brumley,REP,31,541,278,850
Potter,422 CITY,County Attorney,,Under Votes,,37,353,184,574
Potter,422 CITY,County Attorney,,Over Votes,,0,0,0,0
Potter,422 CITY,Sheriff,,Brian Thomas,REP,35,562,291,888
Potter,422 CITY,Sheriff,,Under Votes,,33,332,171,536
Potter,422 CITY,Sheriff,,Over Votes,,0,0,0,0
Potter,422 CITY,County Tax Assessor-Collector,,Thomas Warren III,REP,31,549,282,862
Potter,422 CITY,County Tax Assessor-Collector,,Under Votes,,37,345,180,562
Potter,422 CITY,County Tax Assessor-Collector,,Over Votes,,0,0,0,0
Potter,422 CITY,"Constable, Precinct 4",,Idella Thomas-Jackson,DEM,54,568,324,946
Potter,422 CITY,"Constable, Precinct 4",,Under Votes,,14,326,138,478
Potter,422 CITY,"Constable, Precinct 4",,Over Votes,,0,0,0,0
Potter,422 CITY,PROPOSITION A,,For,,25,323,160,508
Potter,422 CITY,PROPOSITION A,,Against,,31,503,265,799
Potter,422 CITY,PROPOSITION A,,Under Votes,,12,68,37,117
Potter,422 CITY,PROPOSITION A,,Over Votes,,0,0,0,0
Potter,422 CITY,PROPOSITION B,,For,,46,435,260,741
Potter,422 CITY,PROPOSITION B,,Against,,15,362,150,527
Potter,422 CITY,PROPOSITION B,,Under Votes,,7,97,52,156
Potter,422 CITY,PROPOSITION B,,Over Votes,,0,0,0,0
Potter,422 CITY,PROPOSITION C,,For,,27,322,172,521
Potter,422 CITY,PROPOSITION C,,Against,,33,472,236,741
Potter,422 CITY,PROPOSITION C,,Under Votes,,8,100,54,162
Potter,422 CITY,PROPOSITION C,,Over Votes,,0,0,0,0
Potter,422 CITY,PROPOSITION D,,For,,35,385,211,631
Potter,422 CITY,PROPOSITION D,,Against,,25,374,181,580
Potter,422 CITY,PROPOSITION D,,Under Votes,,8,135,70,213
Potter,422 CITY,PROPOSITION D,,Over Votes,,0,0,0,0
Potter,422 CITY,PROPOSITION E,,For,,30,412,222,664
Potter,422 CITY,PROPOSITION E,,Against,,28,344,161,533
Potter,422 CITY,PROPOSITION E,,Under Votes,,10,138,79,227
Potter,422 CITY,PROPOSITION E,,Over Votes,,0,0,0,0
Potter,424 CITY,Registered Voters,,,,,,,1526
Potter,424 CITY,Ballots Cast,,,,,,,595
Potter,424 CITY,President,,Donald J. Trump,REP,7,161,91,259
Potter,424 CITY,President,,Kamala D. Harris,DEM,21,205,99,325
Potter,424 CITY,President,,Chase Oliver,LIB,0,1,0,1
Potter,424 CITY,President,,Jill Stein,GRN,0,2,2,4
Potter,424 CITY,President,,CHERUNDA FOX/HARLAND MCVAY (W),,0,0,0,0
Potter,424 CITY,President,,CLAUDIA DE LA CRUZ/KARINA GARCIA (W),,0,0,0,0
Potter,424 CITY,President,,CORNEL WEST/MELINA ABDULLAH (W),,0,0,0,0
Potter,424 CITY,President,,JESSIE CUELLAR/WESLEY LASLEY (W),,0,0,0,0
Potter,424 CITY,President,,PETER SONSKI/LAUREN ONAK (W),,0,0,0,0
Potter,424 CITY,President,,SHIVA AYYADURAI/CRYSTAL ELLIS (W),,0,0,0,0
Potter,424 CITY,President,,Under Votes,,0,3,3,6
Potter,424 CITY,President,,Over Votes,,0,0,0,0
Potter,424 CITY,U.S. Senate,,Ted Cruz,REP,9,154,91,254
Potter,424 CITY,U.S. Senate,,Colin Allred,DEM,18,209,94,321
Potter,424 CITY,U.S. Senate,,Ted Brown,LIB,0,5,6,11
Potter,424 CITY,U.S. Senate,,ANALISA ROCHE (W),,0,0,0,0
Potter,424 CITY,U.S. Senate,,TRACY ANDRUS (W),,0,1,0,1
Potter,424 CITY,U.S. Senate,,Under Votes,,1,3,4,8
Potter,424 CITY,U.S. Senate,,Over Votes,,0,0,0,0
Potter,424 CITY,U.S. House,13,Ronny Jackson,REP,12,213,123,348
Potter,424 CITY,U.S. House,13,Under Votes,,16,159,72,247
Potter,424 CITY,U.S. House,13,Over Votes,,0,0,0,0
Potter,424 CITY,Railroad Commissioner,,Christi Craddick,REP,6,150,78,234
Potter,424 CITY,Railroad Commissioner,,Katherine Culbert,DEM,17,189,86,292
Potter,424 CITY,Railroad Commissioner,,Hawk Dunlap,LIB,1,6,6,13
Potter,424 CITY,Railroad Commissioner,,Eddie Espinoza,GRN,1,9,9,19
Potter,424 CITY,Railroad Commissioner,,RICHARD MCKIBBIN (W),,0,0,0,0
Potter,424 CITY,Railroad Commissioner,,Under Votes,,3,18,16,37
Potter,424 CITY,Railroad Commissioner,,Over Votes,,0,0,0,0
Potter,424 CITY,"Justice, Supreme Court, Place 2",,Jimmy Blacklock,REP,6,152,87,245
Potter,424 CITY,"Justice, Supreme Court, Place 2",,DaSean Jones,DEM,18,201,93,312
Potter,424 CITY,"Justice, Supreme Court, Place 2",,Under Votes,,4,19,15,38
Potter,424 CITY,"Justice, Supreme Court, Place 2",,Over Votes,,0,0,0,0
Potter,424 CITY,"Justice, Supreme Court, Place 4",,John Devine,REP,6,154,92,252
Potter,424 CITY,"Justice, Supreme Court, Place 4",,Christine Vinh Weems,DEM,18,200,89,307
Potter,424 CITY,"Justice, Supreme Court, Place 4",,Under Votes,,4,18,14,36
Potter,424 CITY,"Justice, Supreme Court, Place 4",,Over Votes,,0,0,0,0
Potter,424 CITY,"Justice, Supreme Court, Place 6",,Jane Bland,REP,6,155,85,246
Potter,424 CITY,"Justice, Supreme Court, Place 6",,Bonnie Lee Goldstein,DEM,17,189,84,290
Potter,424 CITY,"Justice, Supreme Court, Place 6",,J. David Roberson,LIB,1,10,12,23
Potter,424 CITY,"Justice, Supreme Court, Place 6",,Under Votes,,4,18,14,36
Potter,424 CITY,"Justice, Supreme Court, Place 6",,Over Votes,,0,0,0,0
Potter,424 CITY,"Presiding Judge, Court of Criminal Appeals",,David J. Schenck,REP,7,153,86,246
Potter,424 CITY,"Presiding Judge, Court of Criminal Appeals",,Holly Taylor,DEM,17,198,94,309
Potter,424 CITY,"Presiding Judge, Court of Criminal Appeals",,Under Votes,,4,21,15,40
Potter,424 CITY,"Presiding Judge, Court of Criminal Appeals",,Over Votes,,0,0,0,0
Potter,424 CITY,"Judge, Court of Criminal Appeals, Place 7",,Gina Parker,REP,6,157,89,252
Potter,424 CITY,"Judge, Court of Criminal Appeals, Place 7",,Nancy Mulder,DEM,19,195,92,306
Potter,424 CITY,"Judge, Court of Criminal Appeals, Place 7",,Under Votes,,3,20,14,37
Potter,424 CITY,"Judge, Court of Criminal Appeals, Place 7",,Over Votes,,0,0,0,0
Potter,424 CITY,"Judge, Court of Criminal Appeals, Place 8",,Lee Finley,REP,6,158,96,260
Potter,424 CITY,"Judge, Court of Criminal Appeals, Place 8",,Chika Anyiam,DEM,18,192,83,293
Potter,424 CITY,"Judge, Court of Criminal Appeals, Place 8",,Under Votes,,4,22,16,42
Potter,424 CITY,"Judge, Court of Criminal Appeals, Place 8",,Over Votes,,0,0,0,0
Potter,424 CITY,"Member, State Board of Education, District 15",,Aaron Kinsey,REP,7,150,88,245
Potter,424 CITY,"Member, State Board of Education, District 15",,Morgan Kirkpatrick,DEM,16,195,92,303
Potter,424 CITY,"Member, State Board of Education, District 15",,Jack B. Westbrook,LIB,1,9,5,15
Potter,424 CITY,"Member, State Board of Education, District 15",,Under Votes,,4,18,10,32
Potter,424 CITY,"Member, State Board of Education, District 15",,Over Votes,,0,0,0,0
Potter,424 CITY,State Representative,87,Caroline Fairly,REP,6,152,92,250
Potter,424 CITY,State Representative,87,Timothy W. Gassaway,DEM,17,205,89,311
Potter,424 CITY,State Representative,87,JEFFREY MCGUNEGLE (W),,0,0,0,0
Potter,424 CITY,State Representative,87,Under Votes,,5,15,14,34
Potter,424 CITY,State Representative,87,Over Votes,,0,0,0,0
Potter,424 CITY,"Justice, 7th Court of Appeals District, Place 2",,Judy Parker,REP,13,209,123,345
Potter,424 CITY,"Justice, 7th Court of Appeals District, Place 2",,Under Votes,,15,163,72,250
Potter,424 CITY,"Justice, 7th Court of Appeals District, Place 2",,Over Votes,,0,0,0,0
Potter,424 CITY,"Justice, 7th Court of Appeals District, Place 3",,Alex Yarbrough,REP,13,207,121,341
Potter,424 CITY,"Justice, 7th Court of Appeals District, Place 3",,Under Votes,,15,165,74,254
Potter,424 CITY,"Justice, 7th Court of Appeals District, Place 3",,Over Votes,,0,0,0,0
Potter,424 CITY,"District Judge, 108th Judicial District",,Tim Pirtle,REP,15,207,121,343
Potter,424 CITY,"District Judge, 108th Judicial District",,Under Votes,,13,165,74,252
Potter,424 CITY,"District Judge, 108th Judicial District",,Over Votes,,0,0,0,0
Potter,424 CITY,"District Attorney, 47th Judicial District",,Jason E. Herring,REP,13,206,118,337
Potter,424 CITY,"District Attorney, 47th Judicial District",,Under Votes,,15,166,77,258
Potter,424 CITY,"District Attorney, 47th Judicial District",,Over Votes,,0,0,0,0
Potter,424 CITY,County Attorney,,Scott Brumley,REP,15,203,118,336
Potter,424 CITY,County Attorney,,Under Votes,,13,169,77,259
Potter,424 CITY,County Attorney,,Over Votes,,0,0,0,0
Potter,424 CITY,Sheriff,,Brian Thomas,REP,17,220,122,359
Potter,424 CITY,Sheriff,,Under Votes,,11,152,73,236
Potter,424 CITY,Sheriff,,Over Votes,,0,0,0,0
Potter,424 CITY,County Tax Assessor-Collector,,Thomas Warren III,REP,14,211,118,343
Potter,424 CITY,County Tax Assessor-Collector,,Under Votes,,14,161,77,252
Potter,424 CITY,County Tax Assessor-Collector,,Over Votes,,0,0,0,0
Potter,424 CITY,"Constable, Precinct 4",,Idella Thomas-Jackson,DEM,18,248,146,412
Potter,424 CITY,"Constable, Precinct 4",,Under Votes,,10,124,49,183
Potter,424 CITY,"Constable, Precinct 4",,Over Votes,,0,0,0,0
Potter,424 CITY,PROPOSITION A,,For,,7,133,71,211
Potter,424 CITY,PROPOSITION A,,Against,,16,206,110,332
Potter,424 CITY,PROPOSITION A,,Under Votes,,5,33,14,52
Potter,424 CITY,PROPOSITION A,,Over Votes,,0,0,0,0
Potter,424 CITY,PROPOSITION B,,For,,17,169,115,301
Potter,424 CITY,PROPOSITION B,,Against,,7,160,53,220
Potter,424 CITY,PROPOSITION B,,Under Votes,,4,43,27,74
Potter,424 CITY,PROPOSITION B,,Over Votes,,0,0,0,0
Potter,424 CITY,PROPOSITION C,,For,,7,129,78,214
Potter,424 CITY,PROPOSITION C,,Against,,16,202,87,305
Potter,424 CITY,PROPOSITION C,,Under Votes,,5,41,30,76
Potter,424 CITY,PROPOSITION C,,Over Votes,,0,0,0,0
Potter,424 CITY,PROPOSITION D,,For,,13,141,95,249
Potter,424 CITY,PROPOSITION D,,Against,,9,174,64,247
Potter,424 CITY,PROPOSITION D,,Under Votes,,6,57,36,99
Potter,424 CITY,PROPOSITION D,,Over Votes,,0,0,0,0
Potter,424 CITY,PROPOSITION E,,For,,16,160,95,271
Potter,424 CITY,PROPOSITION E,,Against,,5,148,58,211
Potter,424 CITY,PROPOSITION E,,Under Votes,,7,64,42,113
Potter,424 CITY,PROPOSITION E,,Over Votes,,0,0,0,0
Potter,425 CITY,Registered Voters,,,,,,,2095
Potter,425 CITY,Ballots Cast,,,,,,,695
Potter,425 CITY,President,,Donald J. Trump,REP,8,211,161,380
Potter,425 CITY,President,,Kamala D. Harris,DEM,16,172,119,307
Potter,425 CITY,President,,Chase Oliver,LIB,0,2,1,3
Potter,425 CITY,President,,Jill Stein,GRN,0,1,1,2
Potter,425 CITY,President,,CHERUNDA FOX/HARLAND MCVAY (W),,0,0,0,0
Potter,425 CITY,President,,CLAUDIA DE LA CRUZ/KARINA GARCIA (W),,0,0,0,0
Potter,425 CITY,President,,CORNEL WEST/MELINA ABDULLAH (W),,0,0,0,0
Potter,425 CITY,President,,JESSIE CUELLAR/WESLEY LASLEY (W),,0,0,0,0
Potter,425 CITY,President,,PETER SONSKI/LAUREN ONAK (W),,0,0,0,0
Potter,425 CITY,President,,SHIVA AYYADURAI/CRYSTAL ELLIS (W),,0,0,0,0
Potter,425 CITY,President,,Under Votes,,1,2,0,3
Potter,425 CITY,President,,Over Votes,,0,0,0,0
Potter,425 CITY,U.S. Senate,,Ted Cruz,REP,7,203,133,343
Potter,425 CITY,U.S. Senate,,Colin Allred,DEM,17,166,122,305
Potter,425 CITY,U.S. Senate,,Ted Brown,LIB,0,13,14,27
Potter,425 CITY,U.S. Senate,,ANALISA ROCHE (W),,0,0,0,0
Potter,425 CITY,U.S. Senate,,TRACY ANDRUS (W),,0,0,0,0
Potter,425 CITY,U.S. Senate,,Under Votes,,1,6,13,20
Potter,425 CITY,U.S. Senate,,Over Votes,,0,0,0,0
Potter,425 CITY,U.S. House,13,Ronny Jackson,REP,12,270,201,483
Potter,425 CITY,U.S. House,13,Under Votes,,13,118,81,212
Potter,425 CITY,U.S. House,13,Over Votes,,0,0,0,0
Potter,425 CITY,Railroad Commissioner,,Christi Craddick,REP,6,207,121,334
Potter,425 CITY,Railroad Commissioner,,Katherine Culbert,DEM,16,150,107,273
Potter,425 CITY,Railroad Commissioner,,Hawk Dunlap,LIB,0,5,10,15
Potter,425 CITY,Railroad Commissioner,,Eddie Espinoza,GRN,1,11,20,32
Potter,425 CITY,Railroad Commissioner,,RICHARD MCKIBBIN (W),,0,0,0,0
Potter,425 CITY,Railroad Commissioner,,Under Votes,,2,15,24,41
Potter,425 CITY,Railroad Commissioner,,Over Votes,,0,0,0,0
Potter,425 CITY,"Justice, Supreme Court, Place 2",,Jimmy Blacklock,REP,8,216,136,360
Potter,425 CITY,"Justice, Supreme Court, Place 2",,DaSean Jones,DEM,15,158,120,293
Potter,425 CITY,"Justice, Supreme Court, Place 2",,Under Votes,,2,14,26,42
Potter,425 CITY,"Justice, Supreme Court, Place 2",,Over Votes,,0,0,0,0
Potter,425 CITY,"Justice, Supreme Court, Place 4",,John Devine,REP,9,216,142,367
Potter,425 CITY,"Justice, Supreme Court, Place 4",,Christine Vinh Weems,DEM,14,157,114,285
Potter,425 CITY,"Justice, Supreme Court, Place 4",,Under Votes,,2,15,26,43
Potter,425 CITY,"Justice, Supreme Court, Place 4",,Over Votes,,0,0,0,0
Potter,425 CITY,"Justice, Supreme Court, Place 6",,Jane Bland,REP,6,198,124,328
Potter,425 CITY,"Justice, Supreme Court, Place 6",,Bonnie Lee Goldstein,DEM,17,158,115,290
Potter,425 CITY,"Justice, Supreme Court, Place 6",,J. David Roberson,LIB,0,17,15,32
Potter,425 CITY,"Justice, Supreme Court, Place 6",,Under Votes,,2,15,28,45
Potter,425 CITY,"Justice, Supreme Court, Place 6",,Over Votes,,0,0,0,0
Potter,425 CITY,"Presiding Judge, Court of Criminal Appeals",,David J. Schenck,REP,9,212,134,355
Potter,425 CITY,"Presiding Judge, Court of Criminal Appeals",,Holly Taylor,DEM,14,161,117,292
Potter,425 CITY,"Presiding Judge, Court of Criminal Appeals",,Under Votes,,2,15,31,48
Potter,425 CITY,"Presiding Judge, Court of Criminal Appeals",,Over Votes,,0,0,0,0
Potter,425 CITY,"Judge, Court of Criminal Appeals, Place 7",,Gina Parker,REP,7,212,137,356
Potter,425 CITY,"Judge, Court of Criminal Appeals, Place 7",,Nancy Mulder,DEM,16,157,114,287
Potter,425 CITY,"Judge, Court of Criminal Appeals, Place 7",,Under Votes,,2,19,31,52
Potter,425 CITY,"Judge, Court of Criminal Appeals, Place 7",,Over Votes,,0,0,0,0
Potter,425 CITY,"Judge, Court of Criminal Appeals, Place 8",,Lee Finley,REP,9,212,132,353
Potter,425 CITY,"Judge, Court of Criminal Appeals, Place 8",,Chika Anyiam,DEM,14,159,114,287
Potter,425 CITY,"Judge, Court of Criminal Appeals, Place 8",,Under Votes,,2,17,36,55
Potter,425 CITY,"Judge, Court of Criminal Appeals, Place 8",,Over Votes,,0,0,0,0
Potter,425 CITY,"Member, State Board of Education, District 15",,Aaron Kinsey,REP,8,201,126,335
Potter,425 CITY,"Member, State Board of Education, District 15",,Morgan Kirkpatrick,DEM,15,161,112,288
Potter,425 CITY,"Member, State Board of Education, District 15",,Jack B. Westbrook,LIB,0,14,13,27
Potter,425 CITY,"Member, State Board of Education, District 15",,Under Votes,,2,12,31,45
Potter,425 CITY,"Member, State Board of Education, District 15",,Over Votes,,0,0,0,0
Potter,425 CITY,State Representative,87,Caroline Fairly,REP,7,209,131,347
Potter,425 CITY,State Representative,87,Timothy W. Gassaway,DEM,16,161,122,299
Potter,425 CITY,State Representative,87,JEFFREY MCGUNEGLE (W),,0,0,1,1
Potter,425 CITY,State Representative,87,Under Votes,,2,18,28,48
Potter,425 CITY,State Representative,87,Over Votes,,0,0,0,0
Potter,425 CITY,"Justice, 7th Court of Appeals District, Place 2",,Judy Parker,REP,10,270,191,471
Potter,425 CITY,"Justice, 7th Court of Appeals District, Place 2",,Under Votes,,15,118,91,224
Potter,425 CITY,"Justice, 7th Court of Appeals District, Place 2",,Over Votes,,0,0,0,0
Potter,425 CITY,"Justice, 7th Court of Appeals District, Place 3",,Alex Yarbrough,REP,12,268,183,463
Potter,425 CITY,"Justice, 7th Court of Appeals District, Place 3",,Under Votes,,13,120,99,232
Potter,425 CITY,"Justice, 7th Court of Appeals District, Place 3",,Over Votes,,0,0,0,0
Potter,425 CITY,"District Judge, 108th Judicial District",,Tim Pirtle,REP,11,273,184,468
Potter,425 CITY,"District Judge, 108th Judicial District",,Under Votes,,14,115,98,227
Potter,425 CITY,"District Judge, 108th Judicial District",,Over Votes,,0,0,0,0
Potter,425 CITY,"District Attorney, 47th Judicial District",,Jason E. Herring,REP,10,259,181,450
Potter,425 CITY,"District Attorney, 47th Judicial District",,Under Votes,,15,129,101,245
Potter,425 CITY,"District Attorney, 47th Judicial District",,Over Votes,,0,0,0,0
Potter,425 CITY,County Attorney,,Scott Brumley,REP,11,264,186,461
Potter,425 CITY,County Attorney,,Under Votes,,14,124,96,234
Potter,425 CITY,County Attorney,,Over Votes,,0,0,0,0
Potter,425 CITY,Sheriff,,Brian Thomas,REP,11,273,194,478
Potter,425 CITY,Sheriff,,Under Votes,,14,115,88,217
Potter,425 CITY,Sheriff,,Over Votes,,0,0,0,0
Potter,425 CITY,County Tax Assessor-Collector,,Thomas Warren III,REP,10,260,187,457
Potter,425 CITY,County Tax Assessor-Collector,,Under Votes,,15,128,95,238
Potter,425 CITY,County Tax Assessor-Collector,,Over Votes,,0,0,0,0
Potter,425 CITY,"Constable, Precinct 4",,Idella Thomas-Jackson,DEM,18,250,183,451
Potter,425 CITY,"Constable, Precinct 4",,Under Votes,,7,138,99,244
Potter,425 CITY,"Constable, Precinct 4",,Over Votes,,0,0,0,0
Potter,425 CITY,PROPOSITION A,,For,,5,158,116,279
Potter,425 CITY,PROPOSITION A,,Against,,17,206,146,369
Potter,425 CITY,PROPOSITION A,,Under Votes,,3,24,20,47
Potter,425 CITY,PROPOSITION A,,Over Votes,,0,0,0,0
Potter,425 CITY,PROPOSITION B,,For,,14,186,153,353
Potter,425 CITY,PROPOSITION B,,Against,,7,167,87,261
Potter,425 CITY,PROPOSITION B,,Under Votes,,4,35,42,81
Potter,425 CITY,PROPOSITION B,,Over Votes,,0,0,0,0
Potter,425 CITY,PROPOSITION C,,For,,8,155,114,277
Potter,425 CITY,PROPOSITION C,,Against,,15,191,125,331
Potter,425 CITY,PROPOSITION C,,Under Votes,,2,42,43,87
Potter,425 CITY,PROPOSITION C,,Over Votes,,0,0,0,0
Potter,425 CITY,PROPOSITION D,,For,,10,170,140,320
Potter,425 CITY,PROPOSITION D,,Against,,11,158,95,264
Potter,425 CITY,PROPOSITION D,,Under Votes,,4,60,47,111
Potter,425 CITY,PROPOSITION D,,Over Votes,,0,0,0,0
Potter,425 CITY,PROPOSITION E,,For,,11,167,155,333
Potter,425 CITY,PROPOSITION E,,Against,,9,158,75,242
Potter,425 CITY,PROPOSITION E,,Under Votes,,5,63,52,120
Potter,425 CITY,PROPOSITION E,,Over Votes,,0,0,0,0
Potter,426 CITY,Registered Voters,,,,,,,766
Potter,426 CITY,Ballots Cast,,,,,,,282
Potter,426 CITY,President,,Donald J. Trump,REP,7,113,53,173
Potter,426 CITY,President,,Kamala D. Harris,DEM,1,57,45,103
Potter,426 CITY,President,,Chase Oliver,LIB,0,2,1,3
Potter,426 CITY,President,,Jill Stein,GRN,0,0,2,2
Potter,426 CITY,President,,CHERUNDA FOX/HARLAND MCVAY (W),,0,0,0,0
Potter,426 CITY,President,,CLAUDIA DE LA CRUZ/KARINA GARCIA (W),,0,0,0,0
Potter,426 CITY,President,,CORNEL WEST/MELINA ABDULLAH (W),,0,0,0,0
Potter,426 CITY,President,,JESSIE CUELLAR/WESLEY LASLEY (W),,0,0,0,0
Potter,426 CITY,President,,PETER SONSKI/LAUREN ONAK (W),,0,0,0,0
Potter,426 CITY,President,,SHIVA AYYADURAI/CRYSTAL ELLIS (W),,0,0,0,0
Potter,426 CITY,President,,Under Votes,,1,0,0,1
Potter,426 CITY,President,,Over Votes,,0,0,0,0
Potter,426 CITY,U.S. Senate,,Ted Cruz,REP,7,108,51,166
Potter,426 CITY,U.S. Senate,,Colin Allred,DEM,1,54,42,97
Potter,426 CITY,U.S. Senate,,Ted Brown,LIB,0,5,5,10
Potter,426 CITY,U.S. Senate,,ANALISA ROCHE (W),,0,0,0,0
Potter,426 CITY,U.S. Senate,,TRACY ANDRUS (W),,0,0,0,0
Potter,426 CITY,U.S. Senate,,Under Votes,,1,5,3,9
Potter,426 CITY,U.S. Senate,,Over Votes,,0,0,0,0
Potter,426 CITY,U.S. House,13,Ronny Jackson,REP,7,129,74,210
Potter,426 CITY,U.S. House,13,Under Votes,,2,43,27,72
Potter,426 CITY,U.S. House,13,Over Votes,,0,0,0,0
Potter,426 CITY,Railroad Commissioner,,Christi Craddick,REP,7,105,47,159
Potter,426 CITY,Railroad Commissioner,,Katherine Culbert,DEM,0,52,37,89
Potter,426 CITY,Railroad Commissioner,,Hawk Dunlap,LIB,0,4,4,8
Potter,426 CITY,Railroad Commissioner,,Eddie Espinoza,GRN,0,4,5,9
Potter,426 CITY,Railroad Commissioner,,RICHARD MCKIBBIN (W),,0,0,0,0
Potter,426 CITY,Railroad Commissioner,,Under Votes,,2,7,8,17
Potter,426 CITY,Railroad Commissioner,,Over Votes,,0,0,0,0
Potter,426 CITY,"Justice, Supreme Court, Place 2",,Jimmy Blacklock,REP,7,110,50,167
Potter,426 CITY,"Justice, Supreme Court, Place 2",,DaSean Jones,DEM,0,51,44,95
Potter,426 CITY,"Justice, Supreme Court, Place 2",,Under Votes,,2,11,7,20
Potter,426 CITY,"Justice, Supreme Court, Place 2",,Over Votes,,0,0,0,0
Potter,426 CITY,"Justice, Supreme Court, Place 4",,John Devine,REP,7,106,50,163
Potter,426 CITY,"Justice, Supreme Court, Place 4",,Christine Vinh Weems,DEM,0,55,45,100
Potter,426 CITY,"Justice, Supreme Court, Place 4",,Under Votes,,2,11,6,19
Potter,426 CITY,"Justice, Supreme Court, Place 4",,Over Votes,,0,0,0,0
Potter,426 CITY,"Justice, Supreme Court, Place 6",,Jane Bland,REP,6,102,50,158
Potter,426 CITY,"Justice, Supreme Court, Place 6",,Bonnie Lee Goldstein,DEM,1,53,42,96
Potter,426 CITY,"Justice, Supreme Court, Place 6",,J. David Roberson,LIB,0,4,3,7
Potter,426 CITY,"Justice, Supreme Court, Place 6",,Under Votes,,2,13,6,21
Potter,426 CITY,"Justice, Supreme Court, Place 6",,Over Votes,,0,0,0,0
Potter,426 CITY,"Presiding Judge, Court of Criminal Appeals",,David J. Schenck,REP,7,103,52,162
Potter,426 CITY,"Presiding Judge, Court of Criminal Appeals",,Holly Taylor,DEM,0,56,44,100
Potter,426 CITY,"Presiding Judge, Court of Criminal Appeals",,Under Votes,,2,13,5,20
Potter,426 CITY,"Presiding Judge, Court of Criminal Appeals",,Over Votes,,0,0,0,0
Potter,426 CITY,"Judge, Court of Criminal Appeals, Place 7",,Gina Parker,REP,7,104,52,163
Potter,426 CITY,"Judge, Court of Criminal Appeals, Place 7",,Nancy Mulder,DEM,0,53,44,97
Potter,426 CITY,"Judge, Court of Criminal Appeals, Place 7",,Under Votes,,2,15,5,22
Potter,426 CITY,"Judge, Court of Criminal Appeals, Place 7",,Over Votes,,0,0,0,0
Potter,426 CITY,"Judge, Court of Criminal Appeals, Place 8",,Lee Finley,REP,7,107,53,167
Potter,426 CITY,"Judge, Court of Criminal Appeals, Place 8",,Chika Anyiam,DEM,0,48,42,90
Potter,426 CITY,"Judge, Court of Criminal Appeals, Place 8",,Under Votes,,2,17,6,25
Potter,426 CITY,"Judge, Court of Criminal Appeals, Place 8",,Over Votes,,0,0,0,0
Potter,426 CITY,"Member, State Board of Education, District 15",,Aaron Kinsey,REP,7,105,51,163
Potter,426 CITY,"Member, State Board of Education, District 15",,Morgan Kirkpatrick,DEM,0,52,41,93
Potter,426 CITY,"Member, State Board of Education, District 15",,Jack B. Westbrook,LIB,0,4,4,8
Potter,426 CITY,"Member, State Board of Education, District 15",,Under Votes,,2,11,5,18
Potter,426 CITY,"Member, State Board of Education, District 15",,Over Votes,,0,0,0,0
Potter,426 CITY,State Representative,87,Caroline Fairly,REP,6,110,54,170
Potter,426 CITY,State Representative,87,Timothy W. Gassaway,DEM,1,50,42,93
Potter,426 CITY,State Representative,87,JEFFREY MCGUNEGLE (W),,0,0,0,0
Potter,426 CITY,State Representative,87,Under Votes,,2,12,5,19
Potter,426 CITY,State Representative,87,Over Votes,,0,0,0,0
Potter,426 CITY,"Justice, 7th Court of Appeals District, Place 2",,Judy Parker,REP,7,128,72,207
Potter,426 CITY,"Justice, 7th Court of Appeals District, Place 2",,Under Votes,,2,44,29,75
Potter,426 CITY,"Justice, 7th Court of Appeals District, Place 2",,Over Votes,,0,0,0,0
Potter,426 CITY,"Justice, 7th Court of Appeals District, Place 3",,Alex Yarbrough,REP,7,125,70,202
Potter,426 CITY,"Justice, 7th Court of Appeals District, Place 3",,Under Votes,,2,47,31,80
Potter,426 CITY,"Justice, 7th Court of Appeals District, Place 3",,Over Votes,,0,0,0,0
Potter,426 CITY,"District Judge, 108th Judicial District",,Tim Pirtle,REP,7,130,71,208
Potter,426 CITY,"District Judge, 108th Judicial District",,Under Votes,,2,42,30,74
Potter,426 CITY,"District Judge, 108th Judicial District",,Over Votes,,0,0,0,0
Potter,426 CITY,"District Attorney, 47th Judicial District",,Jason E. Herring,REP,7,127,72,206
Potter,426 CITY,"District Attorney, 47th Judicial District",,Under Votes,,2,45,29,76
Potter,426 CITY,"District Attorney, 47th Judicial District",,Over Votes,,0,0,0,0
Potter,426 CITY,County Attorney,,Scott Brumley,REP,7,127,71,205
Potter,426 CITY,County Attorney,,Under Votes,,2,45,30,77
Potter,426 CITY,County Attorney,,Over Votes,,0,0,0,0
Potter,426 CITY,Sheriff,,Brian Thomas,REP,8,135,74,217
Potter,426 CITY,Sheriff,,Under Votes,,1,37,27,65
Potter,426 CITY,Sheriff,,Over Votes,,0,0,0,0
Potter,426 CITY,County Tax Assessor-Collector,,Thomas Warren III,REP,7,130,72,209
Potter,426 CITY,County Tax Assessor-Collector,,Under Votes,,2,42,29,73
Potter,426 CITY,County Tax Assessor-Collector,,Over Votes,,0,0,0,0
Potter,426 CITY,"Constable, Precinct 4",,Idella Thomas-Jackson,DEM,4,95,73,172
Potter,426 CITY,"Constable, Precinct 4",,Under Votes,,5,77,28,110
Potter,426 CITY,"Constable, Precinct 4",,Over Votes,,0,0,0,0
Potter,426 CITY,PROPOSITION A,,For,,4,66,40,110
Potter,426 CITY,PROPOSITION A,,Against,,3,89,56,148
Potter,426 CITY,PROPOSITION A,,Under Votes,,2,17,5,24
Potter,426 CITY,PROPOSITION A,,Over Votes,,0,0,0,0
Potter,426 CITY,PROPOSITION B,,For,,7,75,64,146
Potter,426 CITY,PROPOSITION B,,Against,,1,76,30,107
Potter,426 CITY,PROPOSITION B,,Under Votes,,1,21,7,29
Potter,426 CITY,PROPOSITION B,,Over Votes,,0,0,0,0
Potter,426 CITY,PROPOSITION C,,For,,7,56,42,105
Potter,426 CITY,PROPOSITION C,,Against,,1,90,50,141
Potter,426 CITY,PROPOSITION C,,Under Votes,,1,26,9,36
Potter,426 CITY,PROPOSITION C,,Over Votes,,0,0,0,0
Potter,426 CITY,PROPOSITION D,,For,,7,74,44,125
Potter,426 CITY,PROPOSITION D,,Against,,1,67,44,112
Potter,426 CITY,PROPOSITION D,,Under Votes,,1,31,13,45
Potter,426 CITY,PROPOSITION D,,Over Votes,,0,0,0,0
Potter,426 CITY,PROPOSITION E,,For,,6,79,49,134
Potter,426 CITY,PROPOSITION E,,Against,,1,62,39,102
Potter,426 CITY,PROPOSITION E,,Under Votes,,2,31,13,46
Potter,426 CITY,PROPOSITION E,,Over Votes,,0,0,0,0
Potter,427 CITY,Registered Voters,,,,,,,943
Potter,427 CITY,Ballots Cast,,,,,,,256
Potter,427 CITY,President,,Donald J. Trump,REP,4,78,41,123
Potter,427 CITY,President,,Kamala D. Harris,DEM,2,85,43,130
Potter,427 CITY,President,,Chase Oliver,LIB,0,1,1,2
Potter,427 CITY,President,,Jill Stein,GRN,0,0,1,1
Potter,427 CITY,President,,CHERUNDA FOX/HARLAND MCVAY (W),,0,0,0,0
Potter,427 CITY,President,,CLAUDIA DE LA CRUZ/KARINA GARCIA (W),,0,0,0,0
Potter,427 CITY,President,,CORNEL WEST/MELINA ABDULLAH (W),,0,0,0,0
Potter,427 CITY,President,,JESSIE CUELLAR/WESLEY LASLEY (W),,0,0,0,0
Potter,427 CITY,President,,PETER SONSKI/LAUREN ONAK (W),,0,0,0,0
Potter,427 CITY,President,,SHIVA AYYADURAI/CRYSTAL ELLIS (W),,0,0,0,0
Potter,427 CITY,President,,Under Votes,,0,0,0,0
Potter,427 CITY,President,,Over Votes,,0,0,0,0
Potter,427 CITY,U.S. Senate,,Ted Cruz,REP,4,75,31,110
Potter,427 CITY,U.S. Senate,,Colin Allred,DEM,2,84,48,134
Potter,427 CITY,U.S. Senate,,Ted Brown,LIB,0,3,4,7
Potter,427 CITY,U.S. Senate,,ANALISA ROCHE (W),,0,0,0,0
Potter,427 CITY,U.S. Senate,,TRACY ANDRUS (W),,0,0,0,0
Potter,427 CITY,U.S. Senate,,Under Votes,,0,2,3,5
Potter,427 CITY,U.S. Senate,,Over Votes,,0,0,0,0
Potter,427 CITY,U.S. House,13,Ronny Jackson,REP,4,109,53,166
Potter,427 CITY,U.S. House,13,Under Votes,,2,55,33,90
Potter,427 CITY,U.S. House,13,Over Votes,,0,0,0,0
Potter,427 CITY,Railroad Commissioner,,Christi Craddick,REP,3,69,30,102
Potter,427 CITY,Railroad Commissioner,,Katherine Culbert,DEM,2,74,37,113
Potter,427 CITY,Railroad Commissioner,,Hawk Dunlap,LIB,0,5,3,8
Potter,427 CITY,Railroad Commissioner,,Eddie Espinoza,GRN,0,7,7,14
Potter,427 CITY,Railroad Commissioner,,RICHARD MCKIBBIN (W),,0,0,0,0
Potter,427 CITY,Railroad Commissioner,,Under Votes,,1,9,9,19
Potter,427 CITY,Railroad Commissioner,,Over Votes,,0,0,0,0
Potter,427 CITY,"Justice, Supreme Court, Place 2",,Jimmy Blacklock,REP,3,79,33,115
Potter,427 CITY,"Justice, Supreme Court, Place 2",,DaSean Jones,DEM,2,78,48,128
Potter,427 CITY,"Justice, Supreme Court, Place 2",,Under Votes,,1,7,5,13
Potter,427 CITY,"Justice, Supreme Court, Place 2",,Over Votes,,0,0,0,0
Potter,427 CITY,"Justice, Supreme Court, Place 4",,John Devine,REP,3,75,36,114
Potter,427 CITY,"Justice, Supreme Court, Place 4",,Christine Vinh Weems,DEM,2,80,45,127
Potter,427 CITY,"Justice, Supreme Court, Place 4",,Under Votes,,1,9,5,15
Potter,427 CITY,"Justice, Supreme Court, Place 4",,Over Votes,,0,0,0,0
Potter,427 CITY,"Justice, Supreme Court, Place 6",,Jane Bland,REP,3,75,33,111
Potter,427 CITY,"Justice, Supreme Court, Place 6",,Bonnie Lee Goldstein,DEM,2,72,41,115
Potter,427 CITY,"Justice, Supreme Court, Place 6",,J. David Roberson,LIB,0,9,4,13
Potter,427 CITY,"Justice, Supreme Court, Place 6",,Under Votes,,1,8,8,17
Potter,427 CITY,"Justice, Supreme Court, Place 6",,Over Votes,,0,0,0,0
Potter,427 CITY,"Presiding Judge, Court of Criminal Appeals",,David J. Schenck,REP,3,81,39,123
Potter,427 CITY,"Presiding Judge, Court of Criminal Appeals",,Holly Taylor,DEM,2,78,43,123
Potter,427 CITY,"Presiding Judge, Court of Criminal Appeals",,Under Votes,,1,5,4,10
Potter,427 CITY,"Presiding Judge, Court of Criminal Appeals",,Over Votes,,0,0,0,0
Potter,427 CITY,"Judge, Court of Criminal Appeals, Place 7",,Gina Parker,REP,3,78,39,120
Potter,427 CITY,"Judge, Court of Criminal Appeals, Place 7",,Nancy Mulder,DEM,2,80,42,124
Potter,427 CITY,"Judge, Court of Criminal Appeals, Place 7",,Under Votes,,1,6,5,12
Potter,427 CITY,"Judge, Court of Criminal Appeals, Place 7",,Over Votes,,0,0,0,0
Potter,427 CITY,"Judge, Court of Criminal Appeals, Place 8",,Lee Finley,REP,4,80,36,120
Potter,427 CITY,"Judge, Court of Criminal Appeals, Place 8",,Chika Anyiam,DEM,1,78,41,120
Potter,427 CITY,"Judge, Court of Criminal Appeals, Place 8",,Under Votes,,1,6,9,16
Potter,427 CITY,"Judge, Court of Criminal Appeals, Place 8",,Over Votes,,0,0,0,0
Potter,427 CITY,"Member, State Board of Education, District 15",,Aaron Kinsey,REP,3,71,32,106
Potter,427 CITY,"Member, State Board of Education, District 15",,Morgan Kirkpatrick,DEM,2,76,44,122
Potter,427 CITY,"Member, State Board of Education, District 15",,Jack B. Westbrook,LIB,0,9,5,14
Potter,427 CITY,"Member, State Board of Education, District 15",,Under Votes,,1,8,5,14
Potter,427 CITY,"Member, State Board of Education, District 15",,Over Votes,,0,0,0,0
Potter,427 CITY,State Representative,87,Caroline Fairly,REP,3,75,40,118
Potter,427 CITY,State Representative,87,Timothy W. Gassaway,DEM,2,79,41,122
Potter,427 CITY,State Representative,87,JEFFREY MCGUNEGLE (W),,0,0,0,0
Potter,427 CITY,State Representative,87,Under Votes,,1,10,5,16
Potter,427 CITY,State Representative,87,Over Votes,,0,0,0,0
Potter,427 CITY,"Justice, 7th Court of Appeals District, Place 2",,Judy Parker,REP,4,115,49,168
Potter,427 CITY,"Justice, 7th Court of Appeals District, Place 2",,Under Votes,,2,49,37,88
Potter,427 CITY,"Justice, 7th Court of Appeals District, Place 2",,Over Votes,,0,0,0,0
Potter,427 CITY,"Justice, 7th Court of Appeals District, Place 3",,Alex Yarbrough,REP,4,109,51,164
Potter,427 CITY,"Justice, 7th Court of Appeals District, Place 3",,Under Votes,,2,55,35,92
Potter,427 CITY,"Justice, 7th Court of Appeals District, Place 3",,Over Votes,,0,0,0,0
Potter,427 CITY,"District Judge, 108th Judicial District",,Tim Pirtle,REP,4,111,50,165
Potter,427 CITY,"District Judge, 108th Judicial District",,Under Votes,,2,53,36,91
Potter,427 CITY,"District Judge, 108th Judicial District",,Over Votes,,0,0,0,0
Potter,427 CITY,"District Attorney, 47th Judicial District",,Jason E. Herring,REP,4,113,51,168
Potter,427 CITY,"District Attorney, 47th Judicial District",,Under Votes,,2,51,35,88
Potter,427 CITY,"District Attorney, 47th Judicial District",,Over Votes,,0,0,0,0
Potter,427 CITY,County Attorney,,Scott Brumley,REP,4,107,53,164
Potter,427 CITY,County Attorney,,Under Votes,,2,57,33,92
Potter,427 CITY,County Attorney,,Over Votes,,0,0,0,0
Potter,427 CITY,Sheriff,,Brian Thomas,REP,4,116,53,173
Potter,427 CITY,Sheriff,,Under Votes,,2,48,33,83
Potter,427 CITY,Sheriff,,Over Votes,,0,0,0,0
Potter,427 CITY,County Tax Assessor-Collector,,Thomas Warren III,REP,4,112,51,167
Potter,427 CITY,County Tax Assessor-Collector,,Under Votes,,2,52,35,89
Potter,427 CITY,County Tax Assessor-Collector,,Over Votes,,0,0,0,0
Potter,427 CITY,"Constable, Precinct 4",,Idella Thomas-Jackson,DEM,4,112,61,177
Potter,427 CITY,"Constable, Precinct 4",,Under Votes,,2,52,25,79
Potter,427 CITY,"Constable, Precinct 4",,Over Votes,,0,0,0,0
Potter,427 CITY,PROPOSITION A,,For,,5,51,34,90
Potter,427 CITY,PROPOSITION A,,Against,,0,99,48,147
Potter,427 CITY,PROPOSITION A,,Under Votes,,1,14,4,19
Potter,427 CITY,PROPOSITION A,,Over Votes,,0,0,0,0
Potter,427 CITY,PROPOSITION B,,For,,5,81,50,136
Potter,427 CITY,PROPOSITION B,,Against,,0,63,24,87
Potter,427 CITY,PROPOSITION B,,Under Votes,,1,20,12,33
Potter,427 CITY,PROPOSITION B,,Over Votes,,0,0,0,0
Potter,427 CITY,PROPOSITION C,,For,,3,43,42,88
Potter,427 CITY,PROPOSITION C,,Against,,2,99,31,132
Potter,427 CITY,PROPOSITION C,,Under Votes,,1,22,13,36
Potter,427 CITY,PROPOSITION C,,Over Votes,,0,0,0,0
Potter,427 CITY,PROPOSITION D,,For,,4,70,46,120
Potter,427 CITY,PROPOSITION D,,Against,,1,69,24,94
Potter,427 CITY,PROPOSITION D,,Under Votes,,1,25,16,42
Potter,427 CITY,PROPOSITION D,,Over Votes,,0,0,0,0
Potter,427 CITY,PROPOSITION E,,For,,4,76,50,130
Potter,427 CITY,PROPOSITION E,,Against,,1,64,17,82
Potter,427 CITY,PROPOSITION E,,Under Votes,,1,24,19,44
Potter,427 CITY,PROPOSITION E,,Over Votes,,0,0,0,0
Potter,321 BISD,Registered Voters,,,,,,,3166
Potter,321 BISD,Ballots Cast,,,,,,,2461
Potter,321 BISD,President,,Donald J. Trump,REP,33,1689,479,2201
Potter,321 BISD,President,,Kamala D. Harris,DEM,22,176,41,239
Potter,321 BISD,President,,Chase Oliver,LIB,0,3,3,6
Potter,321 BISD,President,,Jill Stein,GRN,0,2,1,3
Potter,321 BISD,President,,CHERUNDA FOX/HARLAND MCVAY (W),,0,0,0,0
Potter,321 BISD,President,,CLAUDIA DE LA CRUZ/KARINA GARCIA (W),,0,0,0,0
Potter,321 BISD,President,,CORNEL WEST/MELINA ABDULLAH (W),,0,0,0,0
Potter,321 BISD,President,,JESSIE CUELLAR/WESLEY LASLEY (W),,0,0,0,0
Potter,321 BISD,President,,PETER SONSKI/LAUREN ONAK (W),,0,0,0,0
Potter,321 BISD,President,,SHIVA AYYADURAI/CRYSTAL ELLIS (W),,0,0,0,0
Potter,321 BISD,President,,Under Votes,,0,7,5,12
Potter,321 BISD,President,,Over Votes,,0,0,0,0
Potter,321 BISD,U.S. Senate,,Ted Cruz,REP,36,1676,464,2176
Potter,321 BISD,U.S. Senate,,Colin Allred,DEM,19,178,45,242
Potter,321 BISD,U.S. Senate,,Ted Brown,LIB,0,17,16,33
Potter,321 BISD,U.S. Senate,,ANALISA ROCHE (W),,0,0,0,0
Potter,321 BISD,U.S. Senate,,TRACY ANDRUS (W),,0,1,0,1
Potter,321 BISD,U.S. Senate,,Under Votes,,0,5,4,9
Potter,321 BISD,U.S. Senate,,Over Votes,,0,0,0,0
Potter,321 BISD,U.S. House,13,Ronny Jackson,REP,44,1745,499,2288
Potter,321 BISD,U.S. House,13,Under Votes,,11,132,30,173
Potter,321 BISD,U.S. House,13,Over Votes,,0,0,0,0
Potter,321 BISD,Railroad Commissioner,,Christi Craddick,REP,36,1649,454,2139
Potter,321 BISD,Railroad Commissioner,,Katherine Culbert,DEM,16,143,26,185
Potter,321 BISD,Railroad Commissioner,,Hawk Dunlap,LIB,1,41,24,66
Potter,321 BISD,Railroad Commissioner,,Eddie Espinoza,GRN,1,13,7,21
Potter,321 BISD,Railroad Commissioner,,RICHARD MCKIBBIN (W),,0,0,0,0
Potter,321 BISD,Railroad Commissioner,,Under Votes,,1,31,18,50
Potter,321 BISD,Railroad Commissioner,,Over Votes,,0,0,0,0
Potter,321 BISD,"Justice, Supreme Court, Place 2",,Jimmy Blacklock,REP,35,1700,479,2214
Potter,321 BISD,"Justice, Supreme Court, Place 2",,DaSean Jones,DEM,18,156,35,209
Potter,321 BISD,"Justice, Supreme Court, Place 2",,Under Votes,,2,21,15,38
Potter,321 BISD,"Justice, Supreme Court, Place 2",,Over Votes,,0,0,0,0
Potter,321 BISD,"Justice, Supreme Court, Place 4",,John Devine,REP,35,1690,475,2200
Potter,321 BISD,"Justice, Supreme Court, Place 4",,Christine Vinh Weems,DEM,18,165,40,223
Potter,321 BISD,"Justice, Supreme Court, Place 4",,Under Votes,,2,22,14,38
Potter,321 BISD,"Justice, Supreme Court, Place 4",,Over Votes,,0,0,0,0
Potter,321 BISD,"Justice, Supreme Court, Place 6",,Jane Bland,REP,37,1665,464,2166
Potter,321 BISD,"Justice, Supreme Court, Place 6",,Bonnie Lee Goldstein,DEM,16,152,31,199
Potter,321 BISD,"Justice, Supreme Court, Place 6",,J. David Roberson,LIB,0,39,21,60
Potter,321 BISD,"Justice, Supreme Court, Place 6",,Under Votes,,2,21,13,36
Potter,321 BISD,"Justice, Supreme Court, Place 6",,Over Votes,,0,0,0,0
Potter,321 BISD,"Presiding Judge, Court of Criminal Appeals",,David J. Schenck,REP,37,1690,473,2200
Potter,321 BISD,"Presiding Judge, Court of Criminal Appeals",,Holly Taylor,DEM,16,167,44,227
Potter,321 BISD,"Presiding Judge, Court of Criminal Appeals",,Under Votes,,2,20,12,34
Potter,321 BISD,"Presiding Judge, Court of Criminal Appeals",,Over Votes,,0,0,0,0
Potter,321 BISD,"Judge, Court of Criminal Appeals, Place 7",,Gina Parker,REP,36,1693,475,2204
Potter,321 BISD,"Judge, Court of Criminal Appeals, Place 7",,Nancy Mulder,DEM,17,160,40,217
Potter,321 BISD,"Judge, Court of Criminal Appeals, Place 7",,Under Votes,,2,24,14,40
Potter,321 BISD,"Judge, Court of Criminal Appeals, Place 7",,Over Votes,,0,0,0,0
Potter,321 BISD,"Judge, Court of Criminal Appeals, Place 8",,Lee Finley,REP,37,1691,481,2209
Potter,321 BISD,"Judge, Court of Criminal Appeals, Place 8",,Chika Anyiam,DEM,16,160,31,207
Potter,321 BISD,"Judge, Court of Criminal Appeals, Place 8",,Under Votes,,2,26,17,45
Potter,321 BISD,"Judge, Court of Criminal Appeals, Place 8",,Over Votes,,0,0,0,0
Potter,321 BISD,"Member, State Board of Education, District 15",,Aaron Kinsey,REP,38,1644,456,2138
Potter,321 BISD,"Member, State Board of Education, District 15",,Morgan Kirkpatrick,DEM,16,156,35,207
Potter,321 BISD,"Member, State Board of Education, District 15",,Jack B. Westbrook,LIB,0,48,25,73
Potter,321 BISD,"Member, State Board of Education, District 15",,Under Votes,,1,29,13,43
Potter,321 BISD,"Member, State Board of Education, District 15",,Over Votes,,0,0,0,0
Potter,321 BISD,State Representative,87,Caroline Fairly,REP,34,1665,480,2179
Potter,321 BISD,State Representative,87,Timothy W. Gassaway,DEM,19,168,36,223
Potter,321 BISD,State Representative,87,JEFFREY MCGUNEGLE (W),,0,0,0,0
Potter,321 BISD,State Representative,87,Under Votes,,2,44,13,59
Potter,321 BISD,State Representative,87,Over Votes,,0,0,0,0
Potter,321 BISD,"Justice, 7th Court of Appeals District, Place 2",,Judy Parker,REP,46,1748,495,2289
Potter,321 BISD,"Justice, 7th Court of Appeals District, Place 2",,Under Votes,,9,129,34,172
Potter,321 BISD,"Justice, 7th Court of Appeals District, Place 2",,Over Votes,,0,0,0,0
Potter,321 BISD,"Justice, 7th Court of Appeals District, Place 3",,Alex Yarbrough,REP,45,1744,497,2286
Potter,321 BISD,"Justice, 7th Court of Appeals District, Place 3",,Under Votes,,10,133,32,175
Potter,321 BISD,"Justice, 7th Court of Appeals District, Place 3",,Over Votes,,0,0,0,0
Potter,321 BISD,"District Judge, 108th Judicial District",,Tim Pirtle,REP,47,1744,494,2285
Potter,321 BISD,"District Judge, 108th Judicial District",,Under Votes,,8,133,35,176
Potter,321 BISD,"District Judge, 108th Judicial District",,Over Votes,,0,0,0,0
Potter,321 BISD,"District Attorney, 47th Judicial District",,Jason E. Herring,REP,45,1731,493,2269
Potter,321 BISD,"District Attorney, 47th Judicial District",,Under Votes,,10,146,36,192
Potter,321 BISD,"District Attorney, 47th Judicial District",,Over Votes,,0,0,0,0
Potter,321 BISD,County Attorney,,Scott Brumley,REP,45,1735,493,2273
Potter,321 BISD,County Attorney,,Under Votes,,10,142,36,188
Potter,321 BISD,County Attorney,,Over Votes,,0,0,0,0
Potter,321 BISD,Sheriff,,Brian Thomas,REP,45,1757,500,2302
Potter,321 BISD,Sheriff,,Under Votes,,10,120,29,159
Potter,321 BISD,Sheriff,,Over Votes,,0,0,0,0
Potter,321 BISD,County Tax Assessor-Collector,,Thomas Warren III,REP,45,1719,491,2255
Potter,321 BISD,County Tax Assessor-Collector,,Under Votes,,10,158,38,206
Potter,321 BISD,County Tax Assessor-Collector,,Over Votes,,0,0,0,0
Potter,321 BISD,"County Commissioner, Precinct 3",,John Coffee,REP,46,1734,493,2273
Potter,321 BISD,"County Commissioner, Precinct 3",,Under Votes,,9,143,36,188
Potter,321 BISD,"County Commissioner, Precinct 3",,Over Votes,,0,0,0,0
Potter,321 BISD,"Constable, Precinct 3",,Dennis Green,REP,45,1728,495,2268
Potter,321 BISD,"Constable, Precinct 3",,Under Votes,,10,149,34,193
Potter,321 BISD,"Constable, Precinct 3",,Over Votes,,0,0,0,0
Potter,321 BISD,PROPOSITION A,,FOR,,28,804,270,1102
Potter,321 BISD,PROPOSITION A,,AGAINST,,23,1033,251,1307
Potter,321 BISD,PROPOSITION A,,Under Votes,,4,40,8,52
Potter,321 BISD,PROPOSITION A,,Over Votes,,0,0,0,0
Potter,322 BISD,Registered Voters,,,,,,,231
Potter,322 BISD,Ballots Cast,,,,,,,176
Potter,322 BISD,President,,Donald J. Trump,REP,6,66,82,154
Potter,322 BISD,President,,Kamala D. Harris,DEM,0,7,13,20
Potter,322 BISD,President,,Chase Oliver,LIB,0,1,0,1
Potter,322 BISD,President,,Jill Stein,GRN,0,0,1,1
Potter,322 BISD,President,,CHERUNDA FOX/HARLAND MCVAY (W),,0,0,0,0
Potter,322 BISD,President,,CLAUDIA DE LA CRUZ/KARINA GARCIA (W),,0,0,0,0
Potter,322 BISD,President,,CORNEL WEST/MELINA ABDULLAH (W),,0,0,0,0
Potter,322 BISD,President,,JESSIE CUELLAR/WESLEY LASLEY (W),,0,0,0,0
Potter,322 BISD,President,,PETER SONSKI/LAUREN ONAK (W),,0,0,0,0
Potter,322 BISD,President,,SHIVA AYYADURAI/CRYSTAL ELLIS (W),,0,0,0,0
Potter,322 BISD,President,,Under Votes,,0,0,0,0
Potter,322 BISD,President,,Over Votes,,0,0,0,0
Potter,322 BISD,U.S. Senate,,Ted Cruz,REP,6,66,79,151
Potter,322 BISD,U.S. Senate,,Colin Allred,DEM,0,7,15,22
Potter,322 BISD,U.S. Senate,,Ted Brown,LIB,0,0,2,2
Potter,322 BISD,U.S. Senate,,ANALISA ROCHE (W),,0,0,0,0
Potter,322 BISD,U.S. Senate,,TRACY ANDRUS (W),,0,0,0,0
Potter,322 BISD,U.S. Senate,,Under Votes,,0,1,0,1
Potter,322 BISD,U.S. Senate,,Over Votes,,0,0,0,0
Potter,322 BISD,U.S. House,13,Ronny Jackson,REP,6,68,86,160
Potter,322 BISD,U.S. House,13,Under Votes,,0,6,10,16
Potter,322 BISD,U.S. House,13,Over Votes,,0,0,0,0
Potter,322 BISD,Railroad Commissioner,,Christi Craddick,REP,6,56,74,136
Potter,322 BISD,Railroad Commissioner,,Katherine Culbert,DEM,0,7,11,18
Potter,322 BISD,Railroad Commissioner,,Hawk Dunlap,LIB,0,7,6,13
Potter,322 BISD,Railroad Commissioner,,Eddie Espinoza,GRN,0,1,3,4
Potter,322 BISD,Railroad Commissioner,,RICHARD MCKIBBIN (W),,0,1,0,1
Potter,322 BISD,Railroad Commissioner,,Under Votes,,0,2,2,4
Potter,322 BISD,Railroad Commissioner,,Over Votes,,0,0,0,0
Potter,322 BISD,"Justice, Supreme Court, Place 2",,Jimmy Blacklock,REP,6,66,84,156
Potter,322 BISD,"Justice, Supreme Court, Place 2",,DaSean Jones,DEM,0,6,10,16
Potter,322 BISD,"Justice, Supreme Court, Place 2",,Under Votes,,0,2,2,4
Potter,322 BISD,"Justice, Supreme Court, Place 2",,Over Votes,,0,0,0,0
Potter,322 BISD,"Justice, Supreme Court, Place 4",,John Devine,REP,6,65,82,153
Potter,322 BISD,"Justice, Supreme Court, Place 4",,Christine Vinh Weems,DEM,0,7,12,19
Potter,322 BISD,"Justice, Supreme Court, Place 4",,Under Votes,,0,2,2,4
Potter,322 BISD,"Justice, Supreme Court, Place 4",,Over Votes,,0,0,0,0
Potter,322 BISD,"Justice, Supreme Court, Place 6",,Jane Bland,REP,6,59,78,143
Potter,322 BISD,"Justice, Supreme Court, Place 6",,Bonnie Lee Goldstein,DEM,0,7,12,19
Potter,322 BISD,"Justice, Supreme Court, Place 6",,J. David Roberson,LIB,0,5,4,9
Potter,322 BISD,"Justice, Supreme Court, Place 6",,Under Votes,,0,3,2,5
Potter,322 BISD,"Justice, Supreme Court, Place 6",,Over Votes,,0,0,0,0
Potter,322 BISD,"Presiding Judge, Court of Criminal Appeals",,David J. Schenck,REP,6,66,82,154
Potter,322 BISD,"Presiding Judge, Court of Criminal Appeals",,Holly Taylor,DEM,0,6,12,18
Potter,322 BISD,"Presiding Judge, Court of Criminal Appeals",,Under Votes,,0,2,2,4
Potter,322 BISD,"Presiding Judge, Court of Criminal Appeals",,Over Votes,,0,0,0,0
Potter,322 BISD,"Judge, Court of Criminal Appeals, Place 7",,Gina Parker,REP,6,65,80,151
Potter,322 BISD,"Judge, Court of Criminal Appeals, Place 7",,Nancy Mulder,DEM,0,7,12,19
Potter,322 BISD,"Judge, Court of Criminal Appeals, Place 7",,Under Votes,,0,2,4,6
Potter,322 BISD,"Judge, Court of Criminal Appeals, Place 7",,Over Votes,,0,0,0,0
Potter,322 BISD,"Judge, Court of Criminal Appeals, Place 8",,Lee Finley,REP,6,66,83,155
Potter,322 BISD,"Judge, Court of Criminal Appeals, Place 8",,Chika Anyiam,DEM,0,6,10,16
Potter,322 BISD,"Judge, Court of Criminal Appeals, Place 8",,Under Votes,,0,2,3,5
Potter,322 BISD,"Judge, Court of Criminal Appeals, Place 8",,Over Votes,,0,0,0,0
Potter,322 BISD,"Member, State Board of Education, District 15",,Aaron Kinsey,REP,6,59,78,143
Potter,322 BISD,"Member, State Board of Education, District 15",,Morgan Kirkpatrick,DEM,0,5,12,17
Potter,322 BISD,"Member, State Board of Education, District 15",,Jack B. Westbrook,LIB,0,8,4,12
Potter,322 BISD,"Member, State Board of Education, District 15",,Under Votes,,0,2,2,4
Potter,322 BISD,"Member, State Board of Education, District 15",,Over Votes,,0,0,0,0
Potter,322 BISD,State Representative,87,Caroline Fairly,REP,6,64,79,149
Potter,322 BISD,State Representative,87,Timothy W. Gassaway,DEM,0,7,14,21
Potter,322 BISD,State Representative,87,JEFFREY MCGUNEGLE (W),,0,0,0,0
Potter,322 BISD,State Representative,87,Under Votes,,0,3,3,6
Potter,322 BISD,State Representative,87,Over Votes,,0,0,0,0
Potter,322 BISD,"Justice, 7th Court of Appeals District, Place 2",,Judy Parker,REP,6,68,87,161
Potter,322 BISD,"Justice, 7th Court of Appeals District, Place 2",,Under Votes,,0,6,9,15
Potter,322 BISD,"Justice, 7th Court of Appeals District, Place 2",,Over Votes,,0,0,0,0
Potter,322 BISD,"Justice, 7th Court of Appeals District, Place 3",,Alex Yarbrough,REP,6,66,87,159
Potter,322 BISD,"Justice, 7th Court of Appeals District, Place 3",,Under Votes,,0,8,9,17
Potter,322 BISD,"Justice, 7th Court of Appeals District, Place 3",,Over Votes,,0,0,0,0
Potter,322 BISD,"District Judge, 108th Judicial District",,Tim Pirtle,REP,6,66,86,158
Potter,322 BISD,"District Judge, 108th Judicial District",,Under Votes,,0,8,10,18
Potter,322 BISD,"District Judge, 108th Judicial District",,Over Votes,,0,0,0,0
Potter,322 BISD,"District Attorney, 47th Judicial District",,Jason E. Herring,REP,6,65,86,157
Potter,322 BISD,"District Attorney, 47th Judicial District",,Under Votes,,0,9,10,19
Potter,322 BISD,"District Attorney, 47th Judicial District",,Over Votes,,0,0,0,0
Potter,322 BISD,County Attorney,,Scott Brumley,REP,5,66,86,157
Potter,322 BISD,County Attorney,,Under Votes,,1,8,10,19
Potter,322 BISD,County Attorney,,Over Votes,,0,0,0,0
Potter,322 BISD,Sheriff,,Brian Thomas,REP,6,67,88,161
Potter,322 BISD,Sheriff,,Under Votes,,0,7,8,15
Potter,322 BISD,Sheriff,,Over Votes,,0,0,0,0
Potter,322 BISD,County Tax Assessor-Collector,,Thomas Warren III,REP,6,65,86,157
Potter,322 BISD,County Tax Assessor-Collector,,Under Votes,,0,9,10,19
Potter,322 BISD,County Tax Assessor-Collector,,Over Votes,,0,0,0,0
Potter,322 BISD,"County Commissioner, Precinct 3",,John Coffee,REP,6,67,89,162
Potter,322 BISD,"County Commissioner, Precinct 3",,Under Votes,,0,7,7,14
Potter,322 BISD,"County Commissioner, Precinct 3",,Over Votes,,0,0,0,0
Potter,322 BISD,"Constable, Precinct 3",,Dennis Green,REP,6,66,87,159
Potter,322 BISD,"Constable, Precinct 3",,Under Votes,,0,8,9,17
Potter,322 BISD,"Constable, Precinct 3",,Over Votes,,0,0,0,0
Potter,322 BISD,PROPOSITION A,,FOR,,0,16,23,39
Potter,322 BISD,PROPOSITION A,,AGAINST,,6,53,70,129
Potter,322 BISD,PROPOSITION A,,Under Votes,,0,5,3,8
Potter,322 BISD,PROPOSITION A,,Over Votes,,0,0,0,0
Potter,323 BISD,Registered Voters,,,,,,,287
Potter,323 BISD,Ballots Cast,,,,,,,202
Potter,323 BISD,President,,Donald J. Trump,REP,4,131,51,186
Potter,323 BISD,President,,Kamala D. Harris,DEM,0,13,3,16
Potter,323 BISD,President,,Chase Oliver,LIB,0,0,0,0
Potter,323 BISD,President,,Jill Stein,GRN,0,0,0,0
Potter,323 BISD,President,,CHERUNDA FOX/HARLAND MCVAY (W),,0,0,0,0
Potter,323 BISD,President,,CLAUDIA DE LA CRUZ/KARINA GARCIA (W),,0,0,0,0
Potter,323 BISD,President,,CORNEL WEST/MELINA ABDULLAH (W),,0,0,0,0
Potter,323 BISD,President,,JESSIE CUELLAR/WESLEY LASLEY (W),,0,0,0,0
Potter,323 BISD,President,,PETER SONSKI/LAUREN ONAK (W),,0,0,0,0
Potter,323 BISD,President,,SHIVA AYYADURAI/CRYSTAL ELLIS (W),,0,0,0,0
Potter,323 BISD,President,,Under Votes,,0,0,0,0
Potter,323 BISD,President,,Over Votes,,0,0,0,0
Potter,323 BISD,U.S. Senate,,Ted Cruz,REP,4,127,49,180
Potter,323 BISD,U.S. Senate,,Colin Allred,DEM,0,14,4,18
Potter,323 BISD,U.S. Senate,,Ted Brown,LIB,0,2,0,2
Potter,323 BISD,U.S. Senate,,ANALISA ROCHE (W),,0,0,0,0
Potter,323 BISD,U.S. Senate,,TRACY ANDRUS (W),,0,0,0,0
Potter,323 BISD,U.S. Senate,,Under Votes,,0,1,1,2
Potter,323 BISD,U.S. Senate,,Over Votes,,0,0,0,0
Potter,323 BISD,U.S. House,13,Ronny Jackson,REP,4,132,50,186
Potter,323 BISD,U.S. House,13,Under Votes,,0,12,4,16
Potter,323 BISD,U.S. House,13,Over Votes,,0,0,0,0
Potter,323 BISD,Railroad Commissioner,,Christi Craddick,REP,4,124,49,177
Potter,323 BISD,Railroad Commissioner,,Katherine Culbert,DEM,0,8,1,9
Potter,323 BISD,Railroad Commissioner,,Hawk Dunlap,LIB,0,7,1,8
Potter,323 BISD,Railroad Commissioner,,Eddie Espinoza,GRN,0,0,0,0
Potter,323 BISD,Railroad Commissioner,,RICHARD MCKIBBIN (W),,0,0,0,0
Potter,323 BISD,Railroad Commissioner,,Under Votes,,0,5,3,8
Potter,323 BISD,Railroad Commissioner,,Over Votes,,0,0,0,0
Potter,323 BISD,"Justice, Supreme Court, Place 2",,Jimmy Blacklock,REP,4,129,49,182
Potter,323 BISD,"Justice, Supreme Court, Place 2",,DaSean Jones,DEM,0,11,1,12
Potter,323 BISD,"Justice, Supreme Court, Place 2",,Under Votes,,0,4,4,8
Potter,323 BISD,"Justice, Supreme Court, Place 2",,Over Votes,,0,0,0,0
Potter,323 BISD,"Justice, Supreme Court, Place 4",,John Devine,REP,3,132,49,184
Potter,323 BISD,"Justice, Supreme Court, Place 4",,Christine Vinh Weems,DEM,0,8,1,9
Potter,323 BISD,"Justice, Supreme Court, Place 4",,Under Votes,,1,4,4,9
Potter,323 BISD,"Justice, Supreme Court, Place 4",,Over Votes,,0,0,0,0
Potter,323 BISD,"Justice, Supreme Court, Place 6",,Jane Bland,REP,4,124,46,174
Potter,323 BISD,"Justice, Supreme Court, Place 6",,Bonnie Lee Goldstein,DEM,0,9,3,12
Potter,323 BISD,"Justice, Supreme Court, Place 6",,J. David Roberson,LIB,0,7,1,8
Potter,323 BISD,"Justice, Supreme Court, Place 6",,Under Votes,,0,4,4,8
Potter,323 BISD,"Justice, Supreme Court, Place 6",,Over Votes,,0,0,0,0
Potter,323 BISD,"Presiding Judge, Court of Criminal Appeals",,David J. Schenck,REP,4,129,49,182
Potter,323 BISD,"Presiding Judge, Court of Criminal Appeals",,Holly Taylor,DEM,0,9,1,10
Potter,323 BISD,"Presiding Judge, Court of Criminal Appeals",,Under Votes,,0,6,4,10
Potter,323 BISD,"Presiding Judge, Court of Criminal Appeals",,Over Votes,,0,0,0,0
Potter,323 BISD,"Judge, Court of Criminal Appeals, Place 7",,Gina Parker,REP,4,131,47,182
Potter,323 BISD,"Judge, Court of Criminal Appeals, Place 7",,Nancy Mulder,DEM,0,8,3,11
Potter,323 BISD,"Judge, Court of Criminal Appeals, Place 7",,Under Votes,,0,5,4,9
Potter,323 BISD,"Judge, Court of Criminal Appeals, Place 7",,Over Votes,,0,0,0,0
Potter,323 BISD,"Judge, Court of Criminal Appeals, Place 8",,Lee Finley,REP,4,131,47,182
Potter,323 BISD,"Judge, Court of Criminal Appeals, Place 8",,Chika Anyiam,DEM,0,8,3,11
Potter,323 BISD,"Judge, Court of Criminal Appeals, Place 8",,Under Votes,,0,5,4,9
Potter,323 BISD,"Judge, Court of Criminal Appeals, Place 8",,Over Votes,,0,0,0,0
Potter,323 BISD,"Member, State Board of Education, District 15",,Aaron Kinsey,REP,4,124,47,175
Potter,323 BISD,"Member, State Board of Education, District 15",,Morgan Kirkpatrick,DEM,0,9,1,10
Potter,323 BISD,"Member, State Board of Education, District 15",,Jack B. Westbrook,LIB,0,8,2,10
Potter,323 BISD,"Member, State Board of Education, District 15",,Under Votes,,0,3,4,7
Potter,323 BISD,"Member, State Board of Education, District 15",,Over Votes,,0,0,0,0
Potter,323 BISD,State Representative,87,Caroline Fairly,REP,4,130,48,182
Potter,323 BISD,State Representative,87,Timothy W. Gassaway,DEM,0,12,1,13
Potter,323 BISD,State Representative,87,JEFFREY MCGUNEGLE (W),,0,0,0,0
Potter,323 BISD,State Representative,87,Under Votes,,0,2,5,7
Potter,323 BISD,State Representative,87,Over Votes,,0,0,0,0
Potter,323 BISD,"Justice, 7th Court of Appeals District, Place 2",,Judy Parker,REP,4,135,50,189
Potter,323 BISD,"Justice, 7th Court of Appeals District, Place 2",,Under Votes,,0,9,4,13
Potter,323 BISD,"Justice, 7th Court of Appeals District, Place 2",,Over Votes,,0,0,0,0
Potter,323 BISD,"Justice, 7th Court of Appeals District, Place 3",,Alex Yarbrough,REP,4,135,50,189
Potter,323 BISD,"Justice, 7th Court of Appeals District, Place 3",,Under Votes,,0,9,4,13
Potter,323 BISD,"Justice, 7th Court of Appeals District, Place 3",,Over Votes,,0,0,0,0
Potter,323 BISD,"District Judge, 108th Judicial District",,Tim Pirtle,REP,4,133,50,187
Potter,323 BISD,"District Judge, 108th Judicial District",,Under Votes,,0,11,4,15
Potter,323 BISD,"District Judge, 108th Judicial District",,Over Votes,,0,0,0,0
Potter,323 BISD,"District Attorney, 47th Judicial District",,Jason E. Herring,REP,4,132,50,186
Potter,323 BISD,"District Attorney, 47th Judicial District",,Under Votes,,0,12,4,16
Potter,323 BISD,"District Attorney, 47th Judicial District",,Over Votes,,0,0,0,0
Potter,323 BISD,County Attorney,,Scott Brumley,REP,4,132,50,186
Potter,323 BISD,County Attorney,,Under Votes,,0,12,4,16
Potter,323 BISD,County Attorney,,Over Votes,,0,0,0,0
Potter,323 BISD,Sheriff,,Brian Thomas,REP,4,135,49,188
Potter,323 BISD,Sheriff,,Under Votes,,0,9,5,14
Potter,323 BISD,Sheriff,,Over Votes,,0,0,0,0
Potter,323 BISD,County Tax Assessor-Collector,,Thomas Warren III,REP,4,134,50,188
Potter,323 BISD,County Tax Assessor-Collector,,Under Votes,,0,10,4,14
Potter,323 BISD,County Tax Assessor-Collector,,Over Votes,,0,0,0,0
Potter,323 BISD,"County Commissioner, Precinct 3",,John Coffee,REP,4,134,50,188
Potter,323 BISD,"County Commissioner, Precinct 3",,Under Votes,,0,10,4,14
Potter,323 BISD,"County Commissioner, Precinct 3",,Over Votes,,0,0,0,0
Potter,323 BISD,"Constable, Precinct 3",,Dennis Green,REP,4,133,50,187
Potter,323 BISD,"Constable, Precinct 3",,Under Votes,,0,11,4,15
Potter,323 BISD,"Constable, Precinct 3",,Over Votes,,0,0,0,0
Potter,323 BISD,PROPOSITION A,,FOR,,0,48,11,59
Potter,323 BISD,PROPOSITION A,,AGAINST,,3,90,41,134
Potter,323 BISD,PROPOSITION A,,Under Votes,,1,6,2,9
Potter,323 BISD,PROPOSITION A,,Over Votes,,0,0,0,0
Potter,324 BISD,Registered Voters,,,,,,,775
Potter,324 BISD,Ballots Cast,,,,,,,580
Potter,324 BISD,President,,Donald J. Trump,REP,19,404,67,490
Potter,324 BISD,President,,Kamala D. Harris,DEM,10,60,12,82
Potter,324 BISD,President,,Chase Oliver,LIB,0,3,0,3
Potter,324 BISD,President,,Jill Stein,GRN,0,2,0,2
Potter,324 BISD,President,,CHERUNDA FOX/HARLAND MCVAY (W),,0,0,0,0
Potter,324 BISD,President,,CLAUDIA DE LA CRUZ/KARINA GARCIA (W),,0,0,0,0
Potter,324 BISD,President,,CORNEL WEST/MELINA ABDULLAH (W),,0,0,0,0
Potter,324 BISD,President,,JESSIE CUELLAR/WESLEY LASLEY (W),,0,0,0,0
Potter,324 BISD,President,,PETER SONSKI/LAUREN ONAK (W),,0,0,0,0
Potter,324 BISD,President,,SHIVA AYYADURAI/CRYSTAL ELLIS (W),,0,0,0,0
Potter,324 BISD,President,,Under Votes,,0,3,0,3
Potter,324 BISD,President,,Over Votes,,0,0,0,0
Potter,324 BISD,U.S. Senate,,Ted Cruz,REP,19,402,66,487
Potter,324 BISD,U.S. Senate,,Colin Allred,DEM,10,61,10,81
Potter,324 BISD,U.S. Senate,,Ted Brown,LIB,0,5,2,7
Potter,324 BISD,U.S. Senate,,ANALISA ROCHE (W),,0,0,0,0
Potter,324 BISD,U.S. Senate,,TRACY ANDRUS (W),,0,0,0,0
Potter,324 BISD,U.S. Senate,,Under Votes,,0,4,1,5
Potter,324 BISD,U.S. Senate,,Over Votes,,0,0,0,0
Potter,324 BISD,U.S. House,13,Ronny Jackson,REP,23,422,75,520
Potter,324 BISD,U.S. House,13,Under Votes,,6,50,4,60
Potter,324 BISD,U.S. House,13,Over Votes,,0,0,0,0
Potter,324 BISD,Railroad Commissioner,,Christi Craddick,REP,19,407,68,494
Potter,324 BISD,Railroad Commissioner,,Katherine Culbert,DEM,8,45,6,59
Potter,324 BISD,Railroad Commissioner,,Hawk Dunlap,LIB,0,5,2,7
Potter,324 BISD,Railroad Commissioner,,Eddie Espinoza,GRN,0,4,0,4
Potter,324 BISD,Railroad Commissioner,,RICHARD MCKIBBIN (W),,0,0,0,0
Potter,324 BISD,Railroad Commissioner,,Under Votes,,2,11,3,16
Potter,324 BISD,Railroad Commissioner,,Over Votes,,0,0,0,0
Potter,324 BISD,"Justice, Supreme Court, Place 2",,Jimmy Blacklock,REP,19,415,68,502
Potter,324 BISD,"Justice, Supreme Court, Place 2",,DaSean Jones,DEM,8,45,9,62
Potter,324 BISD,"Justice, Supreme Court, Place 2",,Under Votes,,2,12,2,16
Potter,324 BISD,"Justice, Supreme Court, Place 2",,Over Votes,,0,0,0,0
Potter,324 BISD,"Justice, Supreme Court, Place 4",,John Devine,REP,19,410,68,497
Potter,324 BISD,"Justice, Supreme Court, Place 4",,Christine Vinh Weems,DEM,8,52,9,69
Potter,324 BISD,"Justice, Supreme Court, Place 4",,Under Votes,,2,10,2,14
Potter,324 BISD,"Justice, Supreme Court, Place 4",,Over Votes,,0,0,0,0
Potter,324 BISD,"Justice, Supreme Court, Place 6",,Jane Bland,REP,18,404,66,488
Potter,324 BISD,"Justice, Supreme Court, Place 6",,Bonnie Lee Goldstein,DEM,9,49,6,64
Potter,324 BISD,"Justice, Supreme Court, Place 6",,J. David Roberson,LIB,0,9,5,14
Potter,324 BISD,"Justice, Supreme Court, Place 6",,Under Votes,,2,10,2,14
Potter,324 BISD,"Justice, Supreme Court, Place 6",,Over Votes,,0,0,0,0
Potter,324 BISD,"Presiding Judge, Court of Criminal Appeals",,David J. Schenck,REP,19,415,71,505
Potter,324 BISD,"Presiding Judge, Court of Criminal Appeals",,Holly Taylor,DEM,8,49,6,63
Potter,324 BISD,"Presiding Judge, Court of Criminal Appeals",,Under Votes,,2,8,2,12
Potter,324 BISD,"Presiding Judge, Court of Criminal Appeals",,Over Votes,,0,0,0,0
Potter,324 BISD,"Judge, Court of Criminal Appeals, Place 7",,Gina Parker,REP,19,409,69,497
Potter,324 BISD,"Judge, Court of Criminal Appeals, Place 7",,Nancy Mulder,DEM,7,54,7,68
Potter,324 BISD,"Judge, Court of Criminal Appeals, Place 7",,Under Votes,,3,9,3,15
Potter,324 BISD,"Judge, Court of Criminal Appeals, Place 7",,Over Votes,,0,0,0,0
Potter,324 BISD,"Judge, Court of Criminal Appeals, Place 8",,Lee Finley,REP,19,411,70,500
Potter,324 BISD,"Judge, Court of Criminal Appeals, Place 8",,Chika Anyiam,DEM,8,46,6,60
Potter,324 BISD,"Judge, Court of Criminal Appeals, Place 8",,Under Votes,,2,15,3,20
Potter,324 BISD,"Judge, Court of Criminal Appeals, Place 8",,Over Votes,,0,0,0,0
Potter,324 BISD,"Member, State Board of Education, District 15",,Aaron Kinsey,REP,19,391,64,474
Potter,324 BISD,"Member, State Board of Education, District 15",,Morgan Kirkpatrick,DEM,8,57,7,72
Potter,324 BISD,"Member, State Board of Education, District 15",,Jack B. Westbrook,LIB,0,12,4,16
Potter,324 BISD,"Member, State Board of Education, District 15",,Under Votes,,2,12,4,18
Potter,324 BISD,"Member, State Board of Education, District 15",,Over Votes,,0,0,0,0
Potter,324 BISD,State Representative,87,Caroline Fairly,REP,19,408,70,497
Potter,324 BISD,State Representative,87,Timothy W. Gassaway,DEM,8,50,7,65
Potter,324 BISD,State Representative,87,JEFFREY MCGUNEGLE (W),,0,0,0,0
Potter,324 BISD,State Representative,87,Under Votes,,2,14,2,18
Potter,324 BISD,State Representative,87,Over Votes,,0,0,0,0
Potter,324 BISD,"Justice, 7th Court of Appeals District, Place 2",,Judy Parker,REP,22,415,74,511
Potter,324 BISD,"Justice, 7th Court of Appeals District, Place 2",,Under Votes,,7,57,5,69
Potter,324 BISD,"Justice, 7th Court of Appeals District, Place 2",,Over Votes,,0,0,0,0
Potter,324 BISD,"Justice, 7th Court of Appeals District, Place 3",,Alex Yarbrough,REP,23,421,72,516
Potter,324 BISD,"Justice, 7th Court of Appeals District, Place 3",,Under Votes,,6,51,7,64
Potter,324 BISD,"Justice, 7th Court of Appeals District, Place 3",,Over Votes,,0,0,0,0
Potter,324 BISD,"District Judge, 108th Judicial District",,Tim Pirtle,REP,23,423,73,519
Potter,324 BISD,"District Judge, 108th Judicial District",,Under Votes,,6,49,6,61
Potter,324 BISD,"District Judge, 108th Judicial District",,Over Votes,,0,0,0,0
Potter,324 BISD,"District Attorney, 47th Judicial District",,Jason E. Herring,REP,23,422,71,516
Potter,324 BISD,"District Attorney, 47th Judicial District",,Under Votes,,6,50,8,64
Potter,324 BISD,"District Attorney, 47th Judicial District",,Over Votes,,0,0,0,0
Potter,324 BISD,County Attorney,,Scott Brumley,REP,23,418,73,514
Potter,324 BISD,County Attorney,,Under Votes,,6,54,6,66
Potter,324 BISD,County Attorney,,Over Votes,,0,0,0,0
Potter,324 BISD,Sheriff,,Brian Thomas,REP,23,427,75,525
Potter,324 BISD,Sheriff,,Under Votes,,6,45,4,55
Potter,324 BISD,Sheriff,,Over Votes,,0,0,0,0
Potter,324 BISD,County Tax Assessor-Collector,,Thomas Warren III,REP,23,422,73,518
Potter,324 BISD,County Tax Assessor-Collector,,Under Votes,,6,50,6,62
Potter,324 BISD,County Tax Assessor-Collector,,Over Votes,,0,0,0,0
Potter,324 BISD,"County Commissioner, Precinct 3",,John Coffee,REP,23,421,73,517
Potter,324 BISD,"County Commissioner, Precinct 3",,Under Votes,,6,51,6,63
Potter,324 BISD,"County Commissioner, Precinct 3",,Over Votes,,0,0,0,0
Potter,324 BISD,"Constable, Precinct 3",,Dennis Green,REP,22,419,73,514
Potter,324 BISD,"Constable, Precinct 3",,Under Votes,,7,53,6,66
Potter,324 BISD,"Constable, Precinct 3",,Over Votes,,0,0,0,0
Potter,324 BISD,PROPOSITION A,,FOR,,12,153,17,182
Potter,324 BISD,PROPOSITION A,,AGAINST,,14,293,57,364
Potter,324 BISD,PROPOSITION A,,Under Votes,,3,26,5,34
Potter,324 BISD,PROPOSITION A,,Over Votes,,0,0,0,0
Potter,326 BISD,Registered Voters,,,,,,,13
Potter,326 BISD,Ballots Cast,,,,,,,11
Potter,326 BISD,President,,Donald J. Trump,REP,2,5,2,9
Potter,326 BISD,President,,Kamala D. Harris,DEM,1,0,0,1
Potter,326 BISD,President,,Chase Oliver,LIB,0,0,0,0
Potter,326 BISD,President,,Jill Stein,GRN,0,0,0,0
Potter,326 BISD,President,,CHERUNDA FOX/HARLAND MCVAY (W),,0,0,0,0
Potter,326 BISD,President,,CLAUDIA DE LA CRUZ/KARINA GARCIA (W),,0,0,0,0
Potter,326 BISD,President,,CORNEL WEST/MELINA ABDULLAH (W),,0,0,0,0
Potter,326 BISD,President,,JESSIE CUELLAR/WESLEY LASLEY (W),,0,0,0,0
Potter,326 BISD,President,,PETER SONSKI/LAUREN ONAK (W),,0,0,0,0
Potter,326 BISD,President,,SHIVA AYYADURAI/CRYSTAL ELLIS (W),,0,0,0,0
Potter,326 BISD,President,,Under Votes,,0,1,0,1
Potter,326 BISD,President,,Over Votes,,0,0,0,0
Potter,326 BISD,U.S. Senate,,Ted Cruz,REP,3,5,2,10
Potter,326 BISD,U.S. Senate,,Colin Allred,DEM,0,0,0,0
Potter,326 BISD,U.S. Senate,,Ted Brown,LIB,0,1,0,1
Potter,326 BISD,U.S. Senate,,ANALISA ROCHE (W),,0,0,0,0
Potter,326 BISD,U.S. Senate,,TRACY ANDRUS (W),,0,0,0,0
Potter,326 BISD,U.S. Senate,,Under Votes,,0,0,0,0
Potter,326 BISD,U.S. Senate,,Over Votes,,0,0,0,0
Potter,326 BISD,U.S. House,13,Ronny Jackson,REP,2,5,2,9
Potter,326 BISD,U.S. House,13,Under Votes,,1,1,0,2
Potter,326 BISD,U.S. House,13,Over Votes,,0,0,0,0
Potter,326 BISD,Railroad Commissioner,,Christi Craddick,REP,3,5,2,10
Potter,326 BISD,Railroad Commissioner,,Katherine Culbert,DEM,0,0,0,0
Potter,326 BISD,Railroad Commissioner,,Hawk Dunlap,LIB,0,1,0,1
Potter,326 BISD,Railroad Commissioner,,Eddie Espinoza,GRN,0,0,0,0
Potter,326 BISD,Railroad Commissioner,,RICHARD MCKIBBIN (W),,0,0,0,0
Potter,326 BISD,Railroad Commissioner,,Under Votes,,0,0,0,0
Potter,326 BISD,Railroad Commissioner,,Over Votes,,0,0,0,0
Potter,326 BISD,"Justice, Supreme Court, Place 2",,Jimmy Blacklock,REP,3,5,2,10
Potter,326 BISD,"Justice, Supreme Court, Place 2",,DaSean Jones,DEM,0,1,0,1
Potter,326 BISD,"Justice, Supreme Court, Place 2",,Under Votes,,0,0,0,0
Potter,326 BISD,"Justice, Supreme Court, Place 2",,Over Votes,,0,0,0,0
Potter,326 BISD,"Justice, Supreme Court, Place 4",,John Devine,REP,3,5,2,10
Potter,326 BISD,"Justice, Supreme Court, Place 4",,Christine Vinh Weems,DEM,0,1,0,1
Potter,326 BISD,"Justice, Supreme Court, Place 4",,Under Votes,,0,0,0,0
Potter,326 BISD,"Justice, Supreme Court, Place 4",,Over Votes,,0,0,0,0
Potter,326 BISD,"Justice, Supreme Court, Place 6",,Jane Bland,REP,3,5,2,10
Potter,326 BISD,"Justice, Supreme Court, Place 6",,Bonnie Lee Goldstein,DEM,0,1,0,1
Potter,326 BISD,"Justice, Supreme Court, Place 6",,J. David Roberson,LIB,0,0,0,0
Potter,326 BISD,"Justice, Supreme Court, Place 6",,Under Votes,,0,0,0,0
Potter,326 BISD,"Justice, Supreme Court, Place 6",,Over Votes,,0,0,0,0
Potter,326 BISD,"Presiding Judge, Court of Criminal Appeals",,David J. Schenck,REP,3,5,2,10
Potter,326 BISD,"Presiding Judge, Court of Criminal Appeals",,Holly Taylor,DEM,0,1,0,1
Potter,326 BISD,"Presiding Judge, Court of Criminal Appeals",,Under Votes,,0,0,0,0
Potter,326 BISD,"Presiding Judge, Court of Criminal Appeals",,Over Votes,,0,0,0,0
Potter,326 BISD,"Judge, Court of Criminal Appeals, Place 7",,Gina Parker,REP,3,6,2,11
Potter,326 BISD,"Judge, Court of Criminal Appeals, Place 7",,Nancy Mulder,DEM,0,0,0,0
Potter,326 BISD,"Judge, Court of Criminal Appeals, Place 7",,Under Votes,,0,0,0,0
Potter,326 BISD,"Judge, Court of Criminal Appeals, Place 7",,Over Votes,,0,0,0,0
Potter,326 BISD,"Judge, Court of Criminal Appeals, Place 8",,Lee Finley,REP,3,5,2,10
Potter,326 BISD,"Judge, Court of Criminal Appeals, Place 8",,Chika Anyiam,DEM,0,1,0,1
Potter,326 BISD,"Judge, Court of Criminal Appeals, Place 8",,Under Votes,,0,0,0,0
Potter,326 BISD,"Judge, Court of Criminal Appeals, Place 8",,Over Votes,,0,0,0,0
Potter,326 BISD,"Member, State Board of Education, District 15",,Aaron Kinsey,REP,3,4,2,9
Potter,326 BISD,"Member, State Board of Education, District 15",,Morgan Kirkpatrick,DEM,0,1,0,1
Potter,326 BISD,"Member, State Board of Education, District 15",,Jack B. Westbrook,LIB,0,0,0,0
Potter,326 BISD,"Member, State Board of Education, District 15",,Under Votes,,0,1,0,1
Potter,326 BISD,"Member, State Board of Education, District 15",,Over Votes,,0,0,0,0
Potter,326 BISD,State Representative,87,Caroline Fairly,REP,3,4,2,9
Potter,326 BISD,State Representative,87,Timothy W. Gassaway,DEM,0,1,0,1
Potter,326 BISD,State Representative,87,JEFFREY MCGUNEGLE (W),,0,0,0,0
Potter,326 BISD,State Representative,87,Under Votes,,0,1,0,1
Potter,326 BISD,State Representative,87,Over Votes,,0,0,0,0
Potter,326 BISD,"Justice, 7th Court of Appeals District, Place 2",,Judy Parker,REP,2,4,2,8
Potter,326 BISD,"Justice, 7th Court of Appeals District, Place 2",,Under Votes,,1,2,0,3
Potter,326 BISD,"Justice, 7th Court of Appeals District, Place 2",,Over Votes,,0,0,0,0
Potter,326 BISD,"Justice, 7th Court of Appeals District, Place 3",,Alex Yarbrough,REP,2,4,2,8
Potter,326 BISD,"Justice, 7th Court of Appeals District, Place 3",,Under Votes,,1,2,0,3
Potter,326 BISD,"Justice, 7th Court of Appeals District, Place 3",,Over Votes,,0,0,0,0
Potter,326 BISD,"District Judge, 108th Judicial District",,Tim Pirtle,REP,2,4,2,8
Potter,326 BISD,"District Judge, 108th Judicial District",,Under Votes,,1,2,0,3
Potter,326 BISD,"District Judge, 108th Judicial District",,Over Votes,,0,0,0,0
Potter,326 BISD,"District Attorney, 47th Judicial District",,Jason E. Herring,REP,2,4,2,8
Potter,326 BISD,"District Attorney, 47th Judicial District",,Under Votes,,1,2,0,3
Potter,326 BISD,"District Attorney, 47th Judicial District",,Over Votes,,0,0,0,0
Potter,326 BISD,County Attorney,,Scott Brumley,REP,2,4,2,8
Potter,326 BISD,County Attorney,,Under Votes,,1,2,0,3
Potter,326 BISD,County Attorney,,Over Votes,,0,0,0,0
Potter,326 BISD,Sheriff,,Brian Thomas,REP,2,4,2,8
Potter,326 BISD,Sheriff,,Under Votes,,1,2,0,3
Potter,326 BISD,Sheriff,,Over Votes,,0,0,0,0
Potter,326 BISD,County Tax Assessor-Collector,,Thomas Warren III,REP,2,4,2,8
Potter,326 BISD,County Tax Assessor-Collector,,Under Votes,,1,2,0,3
Potter,326 BISD,County Tax Assessor-Collector,,Over Votes,,0,0,0,0
Potter,326 BISD,"County Commissioner, Precinct 3",,John Coffee,REP,2,4,2,8
Potter,326 BISD,"County Commissioner, Precinct 3",,Under Votes,,1,2,0,3
Potter,326 BISD,"County Commissioner, Precinct 3",,Over Votes,,0,0,0,0
Potter,326 BISD,"Constable, Precinct 3",,Dennis Green,REP,2,4,2,8
Potter,326 BISD,"Constable, Precinct 3",,Under Votes,,1,2,0,3
Potter,326 BISD,"Constable, Precinct 3",,Over Votes,,0,0,0,0
Potter,326 BISD,PROPOSITION A,,FOR,,0,2,1,3
Potter,326 BISD,PROPOSITION A,,AGAINST,,3,2,1,6
Potter,326 BISD,PROPOSITION A,,Under Votes,,0,2,0,2
Potter,326 BISD,PROPOSITION A,,Over Votes,,0,0,0,0
Potter,324 CITY - BISD,Registered Voters,,,,,,,324
Potter,324 CITY - BISD,Ballots Cast,,,,,,,196
Potter,324 CITY - BISD,President,,Donald J. Trump,REP,38,94,14,146
Potter,324 CITY - BISD,President,,Kamala D. Harris,DEM,11,29,6,46
Potter,324 CITY - BISD,President,,Chase Oliver,LIB,0,2,0,2
Potter,324 CITY - BISD,President,,Jill Stein,GRN,0,0,0,0
Potter,324 CITY - BISD,President,,CHERUNDA FOX/HARLAND MCVAY (W),,0,0,0,0
Potter,324 CITY - BISD,President,,CLAUDIA DE LA CRUZ/KARINA GARCIA (W),,0,0,0,0
Potter,324 CITY - BISD,President,,CORNEL WEST/MELINA ABDULLAH (W),,0,0,0,0
Potter,324 CITY - BISD,President,,JESSIE CUELLAR/WESLEY LASLEY (W),,0,0,0,0
Potter,324 CITY - BISD,President,,PETER SONSKI/LAUREN ONAK (W),,0,0,0,0
Potter,324 CITY - BISD,President,,SHIVA AYYADURAI/CRYSTAL ELLIS (W),,0,0,0,0
Potter,324 CITY - BISD,President,,Under Votes,,1,1,0,2
Potter,324 CITY - BISD,President,,Over Votes,,0,0,0,0
Potter,324 CITY - BISD,U.S. Senate,,Ted Cruz,REP,40,92,12,144
Potter,324 CITY - BISD,U.S. Senate,,Colin Allred,DEM,9,28,6,43
Potter,324 CITY - BISD,U.S. Senate,,Ted Brown,LIB,0,2,1,3
Potter,324 CITY - BISD,U.S. Senate,,ANALISA ROCHE (W),,0,0,0,0
Potter,324 CITY - BISD,U.S. Senate,,TRACY ANDRUS (W),,0,0,0,0
Potter,324 CITY - BISD,U.S. Senate,,Under Votes,,1,4,1,6
Potter,324 CITY - BISD,U.S. Senate,,Over Votes,,0,0,0,0
Potter,324 CITY - BISD,U.S. House,13,Ronny Jackson,REP,43,110,15,168
Potter,324 CITY - BISD,U.S. House,13,Under Votes,,7,16,5,28
Potter,324 CITY - BISD,U.S. House,13,Over Votes,,0,0,0,0
Potter,324 CITY - BISD,Railroad Commissioner,,Christi Craddick,REP,39,87,13,139
Potter,324 CITY - BISD,Railroad Commissioner,,Katherine Culbert,DEM,7,24,4,35
Potter,324 CITY - BISD,Railroad Commissioner,,Hawk Dunlap,LIB,0,2,0,2
Potter,324 CITY - BISD,Railroad Commissioner,,Eddie Espinoza,GRN,0,1,1,2
Potter,324 CITY - BISD,Railroad Commissioner,,RICHARD MCKIBBIN (W),,0,0,0,0
Potter,324 CITY - BISD,Railroad Commissioner,,Under Votes,,4,12,2,18
Potter,324 CITY - BISD,Railroad Commissioner,,Over Votes,,0,0,0,0
Potter,324 CITY - BISD,"Justice, Supreme Court, Place 2",,Jimmy Blacklock,REP,37,89,14,140
Potter,324 CITY - BISD,"Justice, Supreme Court, Place 2",,DaSean Jones,DEM,8,26,5,39
Potter,324 CITY - BISD,"Justice, Supreme Court, Place 2",,Under Votes,,5,11,1,17
Potter,324 CITY - BISD,"Justice, Supreme Court, Place 2",,Over Votes,,0,0,0,0
Potter,324 CITY - BISD,"Justice, Supreme Court, Place 4",,John Devine,REP,37,88,14,139
Potter,324 CITY - BISD,"Justice, Supreme Court, Place 4",,Christine Vinh Weems,DEM,6,26,5,37
Potter,324 CITY - BISD,"Justice, Supreme Court, Place 4",,Under Votes,,7,12,1,20
Potter,324 CITY - BISD,"Justice, Supreme Court, Place 4",,Over Votes,,0,0,0,0
Potter,324 CITY - BISD,"Justice, Supreme Court, Place 6",,Jane Bland,REP,36,87,12,135
Potter,324 CITY - BISD,"Justice, Supreme Court, Place 6",,Bonnie Lee Goldstein,DEM,8,24,4,36
Potter,324 CITY - BISD,"Justice, Supreme Court, Place 6",,J. David Roberson,LIB,1,3,2,6
Potter,324 CITY - BISD,"Justice, Supreme Court, Place 6",,Under Votes,,5,12,2,19
Potter,324 CITY - BISD,"Justice, Supreme Court, Place 6",,Over Votes,,0,0,0,0
Potter,324 CITY - BISD,"Presiding Judge, Court of Criminal Appeals",,David J. Schenck,REP,36,91,12,139
Potter,324 CITY - BISD,"Presiding Judge, Court of Criminal Appeals",,Holly Taylor,DEM,9,23,6,38
Potter,324 CITY - BISD,"Presiding Judge, Court of Criminal Appeals",,Under Votes,,5,12,2,19
Potter,324 CITY - BISD,"Presiding Judge, Court of Criminal Appeals",,Over Votes,,0,0,0,0
Potter,324 CITY - BISD,"Judge, Court of Criminal Appeals, Place 7",,Gina Parker,REP,36,87,13,136
Potter,324 CITY - BISD,"Judge, Court of Criminal Appeals, Place 7",,Nancy Mulder,DEM,10,24,4,38
Potter,324 CITY - BISD,"Judge, Court of Criminal Appeals, Place 7",,Under Votes,,4,15,3,22
Potter,324 CITY - BISD,"Judge, Court of Criminal Appeals, Place 7",,Over Votes,,0,0,0,0
Potter,324 CITY - BISD,"Judge, Court of Criminal Appeals, Place 8",,Lee Finley,REP,37,92,13,142
Potter,324 CITY - BISD,"Judge, Court of Criminal Appeals, Place 8",,Chika Anyiam,DEM,8,22,4,34
Potter,324 CITY - BISD,"Judge, Court of Criminal Appeals, Place 8",,Under Votes,,5,12,3,20
Potter,324 CITY - BISD,"Judge, Court of Criminal Appeals, Place 8",,Over Votes,,0,0,0,0
Potter,324 CITY - BISD,"Member, State Board of Education, District 15",,Aaron Kinsey,REP,36,87,11,134
Potter,324 CITY - BISD,"Member, State Board of Education, District 15",,Morgan Kirkpatrick,DEM,9,25,4,38
Potter,324 CITY - BISD,"Member, State Board of Education, District 15",,Jack B. Westbrook,LIB,0,2,2,4
Potter,324 CITY - BISD,"Member, State Board of Education, District 15",,Under Votes,,5,12,3,20
Potter,324 CITY - BISD,"Member, State Board of Education, District 15",,Over Votes,,0,0,0,0
Potter,324 CITY - BISD,State Representative,87,Caroline Fairly,REP,37,84,14,135
Potter,324 CITY - BISD,State Representative,87,Timothy W. Gassaway,DEM,8,27,5,40
Potter,324 CITY - BISD,State Representative,87,JEFFREY MCGUNEGLE (W),,0,0,0,0
Potter,324 CITY - BISD,State Representative,87,Under Votes,,5,15,1,21
Potter,324 CITY - BISD,State Representative,87,Over Votes,,0,0,0,0
Potter,324 CITY - BISD,"Justice, 7th Court of Appeals District, Place 2",,Judy Parker,REP,37,106,15,158
Potter,324 CITY - BISD,"Justice, 7th Court of Appeals District, Place 2",,Under Votes,,13,20,5,38
Potter,324 CITY - BISD,"Justice, 7th Court of Appeals District, Place 2",,Over Votes,,0,0,0,0
Potter,324 CITY - BISD,"Justice, 7th Court of Appeals District, Place 3",,Alex Yarbrough,REP,37,106,14,157
Potter,324 CITY - BISD,"Justice, 7th Court of Appeals District, Place 3",,Under Votes,,13,20,6,39
Potter,324 CITY - BISD,"Justice, 7th Court of Appeals District, Place 3",,Over Votes,,0,0,0,0
Potter,324 CITY - BISD,"District Judge, 108th Judicial District",,Tim Pirtle,REP,39,102,14,155
Potter,324 CITY - BISD,"District Judge, 108th Judicial District",,Under Votes,,11,24,6,41
Potter,324 CITY - BISD,"District Judge, 108th Judicial District",,Over Votes,,0,0,0,0
Potter,324 CITY - BISD,"District Attorney, 47th Judicial District",,Jason E. Herring,REP,36,103,14,153
Potter,324 CITY - BISD,"District Attorney, 47th Judicial District",,Under Votes,,14,23,6,43
Potter,324 CITY - BISD,"District Attorney, 47th Judicial District",,Over Votes,,0,0,0,0
Potter,324 CITY - BISD,County Attorney,,Scott Brumley,REP,38,104,15,157
Potter,324 CITY - BISD,County Attorney,,Under Votes,,12,22,5,39
Potter,324 CITY - BISD,County Attorney,,Over Votes,,0,0,0,0
Potter,324 CITY - BISD,Sheriff,,Brian Thomas,REP,40,105,14,159
Potter,324 CITY - BISD,Sheriff,,Under Votes,,10,21,6,37
Potter,324 CITY - BISD,Sheriff,,Over Votes,,0,0,0,0
Potter,324 CITY - BISD,County Tax Assessor-Collector,,Thomas Warren III,REP,38,103,13,154
Potter,324 CITY - BISD,County Tax Assessor-Collector,,Under Votes,,12,23,7,42
Potter,324 CITY - BISD,County Tax Assessor-Collector,,Over Votes,,0,0,0,0
Potter,324 CITY - BISD,"County Commissioner, Precinct 3",,John Coffee,REP,36,103,15,154
Potter,324 CITY - BISD,"County Commissioner, Precinct 3",,Under Votes,,14,23,5,42
Potter,324 CITY - BISD,"County Commissioner, Precinct 3",,Over Votes,,0,0,0,0
Potter,324 CITY - BISD,"Constable, Precinct 3",,Dennis Green,REP,37,99,14,150
Potter,324 CITY - BISD,"Constable, Precinct 3",,Under Votes,,13,27,6,46
Potter,324 CITY - BISD,"Constable, Precinct 3",,Over Votes,,0,0,0,0
Potter,324 CITY - BISD,PROPOSITION A,,For,,29,46,7,82
Potter,324 CITY - BISD,PROPOSITION A,,Against,,17,64,11,92
Potter,324 CITY - BISD,PROPOSITION A,,Under Votes,,4,16,2,22
Potter,324 CITY - BISD,PROPOSITION A,,Over Votes,,0,0,0,0
Potter,324 CITY - BISD,PROPOSITION B,,For,,37,63,12,112
Potter,324 CITY - BISD,PROPOSITION B,,Against,,6,42,7,55
Potter,324 CITY - BISD,PROPOSITION B,,Under Votes,,7,21,1,29
Potter,324 CITY - BISD,PROPOSITION B,,Over Votes,,0,0,0,0
Potter,324 CITY - BISD,PROPOSITION C,,For,,30,50,6,86
Potter,324 CITY - BISD,PROPOSITION C,,Against,,13,55,13,81
Potter,324 CITY - BISD,PROPOSITION C,,Under Votes,,7,21,1,29
Potter,324 CITY - BISD,PROPOSITION C,,Over Votes,,0,0,0,0
Potter,324 CITY - BISD,PROPOSITION D,,For,,22,46,10,78
Potter,324 CITY - BISD,PROPOSITION D,,Against,,17,52,9,78
Potter,324 CITY - BISD,PROPOSITION D,,Under Votes,,11,28,1,40
Potter,324 CITY - BISD,PROPOSITION D,,Over Votes,,0,0,0,0
Potter,324 CITY - BISD,PROPOSITION E,,For,,32,64,12,108
Potter,324 CITY - BISD,PROPOSITION E,,Against,,7,35,5,47
Potter,324 CITY - BISD,PROPOSITION E,,Under Votes,,11,27,3,41
Potter,324 CITY - BISD,PROPOSITION E,,Over Votes,,0,0,0,0
Potter,324 CITY - BISD,PROPOSITION A,,FOR,,16,31,6,53
Potter,324 CITY - BISD,PROPOSITION A,,AGAINST,,13,60,10,83
Potter,324 CITY - BISD,PROPOSITION A,,Under Votes,,21,35,4,60
Potter,324 CITY - BISD,PROPOSITION A,,Over Votes,,0,0,0,0
