county,precinct,office,district,party,candidate,votes
Ellis,1001-5001,President,,REP,Donald J. Trump/JD Vance,572
Ellis,1001-5001,President,,DEM,Kamala D. Harris/Tim Walz,931
Ellis,1001-5001,President,,LIB,Chase Oliver/Mike ter Maat,9
Ellis,1001-5001,President,,GRN,Jill Stein/Rudolph Ware,3
Ellis,1001-5001,President,,,Write-ins,3
Ellis,1001-5001,President,,,Over Votes,0
Ellis,1001-5001,President,,,Under Votes,9
Ellis,1002,President,,REP,Donald J. Trump/JD Vance,106
Ellis,1002,President,,DEM,Kamala D. Harris/Tim Walz,40
Ellis,1002,President,,LIB,Chase Oliver/Mike ter Maat,0
Ellis,1002,President,,GRN,Jill Stein/Rudolph Ware,0
Ellis,1002,President,,,Write-ins,0
Ellis,1002,President,,,Over Votes,0
Ellis,1002,President,,,Under Votes,0
Ellis,1003-5007,President,,REP,Donald J. Trump/JD Vance,1302
Ellis,1003-5007,President,,DEM,Kamala D. Harris/Tim Walz,869
Ellis,1003-5007,President,,LIB,Chase Oliver/Mike ter Maat,16
Ellis,1003-5007,President,,GRN,Jill Stein/Rudolph Ware,11
Ellis,1003-5007,President,,,Write-ins,9
Ellis,1003-5007,President,,,Over Votes,0
Ellis,1003-5007,President,,,Under Votes,4
Ellis,1004-5011,President,,REP,Donald J. Trump/JD Vance,80
Ellis,1004-5011,President,,DEM,Kamala D. Harris/Tim Walz,67
Ellis,1004-5011,President,,LIB,Chase Oliver/Mike ter Maat,1
Ellis,1004-5011,President,,GRN,Jill Stein/Rudolph Ware,3
Ellis,1004-5011,President,,,Write-ins,1
Ellis,1004-5011,President,,,Over Votes,0
Ellis,1004-5011,President,,,Under Votes,1
Ellis,1005-5015,President,,REP,Donald J. Trump/JD Vance,1781
Ellis,1005-5015,President,,DEM,Kamala D. Harris/Tim Walz,1022
Ellis,1005-5015,President,,LIB,Chase Oliver/Mike ter Maat,20
Ellis,1005-5015,President,,GRN,Jill Stein/Rudolph Ware,7
Ellis,1005-5015,President,,,Write-ins,7
Ellis,1005-5015,President,,,Over Votes,0
Ellis,1005-5015,President,,,Under Votes,8
Ellis,1006-5018,President,,REP,Donald J. Trump/JD Vance,1936
Ellis,1006-5018,President,,DEM,Kamala D. Harris/Tim Walz,1592
Ellis,1006-5018,President,,LIB,Chase Oliver/Mike ter Maat,27
Ellis,1006-5018,President,,GRN,Jill Stein/Rudolph Ware,14
Ellis,1006-5018,President,,,Write-ins,11
Ellis,1006-5018,President,,,Over Votes,0
Ellis,1006-5018,President,,,Under Votes,15
Ellis,1007-5022,President,,REP,Donald J. Trump/JD Vance,1098
Ellis,1007-5022,President,,DEM,Kamala D. Harris/Tim Walz,404
Ellis,1007-5022,President,,LIB,Chase Oliver/Mike ter Maat,11
Ellis,1007-5022,President,,GRN,Jill Stein/Rudolph Ware,6
Ellis,1007-5022,President,,,Write-ins,4
Ellis,1007-5022,President,,,Over Votes,0
Ellis,1007-5022,President,,,Under Votes,11
Ellis,1008-5026,President,,REP,Donald J. Trump/JD Vance,73
Ellis,1008-5026,President,,DEM,Kamala D. Harris/Tim Walz,39
Ellis,1008-5026,President,,LIB,Chase Oliver/Mike ter Maat,2
Ellis,1008-5026,President,,GRN,Jill Stein/Rudolph Ware,0
Ellis,1008-5026,President,,,Write-ins,0
Ellis,1008-5026,President,,,Over Votes,0
Ellis,1008-5026,President,,,Under Votes,1
Ellis,1009-5029,President,,REP,Donald J. Trump/JD Vance,1904
Ellis,1009-5029,President,,DEM,Kamala D. Harris/Tim Walz,524
Ellis,1009-5029,President,,LIB,Chase Oliver/Mike ter Maat,12
Ellis,1009-5029,President,,GRN,Jill Stein/Rudolph Ware,5
Ellis,1009-5029,President,,,Write-ins,2
Ellis,1009-5029,President,,,Over Votes,1
Ellis,1009-5029,President,,,Under Votes,6
Ellis,1010,President,,REP,Donald J. Trump/JD Vance,989
Ellis,1010,President,,DEM,Kamala D. Harris/Tim Walz,382
Ellis,1010,President,,LIB,Chase Oliver/Mike ter Maat,8
Ellis,1010,President,,GRN,Jill Stein/Rudolph Ware,4
Ellis,1010,President,,,Write-ins,4
Ellis,1010,President,,,Over Votes,0
Ellis,1010,President,,,Under Votes,4
Ellis,1011,President,,REP,Donald J. Trump/JD Vance,1221
Ellis,1011,President,,DEM,Kamala D. Harris/Tim Walz,649
Ellis,1011,President,,LIB,Chase Oliver/Mike ter Maat,7
Ellis,1011,President,,GRN,Jill Stein/Rudolph Ware,5
Ellis,1011,President,,,Write-ins,8
Ellis,1011,President,,,Over Votes,0
Ellis,1011,President,,,Under Votes,6
Ellis,1012,President,,REP,Donald J. Trump/JD Vance,1306
Ellis,1012,President,,DEM,Kamala D. Harris/Tim Walz,1053
Ellis,1012,President,,LIB,Chase Oliver/Mike ter Maat,7
Ellis,1012,President,,GRN,Jill Stein/Rudolph Ware,16
Ellis,1012,President,,,Write-ins,8
Ellis,1012,President,,,Over Votes,0
Ellis,1012,President,,,Under Votes,4
Ellis,1013-5076,President,,REP,Donald J. Trump/JD Vance,953
Ellis,1013-5076,President,,DEM,Kamala D. Harris/Tim Walz,404
Ellis,1013-5076,President,,LIB,Chase Oliver/Mike ter Maat,4
Ellis,1013-5076,President,,GRN,Jill Stein/Rudolph Ware,3
Ellis,1013-5076,President,,,Write-ins,3
Ellis,1013-5076,President,,,Over Votes,0
Ellis,1013-5076,President,,,Under Votes,5
Ellis,1014,President,,REP,Donald J. Trump/JD Vance,1206
Ellis,1014,President,,DEM,Kamala D. Harris/Tim Walz,249
Ellis,1014,President,,LIB,Chase Oliver/Mike ter Maat,5
Ellis,1014,President,,GRN,Jill Stein/Rudolph Ware,1
Ellis,1014,President,,,Write-ins,3
Ellis,1014,President,,,Over Votes,0
Ellis,1014,President,,,Under Votes,10
Ellis,1015,President,,REP,Donald J. Trump/JD Vance,1679
Ellis,1015,President,,DEM,Kamala D. Harris/Tim Walz,638
Ellis,1015,President,,LIB,Chase Oliver/Mike ter Maat,8
Ellis,1015,President,,GRN,Jill Stein/Rudolph Ware,4
Ellis,1015,President,,,Write-ins,3
Ellis,1015,President,,,Over Votes,0
Ellis,1015,President,,,Under Votes,5
Ellis,1016,President,,REP,Donald J. Trump/JD Vance,414
Ellis,1016,President,,DEM,Kamala D. Harris/Tim Walz,441
Ellis,1016,President,,LIB,Chase Oliver/Mike ter Maat,2
Ellis,1016,President,,GRN,Jill Stein/Rudolph Ware,2
Ellis,1016,President,,,Write-ins,0
Ellis,1016,President,,,Over Votes,0
Ellis,1016,President,,,Under Votes,3
Ellis,1017-5108,President,,REP,Donald J. Trump/JD Vance,1301
Ellis,1017-5108,President,,DEM,Kamala D. Harris/Tim Walz,542
Ellis,1017-5108,President,,LIB,Chase Oliver/Mike ter Maat,6
Ellis,1017-5108,President,,GRN,Jill Stein/Rudolph Ware,5
Ellis,1017-5108,President,,,Write-ins,9
Ellis,1017-5108,President,,,Over Votes,0
Ellis,1017-5108,President,,,Under Votes,9
Ellis,1018,President,,REP,Donald J. Trump/JD Vance,812
Ellis,1018,President,,DEM,Kamala D. Harris/Tim Walz,726
Ellis,1018,President,,LIB,Chase Oliver/Mike ter Maat,13
Ellis,1018,President,,GRN,Jill Stein/Rudolph Ware,10
Ellis,1018,President,,,Write-ins,5
Ellis,1018,President,,,Over Votes,0
Ellis,1018,President,,,Under Votes,4
Ellis,1019-5117,President,,REP,Donald J. Trump/JD Vance,1317
Ellis,1019-5117,President,,DEM,Kamala D. Harris/Tim Walz,391
Ellis,1019-5117,President,,LIB,Chase Oliver/Mike ter Maat,10
Ellis,1019-5117,President,,GRN,Jill Stein/Rudolph Ware,8
Ellis,1019-5117,President,,,Write-ins,8
Ellis,1019-5117,President,,,Over Votes,0
Ellis,1019-5117,President,,,Under Votes,9
Ellis,1020,President,,REP,Donald J. Trump/JD Vance,1016
Ellis,1020,President,,DEM,Kamala D. Harris/Tim Walz,272
Ellis,1020,President,,LIB,Chase Oliver/Mike ter Maat,8
Ellis,1020,President,,GRN,Jill Stein/Rudolph Ware,4
Ellis,1020,President,,,Write-ins,4
Ellis,1020,President,,,Over Votes,0
Ellis,1020,President,,,Under Votes,5
Ellis,1021,President,,REP,Donald J. Trump/JD Vance,871
Ellis,1021,President,,DEM,Kamala D. Harris/Tim Walz,197
Ellis,1021,President,,LIB,Chase Oliver/Mike ter Maat,4
Ellis,1021,President,,GRN,Jill Stein/Rudolph Ware,6
Ellis,1021,President,,,Write-ins,5
Ellis,1021,President,,,Over Votes,0
Ellis,1021,President,,,Under Votes,4
Ellis,1022,President,,REP,Donald J. Trump/JD Vance,1519
Ellis,1022,President,,DEM,Kamala D. Harris/Tim Walz,717
Ellis,1022,President,,LIB,Chase Oliver/Mike ter Maat,17
Ellis,1022,President,,GRN,Jill Stein/Rudolph Ware,5
Ellis,1022,President,,,Write-ins,6
Ellis,1022,President,,,Over Votes,0
Ellis,1022,President,,,Under Votes,4
Ellis,1024-5159,President,,REP,Donald J. Trump/JD Vance,1014
Ellis,1024-5159,President,,DEM,Kamala D. Harris/Tim Walz,448
Ellis,1024-5159,President,,LIB,Chase Oliver/Mike ter Maat,8
Ellis,1024-5159,President,,GRN,Jill Stein/Rudolph Ware,4
Ellis,1024-5159,President,,,Write-ins,3
Ellis,1024-5159,President,,,Over Votes,0
Ellis,1024-5159,President,,,Under Votes,6
Ellis,1025-5160,President,,REP,Donald J. Trump/JD Vance,1167
Ellis,1025-5160,President,,DEM,Kamala D. Harris/Tim Walz,581
Ellis,1025-5160,President,,LIB,Chase Oliver/Mike ter Maat,6
Ellis,1025-5160,President,,GRN,Jill Stein/Rudolph Ware,7
Ellis,1025-5160,President,,,Write-ins,6
Ellis,1025-5160,President,,,Over Votes,0
Ellis,1025-5160,President,,,Under Votes,2
Ellis,1026-5161,President,,REP,Donald J. Trump/JD Vance,1131
Ellis,1026-5161,President,,DEM,Kamala D. Harris/Tim Walz,510
Ellis,1026-5161,President,,LIB,Chase Oliver/Mike ter Maat,15
Ellis,1026-5161,President,,GRN,Jill Stein/Rudolph Ware,5
Ellis,1026-5161,President,,,Write-ins,5
Ellis,1026-5161,President,,,Over Votes,1
Ellis,1026-5161,President,,,Under Votes,7
Ellis,1027,President,,REP,Donald J. Trump/JD Vance,1584
Ellis,1027,President,,DEM,Kamala D. Harris/Tim Walz,633
Ellis,1027,President,,LIB,Chase Oliver/Mike ter Maat,14
Ellis,1027,President,,GRN,Jill Stein/Rudolph Ware,4
Ellis,1027,President,,,Write-ins,10
Ellis,1027,President,,,Over Votes,1
Ellis,1027,President,,,Under Votes,6
Ellis,1028-5168,President,,REP,Donald J. Trump/JD Vance,1657
Ellis,1028-5168,President,,DEM,Kamala D. Harris/Tim Walz,482
Ellis,1028-5168,President,,LIB,Chase Oliver/Mike ter Maat,5
Ellis,1028-5168,President,,GRN,Jill Stein/Rudolph Ware,8
Ellis,1028-5168,President,,,Write-ins,6
Ellis,1028-5168,President,,,Over Votes,0
Ellis,1028-5168,President,,,Under Votes,5
Ellis,1029,President,,REP,Donald J. Trump/JD Vance,402
Ellis,1029,President,,DEM,Kamala D. Harris/Tim Walz,91
Ellis,1029,President,,LIB,Chase Oliver/Mike ter Maat,0
Ellis,1029,President,,GRN,Jill Stein/Rudolph Ware,0
Ellis,1029,President,,,Write-ins,1
Ellis,1029,President,,,Over Votes,0
Ellis,1029,President,,,Under Votes,1
Ellis,1030-5176,President,,REP,Donald J. Trump/JD Vance,1069
Ellis,1030-5176,President,,DEM,Kamala D. Harris/Tim Walz,304
Ellis,1030-5176,President,,LIB,Chase Oliver/Mike ter Maat,4
Ellis,1030-5176,President,,GRN,Jill Stein/Rudolph Ware,1
Ellis,1030-5176,President,,,Write-ins,1
Ellis,1030-5176,President,,,Over Votes,0
Ellis,1030-5176,President,,,Under Votes,2
Ellis,1031-5181,President,,REP,Donald J. Trump/JD Vance,355
Ellis,1031-5181,President,,DEM,Kamala D. Harris/Tim Walz,131
Ellis,1031-5181,President,,LIB,Chase Oliver/Mike ter Maat,3
Ellis,1031-5181,President,,GRN,Jill Stein/Rudolph Ware,1
Ellis,1031-5181,President,,,Write-ins,0
Ellis,1031-5181,President,,,Over Votes,0
Ellis,1031-5181,President,,,Under Votes,0
Ellis,1032-5184,President,,REP,Donald J. Trump/JD Vance,2574
Ellis,1032-5184,President,,DEM,Kamala D. Harris/Tim Walz,458
Ellis,1032-5184,President,,LIB,Chase Oliver/Mike ter Maat,7
Ellis,1032-5184,President,,GRN,Jill Stein/Rudolph Ware,7
Ellis,1032-5184,President,,,Write-ins,2
Ellis,1032-5184,President,,,Over Votes,0
Ellis,1032-5184,President,,,Under Votes,11
Ellis,1033,President,,REP,Donald J. Trump/JD Vance,1547
Ellis,1033,President,,DEM,Kamala D. Harris/Tim Walz,584
Ellis,1033,President,,LIB,Chase Oliver/Mike ter Maat,12
Ellis,1033,President,,GRN,Jill Stein/Rudolph Ware,2
Ellis,1033,President,,,Write-ins,8
Ellis,1033,President,,,Over Votes,0
Ellis,1033,President,,,Under Votes,4
Ellis,1034-5195,President,,REP,Donald J. Trump/JD Vance,2321
Ellis,1034-5195,President,,DEM,Kamala D. Harris/Tim Walz,872
Ellis,1034-5195,President,,LIB,Chase Oliver/Mike ter Maat,13
Ellis,1034-5195,President,,GRN,Jill Stein/Rudolph Ware,9
Ellis,1034-5195,President,,,Write-ins,9
Ellis,1034-5195,President,,,Over Votes,0
Ellis,1034-5195,President,,,Under Votes,19
Ellis,1035-5197,President,,REP,Donald J. Trump/JD Vance,852
Ellis,1035-5197,President,,DEM,Kamala D. Harris/Tim Walz,323
Ellis,1035-5197,President,,LIB,Chase Oliver/Mike ter Maat,7
Ellis,1035-5197,President,,GRN,Jill Stein/Rudolph Ware,3
Ellis,1035-5197,President,,,Write-ins,3
Ellis,1035-5197,President,,,Over Votes,0
Ellis,1035-5197,President,,,Under Votes,2
Ellis,1036-5200,President,,REP,Donald J. Trump/JD Vance,2020
Ellis,1036-5200,President,,DEM,Kamala D. Harris/Tim Walz,989
Ellis,1036-5200,President,,LIB,Chase Oliver/Mike ter Maat,18
Ellis,1036-5200,President,,GRN,Jill Stein/Rudolph Ware,11
Ellis,1036-5200,President,,,Write-ins,10
Ellis,1036-5200,President,,,Over Votes,0
Ellis,1036-5200,President,,,Under Votes,19
Ellis,1037-5201,President,,REP,Donald J. Trump/JD Vance,1292
Ellis,1037-5201,President,,DEM,Kamala D. Harris/Tim Walz,494
Ellis,1037-5201,President,,LIB,Chase Oliver/Mike ter Maat,15
Ellis,1037-5201,President,,GRN,Jill Stein/Rudolph Ware,8
Ellis,1037-5201,President,,,Write-ins,7
Ellis,1037-5201,President,,,Over Votes,0
Ellis,1037-5201,President,,,Under Votes,6
Ellis,1038-5204,President,,REP,Donald J. Trump/JD Vance,2667
Ellis,1038-5204,President,,DEM,Kamala D. Harris/Tim Walz,1208
Ellis,1038-5204,President,,LIB,Chase Oliver/Mike ter Maat,20
Ellis,1038-5204,President,,GRN,Jill Stein/Rudolph Ware,10
Ellis,1038-5204,President,,,Write-ins,16
Ellis,1038-5204,President,,,Over Votes,0
Ellis,1038-5204,President,,,Under Votes,22
Ellis,1039-5208,President,,REP,Donald J. Trump/JD Vance,1834
Ellis,1039-5208,President,,DEM,Kamala D. Harris/Tim Walz,629
Ellis,1039-5208,President,,LIB,Chase Oliver/Mike ter Maat,16
Ellis,1039-5208,President,,GRN,Jill Stein/Rudolph Ware,5
Ellis,1039-5208,President,,,Write-ins,12
Ellis,1039-5208,President,,,Over Votes,0
Ellis,1039-5208,President,,,Under Votes,8
Ellis,1040,President,,REP,Donald J. Trump/JD Vance,310
Ellis,1040,President,,DEM,Kamala D. Harris/Tim Walz,81
Ellis,1040,President,,LIB,Chase Oliver/Mike ter Maat,1
Ellis,1040,President,,GRN,Jill Stein/Rudolph Ware,1
Ellis,1040,President,,,Write-ins,2
Ellis,1040,President,,,Over Votes,0
Ellis,1040,President,,,Under Votes,3
Ellis,1041,President,,REP,Donald J. Trump/JD Vance,1790
Ellis,1041,President,,DEM,Kamala D. Harris/Tim Walz,605
Ellis,1041,President,,LIB,Chase Oliver/Mike ter Maat,11
Ellis,1041,President,,GRN,Jill Stein/Rudolph Ware,4
Ellis,1041,President,,,Write-ins,11
Ellis,1041,President,,,Over Votes,0
Ellis,1041,President,,,Under Votes,6
Ellis,1042-5227,President,,REP,Donald J. Trump/JD Vance,248
Ellis,1042-5227,President,,DEM,Kamala D. Harris/Tim Walz,101
Ellis,1042-5227,President,,LIB,Chase Oliver/Mike ter Maat,1
Ellis,1042-5227,President,,GRN,Jill Stein/Rudolph Ware,1
Ellis,1042-5227,President,,,Write-ins,1
Ellis,1042-5227,President,,,Over Votes,0
Ellis,1042-5227,President,,,Under Votes,1
Ellis,1043,President,,REP,Donald J. Trump/JD Vance,2156
Ellis,1043,President,,DEM,Kamala D. Harris/Tim Walz,910
Ellis,1043,President,,LIB,Chase Oliver/Mike ter Maat,11
Ellis,1043,President,,GRN,Jill Stein/Rudolph Ware,12
Ellis,1043,President,,,Write-ins,6
Ellis,1043,President,,,Over Votes,0
Ellis,1043,President,,,Under Votes,13
Ellis,1044-5241,President,,REP,Donald J. Trump/JD Vance,376
Ellis,1044-5241,President,,DEM,Kamala D. Harris/Tim Walz,103
Ellis,1044-5241,President,,LIB,Chase Oliver/Mike ter Maat,2
Ellis,1044-5241,President,,GRN,Jill Stein/Rudolph Ware,0
Ellis,1044-5241,President,,,Write-ins,7
Ellis,1044-5241,President,,,Over Votes,0
Ellis,1044-5241,President,,,Under Votes,1
Ellis,1045-5244,President,,REP,Donald J. Trump/JD Vance,103
Ellis,1045-5244,President,,DEM,Kamala D. Harris/Tim Walz,20
Ellis,1045-5244,President,,LIB,Chase Oliver/Mike ter Maat,2
Ellis,1045-5244,President,,GRN,Jill Stein/Rudolph Ware,0
Ellis,1045-5244,President,,,Write-ins,0
Ellis,1045-5244,President,,,Over Votes,0
Ellis,1045-5244,President,,,Under Votes,2
Ellis,1046-5245,President,,REP,Donald J. Trump/JD Vance,249
Ellis,1046-5245,President,,DEM,Kamala D. Harris/Tim Walz,149
Ellis,1046-5245,President,,LIB,Chase Oliver/Mike ter Maat,0
Ellis,1046-5245,President,,GRN,Jill Stein/Rudolph Ware,0
Ellis,1046-5245,President,,,Write-ins,3
Ellis,1046-5245,President,,,Over Votes,0
Ellis,1046-5245,President,,,Under Votes,3
Ellis,1047-5247,President,,REP,Donald J. Trump/JD Vance,193
Ellis,1047-5247,President,,DEM,Kamala D. Harris/Tim Walz,44
Ellis,1047-5247,President,,LIB,Chase Oliver/Mike ter Maat,2
Ellis,1047-5247,President,,GRN,Jill Stein/Rudolph Ware,0
Ellis,1047-5247,President,,,Write-ins,1
Ellis,1047-5247,President,,,Over Votes,0
Ellis,1047-5247,President,,,Under Votes,0
Ellis,1048,President,,REP,Donald J. Trump/JD Vance,1021
Ellis,1048,President,,DEM,Kamala D. Harris/Tim Walz,532
Ellis,1048,President,,LIB,Chase Oliver/Mike ter Maat,11
Ellis,1048,President,,GRN,Jill Stein/Rudolph Ware,4
Ellis,1048,President,,,Write-ins,6
Ellis,1048,President,,,Over Votes,0
Ellis,1048,President,,,Under Votes,11
Ellis,1049,President,,REP,Donald J. Trump/JD Vance,360
Ellis,1049,President,,DEM,Kamala D. Harris/Tim Walz,115
Ellis,1049,President,,LIB,Chase Oliver/Mike ter Maat,1
Ellis,1049,President,,GRN,Jill Stein/Rudolph Ware,0
Ellis,1049,President,,,Write-ins,1
Ellis,1049,President,,,Over Votes,0
Ellis,1049,President,,,Under Votes,3
Ellis,1050,President,,REP,Donald J. Trump/JD Vance,962
Ellis,1050,President,,DEM,Kamala D. Harris/Tim Walz,1465
Ellis,1050,President,,LIB,Chase Oliver/Mike ter Maat,9
Ellis,1050,President,,GRN,Jill Stein/Rudolph Ware,19
Ellis,1050,President,,,Write-ins,10
Ellis,1050,President,,,Over Votes,1
Ellis,1050,President,,,Under Votes,15
Ellis,1051,President,,REP,Donald J. Trump/JD Vance,1216
Ellis,1051,President,,DEM,Kamala D. Harris/Tim Walz,1319
Ellis,1051,President,,LIB,Chase Oliver/Mike ter Maat,9
Ellis,1051,President,,GRN,Jill Stein/Rudolph Ware,9
Ellis,1051,President,,,Write-ins,12
Ellis,1051,President,,,Over Votes,0
Ellis,1051,President,,,Under Votes,13
Ellis,1052,President,,REP,Donald J. Trump/JD Vance,780
Ellis,1052,President,,DEM,Kamala D. Harris/Tim Walz,1307
Ellis,1052,President,,LIB,Chase Oliver/Mike ter Maat,15
Ellis,1052,President,,GRN,Jill Stein/Rudolph Ware,9
Ellis,1052,President,,,Write-ins,9
Ellis,1052,President,,,Over Votes,0
Ellis,1052,President,,,Under Votes,7
Ellis,1053,President,,REP,Donald J. Trump/JD Vance,889
Ellis,1053,President,,DEM,Kamala D. Harris/Tim Walz,769
Ellis,1053,President,,LIB,Chase Oliver/Mike ter Maat,13
Ellis,1053,President,,GRN,Jill Stein/Rudolph Ware,12
Ellis,1053,President,,,Write-ins,11
Ellis,1053,President,,,Over Votes,1
Ellis,1053,President,,,Under Votes,3
Ellis,1054,President,,REP,Donald J. Trump/JD Vance,702
Ellis,1054,President,,DEM,Kamala D. Harris/Tim Walz,1829
Ellis,1054,President,,LIB,Chase Oliver/Mike ter Maat,15
Ellis,1054,President,,GRN,Jill Stein/Rudolph Ware,20
Ellis,1054,President,,,Write-ins,9
Ellis,1054,President,,,Over Votes,0
Ellis,1054,President,,,Under Votes,8
Ellis,1055,President,,REP,Donald J. Trump/JD Vance,1620
Ellis,1055,President,,DEM,Kamala D. Harris/Tim Walz,834
Ellis,1055,President,,LIB,Chase Oliver/Mike ter Maat,15
Ellis,1055,President,,GRN,Jill Stein/Rudolph Ware,16
Ellis,1055,President,,,Write-ins,12
Ellis,1055,President,,,Over Votes,0
Ellis,1055,President,,,Under Votes,10
Ellis,1056,President,,REP,Donald J. Trump/JD Vance,1800
Ellis,1056,President,,DEM,Kamala D. Harris/Tim Walz,559
Ellis,1056,President,,LIB,Chase Oliver/Mike ter Maat,12
Ellis,1056,President,,GRN,Jill Stein/Rudolph Ware,7
Ellis,1056,President,,,Write-ins,13
Ellis,1056,President,,,Over Votes,0
Ellis,1056,President,,,Under Votes,7
Ellis,1057,President,,REP,Donald J. Trump/JD Vance,1790
Ellis,1057,President,,DEM,Kamala D. Harris/Tim Walz,1570
Ellis,1057,President,,LIB,Chase Oliver/Mike ter Maat,20
Ellis,1057,President,,GRN,Jill Stein/Rudolph Ware,14
Ellis,1057,President,,,Write-ins,15
Ellis,1057,President,,,Over Votes,0
Ellis,1057,President,,,Under Votes,11
Ellis,1058,President,,REP,Donald J. Trump/JD Vance,762
Ellis,1058,President,,DEM,Kamala D. Harris/Tim Walz,536
Ellis,1058,President,,LIB,Chase Oliver/Mike ter Maat,9
Ellis,1058,President,,GRN,Jill Stein/Rudolph Ware,14
Ellis,1058,President,,,Write-ins,2
Ellis,1058,President,,,Over Votes,0
Ellis,1058,President,,,Under Votes,6
Ellis,1059,President,,REP,Donald J. Trump/JD Vance,494
Ellis,1059,President,,DEM,Kamala D. Harris/Tim Walz,116
Ellis,1059,President,,LIB,Chase Oliver/Mike ter Maat,2
Ellis,1059,President,,GRN,Jill Stein/Rudolph Ware,2
Ellis,1059,President,,,Write-ins,0
Ellis,1059,President,,,Over Votes,0
Ellis,1059,President,,,Under Votes,2
Ellis,1001-5001,U.S. Senate,,REP,Ted Cruz,539
Ellis,1001-5001,U.S. Senate,,DEM,Colin Allred,930
Ellis,1001-5001,U.S. Senate,,LIB,Ted Brown,24
Ellis,1001-5001,U.S. Senate,,,Write-ins,2
Ellis,1001-5001,U.S. Senate,,,Over Votes,0
Ellis,1001-5001,U.S. Senate,,,Under Votes,32
Ellis,1002,U.S. Senate,,REP,Ted Cruz,103
Ellis,1002,U.S. Senate,,DEM,Colin Allred,41
Ellis,1002,U.S. Senate,,LIB,Ted Brown,2
Ellis,1002,U.S. Senate,,,Write-ins,0
Ellis,1002,U.S. Senate,,,Over Votes,0
Ellis,1002,U.S. Senate,,,Under Votes,0
Ellis,1003-5007,U.S. Senate,,REP,Ted Cruz,1217
Ellis,1003-5007,U.S. Senate,,DEM,Colin Allred,913
Ellis,1003-5007,U.S. Senate,,LIB,Ted Brown,55
Ellis,1003-5007,U.S. Senate,,,Write-ins,0
Ellis,1003-5007,U.S. Senate,,,Over Votes,0
Ellis,1003-5007,U.S. Senate,,,Under Votes,26
Ellis,1004-5011,U.S. Senate,,REP,Ted Cruz,76
Ellis,1004-5011,U.S. Senate,,DEM,Colin Allred,71
Ellis,1004-5011,U.S. Senate,,LIB,Ted Brown,4
Ellis,1004-5011,U.S. Senate,,,Write-ins,1
Ellis,1004-5011,U.S. Senate,,,Over Votes,0
Ellis,1004-5011,U.S. Senate,,,Under Votes,1
Ellis,1005-5015,U.S. Senate,,REP,Ted Cruz,1680
Ellis,1005-5015,U.S. Senate,,DEM,Colin Allred,1070
Ellis,1005-5015,U.S. Senate,,LIB,Ted Brown,53
Ellis,1005-5015,U.S. Senate,,,Write-ins,3
Ellis,1005-5015,U.S. Senate,,,Over Votes,0
Ellis,1005-5015,U.S. Senate,,,Under Votes,39
Ellis,1006-5018,U.S. Senate,,REP,Ted Cruz,1787
Ellis,1006-5018,U.S. Senate,,DEM,Colin Allred,1688
Ellis,1006-5018,U.S. Senate,,LIB,Ted Brown,77
Ellis,1006-5018,U.S. Senate,,,Write-ins,3
Ellis,1006-5018,U.S. Senate,,,Over Votes,0
Ellis,1006-5018,U.S. Senate,,,Under Votes,40
Ellis,1007-5022,U.S. Senate,,REP,Ted Cruz,1031
Ellis,1007-5022,U.S. Senate,,DEM,Colin Allred,433
Ellis,1007-5022,U.S. Senate,,LIB,Ted Brown,39
Ellis,1007-5022,U.S. Senate,,,Write-ins,2
Ellis,1007-5022,U.S. Senate,,,Over Votes,0
Ellis,1007-5022,U.S. Senate,,,Under Votes,29
Ellis,1008-5026,U.S. Senate,,REP,Ted Cruz,68
Ellis,1008-5026,U.S. Senate,,DEM,Colin Allred,38
Ellis,1008-5026,U.S. Senate,,LIB,Ted Brown,8
Ellis,1008-5026,U.S. Senate,,,Write-ins,0
Ellis,1008-5026,U.S. Senate,,,Over Votes,0
Ellis,1008-5026,U.S. Senate,,,Under Votes,1
Ellis,1009-5029,U.S. Senate,,REP,Ted Cruz,1780
Ellis,1009-5029,U.S. Senate,,DEM,Colin Allred,582
Ellis,1009-5029,U.S. Senate,,LIB,Ted Brown,57
Ellis,1009-5029,U.S. Senate,,,Write-ins,1
Ellis,1009-5029,U.S. Senate,,,Over Votes,0
Ellis,1009-5029,U.S. Senate,,,Under Votes,34
Ellis,1010,U.S. Senate,,REP,Ted Cruz,935
Ellis,1010,U.S. Senate,,DEM,Colin Allred,400
Ellis,1010,U.S. Senate,,LIB,Ted Brown,31
Ellis,1010,U.S. Senate,,,Write-ins,2
Ellis,1010,U.S. Senate,,,Over Votes,0
Ellis,1010,U.S. Senate,,,Under Votes,23
Ellis,1011,U.S. Senate,,REP,Ted Cruz,1122
Ellis,1011,U.S. Senate,,DEM,Colin Allred,709
Ellis,1011,U.S. Senate,,LIB,Ted Brown,31
Ellis,1011,U.S. Senate,,,Write-ins,1
Ellis,1011,U.S. Senate,,,Over Votes,0
Ellis,1011,U.S. Senate,,,Under Votes,33
Ellis,1012,U.S. Senate,,REP,Ted Cruz,1152
Ellis,1012,U.S. Senate,,DEM,Colin Allred,1129
Ellis,1012,U.S. Senate,,LIB,Ted Brown,60
Ellis,1012,U.S. Senate,,,Write-ins,5
Ellis,1012,U.S. Senate,,,Over Votes,0
Ellis,1012,U.S. Senate,,,Under Votes,48
Ellis,1013-5076,U.S. Senate,,REP,Ted Cruz,865
Ellis,1013-5076,U.S. Senate,,DEM,Colin Allred,445
Ellis,1013-5076,U.S. Senate,,LIB,Ted Brown,37
Ellis,1013-5076,U.S. Senate,,,Write-ins,1
Ellis,1013-5076,U.S. Senate,,,Over Votes,0
Ellis,1013-5076,U.S. Senate,,,Under Votes,24
Ellis,1014,U.S. Senate,,REP,Ted Cruz,1162
Ellis,1014,U.S. Senate,,DEM,Colin Allred,279
Ellis,1014,U.S. Senate,,LIB,Ted Brown,21
Ellis,1014,U.S. Senate,,,Write-ins,1
Ellis,1014,U.S. Senate,,,Over Votes,0
Ellis,1014,U.S. Senate,,,Under Votes,11
Ellis,1015,U.S. Senate,,REP,Ted Cruz,1549
Ellis,1015,U.S. Senate,,DEM,Colin Allred,687
Ellis,1015,U.S. Senate,,LIB,Ted Brown,45
Ellis,1015,U.S. Senate,,,Write-ins,2
Ellis,1015,U.S. Senate,,,Over Votes,0
Ellis,1015,U.S. Senate,,,Under Votes,54
Ellis,1016,U.S. Senate,,REP,Ted Cruz,365
Ellis,1016,U.S. Senate,,DEM,Colin Allred,447
Ellis,1016,U.S. Senate,,LIB,Ted Brown,20
Ellis,1016,U.S. Senate,,,Write-ins,0
Ellis,1016,U.S. Senate,,,Over Votes,0
Ellis,1016,U.S. Senate,,,Under Votes,30
Ellis,1017-5108,U.S. Senate,,REP,Ted Cruz,1185
Ellis,1017-5108,U.S. Senate,,DEM,Colin Allred,606
Ellis,1017-5108,U.S. Senate,,LIB,Ted Brown,48
Ellis,1017-5108,U.S. Senate,,,Write-ins,2
Ellis,1017-5108,U.S. Senate,,,Over Votes,0
Ellis,1017-5108,U.S. Senate,,,Under Votes,31
Ellis,1018,U.S. Senate,,REP,Ted Cruz,712
Ellis,1018,U.S. Senate,,DEM,Colin Allred,789
Ellis,1018,U.S. Senate,,LIB,Ted Brown,36
Ellis,1018,U.S. Senate,,,Write-ins,3
Ellis,1018,U.S. Senate,,,Over Votes,0
Ellis,1018,U.S. Senate,,,Under Votes,30
Ellis,1019-5117,U.S. Senate,,REP,Ted Cruz,1238
Ellis,1019-5117,U.S. Senate,,DEM,Colin Allred,433
Ellis,1019-5117,U.S. Senate,,LIB,Ted Brown,32
Ellis,1019-5117,U.S. Senate,,,Write-ins,0
Ellis,1019-5117,U.S. Senate,,,Over Votes,0
Ellis,1019-5117,U.S. Senate,,,Under Votes,40
Ellis,1020,U.S. Senate,,REP,Ted Cruz,951
Ellis,1020,U.S. Senate,,DEM,Colin Allred,311
Ellis,1020,U.S. Senate,,LIB,Ted Brown,19
Ellis,1020,U.S. Senate,,,Write-ins,1
Ellis,1020,U.S. Senate,,,Over Votes,0
Ellis,1020,U.S. Senate,,,Under Votes,27
Ellis,1021,U.S. Senate,,REP,Ted Cruz,833
Ellis,1021,U.S. Senate,,DEM,Colin Allred,218
Ellis,1021,U.S. Senate,,LIB,Ted Brown,23
Ellis,1021,U.S. Senate,,,Write-ins,0
Ellis,1021,U.S. Senate,,,Over Votes,0
Ellis,1021,U.S. Senate,,,Under Votes,13
Ellis,1022,U.S. Senate,,REP,Ted Cruz,1434
Ellis,1022,U.S. Senate,,DEM,Colin Allred,739
Ellis,1022,U.S. Senate,,LIB,Ted Brown,57
Ellis,1022,U.S. Senate,,,Write-ins,3
Ellis,1022,U.S. Senate,,,Over Votes,0
Ellis,1022,U.S. Senate,,,Under Votes,35
Ellis,1024-5159,U.S. Senate,,REP,Ted Cruz,954
Ellis,1024-5159,U.S. Senate,,DEM,Colin Allred,469
Ellis,1024-5159,U.S. Senate,,LIB,Ted Brown,29
Ellis,1024-5159,U.S. Senate,,,Write-ins,1
Ellis,1024-5159,U.S. Senate,,,Over Votes,0
Ellis,1024-5159,U.S. Senate,,,Under Votes,30
Ellis,1025-5160,U.S. Senate,,REP,Ted Cruz,1106
Ellis,1025-5160,U.S. Senate,,DEM,Colin Allred,596
Ellis,1025-5160,U.S. Senate,,LIB,Ted Brown,45
Ellis,1025-5160,U.S. Senate,,,Write-ins,1
Ellis,1025-5160,U.S. Senate,,,Over Votes,0
Ellis,1025-5160,U.S. Senate,,,Under Votes,21
Ellis,1026-5161,U.S. Senate,,REP,Ted Cruz,1079
Ellis,1026-5161,U.S. Senate,,DEM,Colin Allred,537
Ellis,1026-5161,U.S. Senate,,LIB,Ted Brown,38
Ellis,1026-5161,U.S. Senate,,,Write-ins,0
Ellis,1026-5161,U.S. Senate,,,Over Votes,0
Ellis,1026-5161,U.S. Senate,,,Under Votes,20
Ellis,1027,U.S. Senate,,REP,Ted Cruz,1532
Ellis,1027,U.S. Senate,,DEM,Colin Allred,663
Ellis,1027,U.S. Senate,,LIB,Ted Brown,41
Ellis,1027,U.S. Senate,,,Write-ins,2
Ellis,1027,U.S. Senate,,,Over Votes,0
Ellis,1027,U.S. Senate,,,Under Votes,14
Ellis,1028-5168,U.S. Senate,,REP,Ted Cruz,1604
Ellis,1028-5168,U.S. Senate,,DEM,Colin Allred,500
Ellis,1028-5168,U.S. Senate,,LIB,Ted Brown,33
Ellis,1028-5168,U.S. Senate,,,Write-ins,2
Ellis,1028-5168,U.S. Senate,,,Over Votes,0
Ellis,1028-5168,U.S. Senate,,,Under Votes,24
Ellis,1029,U.S. Senate,,REP,Ted Cruz,384
Ellis,1029,U.S. Senate,,DEM,Colin Allred,94
Ellis,1029,U.S. Senate,,LIB,Ted Brown,11
Ellis,1029,U.S. Senate,,,Write-ins,0
Ellis,1029,U.S. Senate,,,Over Votes,0
Ellis,1029,U.S. Senate,,,Under Votes,6
Ellis,1030-5176,U.S. Senate,,REP,Ted Cruz,1000
Ellis,1030-5176,U.S. Senate,,DEM,Colin Allred,327
Ellis,1030-5176,U.S. Senate,,LIB,Ted Brown,27
Ellis,1030-5176,U.S. Senate,,,Write-ins,2
Ellis,1030-5176,U.S. Senate,,,Over Votes,0
Ellis,1030-5176,U.S. Senate,,,Under Votes,25
Ellis,1031-5181,U.S. Senate,,REP,Ted Cruz,341
Ellis,1031-5181,U.S. Senate,,DEM,Colin Allred,133
Ellis,1031-5181,U.S. Senate,,LIB,Ted Brown,10
Ellis,1031-5181,U.S. Senate,,,Write-ins,1
Ellis,1031-5181,U.S. Senate,,,Over Votes,0
Ellis,1031-5181,U.S. Senate,,,Under Votes,5
Ellis,1032-5184,U.S. Senate,,REP,Ted Cruz,2472
Ellis,1032-5184,U.S. Senate,,DEM,Colin Allred,515
Ellis,1032-5184,U.S. Senate,,LIB,Ted Brown,44
Ellis,1032-5184,U.S. Senate,,,Write-ins,0
Ellis,1032-5184,U.S. Senate,,,Over Votes,0
Ellis,1032-5184,U.S. Senate,,,Under Votes,28
Ellis,1033,U.S. Senate,,REP,Ted Cruz,1485
Ellis,1033,U.S. Senate,,DEM,Colin Allred,619
Ellis,1033,U.S. Senate,,LIB,Ted Brown,30
Ellis,1033,U.S. Senate,,,Write-ins,2
Ellis,1033,U.S. Senate,,,Over Votes,0
Ellis,1033,U.S. Senate,,,Under Votes,21
Ellis,1034-5195,U.S. Senate,,REP,Ted Cruz,2213
Ellis,1034-5195,U.S. Senate,,DEM,Colin Allred,941
Ellis,1034-5195,U.S. Senate,,LIB,Ted Brown,57
Ellis,1034-5195,U.S. Senate,,,Write-ins,3
Ellis,1034-5195,U.S. Senate,,,Over Votes,0
Ellis,1034-5195,U.S. Senate,,,Under Votes,29
Ellis,1035-5197,U.S. Senate,,REP,Ted Cruz,787
Ellis,1035-5197,U.S. Senate,,DEM,Colin Allred,355
Ellis,1035-5197,U.S. Senate,,LIB,Ted Brown,32
Ellis,1035-5197,U.S. Senate,,,Write-ins,0
Ellis,1035-5197,U.S. Senate,,,Over Votes,0
Ellis,1035-5197,U.S. Senate,,,Under Votes,16
Ellis,1036-5200,U.S. Senate,,REP,Ted Cruz,1918
Ellis,1036-5200,U.S. Senate,,DEM,Colin Allred,1062
Ellis,1036-5200,U.S. Senate,,LIB,Ted Brown,53
Ellis,1036-5200,U.S. Senate,,,Write-ins,0
Ellis,1036-5200,U.S. Senate,,,Over Votes,0
Ellis,1036-5200,U.S. Senate,,,Under Votes,34
Ellis,1037-5201,U.S. Senate,,REP,Ted Cruz,1240
Ellis,1037-5201,U.S. Senate,,DEM,Colin Allred,529
Ellis,1037-5201,U.S. Senate,,LIB,Ted Brown,37
Ellis,1037-5201,U.S. Senate,,,Write-ins,1
Ellis,1037-5201,U.S. Senate,,,Over Votes,0
Ellis,1037-5201,U.S. Senate,,,Under Votes,15
Ellis,1038-5204,U.S. Senate,,REP,Ted Cruz,2538
Ellis,1038-5204,U.S. Senate,,DEM,Colin Allred,1274
Ellis,1038-5204,U.S. Senate,,LIB,Ted Brown,86
Ellis,1038-5204,U.S. Senate,,,Write-ins,2
Ellis,1038-5204,U.S. Senate,,,Over Votes,0
Ellis,1038-5204,U.S. Senate,,,Under Votes,43
Ellis,1039-5208,U.S. Senate,,REP,Ted Cruz,1728
Ellis,1039-5208,U.S. Senate,,DEM,Colin Allred,663
Ellis,1039-5208,U.S. Senate,,LIB,Ted Brown,65
Ellis,1039-5208,U.S. Senate,,,Write-ins,3
Ellis,1039-5208,U.S. Senate,,,Over Votes,0
Ellis,1039-5208,U.S. Senate,,,Under Votes,45
Ellis,1040,U.S. Senate,,REP,Ted Cruz,299
Ellis,1040,U.S. Senate,,DEM,Colin Allred,89
Ellis,1040,U.S. Senate,,LIB,Ted Brown,6
Ellis,1040,U.S. Senate,,,Write-ins,0
Ellis,1040,U.S. Senate,,,Over Votes,0
Ellis,1040,U.S. Senate,,,Under Votes,4
Ellis,1041,U.S. Senate,,REP,Ted Cruz,1706
Ellis,1041,U.S. Senate,,DEM,Colin Allred,640
Ellis,1041,U.S. Senate,,LIB,Ted Brown,54
Ellis,1041,U.S. Senate,,,Write-ins,2
Ellis,1041,U.S. Senate,,,Over Votes,0
Ellis,1041,U.S. Senate,,,Under Votes,25
Ellis,1042-5227,U.S. Senate,,REP,Ted Cruz,243
Ellis,1042-5227,U.S. Senate,,DEM,Colin Allred,105
Ellis,1042-5227,U.S. Senate,,LIB,Ted Brown,3
Ellis,1042-5227,U.S. Senate,,,Write-ins,1
Ellis,1042-5227,U.S. Senate,,,Over Votes,0
Ellis,1042-5227,U.S. Senate,,,Under Votes,1
Ellis,1043,U.S. Senate,,REP,Ted Cruz,2088
Ellis,1043,U.S. Senate,,DEM,Colin Allred,950
Ellis,1043,U.S. Senate,,LIB,Ted Brown,44
Ellis,1043,U.S. Senate,,,Write-ins,0
Ellis,1043,U.S. Senate,,,Over Votes,0
Ellis,1043,U.S. Senate,,,Under Votes,26
Ellis,1044-5241,U.S. Senate,,REP,Ted Cruz,357
Ellis,1044-5241,U.S. Senate,,DEM,Colin Allred,110
Ellis,1044-5241,U.S. Senate,,LIB,Ted Brown,14
Ellis,1044-5241,U.S. Senate,,,Write-ins,0
Ellis,1044-5241,U.S. Senate,,,Over Votes,0
Ellis,1044-5241,U.S. Senate,,,Under Votes,8
Ellis,1045-5244,U.S. Senate,,REP,Ted Cruz,107
Ellis,1045-5244,U.S. Senate,,DEM,Colin Allred,16
Ellis,1045-5244,U.S. Senate,,LIB,Ted Brown,1
Ellis,1045-5244,U.S. Senate,,,Write-ins,0
Ellis,1045-5244,U.S. Senate,,,Over Votes,0
Ellis,1045-5244,U.S. Senate,,,Under Votes,3
Ellis,1046-5245,U.S. Senate,,REP,Ted Cruz,239
Ellis,1046-5245,U.S. Senate,,DEM,Colin Allred,151
Ellis,1046-5245,U.S. Senate,,LIB,Ted Brown,7
Ellis,1046-5245,U.S. Senate,,,Write-ins,1
Ellis,1046-5245,U.S. Senate,,,Over Votes,0
Ellis,1046-5245,U.S. Senate,,,Under Votes,6
Ellis,1047-5247,U.S. Senate,,REP,Ted Cruz,189
Ellis,1047-5247,U.S. Senate,,DEM,Colin Allred,42
Ellis,1047-5247,U.S. Senate,,LIB,Ted Brown,7
Ellis,1047-5247,U.S. Senate,,,Write-ins,0
Ellis,1047-5247,U.S. Senate,,,Over Votes,0
Ellis,1047-5247,U.S. Senate,,,Under Votes,2
Ellis,1048,U.S. Senate,,REP,Ted Cruz,968
Ellis,1048,U.S. Senate,,DEM,Colin Allred,570
Ellis,1048,U.S. Senate,,LIB,Ted Brown,24
Ellis,1048,U.S. Senate,,,Write-ins,0
Ellis,1048,U.S. Senate,,,Over Votes,0
Ellis,1048,U.S. Senate,,,Under Votes,23
Ellis,1049,U.S. Senate,,REP,Ted Cruz,335
Ellis,1049,U.S. Senate,,DEM,Colin Allred,130
Ellis,1049,U.S. Senate,,LIB,Ted Brown,5
Ellis,1049,U.S. Senate,,,Write-ins,0
Ellis,1049,U.S. Senate,,,Over Votes,0
Ellis,1049,U.S. Senate,,,Under Votes,10
Ellis,1050,U.S. Senate,,REP,Ted Cruz,886
Ellis,1050,U.S. Senate,,DEM,Colin Allred,1488
Ellis,1050,U.S. Senate,,LIB,Ted Brown,60
Ellis,1050,U.S. Senate,,,Write-ins,6
Ellis,1050,U.S. Senate,,,Over Votes,1
Ellis,1050,U.S. Senate,,,Under Votes,40
Ellis,1051,U.S. Senate,,REP,Ted Cruz,1124
Ellis,1051,U.S. Senate,,DEM,Colin Allred,1353
Ellis,1051,U.S. Senate,,LIB,Ted Brown,58
Ellis,1051,U.S. Senate,,,Write-ins,1
Ellis,1051,U.S. Senate,,,Over Votes,0
Ellis,1051,U.S. Senate,,,Under Votes,42
Ellis,1052,U.S. Senate,,REP,Ted Cruz,708
Ellis,1052,U.S. Senate,,DEM,Colin Allred,1339
Ellis,1052,U.S. Senate,,LIB,Ted Brown,57
Ellis,1052,U.S. Senate,,,Write-ins,1
Ellis,1052,U.S. Senate,,,Over Votes,0
Ellis,1052,U.S. Senate,,,Under Votes,22
Ellis,1053,U.S. Senate,,REP,Ted Cruz,820
Ellis,1053,U.S. Senate,,DEM,Colin Allred,806
Ellis,1053,U.S. Senate,,LIB,Ted Brown,43
Ellis,1053,U.S. Senate,,,Write-ins,1
Ellis,1053,U.S. Senate,,,Over Votes,0
Ellis,1053,U.S. Senate,,,Under Votes,28
Ellis,1054,U.S. Senate,,REP,Ted Cruz,610
Ellis,1054,U.S. Senate,,DEM,Colin Allred,1877
Ellis,1054,U.S. Senate,,LIB,Ted Brown,65
Ellis,1054,U.S. Senate,,,Write-ins,1
Ellis,1054,U.S. Senate,,,Over Votes,0
Ellis,1054,U.S. Senate,,,Under Votes,30
Ellis,1055,U.S. Senate,,REP,Ted Cruz,1551
Ellis,1055,U.S. Senate,,DEM,Colin Allred,876
Ellis,1055,U.S. Senate,,LIB,Ted Brown,44
Ellis,1055,U.S. Senate,,,Write-ins,1
Ellis,1055,U.S. Senate,,,Over Votes,0
Ellis,1055,U.S. Senate,,,Under Votes,35
Ellis,1056,U.S. Senate,,REP,Ted Cruz,1751
Ellis,1056,U.S. Senate,,DEM,Colin Allred,596
Ellis,1056,U.S. Senate,,LIB,Ted Brown,29
Ellis,1056,U.S. Senate,,,Write-ins,1
Ellis,1056,U.S. Senate,,,Over Votes,0
Ellis,1056,U.S. Senate,,,Under Votes,21
Ellis,1057,U.S. Senate,,REP,Ted Cruz,1713
Ellis,1057,U.S. Senate,,DEM,Colin Allred,1618
Ellis,1057,U.S. Senate,,LIB,Ted Brown,55
Ellis,1057,U.S. Senate,,,Write-ins,0
Ellis,1057,U.S. Senate,,,Over Votes,0
Ellis,1057,U.S. Senate,,,Under Votes,34
Ellis,1058,U.S. Senate,,REP,Ted Cruz,696
Ellis,1058,U.S. Senate,,DEM,Colin Allred,569
Ellis,1058,U.S. Senate,,LIB,Ted Brown,42
Ellis,1058,U.S. Senate,,,Write-ins,3
Ellis,1058,U.S. Senate,,,Over Votes,0
Ellis,1058,U.S. Senate,,,Under Votes,19
Ellis,1059,U.S. Senate,,REP,Ted Cruz,465
Ellis,1059,U.S. Senate,,DEM,Colin Allred,125
Ellis,1059,U.S. Senate,,LIB,Ted Brown,14
Ellis,1059,U.S. Senate,,,Write-ins,1
Ellis,1059,U.S. Senate,,,Over Votes,0
Ellis,1059,U.S. Senate,,,Under Votes,11
Ellis,1001-5001,U.S. House,6,REP,Jake Ellzey,545
Ellis,1001-5001,U.S. House,6,DEM,John Love III,855
Ellis,1001-5001,U.S. House,6,,Over Votes,0
Ellis,1001-5001,U.S. House,6,,Under Votes,127
Ellis,1002,U.S. House,6,REP,Jake Ellzey,108
Ellis,1002,U.S. House,6,DEM,John Love III,36
Ellis,1002,U.S. House,6,,Over Votes,0
Ellis,1002,U.S. House,6,,Under Votes,2
Ellis,1003-5007,U.S. House,6,REP,Jake Ellzey,1295
Ellis,1003-5007,U.S. House,6,DEM,John Love III,815
Ellis,1003-5007,U.S. House,6,,Over Votes,0
Ellis,1003-5007,U.S. House,6,,Under Votes,101
Ellis,1004-5011,U.S. House,6,REP,Jake Ellzey,80
Ellis,1004-5011,U.S. House,6,DEM,John Love III,67
Ellis,1004-5011,U.S. House,6,,Over Votes,0
Ellis,1004-5011,U.S. House,6,,Under Votes,6
Ellis,1005-5015,U.S. House,6,REP,Jake Ellzey,1818
Ellis,1005-5015,U.S. House,6,DEM,John Love III,899
Ellis,1005-5015,U.S. House,6,,Over Votes,0
Ellis,1005-5015,U.S. House,6,,Under Votes,128
Ellis,1006-5018,U.S. House,6,REP,Jake Ellzey,1958
Ellis,1006-5018,U.S. House,6,DEM,John Love III,1466
Ellis,1006-5018,U.S. House,6,,Over Votes,0
Ellis,1006-5018,U.S. House,6,,Under Votes,171
Ellis,1007-5022,U.S. House,6,REP,Jake Ellzey,1094
Ellis,1007-5022,U.S. House,6,DEM,John Love III,359
Ellis,1007-5022,U.S. House,6,,Over Votes,0
Ellis,1007-5022,U.S. House,6,,Under Votes,81
Ellis,1008-5026,U.S. House,6,REP,Jake Ellzey,70
Ellis,1008-5026,U.S. House,6,DEM,John Love III,38
Ellis,1008-5026,U.S. House,6,,Over Votes,0
Ellis,1008-5026,U.S. House,6,,Under Votes,7
Ellis,1009-5029,U.S. House,6,REP,Jake Ellzey,1883
Ellis,1009-5029,U.S. House,6,DEM,John Love III,461
Ellis,1009-5029,U.S. House,6,,Over Votes,0
Ellis,1009-5029,U.S. House,6,,Under Votes,110
Ellis,1010,U.S. House,6,REP,Jake Ellzey,961
Ellis,1010,U.S. House,6,DEM,John Love III,352
Ellis,1010,U.S. House,6,,Over Votes,0
Ellis,1010,U.S. House,6,,Under Votes,78
Ellis,1011,U.S. House,6,REP,Jake Ellzey,1205
Ellis,1011,U.S. House,6,DEM,John Love III,607
Ellis,1011,U.S. House,6,,Over Votes,0
Ellis,1011,U.S. House,6,,Under Votes,84
Ellis,1012,U.S. House,6,REP,Jake Ellzey,1236
Ellis,1012,U.S. House,6,DEM,John Love III,1002
Ellis,1012,U.S. House,6,,Over Votes,0
Ellis,1012,U.S. House,6,,Under Votes,156
Ellis,1013-5076,U.S. House,6,REP,Jake Ellzey,915
Ellis,1013-5076,U.S. House,6,DEM,John Love III,379
Ellis,1013-5076,U.S. House,6,,Over Votes,0
Ellis,1013-5076,U.S. House,6,,Under Votes,78
Ellis,1014,U.S. House,6,REP,Jake Ellzey,1203
Ellis,1014,U.S. House,6,DEM,John Love III,214
Ellis,1014,U.S. House,6,,Over Votes,0
Ellis,1014,U.S. House,6,,Under Votes,57
Ellis,1015,U.S. House,6,REP,Jake Ellzey,1643
Ellis,1015,U.S. House,6,DEM,John Love III,563
Ellis,1015,U.S. House,6,,Over Votes,0
Ellis,1015,U.S. House,6,,Under Votes,131
Ellis,1016,U.S. House,6,REP,Jake Ellzey,399
Ellis,1016,U.S. House,6,DEM,John Love III,407
Ellis,1016,U.S. House,6,,Over Votes,0
Ellis,1016,U.S. House,6,,Under Votes,56
Ellis,1017-5108,U.S. House,6,REP,Jake Ellzey,1312
Ellis,1017-5108,U.S. House,6,DEM,John Love III,480
Ellis,1017-5108,U.S. House,6,,Over Votes,0
Ellis,1017-5108,U.S. House,6,,Under Votes,80
Ellis,1018,U.S. House,6,REP,Jake Ellzey,784
Ellis,1018,U.S. House,6,DEM,John Love III,695
Ellis,1018,U.S. House,6,,Over Votes,0
Ellis,1018,U.S. House,6,,Under Votes,91
Ellis,1019-5117,U.S. House,6,REP,Jake Ellzey,1337
Ellis,1019-5117,U.S. House,6,DEM,John Love III,323
Ellis,1019-5117,U.S. House,6,,Over Votes,0
Ellis,1019-5117,U.S. House,6,,Under Votes,83
Ellis,1020,U.S. House,6,REP,Jake Ellzey,1011
Ellis,1020,U.S. House,6,DEM,John Love III,239
Ellis,1020,U.S. House,6,,Over Votes,0
Ellis,1020,U.S. House,6,,Under Votes,59
Ellis,1021,U.S. House,6,REP,Jake Ellzey,878
Ellis,1021,U.S. House,6,DEM,John Love III,166
Ellis,1021,U.S. House,6,,Over Votes,0
Ellis,1021,U.S. House,6,,Under Votes,43
Ellis,1022,U.S. House,6,REP,Jake Ellzey,1528
Ellis,1022,U.S. House,6,DEM,John Love III,618
Ellis,1022,U.S. House,6,,Over Votes,0
Ellis,1022,U.S. House,6,,Under Votes,122
Ellis,1024-5159,U.S. House,6,REP,Jake Ellzey,1008
Ellis,1024-5159,U.S. House,6,DEM,John Love III,382
Ellis,1024-5159,U.S. House,6,,Over Votes,0
Ellis,1024-5159,U.S. House,6,,Under Votes,93
Ellis,1025-5160,U.S. House,6,REP,Jake Ellzey,1187
Ellis,1025-5160,U.S. House,6,DEM,John Love III,491
Ellis,1025-5160,U.S. House,6,,Over Votes,0
Ellis,1025-5160,U.S. House,6,,Under Votes,91
Ellis,1026-5161,U.S. House,6,REP,Jake Ellzey,1125
Ellis,1026-5161,U.S. House,6,DEM,John Love III,440
Ellis,1026-5161,U.S. House,6,,Over Votes,0
Ellis,1026-5161,U.S. House,6,,Under Votes,109
Ellis,1027,U.S. House,6,REP,Jake Ellzey,1601
Ellis,1027,U.S. House,6,DEM,John Love III,564
Ellis,1027,U.S. House,6,,Over Votes,0
Ellis,1027,U.S. House,6,,Under Votes,87
Ellis,1028-5168,U.S. House,6,REP,Jake Ellzey,1646
Ellis,1028-5168,U.S. House,6,DEM,John Love III,427
Ellis,1028-5168,U.S. House,6,,Over Votes,0
Ellis,1028-5168,U.S. House,6,,Under Votes,90
Ellis,1029,U.S. House,6,REP,Jake Ellzey,385
Ellis,1029,U.S. House,6,DEM,John Love III,81
Ellis,1029,U.S. House,6,,Over Votes,0
Ellis,1029,U.S. House,6,,Under Votes,29
Ellis,1030-5176,U.S. House,6,REP,Jake Ellzey,1031
Ellis,1030-5176,U.S. House,6,DEM,John Love III,276
Ellis,1030-5176,U.S. House,6,,Over Votes,0
Ellis,1030-5176,U.S. House,6,,Under Votes,74
Ellis,1031-5181,U.S. House,6,REP,Jake Ellzey,348
Ellis,1031-5181,U.S. House,6,DEM,John Love III,123
Ellis,1031-5181,U.S. House,6,,Over Votes,0
Ellis,1031-5181,U.S. House,6,,Under Votes,19
Ellis,1032-5184,U.S. House,6,REP,Jake Ellzey,2547
Ellis,1032-5184,U.S. House,6,DEM,John Love III,406
Ellis,1032-5184,U.S. House,6,,Over Votes,0
Ellis,1032-5184,U.S. House,6,,Under Votes,106
Ellis,1033,U.S. House,6,REP,Jake Ellzey,1557
Ellis,1033,U.S. House,6,DEM,John Love III,518
Ellis,1033,U.S. House,6,,Over Votes,0
Ellis,1033,U.S. House,6,,Under Votes,82
Ellis,1034-5195,U.S. House,6,REP,Jake Ellzey,2306
Ellis,1034-5195,U.S. House,6,DEM,John Love III,803
Ellis,1034-5195,U.S. House,6,,Over Votes,0
Ellis,1034-5195,U.S. House,6,,Under Votes,134
Ellis,1035-5197,U.S. House,6,REP,Jake Ellzey,812
Ellis,1035-5197,U.S. House,6,DEM,John Love III,305
Ellis,1035-5197,U.S. House,6,,Over Votes,0
Ellis,1035-5197,U.S. House,6,,Under Votes,73
Ellis,1036-5200,U.S. House,6,REP,Jake Ellzey,2036
Ellis,1036-5200,U.S. House,6,DEM,John Love III,889
Ellis,1036-5200,U.S. House,6,,Over Votes,0
Ellis,1036-5200,U.S. House,6,,Under Votes,142
Ellis,1037-5201,U.S. House,6,REP,Jake Ellzey,1296
Ellis,1037-5201,U.S. House,6,DEM,John Love III,462
Ellis,1037-5201,U.S. House,6,,Over Votes,0
Ellis,1037-5201,U.S. House,6,,Under Votes,64
Ellis,1038-5204,U.S. House,6,REP,Jake Ellzey,2728
Ellis,1038-5204,U.S. House,6,DEM,John Love III,1085
Ellis,1038-5204,U.S. House,6,,Over Votes,0
Ellis,1038-5204,U.S. House,6,,Under Votes,130
Ellis,1039-5208,U.S. House,6,REP,Jake Ellzey,1830
Ellis,1039-5208,U.S. House,6,DEM,John Love III,524
Ellis,1039-5208,U.S. House,6,,Over Votes,0
Ellis,1039-5208,U.S. House,6,,Under Votes,150
Ellis,1040,U.S. House,6,REP,Jake Ellzey,300
Ellis,1040,U.S. House,6,DEM,John Love III,79
Ellis,1040,U.S. House,6,,Over Votes,0
Ellis,1040,U.S. House,6,,Under Votes,19
Ellis,1041,U.S. House,6,REP,Jake Ellzey,1807
Ellis,1041,U.S. House,6,DEM,John Love III,527
Ellis,1041,U.S. House,6,,Over Votes,0
Ellis,1041,U.S. House,6,,Under Votes,93
Ellis,1042-5227,U.S. House,6,REP,Jake Ellzey,268
Ellis,1042-5227,U.S. House,6,DEM,John Love III,75
Ellis,1042-5227,U.S. House,6,,Over Votes,0
Ellis,1042-5227,U.S. House,6,,Under Votes,10
Ellis,1043,U.S. House,6,REP,Jake Ellzey,2188
Ellis,1043,U.S. House,6,DEM,John Love III,828
Ellis,1043,U.S. House,6,,Over Votes,0
Ellis,1043,U.S. House,6,,Under Votes,92
Ellis,1044-5241,U.S. House,6,REP,Jake Ellzey,388
Ellis,1044-5241,U.S. House,6,DEM,John Love III,77
Ellis,1044-5241,U.S. House,6,,Over Votes,0
Ellis,1044-5241,U.S. House,6,,Under Votes,24
Ellis,1045-5244,U.S. House,6,REP,Jake Ellzey,111
Ellis,1045-5244,U.S. House,6,DEM,John Love III,10
Ellis,1045-5244,U.S. House,6,,Over Votes,0
Ellis,1045-5244,U.S. House,6,,Under Votes,6
Ellis,1046-5245,U.S. House,6,REP,Jake Ellzey,265
Ellis,1046-5245,U.S. House,6,DEM,John Love III,116
Ellis,1046-5245,U.S. House,6,,Over Votes,0
Ellis,1046-5245,U.S. House,6,,Under Votes,23
Ellis,1047-5247,U.S. House,6,REP,Jake Ellzey,195
Ellis,1047-5247,U.S. House,6,DEM,John Love III,38
Ellis,1047-5247,U.S. House,6,,Over Votes,0
Ellis,1047-5247,U.S. House,6,,Under Votes,7
Ellis,1048,U.S. House,6,REP,Jake Ellzey,1055
Ellis,1048,U.S. House,6,DEM,John Love III,458
Ellis,1048,U.S. House,6,,Over Votes,0
Ellis,1048,U.S. House,6,,Under Votes,72
Ellis,1049,U.S. House,6,REP,Jake Ellzey,353
Ellis,1049,U.S. House,6,DEM,John Love III,103
Ellis,1049,U.S. House,6,,Over Votes,0
Ellis,1049,U.S. House,6,,Under Votes,24
Ellis,1050,U.S. House,6,REP,Jake Ellzey,953
Ellis,1050,U.S. House,6,DEM,John Love III,1389
Ellis,1050,U.S. House,6,,Over Votes,0
Ellis,1050,U.S. House,6,,Under Votes,139
Ellis,1051,U.S. House,6,REP,Jake Ellzey,1189
Ellis,1051,U.S. House,6,DEM,John Love III,1226
Ellis,1051,U.S. House,6,,Over Votes,0
Ellis,1051,U.S. House,6,,Under Votes,163
Ellis,1052,U.S. House,6,REP,Jake Ellzey,749
Ellis,1052,U.S. House,6,DEM,John Love III,1263
Ellis,1052,U.S. House,6,,Over Votes,0
Ellis,1052,U.S. House,6,,Under Votes,115
Ellis,1053,U.S. House,6,REP,Jake Ellzey,899
Ellis,1053,U.S. House,6,DEM,John Love III,710
Ellis,1053,U.S. House,6,,Over Votes,0
Ellis,1053,U.S. House,6,,Under Votes,89
Ellis,1054,U.S. House,6,REP,Jake Ellzey,661
Ellis,1054,U.S. House,6,DEM,John Love III,1775
Ellis,1054,U.S. House,6,,Over Votes,0
Ellis,1054,U.S. House,6,,Under Votes,147
Ellis,1055,U.S. House,6,REP,Jake Ellzey,1655
Ellis,1055,U.S. House,6,DEM,John Love III,732
Ellis,1055,U.S. House,6,,Over Votes,0
Ellis,1055,U.S. House,6,,Under Votes,120
Ellis,1056,U.S. House,6,REP,Jake Ellzey,1849
Ellis,1056,U.S. House,6,DEM,John Love III,466
Ellis,1056,U.S. House,6,,Over Votes,0
Ellis,1056,U.S. House,6,,Under Votes,83
Ellis,1057,U.S. House,6,REP,Jake Ellzey,1833
Ellis,1057,U.S. House,6,DEM,John Love III,1461
Ellis,1057,U.S. House,6,,Over Votes,0
Ellis,1057,U.S. House,6,,Under Votes,126
Ellis,1058,U.S. House,6,REP,Jake Ellzey,730
Ellis,1058,U.S. House,6,DEM,John Love III,512
Ellis,1058,U.S. House,6,,Over Votes,0
Ellis,1058,U.S. House,6,,Under Votes,87
Ellis,1059,U.S. House,6,REP,Jake Ellzey,490
Ellis,1059,U.S. House,6,DEM,John Love III,97
Ellis,1059,U.S. House,6,,Over Votes,0
Ellis,1059,U.S. House,6,,Under Votes,29
Ellis,1001-5001,Railroad Commissioner,,REP,Christi Craddick,523
Ellis,1001-5001,Railroad Commissioner,,DEM,Katherine Culbert,851
Ellis,1001-5001,Railroad Commissioner,,LIB,Hawk Dunlap,34
Ellis,1001-5001,Railroad Commissioner,,GRN,Eddie Espinoza,29
Ellis,1001-5001,Railroad Commissioner,,,Write-ins,2
Ellis,1001-5001,Railroad Commissioner,,,Over Votes,0
Ellis,1001-5001,Railroad Commissioner,,,Under Votes,88
Ellis,1002,Railroad Commissioner,,REP,Christi Craddick,107
Ellis,1002,Railroad Commissioner,,DEM,Katherine Culbert,34
Ellis,1002,Railroad Commissioner,,LIB,Hawk Dunlap,3
Ellis,1002,Railroad Commissioner,,GRN,Eddie Espinoza,0
Ellis,1002,Railroad Commissioner,,,Write-ins,0
Ellis,1002,Railroad Commissioner,,,Over Votes,0
Ellis,1002,Railroad Commissioner,,,Under Votes,2
Ellis,1003-5007,Railroad Commissioner,,REP,Christi Craddick,1215
Ellis,1003-5007,Railroad Commissioner,,DEM,Katherine Culbert,773
Ellis,1003-5007,Railroad Commissioner,,LIB,Hawk Dunlap,65
Ellis,1003-5007,Railroad Commissioner,,GRN,Eddie Espinoza,52
Ellis,1003-5007,Railroad Commissioner,,,Write-ins,1
Ellis,1003-5007,Railroad Commissioner,,,Over Votes,0
Ellis,1003-5007,Railroad Commissioner,,,Under Votes,105
Ellis,1004-5011,Railroad Commissioner,,REP,Christi Craddick,82
Ellis,1004-5011,Railroad Commissioner,,DEM,Katherine Culbert,62
Ellis,1004-5011,Railroad Commissioner,,LIB,Hawk Dunlap,4
Ellis,1004-5011,Railroad Commissioner,,GRN,Eddie Espinoza,2
Ellis,1004-5011,Railroad Commissioner,,,Write-ins,1
Ellis,1004-5011,Railroad Commissioner,,,Over Votes,0
Ellis,1004-5011,Railroad Commissioner,,,Under Votes,2
Ellis,1005-5015,Railroad Commissioner,,REP,Christi Craddick,1728
Ellis,1005-5015,Railroad Commissioner,,DEM,Katherine Culbert,905
Ellis,1005-5015,Railroad Commissioner,,LIB,Hawk Dunlap,52
Ellis,1005-5015,Railroad Commissioner,,GRN,Eddie Espinoza,35
Ellis,1005-5015,Railroad Commissioner,,,Write-ins,3
Ellis,1005-5015,Railroad Commissioner,,,Over Votes,0
Ellis,1005-5015,Railroad Commissioner,,,Under Votes,122
Ellis,1006-5018,Railroad Commissioner,,REP,Christi Craddick,1865
Ellis,1006-5018,Railroad Commissioner,,DEM,Katherine Culbert,1402
Ellis,1006-5018,Railroad Commissioner,,LIB,Hawk Dunlap,96
Ellis,1006-5018,Railroad Commissioner,,GRN,Eddie Espinoza,69
Ellis,1006-5018,Railroad Commissioner,,,Write-ins,5
Ellis,1006-5018,Railroad Commissioner,,,Over Votes,0
Ellis,1006-5018,Railroad Commissioner,,,Under Votes,158
Ellis,1007-5022,Railroad Commissioner,,REP,Christi Craddick,1050
Ellis,1007-5022,Railroad Commissioner,,DEM,Katherine Culbert,326
Ellis,1007-5022,Railroad Commissioner,,LIB,Hawk Dunlap,40
Ellis,1007-5022,Railroad Commissioner,,GRN,Eddie Espinoza,24
Ellis,1007-5022,Railroad Commissioner,,,Write-ins,2
Ellis,1007-5022,Railroad Commissioner,,,Over Votes,0
Ellis,1007-5022,Railroad Commissioner,,,Under Votes,92
Ellis,1008-5026,Railroad Commissioner,,REP,Christi Craddick,65
Ellis,1008-5026,Railroad Commissioner,,DEM,Katherine Culbert,38
Ellis,1008-5026,Railroad Commissioner,,LIB,Hawk Dunlap,4
Ellis,1008-5026,Railroad Commissioner,,GRN,Eddie Espinoza,0
Ellis,1008-5026,Railroad Commissioner,,,Write-ins,1
Ellis,1008-5026,Railroad Commissioner,,,Over Votes,0
Ellis,1008-5026,Railroad Commissioner,,,Under Votes,7
Ellis,1009-5029,Railroad Commissioner,,REP,Christi Craddick,1803
Ellis,1009-5029,Railroad Commissioner,,DEM,Katherine Culbert,449
Ellis,1009-5029,Railroad Commissioner,,LIB,Hawk Dunlap,61
Ellis,1009-5029,Railroad Commissioner,,GRN,Eddie Espinoza,39
Ellis,1009-5029,Railroad Commissioner,,,Write-ins,2
Ellis,1009-5029,Railroad Commissioner,,,Over Votes,0
Ellis,1009-5029,Railroad Commissioner,,,Under Votes,100
Ellis,1010,Railroad Commissioner,,REP,Christi Craddick,922
Ellis,1010,Railroad Commissioner,,DEM,Katherine Culbert,332
Ellis,1010,Railroad Commissioner,,LIB,Hawk Dunlap,29
Ellis,1010,Railroad Commissioner,,GRN,Eddie Espinoza,29
Ellis,1010,Railroad Commissioner,,,Write-ins,1
Ellis,1010,Railroad Commissioner,,,Over Votes,0
Ellis,1010,Railroad Commissioner,,,Under Votes,78
Ellis,1011,Railroad Commissioner,,REP,Christi Craddick,1136
Ellis,1011,Railroad Commissioner,,DEM,Katherine Culbert,577
Ellis,1011,Railroad Commissioner,,LIB,Hawk Dunlap,52
Ellis,1011,Railroad Commissioner,,GRN,Eddie Espinoza,49
Ellis,1011,Railroad Commissioner,,,Write-ins,0
Ellis,1011,Railroad Commissioner,,,Over Votes,0
Ellis,1011,Railroad Commissioner,,,Under Votes,82
Ellis,1012,Railroad Commissioner,,REP,Christi Craddick,1166
Ellis,1012,Railroad Commissioner,,DEM,Katherine Culbert,946
Ellis,1012,Railroad Commissioner,,LIB,Hawk Dunlap,50
Ellis,1012,Railroad Commissioner,,GRN,Eddie Espinoza,70
Ellis,1012,Railroad Commissioner,,,Write-ins,4
Ellis,1012,Railroad Commissioner,,,Over Votes,0
Ellis,1012,Railroad Commissioner,,,Under Votes,158
Ellis,1013-5076,Railroad Commissioner,,REP,Christi Craddick,856
Ellis,1013-5076,Railroad Commissioner,,DEM,Katherine Culbert,337
Ellis,1013-5076,Railroad Commissioner,,LIB,Hawk Dunlap,53
Ellis,1013-5076,Railroad Commissioner,,GRN,Eddie Espinoza,38
Ellis,1013-5076,Railroad Commissioner,,,Write-ins,3
Ellis,1013-5076,Railroad Commissioner,,,Over Votes,0
Ellis,1013-5076,Railroad Commissioner,,,Under Votes,85
Ellis,1014,Railroad Commissioner,,REP,Christi Craddick,1166
Ellis,1014,Railroad Commissioner,,DEM,Katherine Culbert,215
Ellis,1014,Railroad Commissioner,,LIB,Hawk Dunlap,27
Ellis,1014,Railroad Commissioner,,GRN,Eddie Espinoza,8
Ellis,1014,Railroad Commissioner,,,Write-ins,0
Ellis,1014,Railroad Commissioner,,,Over Votes,0
Ellis,1014,Railroad Commissioner,,,Under Votes,58
Ellis,1015,Railroad Commissioner,,REP,Christi Craddick,1559
Ellis,1015,Railroad Commissioner,,DEM,Katherine Culbert,563
Ellis,1015,Railroad Commissioner,,LIB,Hawk Dunlap,49
Ellis,1015,Railroad Commissioner,,GRN,Eddie Espinoza,39
Ellis,1015,Railroad Commissioner,,,Write-ins,1
Ellis,1015,Railroad Commissioner,,,Over Votes,0
Ellis,1015,Railroad Commissioner,,,Under Votes,126
Ellis,1016,Railroad Commissioner,,REP,Christi Craddick,372
Ellis,1016,Railroad Commissioner,,DEM,Katherine Culbert,390
Ellis,1016,Railroad Commissioner,,LIB,Hawk Dunlap,11
Ellis,1016,Railroad Commissioner,,GRN,Eddie Espinoza,24
Ellis,1016,Railroad Commissioner,,,Write-ins,0
Ellis,1016,Railroad Commissioner,,,Over Votes,0
Ellis,1016,Railroad Commissioner,,,Under Votes,65
Ellis,1017-5108,Railroad Commissioner,,REP,Christi Craddick,1221
Ellis,1017-5108,Railroad Commissioner,,DEM,Katherine Culbert,452
Ellis,1017-5108,Railroad Commissioner,,LIB,Hawk Dunlap,44
Ellis,1017-5108,Railroad Commissioner,,GRN,Eddie Espinoza,43
Ellis,1017-5108,Railroad Commissioner,,,Write-ins,2
Ellis,1017-5108,Railroad Commissioner,,,Over Votes,0
Ellis,1017-5108,Railroad Commissioner,,,Under Votes,110
Ellis,1018,Railroad Commissioner,,REP,Christi Craddick,730
Ellis,1018,Railroad Commissioner,,DEM,Katherine Culbert,652
Ellis,1018,Railroad Commissioner,,LIB,Hawk Dunlap,37
Ellis,1018,Railroad Commissioner,,GRN,Eddie Espinoza,63
Ellis,1018,Railroad Commissioner,,,Write-ins,1
Ellis,1018,Railroad Commissioner,,,Over Votes,0
Ellis,1018,Railroad Commissioner,,,Under Votes,87
Ellis,1019-5117,Railroad Commissioner,,REP,Christi Craddick,1229
Ellis,1019-5117,Railroad Commissioner,,DEM,Katherine Culbert,345
Ellis,1019-5117,Railroad Commissioner,,LIB,Hawk Dunlap,46
Ellis,1019-5117,Railroad Commissioner,,GRN,Eddie Espinoza,25
Ellis,1019-5117,Railroad Commissioner,,,Write-ins,1
Ellis,1019-5117,Railroad Commissioner,,,Over Votes,0
Ellis,1019-5117,Railroad Commissioner,,,Under Votes,97
Ellis,1020,Railroad Commissioner,,REP,Christi Craddick,956
Ellis,1020,Railroad Commissioner,,DEM,Katherine Culbert,238
Ellis,1020,Railroad Commissioner,,LIB,Hawk Dunlap,27
Ellis,1020,Railroad Commissioner,,GRN,Eddie Espinoza,25
Ellis,1020,Railroad Commissioner,,,Write-ins,0
Ellis,1020,Railroad Commissioner,,,Over Votes,0
Ellis,1020,Railroad Commissioner,,,Under Votes,63
Ellis,1021,Railroad Commissioner,,REP,Christi Craddick,839
Ellis,1021,Railroad Commissioner,,DEM,Katherine Culbert,171
Ellis,1021,Railroad Commissioner,,LIB,Hawk Dunlap,25
Ellis,1021,Railroad Commissioner,,GRN,Eddie Espinoza,10
Ellis,1021,Railroad Commissioner,,,Write-ins,0
Ellis,1021,Railroad Commissioner,,,Over Votes,0
Ellis,1021,Railroad Commissioner,,,Under Votes,42
Ellis,1022,Railroad Commissioner,,REP,Christi Craddick,1457
Ellis,1022,Railroad Commissioner,,DEM,Katherine Culbert,591
Ellis,1022,Railroad Commissioner,,LIB,Hawk Dunlap,56
Ellis,1022,Railroad Commissioner,,GRN,Eddie Espinoza,39
Ellis,1022,Railroad Commissioner,,,Write-ins,3
Ellis,1022,Railroad Commissioner,,,Over Votes,0
Ellis,1022,Railroad Commissioner,,,Under Votes,122
Ellis,1024-5159,Railroad Commissioner,,REP,Christi Craddick,939
Ellis,1024-5159,Railroad Commissioner,,DEM,Katherine Culbert,364
Ellis,1024-5159,Railroad Commissioner,,LIB,Hawk Dunlap,46
Ellis,1024-5159,Railroad Commissioner,,GRN,Eddie Espinoza,33
Ellis,1024-5159,Railroad Commissioner,,,Write-ins,1
Ellis,1024-5159,Railroad Commissioner,,,Over Votes,0
Ellis,1024-5159,Railroad Commissioner,,,Under Votes,100
Ellis,1025-5160,Railroad Commissioner,,REP,Christi Craddick,1115
Ellis,1025-5160,Railroad Commissioner,,DEM,Katherine Culbert,489
Ellis,1025-5160,Railroad Commissioner,,LIB,Hawk Dunlap,38
Ellis,1025-5160,Railroad Commissioner,,GRN,Eddie Espinoza,29
Ellis,1025-5160,Railroad Commissioner,,,Write-ins,0
Ellis,1025-5160,Railroad Commissioner,,,Over Votes,0
Ellis,1025-5160,Railroad Commissioner,,,Under Votes,98
Ellis,1026-5161,Railroad Commissioner,,REP,Christi Craddick,1092
Ellis,1026-5161,Railroad Commissioner,,DEM,Katherine Culbert,420
Ellis,1026-5161,Railroad Commissioner,,LIB,Hawk Dunlap,49
Ellis,1026-5161,Railroad Commissioner,,GRN,Eddie Espinoza,25
Ellis,1026-5161,Railroad Commissioner,,,Write-ins,1
Ellis,1026-5161,Railroad Commissioner,,,Over Votes,0
Ellis,1026-5161,Railroad Commissioner,,,Under Votes,87
Ellis,1027,Railroad Commissioner,,REP,Christi Craddick,1530
Ellis,1027,Railroad Commissioner,,DEM,Katherine Culbert,548
Ellis,1027,Railroad Commissioner,,LIB,Hawk Dunlap,62
Ellis,1027,Railroad Commissioner,,GRN,Eddie Espinoza,20
Ellis,1027,Railroad Commissioner,,,Write-ins,2
Ellis,1027,Railroad Commissioner,,,Over Votes,0
Ellis,1027,Railroad Commissioner,,,Under Votes,90
Ellis,1028-5168,Railroad Commissioner,,REP,Christi Craddick,1598
Ellis,1028-5168,Railroad Commissioner,,DEM,Katherine Culbert,393
Ellis,1028-5168,Railroad Commissioner,,LIB,Hawk Dunlap,44
Ellis,1028-5168,Railroad Commissioner,,GRN,Eddie Espinoza,39
Ellis,1028-5168,Railroad Commissioner,,,Write-ins,4
Ellis,1028-5168,Railroad Commissioner,,,Over Votes,0
Ellis,1028-5168,Railroad Commissioner,,,Under Votes,85
Ellis,1029,Railroad Commissioner,,REP,Christi Craddick,369
Ellis,1029,Railroad Commissioner,,DEM,Katherine Culbert,81
Ellis,1029,Railroad Commissioner,,LIB,Hawk Dunlap,11
Ellis,1029,Railroad Commissioner,,GRN,Eddie Espinoza,8
Ellis,1029,Railroad Commissioner,,,Write-ins,0
Ellis,1029,Railroad Commissioner,,,Over Votes,0
Ellis,1029,Railroad Commissioner,,,Under Votes,26
Ellis,1030-5176,Railroad Commissioner,,REP,Christi Craddick,991
Ellis,1030-5176,Railroad Commissioner,,DEM,Katherine Culbert,265
Ellis,1030-5176,Railroad Commissioner,,LIB,Hawk Dunlap,35
Ellis,1030-5176,Railroad Commissioner,,GRN,Eddie Espinoza,13
Ellis,1030-5176,Railroad Commissioner,,,Write-ins,0
Ellis,1030-5176,Railroad Commissioner,,,Over Votes,0
Ellis,1030-5176,Railroad Commissioner,,,Under Votes,77
Ellis,1031-5181,Railroad Commissioner,,REP,Christi Craddick,347
Ellis,1031-5181,Railroad Commissioner,,DEM,Katherine Culbert,111
Ellis,1031-5181,Railroad Commissioner,,LIB,Hawk Dunlap,13
Ellis,1031-5181,Railroad Commissioner,,GRN,Eddie Espinoza,2
Ellis,1031-5181,Railroad Commissioner,,,Write-ins,0
Ellis,1031-5181,Railroad Commissioner,,,Over Votes,0
Ellis,1031-5181,Railroad Commissioner,,,Under Votes,17
Ellis,1032-5184,Railroad Commissioner,,REP,Christi Craddick,2467
Ellis,1032-5184,Railroad Commissioner,,DEM,Katherine Culbert,383
Ellis,1032-5184,Railroad Commissioner,,LIB,Hawk Dunlap,83
Ellis,1032-5184,Railroad Commissioner,,GRN,Eddie Espinoza,27
Ellis,1032-5184,Railroad Commissioner,,,Write-ins,3
Ellis,1032-5184,Railroad Commissioner,,,Over Votes,0
Ellis,1032-5184,Railroad Commissioner,,,Under Votes,96
Ellis,1033,Railroad Commissioner,,REP,Christi Craddick,1503
Ellis,1033,Railroad Commissioner,,DEM,Katherine Culbert,496
Ellis,1033,Railroad Commissioner,,LIB,Hawk Dunlap,47
Ellis,1033,Railroad Commissioner,,GRN,Eddie Espinoza,21
Ellis,1033,Railroad Commissioner,,,Write-ins,0
Ellis,1033,Railroad Commissioner,,,Over Votes,0
Ellis,1033,Railroad Commissioner,,,Under Votes,90
Ellis,1034-5195,Railroad Commissioner,,REP,Christi Craddick,2230
Ellis,1034-5195,Railroad Commissioner,,DEM,Katherine Culbert,751
Ellis,1034-5195,Railroad Commissioner,,LIB,Hawk Dunlap,82
Ellis,1034-5195,Railroad Commissioner,,GRN,Eddie Espinoza,36
Ellis,1034-5195,Railroad Commissioner,,,Write-ins,1
Ellis,1034-5195,Railroad Commissioner,,,Over Votes,0
Ellis,1034-5195,Railroad Commissioner,,,Under Votes,143
Ellis,1035-5197,Railroad Commissioner,,REP,Christi Craddick,786
Ellis,1035-5197,Railroad Commissioner,,DEM,Katherine Culbert,273
Ellis,1035-5197,Railroad Commissioner,,LIB,Hawk Dunlap,46
Ellis,1035-5197,Railroad Commissioner,,GRN,Eddie Espinoza,23
Ellis,1035-5197,Railroad Commissioner,,,Write-ins,0
Ellis,1035-5197,Railroad Commissioner,,,Over Votes,0
Ellis,1035-5197,Railroad Commissioner,,,Under Votes,62
Ellis,1036-5200,Railroad Commissioner,,REP,Christi Craddick,1946
Ellis,1036-5200,Railroad Commissioner,,DEM,Katherine Culbert,851
Ellis,1036-5200,Railroad Commissioner,,LIB,Hawk Dunlap,68
Ellis,1036-5200,Railroad Commissioner,,GRN,Eddie Espinoza,52
Ellis,1036-5200,Railroad Commissioner,,,Write-ins,1
Ellis,1036-5200,Railroad Commissioner,,,Over Votes,0
Ellis,1036-5200,Railroad Commissioner,,,Under Votes,149
Ellis,1037-5201,Railroad Commissioner,,REP,Christi Craddick,1246
Ellis,1037-5201,Railroad Commissioner,,DEM,Katherine Culbert,423
Ellis,1037-5201,Railroad Commissioner,,LIB,Hawk Dunlap,62
Ellis,1037-5201,Railroad Commissioner,,GRN,Eddie Espinoza,16
Ellis,1037-5201,Railroad Commissioner,,,Write-ins,2
Ellis,1037-5201,Railroad Commissioner,,,Over Votes,0
Ellis,1037-5201,Railroad Commissioner,,,Under Votes,73
Ellis,1038-5204,Railroad Commissioner,,REP,Christi Craddick,2612
Ellis,1038-5204,Railroad Commissioner,,DEM,Katherine Culbert,1046
Ellis,1038-5204,Railroad Commissioner,,LIB,Hawk Dunlap,88
Ellis,1038-5204,Railroad Commissioner,,GRN,Eddie Espinoza,41
Ellis,1038-5204,Railroad Commissioner,,,Write-ins,2
Ellis,1038-5204,Railroad Commissioner,,,Over Votes,0
Ellis,1038-5204,Railroad Commissioner,,,Under Votes,154
Ellis,1039-5208,Railroad Commissioner,,REP,Christi Craddick,1750
Ellis,1039-5208,Railroad Commissioner,,DEM,Katherine Culbert,512
Ellis,1039-5208,Railroad Commissioner,,LIB,Hawk Dunlap,60
Ellis,1039-5208,Railroad Commissioner,,GRN,Eddie Espinoza,32
Ellis,1039-5208,Railroad Commissioner,,,Write-ins,0
Ellis,1039-5208,Railroad Commissioner,,,Over Votes,0
Ellis,1039-5208,Railroad Commissioner,,,Under Votes,150
Ellis,1040,Railroad Commissioner,,REP,Christi Craddick,296
Ellis,1040,Railroad Commissioner,,DEM,Katherine Culbert,67
Ellis,1040,Railroad Commissioner,,LIB,Hawk Dunlap,9
Ellis,1040,Railroad Commissioner,,GRN,Eddie Espinoza,7
Ellis,1040,Railroad Commissioner,,,Write-ins,0
Ellis,1040,Railroad Commissioner,,,Over Votes,0
Ellis,1040,Railroad Commissioner,,,Under Votes,19
Ellis,1041,Railroad Commissioner,,REP,Christi Craddick,1744
Ellis,1041,Railroad Commissioner,,DEM,Katherine Culbert,508
Ellis,1041,Railroad Commissioner,,LIB,Hawk Dunlap,54
Ellis,1041,Railroad Commissioner,,GRN,Eddie Espinoza,22
Ellis,1041,Railroad Commissioner,,,Write-ins,1
Ellis,1041,Railroad Commissioner,,,Over Votes,0
Ellis,1041,Railroad Commissioner,,,Under Votes,98
Ellis,1042-5227,Railroad Commissioner,,REP,Christi Craddick,248
Ellis,1042-5227,Railroad Commissioner,,DEM,Katherine Culbert,85
Ellis,1042-5227,Railroad Commissioner,,LIB,Hawk Dunlap,5
Ellis,1042-5227,Railroad Commissioner,,GRN,Eddie Espinoza,5
Ellis,1042-5227,Railroad Commissioner,,,Write-ins,0
Ellis,1042-5227,Railroad Commissioner,,,Over Votes,0
Ellis,1042-5227,Railroad Commissioner,,,Under Votes,10
Ellis,1043,Railroad Commissioner,,REP,Christi Craddick,2101
Ellis,1043,Railroad Commissioner,,DEM,Katherine Culbert,802
Ellis,1043,Railroad Commissioner,,LIB,Hawk Dunlap,64
Ellis,1043,Railroad Commissioner,,GRN,Eddie Espinoza,38
Ellis,1043,Railroad Commissioner,,,Write-ins,0
Ellis,1043,Railroad Commissioner,,,Over Votes,0
Ellis,1043,Railroad Commissioner,,,Under Votes,103
Ellis,1044-5241,Railroad Commissioner,,REP,Christi Craddick,370
Ellis,1044-5241,Railroad Commissioner,,DEM,Katherine Culbert,81
Ellis,1044-5241,Railroad Commissioner,,LIB,Hawk Dunlap,10
Ellis,1044-5241,Railroad Commissioner,,GRN,Eddie Espinoza,3
Ellis,1044-5241,Railroad Commissioner,,,Write-ins,1
Ellis,1044-5241,Railroad Commissioner,,,Over Votes,0
Ellis,1044-5241,Railroad Commissioner,,,Under Votes,24
Ellis,1045-5244,Railroad Commissioner,,REP,Christi Craddick,108
Ellis,1045-5244,Railroad Commissioner,,DEM,Katherine Culbert,12
Ellis,1045-5244,Railroad Commissioner,,LIB,Hawk Dunlap,0
Ellis,1045-5244,Railroad Commissioner,,GRN,Eddie Espinoza,0
Ellis,1045-5244,Railroad Commissioner,,,Write-ins,0
Ellis,1045-5244,Railroad Commissioner,,,Over Votes,0
Ellis,1045-5244,Railroad Commissioner,,,Under Votes,7
Ellis,1046-5245,Railroad Commissioner,,REP,Christi Craddick,249
Ellis,1046-5245,Railroad Commissioner,,DEM,Katherine Culbert,116
Ellis,1046-5245,Railroad Commissioner,,LIB,Hawk Dunlap,11
Ellis,1046-5245,Railroad Commissioner,,GRN,Eddie Espinoza,6
Ellis,1046-5245,Railroad Commissioner,,,Write-ins,0
Ellis,1046-5245,Railroad Commissioner,,,Over Votes,0
Ellis,1046-5245,Railroad Commissioner,,,Under Votes,22
Ellis,1047-5247,Railroad Commissioner,,REP,Christi Craddick,191
Ellis,1047-5247,Railroad Commissioner,,DEM,Katherine Culbert,39
Ellis,1047-5247,Railroad Commissioner,,LIB,Hawk Dunlap,4
Ellis,1047-5247,Railroad Commissioner,,GRN,Eddie Espinoza,1
Ellis,1047-5247,Railroad Commissioner,,,Write-ins,0
Ellis,1047-5247,Railroad Commissioner,,,Over Votes,0
Ellis,1047-5247,Railroad Commissioner,,,Under Votes,5
Ellis,1048,Railroad Commissioner,,REP,Christi Craddick,998
Ellis,1048,Railroad Commissioner,,DEM,Katherine Culbert,435
Ellis,1048,Railroad Commissioner,,LIB,Hawk Dunlap,37
Ellis,1048,Railroad Commissioner,,GRN,Eddie Espinoza,36
Ellis,1048,Railroad Commissioner,,,Write-ins,0
Ellis,1048,Railroad Commissioner,,,Over Votes,0
Ellis,1048,Railroad Commissioner,,,Under Votes,79
Ellis,1049,Railroad Commissioner,,REP,Christi Craddick,341
Ellis,1049,Railroad Commissioner,,DEM,Katherine Culbert,107
Ellis,1049,Railroad Commissioner,,LIB,Hawk Dunlap,6
Ellis,1049,Railroad Commissioner,,GRN,Eddie Espinoza,5
Ellis,1049,Railroad Commissioner,,,Write-ins,0
Ellis,1049,Railroad Commissioner,,,Over Votes,0
Ellis,1049,Railroad Commissioner,,,Under Votes,21
Ellis,1050,Railroad Commissioner,,REP,Christi Craddick,892
Ellis,1050,Railroad Commissioner,,DEM,Katherine Culbert,1360
Ellis,1050,Railroad Commissioner,,LIB,Hawk Dunlap,55
Ellis,1050,Railroad Commissioner,,GRN,Eddie Espinoza,59
Ellis,1050,Railroad Commissioner,,,Write-ins,5
Ellis,1050,Railroad Commissioner,,,Over Votes,0
Ellis,1050,Railroad Commissioner,,,Under Votes,110
Ellis,1051,Railroad Commissioner,,REP,Christi Craddick,1153
Ellis,1051,Railroad Commissioner,,DEM,Katherine Culbert,1182
Ellis,1051,Railroad Commissioner,,LIB,Hawk Dunlap,51
Ellis,1051,Railroad Commissioner,,GRN,Eddie Espinoza,65
Ellis,1051,Railroad Commissioner,,,Write-ins,1
Ellis,1051,Railroad Commissioner,,,Over Votes,0
Ellis,1051,Railroad Commissioner,,,Under Votes,126
Ellis,1052,Railroad Commissioner,,REP,Christi Craddick,714
Ellis,1052,Railroad Commissioner,,DEM,Katherine Culbert,1222
Ellis,1052,Railroad Commissioner,,LIB,Hawk Dunlap,52
Ellis,1052,Railroad Commissioner,,GRN,Eddie Espinoza,40
Ellis,1052,Railroad Commissioner,,,Write-ins,2
Ellis,1052,Railroad Commissioner,,,Over Votes,0
Ellis,1052,Railroad Commissioner,,,Under Votes,97
Ellis,1053,Railroad Commissioner,,REP,Christi Craddick,828
Ellis,1053,Railroad Commissioner,,DEM,Katherine Culbert,717
Ellis,1053,Railroad Commissioner,,LIB,Hawk Dunlap,36
Ellis,1053,Railroad Commissioner,,GRN,Eddie Espinoza,42
Ellis,1053,Railroad Commissioner,,,Write-ins,0
Ellis,1053,Railroad Commissioner,,,Over Votes,0
Ellis,1053,Railroad Commissioner,,,Under Votes,75
Ellis,1054,Railroad Commissioner,,REP,Christi Craddick,614
Ellis,1054,Railroad Commissioner,,DEM,Katherine Culbert,1732
Ellis,1054,Railroad Commissioner,,LIB,Hawk Dunlap,68
Ellis,1054,Railroad Commissioner,,GRN,Eddie Espinoza,78
Ellis,1054,Railroad Commissioner,,,Write-ins,0
Ellis,1054,Railroad Commissioner,,,Over Votes,0
Ellis,1054,Railroad Commissioner,,,Under Votes,91
Ellis,1055,Railroad Commissioner,,REP,Christi Craddick,1586
Ellis,1055,Railroad Commissioner,,DEM,Katherine Culbert,709
Ellis,1055,Railroad Commissioner,,LIB,Hawk Dunlap,72
Ellis,1055,Railroad Commissioner,,GRN,Eddie Espinoza,31
Ellis,1055,Railroad Commissioner,,,Write-ins,1
Ellis,1055,Railroad Commissioner,,,Over Votes,0
Ellis,1055,Railroad Commissioner,,,Under Votes,108
Ellis,1056,Railroad Commissioner,,REP,Christi Craddick,1783
Ellis,1056,Railroad Commissioner,,DEM,Katherine Culbert,476
Ellis,1056,Railroad Commissioner,,LIB,Hawk Dunlap,29
Ellis,1056,Railroad Commissioner,,GRN,Eddie Espinoza,19
Ellis,1056,Railroad Commissioner,,,Write-ins,1
Ellis,1056,Railroad Commissioner,,,Over Votes,0
Ellis,1056,Railroad Commissioner,,,Under Votes,90
Ellis,1057,Railroad Commissioner,,REP,Christi Craddick,1766
Ellis,1057,Railroad Commissioner,,DEM,Katherine Culbert,1411
Ellis,1057,Railroad Commissioner,,LIB,Hawk Dunlap,74
Ellis,1057,Railroad Commissioner,,GRN,Eddie Espinoza,53
Ellis,1057,Railroad Commissioner,,,Write-ins,1
Ellis,1057,Railroad Commissioner,,,Over Votes,0
Ellis,1057,Railroad Commissioner,,,Under Votes,115
Ellis,1058,Railroad Commissioner,,REP,Christi Craddick,712
Ellis,1058,Railroad Commissioner,,DEM,Katherine Culbert,487
Ellis,1058,Railroad Commissioner,,LIB,Hawk Dunlap,34
Ellis,1058,Railroad Commissioner,,GRN,Eddie Espinoza,27
Ellis,1058,Railroad Commissioner,,,Write-ins,0
Ellis,1058,Railroad Commissioner,,,Over Votes,0
Ellis,1058,Railroad Commissioner,,,Under Votes,69
Ellis,1059,Railroad Commissioner,,REP,Christi Craddick,468
Ellis,1059,Railroad Commissioner,,DEM,Katherine Culbert,97
Ellis,1059,Railroad Commissioner,,LIB,Hawk Dunlap,14
Ellis,1059,Railroad Commissioner,,GRN,Eddie Espinoza,9
Ellis,1059,Railroad Commissioner,,,Write-ins,1
Ellis,1059,Railroad Commissioner,,,Over Votes,0
Ellis,1059,Railroad Commissioner,,,Under Votes,27
Ellis,1001-5001,"Justice, Supreme Court, Pl 2",2,REP,Jimmy Blacklock,544
Ellis,1001-5001,"Justice, Supreme Court, Pl 2",2,DEM,DaSean Jones,894
Ellis,1001-5001,"Justice, Supreme Court, Pl 2",2,,Over Votes,0
Ellis,1001-5001,"Justice, Supreme Court, Pl 2",2,,Under Votes,89
Ellis,1002,"Justice, Supreme Court, Pl 2",2,REP,Jimmy Blacklock,110
Ellis,1002,"Justice, Supreme Court, Pl 2",2,DEM,DaSean Jones,34
Ellis,1002,"Justice, Supreme Court, Pl 2",2,,Over Votes,0
Ellis,1002,"Justice, Supreme Court, Pl 2",2,,Under Votes,2
Ellis,1003-5007,"Justice, Supreme Court, Pl 2",2,REP,Jimmy Blacklock,1269
Ellis,1003-5007,"Justice, Supreme Court, Pl 2",2,DEM,DaSean Jones,841
Ellis,1003-5007,"Justice, Supreme Court, Pl 2",2,,Over Votes,0
Ellis,1003-5007,"Justice, Supreme Court, Pl 2",2,,Under Votes,101
Ellis,1004-5011,"Justice, Supreme Court, Pl 2",2,REP,Jimmy Blacklock,79
Ellis,1004-5011,"Justice, Supreme Court, Pl 2",2,DEM,DaSean Jones,71
Ellis,1004-5011,"Justice, Supreme Court, Pl 2",2,,Over Votes,0
Ellis,1004-5011,"Justice, Supreme Court, Pl 2",2,,Under Votes,3
Ellis,1005-5015,"Justice, Supreme Court, Pl 2",2,REP,Jimmy Blacklock,1763
Ellis,1005-5015,"Justice, Supreme Court, Pl 2",2,DEM,DaSean Jones,949
Ellis,1005-5015,"Justice, Supreme Court, Pl 2",2,,Over Votes,0
Ellis,1005-5015,"Justice, Supreme Court, Pl 2",2,,Under Votes,133
Ellis,1006-5018,"Justice, Supreme Court, Pl 2",2,REP,Jimmy Blacklock,1903
Ellis,1006-5018,"Justice, Supreme Court, Pl 2",2,DEM,DaSean Jones,1534
Ellis,1006-5018,"Justice, Supreme Court, Pl 2",2,,Over Votes,0
Ellis,1006-5018,"Justice, Supreme Court, Pl 2",2,,Under Votes,158
Ellis,1007-5022,"Justice, Supreme Court, Pl 2",2,REP,Jimmy Blacklock,1086
Ellis,1007-5022,"Justice, Supreme Court, Pl 2",2,DEM,DaSean Jones,352
Ellis,1007-5022,"Justice, Supreme Court, Pl 2",2,,Over Votes,0
Ellis,1007-5022,"Justice, Supreme Court, Pl 2",2,,Under Votes,96
Ellis,1008-5026,"Justice, Supreme Court, Pl 2",2,REP,Jimmy Blacklock,69
Ellis,1008-5026,"Justice, Supreme Court, Pl 2",2,DEM,DaSean Jones,37
Ellis,1008-5026,"Justice, Supreme Court, Pl 2",2,,Over Votes,0
Ellis,1008-5026,"Justice, Supreme Court, Pl 2",2,,Under Votes,9
Ellis,1009-5029,"Justice, Supreme Court, Pl 2",2,REP,Jimmy Blacklock,1859
Ellis,1009-5029,"Justice, Supreme Court, Pl 2",2,DEM,DaSean Jones,477
Ellis,1009-5029,"Justice, Supreme Court, Pl 2",2,,Over Votes,0
Ellis,1009-5029,"Justice, Supreme Court, Pl 2",2,,Under Votes,118
Ellis,1010,"Justice, Supreme Court, Pl 2",2,REP,Jimmy Blacklock,958
Ellis,1010,"Justice, Supreme Court, Pl 2",2,DEM,DaSean Jones,352
Ellis,1010,"Justice, Supreme Court, Pl 2",2,,Over Votes,0
Ellis,1010,"Justice, Supreme Court, Pl 2",2,,Under Votes,81
Ellis,1011,"Justice, Supreme Court, Pl 2",2,REP,Jimmy Blacklock,1185
Ellis,1011,"Justice, Supreme Court, Pl 2",2,DEM,DaSean Jones,615
Ellis,1011,"Justice, Supreme Court, Pl 2",2,,Over Votes,0
Ellis,1011,"Justice, Supreme Court, Pl 2",2,,Under Votes,96
Ellis,1012,"Justice, Supreme Court, Pl 2",2,REP,Jimmy Blacklock,1224
Ellis,1012,"Justice, Supreme Court, Pl 2",2,DEM,DaSean Jones,1004
Ellis,1012,"Justice, Supreme Court, Pl 2",2,,Over Votes,0
Ellis,1012,"Justice, Supreme Court, Pl 2",2,,Under Votes,166
Ellis,1013-5076,"Justice, Supreme Court, Pl 2",2,REP,Jimmy Blacklock,907
Ellis,1013-5076,"Justice, Supreme Court, Pl 2",2,DEM,DaSean Jones,376
Ellis,1013-5076,"Justice, Supreme Court, Pl 2",2,,Over Votes,0
Ellis,1013-5076,"Justice, Supreme Court, Pl 2",2,,Under Votes,89
Ellis,1014,"Justice, Supreme Court, Pl 2",2,REP,Jimmy Blacklock,1202
Ellis,1014,"Justice, Supreme Court, Pl 2",2,DEM,DaSean Jones,211
Ellis,1014,"Justice, Supreme Court, Pl 2",2,,Over Votes,0
Ellis,1014,"Justice, Supreme Court, Pl 2",2,,Under Votes,61
Ellis,1015,"Justice, Supreme Court, Pl 2",2,REP,Jimmy Blacklock,1610
Ellis,1015,"Justice, Supreme Court, Pl 2",2,DEM,DaSean Jones,597
Ellis,1015,"Justice, Supreme Court, Pl 2",2,,Over Votes,0
Ellis,1015,"Justice, Supreme Court, Pl 2",2,,Under Votes,130
Ellis,1016,"Justice, Supreme Court, Pl 2",2,REP,Jimmy Blacklock,385
Ellis,1016,"Justice, Supreme Court, Pl 2",2,DEM,DaSean Jones,410
Ellis,1016,"Justice, Supreme Court, Pl 2",2,,Over Votes,0
Ellis,1016,"Justice, Supreme Court, Pl 2",2,,Under Votes,67
Ellis,1017-5108,"Justice, Supreme Court, Pl 2",2,REP,Jimmy Blacklock,1263
Ellis,1017-5108,"Justice, Supreme Court, Pl 2",2,DEM,DaSean Jones,503
Ellis,1017-5108,"Justice, Supreme Court, Pl 2",2,,Over Votes,0
Ellis,1017-5108,"Justice, Supreme Court, Pl 2",2,,Under Votes,106
Ellis,1018,"Justice, Supreme Court, Pl 2",2,REP,Jimmy Blacklock,763
Ellis,1018,"Justice, Supreme Court, Pl 2",2,DEM,DaSean Jones,717
Ellis,1018,"Justice, Supreme Court, Pl 2",2,,Over Votes,0
Ellis,1018,"Justice, Supreme Court, Pl 2",2,,Under Votes,90
Ellis,1019-5117,"Justice, Supreme Court, Pl 2",2,REP,Jimmy Blacklock,1293
Ellis,1019-5117,"Justice, Supreme Court, Pl 2",2,DEM,DaSean Jones,336
Ellis,1019-5117,"Justice, Supreme Court, Pl 2",2,,Over Votes,0
Ellis,1019-5117,"Justice, Supreme Court, Pl 2",2,,Under Votes,114
Ellis,1020,"Justice, Supreme Court, Pl 2",2,REP,Jimmy Blacklock,986
Ellis,1020,"Justice, Supreme Court, Pl 2",2,DEM,DaSean Jones,240
Ellis,1020,"Justice, Supreme Court, Pl 2",2,,Over Votes,0
Ellis,1020,"Justice, Supreme Court, Pl 2",2,,Under Votes,83
Ellis,1021,"Justice, Supreme Court, Pl 2",2,REP,Jimmy Blacklock,864
Ellis,1021,"Justice, Supreme Court, Pl 2",2,DEM,DaSean Jones,178
Ellis,1021,"Justice, Supreme Court, Pl 2",2,,Over Votes,0
Ellis,1021,"Justice, Supreme Court, Pl 2",2,,Under Votes,45
Ellis,1022,"Justice, Supreme Court, Pl 2",2,REP,Jimmy Blacklock,1509
Ellis,1022,"Justice, Supreme Court, Pl 2",2,DEM,DaSean Jones,638
Ellis,1022,"Justice, Supreme Court, Pl 2",2,,Over Votes,0
Ellis,1022,"Justice, Supreme Court, Pl 2",2,,Under Votes,121
Ellis,1024-5159,"Justice, Supreme Court, Pl 2",2,REP,Jimmy Blacklock,983
Ellis,1024-5159,"Justice, Supreme Court, Pl 2",2,DEM,DaSean Jones,396
Ellis,1024-5159,"Justice, Supreme Court, Pl 2",2,,Over Votes,0
Ellis,1024-5159,"Justice, Supreme Court, Pl 2",2,,Under Votes,104
Ellis,1025-5160,"Justice, Supreme Court, Pl 2",2,REP,Jimmy Blacklock,1151
Ellis,1025-5160,"Justice, Supreme Court, Pl 2",2,DEM,DaSean Jones,509
Ellis,1025-5160,"Justice, Supreme Court, Pl 2",2,,Over Votes,0
Ellis,1025-5160,"Justice, Supreme Court, Pl 2",2,,Under Votes,109
Ellis,1026-5161,"Justice, Supreme Court, Pl 2",2,REP,Jimmy Blacklock,1124
Ellis,1026-5161,"Justice, Supreme Court, Pl 2",2,DEM,DaSean Jones,455
Ellis,1026-5161,"Justice, Supreme Court, Pl 2",2,,Over Votes,0
Ellis,1026-5161,"Justice, Supreme Court, Pl 2",2,,Under Votes,95
Ellis,1027,"Justice, Supreme Court, Pl 2",2,REP,Jimmy Blacklock,1563
Ellis,1027,"Justice, Supreme Court, Pl 2",2,DEM,DaSean Jones,601
Ellis,1027,"Justice, Supreme Court, Pl 2",2,,Over Votes,0
Ellis,1027,"Justice, Supreme Court, Pl 2",2,,Under Votes,88
Ellis,1028-5168,"Justice, Supreme Court, Pl 2",2,REP,Jimmy Blacklock,1639
Ellis,1028-5168,"Justice, Supreme Court, Pl 2",2,DEM,DaSean Jones,438
Ellis,1028-5168,"Justice, Supreme Court, Pl 2",2,,Over Votes,0
Ellis,1028-5168,"Justice, Supreme Court, Pl 2",2,,Under Votes,86
Ellis,1029,"Justice, Supreme Court, Pl 2",2,REP,Jimmy Blacklock,387
Ellis,1029,"Justice, Supreme Court, Pl 2",2,DEM,DaSean Jones,82
Ellis,1029,"Justice, Supreme Court, Pl 2",2,,Over Votes,0
Ellis,1029,"Justice, Supreme Court, Pl 2",2,,Under Votes,26
Ellis,1030-5176,"Justice, Supreme Court, Pl 2",2,REP,Jimmy Blacklock,1024
Ellis,1030-5176,"Justice, Supreme Court, Pl 2",2,DEM,DaSean Jones,279
Ellis,1030-5176,"Justice, Supreme Court, Pl 2",2,,Over Votes,0
Ellis,1030-5176,"Justice, Supreme Court, Pl 2",2,,Under Votes,78
Ellis,1031-5181,"Justice, Supreme Court, Pl 2",2,REP,Jimmy Blacklock,347
Ellis,1031-5181,"Justice, Supreme Court, Pl 2",2,DEM,DaSean Jones,125
Ellis,1031-5181,"Justice, Supreme Court, Pl 2",2,,Over Votes,0
Ellis,1031-5181,"Justice, Supreme Court, Pl 2",2,,Under Votes,18
Ellis,1032-5184,"Justice, Supreme Court, Pl 2",2,REP,Jimmy Blacklock,2532
Ellis,1032-5184,"Justice, Supreme Court, Pl 2",2,DEM,DaSean Jones,416
Ellis,1032-5184,"Justice, Supreme Court, Pl 2",2,,Over Votes,0
Ellis,1032-5184,"Justice, Supreme Court, Pl 2",2,,Under Votes,111
Ellis,1033,"Justice, Supreme Court, Pl 2",2,REP,Jimmy Blacklock,1539
Ellis,1033,"Justice, Supreme Court, Pl 2",2,DEM,DaSean Jones,546
Ellis,1033,"Justice, Supreme Court, Pl 2",2,,Over Votes,0
Ellis,1033,"Justice, Supreme Court, Pl 2",2,,Under Votes,72
Ellis,1034-5195,"Justice, Supreme Court, Pl 2",2,REP,Jimmy Blacklock,2285
Ellis,1034-5195,"Justice, Supreme Court, Pl 2",2,DEM,DaSean Jones,813
Ellis,1034-5195,"Justice, Supreme Court, Pl 2",2,,Over Votes,0
Ellis,1034-5195,"Justice, Supreme Court, Pl 2",2,,Under Votes,145
Ellis,1035-5197,"Justice, Supreme Court, Pl 2",2,REP,Jimmy Blacklock,824
Ellis,1035-5197,"Justice, Supreme Court, Pl 2",2,DEM,DaSean Jones,306
Ellis,1035-5197,"Justice, Supreme Court, Pl 2",2,,Over Votes,0
Ellis,1035-5197,"Justice, Supreme Court, Pl 2",2,,Under Votes,60
Ellis,1036-5200,"Justice, Supreme Court, Pl 2",2,REP,Jimmy Blacklock,2002
Ellis,1036-5200,"Justice, Supreme Court, Pl 2",2,DEM,DaSean Jones,921
Ellis,1036-5200,"Justice, Supreme Court, Pl 2",2,,Over Votes,0
Ellis,1036-5200,"Justice, Supreme Court, Pl 2",2,,Under Votes,144
Ellis,1037-5201,"Justice, Supreme Court, Pl 2",2,REP,Jimmy Blacklock,1280
Ellis,1037-5201,"Justice, Supreme Court, Pl 2",2,DEM,DaSean Jones,466
Ellis,1037-5201,"Justice, Supreme Court, Pl 2",2,,Over Votes,0
Ellis,1037-5201,"Justice, Supreme Court, Pl 2",2,,Under Votes,76
Ellis,1038-5204,"Justice, Supreme Court, Pl 2",2,REP,Jimmy Blacklock,2673
Ellis,1038-5204,"Justice, Supreme Court, Pl 2",2,DEM,DaSean Jones,1127
Ellis,1038-5204,"Justice, Supreme Court, Pl 2",2,,Over Votes,0
Ellis,1038-5204,"Justice, Supreme Court, Pl 2",2,,Under Votes,143
Ellis,1039-5208,"Justice, Supreme Court, Pl 2",2,REP,Jimmy Blacklock,1809
Ellis,1039-5208,"Justice, Supreme Court, Pl 2",2,DEM,DaSean Jones,541
Ellis,1039-5208,"Justice, Supreme Court, Pl 2",2,,Over Votes,0
Ellis,1039-5208,"Justice, Supreme Court, Pl 2",2,,Under Votes,154
Ellis,1040,"Justice, Supreme Court, Pl 2",2,REP,Jimmy Blacklock,306
Ellis,1040,"Justice, Supreme Court, Pl 2",2,DEM,DaSean Jones,75
Ellis,1040,"Justice, Supreme Court, Pl 2",2,,Over Votes,0
Ellis,1040,"Justice, Supreme Court, Pl 2",2,,Under Votes,17
Ellis,1041,"Justice, Supreme Court, Pl 2",2,REP,Jimmy Blacklock,1796
Ellis,1041,"Justice, Supreme Court, Pl 2",2,DEM,DaSean Jones,548
Ellis,1041,"Justice, Supreme Court, Pl 2",2,,Over Votes,0
Ellis,1041,"Justice, Supreme Court, Pl 2",2,,Under Votes,83
Ellis,1042-5227,"Justice, Supreme Court, Pl 2",2,REP,Jimmy Blacklock,254
Ellis,1042-5227,"Justice, Supreme Court, Pl 2",2,DEM,DaSean Jones,88
Ellis,1042-5227,"Justice, Supreme Court, Pl 2",2,,Over Votes,0
Ellis,1042-5227,"Justice, Supreme Court, Pl 2",2,,Under Votes,11
Ellis,1043,"Justice, Supreme Court, Pl 2",2,REP,Jimmy Blacklock,2175
Ellis,1043,"Justice, Supreme Court, Pl 2",2,DEM,DaSean Jones,838
Ellis,1043,"Justice, Supreme Court, Pl 2",2,,Over Votes,0
Ellis,1043,"Justice, Supreme Court, Pl 2",2,,Under Votes,95
Ellis,1044-5241,"Justice, Supreme Court, Pl 2",2,REP,Jimmy Blacklock,388
Ellis,1044-5241,"Justice, Supreme Court, Pl 2",2,DEM,DaSean Jones,79
Ellis,1044-5241,"Justice, Supreme Court, Pl 2",2,,Over Votes,0
Ellis,1044-5241,"Justice, Supreme Court, Pl 2",2,,Under Votes,22
Ellis,1045-5244,"Justice, Supreme Court, Pl 2",2,REP,Jimmy Blacklock,109
Ellis,1045-5244,"Justice, Supreme Court, Pl 2",2,DEM,DaSean Jones,10
Ellis,1045-5244,"Justice, Supreme Court, Pl 2",2,,Over Votes,0
Ellis,1045-5244,"Justice, Supreme Court, Pl 2",2,,Under Votes,8
Ellis,1046-5245,"Justice, Supreme Court, Pl 2",2,REP,Jimmy Blacklock,250
Ellis,1046-5245,"Justice, Supreme Court, Pl 2",2,DEM,DaSean Jones,132
Ellis,1046-5245,"Justice, Supreme Court, Pl 2",2,,Over Votes,0
Ellis,1046-5245,"Justice, Supreme Court, Pl 2",2,,Under Votes,22
Ellis,1047-5247,"Justice, Supreme Court, Pl 2",2,REP,Jimmy Blacklock,192
Ellis,1047-5247,"Justice, Supreme Court, Pl 2",2,DEM,DaSean Jones,41
Ellis,1047-5247,"Justice, Supreme Court, Pl 2",2,,Over Votes,0
Ellis,1047-5247,"Justice, Supreme Court, Pl 2",2,,Under Votes,7
Ellis,1048,"Justice, Supreme Court, Pl 2",2,REP,Jimmy Blacklock,1051
Ellis,1048,"Justice, Supreme Court, Pl 2",2,DEM,DaSean Jones,459
Ellis,1048,"Justice, Supreme Court, Pl 2",2,,Over Votes,0
Ellis,1048,"Justice, Supreme Court, Pl 2",2,,Under Votes,75
Ellis,1049,"Justice, Supreme Court, Pl 2",2,REP,Jimmy Blacklock,352
Ellis,1049,"Justice, Supreme Court, Pl 2",2,DEM,DaSean Jones,107
Ellis,1049,"Justice, Supreme Court, Pl 2",2,,Over Votes,0
Ellis,1049,"Justice, Supreme Court, Pl 2",2,,Under Votes,21
Ellis,1050,"Justice, Supreme Court, Pl 2",2,REP,Jimmy Blacklock,946
Ellis,1050,"Justice, Supreme Court, Pl 2",2,DEM,DaSean Jones,142
Ellis,1050,"Justice, Supreme Court, Pl 2",2,,Over Votes,0
Ellis,1050,"Justice, Supreme Court, Pl 2",2,,Under Votes,114
Ellis,1050,"Justice, Supreme Court, Pl 4",4,REP,John Devine,936
Ellis,1050,"Justice, Supreme Court, Pl 4",4,DEM,Christine Vinh Weems,1429
Ellis,1050,"Justice, Supreme Court, Pl 4",4,,Over Votes,0
Ellis,1050,"Justice, Supreme Court, Pl 4",4,,Under Votes,116
Ellis,1051,"Justice, Supreme Court, Pl 2",2,REP,Jimmy Blacklock,1184
Ellis,1051,"Justice, Supreme Court, Pl 2",2,DEM,DaSean Jones,1258
Ellis,1051,"Justice, Supreme Court, Pl 2",2,,Over Votes,0
Ellis,1051,"Justice, Supreme Court, Pl 2",2,,Under Votes,136
Ellis,1051,"Justice, Supreme Court, Pl 4",4,REP,John Devine,1161
Ellis,1051,"Justice, Supreme Court, Pl 4",4,DEM,Christine Vinh Weems,1260
Ellis,1051,"Justice, Supreme Court, Pl 4",4,,Over Votes,0
Ellis,1051,"Justice, Supreme Court, Pl 4",4,,Under Votes,157
Ellis,1052,"Justice, Supreme Court, Pl 2",2,REP,Jimmy Blacklock,738
Ellis,1052,"Justice, Supreme Court, Pl 2",2,DEM,DaSean Jones,1299
Ellis,1052,"Justice, Supreme Court, Pl 2",2,,Over Votes,0
Ellis,1052,"Justice, Supreme Court, Pl 2",2,,Under Votes,90
Ellis,1052,"Justice, Supreme Court, Pl 4",4,REP,John Devine,741
Ellis,1052,"Justice, Supreme Court, Pl 4",4,DEM,Christine Vinh Weems,1277
Ellis,1052,"Justice, Supreme Court, Pl 4",4,,Over Votes,0
Ellis,1052,"Justice, Supreme Court, Pl 4",4,,Under Votes,109
Ellis,1053,"Justice, Supreme Court, Pl 2",2,REP,Jimmy Blacklock,878
Ellis,1053,"Justice, Supreme Court, Pl 2",2,DEM,DaSean Jones,749
Ellis,1053,"Justice, Supreme Court, Pl 2",2,,Over Votes,0
Ellis,1053,"Justice, Supreme Court, Pl 2",2,,Under Votes,71
Ellis,1053,"Justice, Supreme Court, Pl 4",4,REP,John Devine,866
Ellis,1053,"Justice, Supreme Court, Pl 4",4,DEM,Christine Vinh Weems,752
Ellis,1053,"Justice, Supreme Court, Pl 4",4,,Over Votes,0
Ellis,1053,"Justice, Supreme Court, Pl 4",4,,Under Votes,80
Ellis,1054,"Justice, Supreme Court, Pl 2",2,REP,Jimmy Blacklock,644
Ellis,1054,"Justice, Supreme Court, Pl 2",2,DEM,DaSean Jones,1848
Ellis,1054,"Justice, Supreme Court, Pl 2",2,,Over Votes,0
Ellis,1054,"Justice, Supreme Court, Pl 2",2,,Under Votes,91
Ellis,1054,"Justice, Supreme Court, Pl 4",4,REP,John Devine,645
Ellis,1054,"Justice, Supreme Court, Pl 4",4,DEM,Christine Vinh Weems,1830
Ellis,1054,"Justice, Supreme Court, Pl 4",4,,Over Votes,0
Ellis,1054,"Justice, Supreme Court, Pl 4",4,,Under Votes,108
Ellis,1055,"Justice, Supreme Court, Pl 2",2,REP,Jimmy Blacklock,1620
Ellis,1055,"Justice, Supreme Court, Pl 2",2,DEM,DaSean Jones,769
Ellis,1055,"Justice, Supreme Court, Pl 2",2,,Over Votes,0
Ellis,1055,"Justice, Supreme Court, Pl 2",2,,Under Votes,118
Ellis,1055,"Justice, Supreme Court, Pl 4",4,REP,John Devine,1598
Ellis,1055,"Justice, Supreme Court, Pl 4",4,DEM,Christine Vinh Weems,778
Ellis,1055,"Justice, Supreme Court, Pl 4",4,,Over Votes,0
Ellis,1055,"Justice, Supreme Court, Pl 4",4,,Under Votes,131
Ellis,1056,"Justice, Supreme Court, Pl 2",2,REP,Jimmy Blacklock,1815
Ellis,1056,"Justice, Supreme Court, Pl 2",2,DEM,DaSean Jones,487
Ellis,1056,"Justice, Supreme Court, Pl 2",2,,Over Votes,0
Ellis,1056,"Justice, Supreme Court, Pl 2",2,,Under Votes,96
Ellis,1056,"Justice, Supreme Court, Pl 4",4,REP,John Devine,1780
Ellis,1056,"Justice, Supreme Court, Pl 4",4,DEM,Christine Vinh Weems,508
Ellis,1056,"Justice, Supreme Court, Pl 4",4,,Over Votes,0
Ellis,1056,"Justice, Supreme Court, Pl 4",4,,Under Votes,110
Ellis,1057,"Justice, Supreme Court, Pl 2",2,REP,Jimmy Blacklock,1802
Ellis,1057,"Justice, Supreme Court, Pl 2",2,DEM,DaSean Jones,1516
Ellis,1057,"Justice, Supreme Court, Pl 2",2,,Over Votes,0
Ellis,1057,"Justice, Supreme Court, Pl 2",2,,Under Votes,102
Ellis,1057,"Justice, Supreme Court, Pl 4",4,REP,John Devine,1792
Ellis,1057,"Justice, Supreme Court, Pl 4",4,DEM,Christine Vinh Weems,1511
Ellis,1057,"Justice, Supreme Court, Pl 4",4,,Over Votes,0
Ellis,1057,"Justice, Supreme Court, Pl 4",4,,Under Votes,117
Ellis,1058,"Justice, Supreme Court, Pl 2",2,REP,Jimmy Blacklock,736
Ellis,1058,"Justice, Supreme Court, Pl 2",2,DEM,DaSean Jones,525
Ellis,1058,"Justice, Supreme Court, Pl 2",2,,Over Votes,0
Ellis,1058,"Justice, Supreme Court, Pl 2",2,,Under Votes,68
Ellis,1058,"Justice, Supreme Court, Pl 4",4,REP,John Devine,721
Ellis,1058,"Justice, Supreme Court, Pl 4",4,DEM,Christine Vinh Weems,533
Ellis,1058,"Justice, Supreme Court, Pl 4",4,,Over Votes,0
Ellis,1058,"Justice, Supreme Court, Pl 4",4,,Under Votes,75
Ellis,1059,"Justice, Supreme Court, Pl 2",2,REP,Jimmy Blacklock,483
Ellis,1059,"Justice, Supreme Court, Pl 2",2,DEM,DaSean Jones,104
Ellis,1059,"Justice, Supreme Court, Pl 2",2,,Over Votes,0
Ellis,1059,"Justice, Supreme Court, Pl 2",2,,Under Votes,29
Ellis,1059,"Justice, Supreme Court, Pl 4",4,REP,John Devine,478
Ellis,1059,"Justice, Supreme Court, Pl 4",4,DEM,Christine Vinh Weems,105
Ellis,1059,"Justice, Supreme Court, Pl 4",4,,Over Votes,0
Ellis,1059,"Justice, Supreme Court, Pl 4",4,,Under Votes,33
Ellis,1001-5001,"Justice, Supreme Court, Pl 6",6,REP,Jane Bland,527
Ellis,1001-5001,"Justice, Supreme Court, Pl 6",6,DEM,Bonnie Lee Goldstein,863
Ellis,1001-5001,"Justice, Supreme Court, Pl 6",6,LIB,J. David Roberson,43
Ellis,1001-5001,"Justice, Supreme Court, Pl 6",6,,Over Votes,0
Ellis,1001-5001,"Justice, Supreme Court, Pl 6",6,,Under Votes,94
Ellis,1002,"Justice, Supreme Court, Pl 6",6,REP,Jane Bland,107
Ellis,1002,"Justice, Supreme Court, Pl 6",6,DEM,Bonnie Lee Goldstein,35
Ellis,1002,"Justice, Supreme Court, Pl 6",6,LIB,J. David Roberson,0
Ellis,1002,"Justice, Supreme Court, Pl 6",6,,Over Votes,0
Ellis,1002,"Justice, Supreme Court, Pl 6",6,,Under Votes,4
Ellis,1003-5007,"Justice, Supreme Court, Pl 6",6,REP,Jane Bland,1212
Ellis,1003-5007,"Justice, Supreme Court, Pl 6",6,DEM,Bonnie Lee Goldstein,805
Ellis,1003-5007,"Justice, Supreme Court, Pl 6",6,LIB,J. David Roberson,79
Ellis,1003-5007,"Justice, Supreme Court, Pl 6",6,,Over Votes,0
Ellis,1003-5007,"Justice, Supreme Court, Pl 6",6,,Under Votes,115
Ellis,1004-5011,"Justice, Supreme Court, Pl 6",6,REP,Jane Bland,79
Ellis,1004-5011,"Justice, Supreme Court, Pl 6",6,DEM,Bonnie Lee Goldstein,67
Ellis,1004-5011,"Justice, Supreme Court, Pl 6",6,LIB,J. David Roberson,4
Ellis,1004-5011,"Justice, Supreme Court, Pl 6",6,,Over Votes,0
Ellis,1004-5011,"Justice, Supreme Court, Pl 6",6,,Under Votes,3
Ellis,1005-5015,"Justice, Supreme Court, Pl 6",6,REP,Jane Bland,1701
Ellis,1005-5015,"Justice, Supreme Court, Pl 6",6,DEM,Bonnie Lee Goldstein,925
Ellis,1005-5015,"Justice, Supreme Court, Pl 6",6,LIB,J. David Roberson,78
Ellis,1005-5015,"Justice, Supreme Court, Pl 6",6,,Over Votes,0
Ellis,1005-5015,"Justice, Supreme Court, Pl 6",6,,Under Votes,141
Ellis,1006-5018,"Justice, Supreme Court, Pl 6",6,REP,Jane Bland,1851
Ellis,1006-5018,"Justice, Supreme Court, Pl 6",6,DEM,Bonnie Lee Goldstein,1461
Ellis,1006-5018,"Justice, Supreme Court, Pl 6",6,LIB,J. David Roberson,110
Ellis,1006-5018,"Justice, Supreme Court, Pl 6",6,,Over Votes,0
Ellis,1006-5018,"Justice, Supreme Court, Pl 6",6,,Under Votes,173
Ellis,1007-5022,"Justice, Supreme Court, Pl 6",6,REP,Jane Bland,1040
Ellis,1007-5022,"Justice, Supreme Court, Pl 6",6,DEM,Bonnie Lee Goldstein,339
Ellis,1007-5022,"Justice, Supreme Court, Pl 6",6,LIB,J. David Roberson,48
Ellis,1007-5022,"Justice, Supreme Court, Pl 6",6,,Over Votes,1
Ellis,1007-5022,"Justice, Supreme Court, Pl 6",6,,Under Votes,106
Ellis,1008-5026,"Justice, Supreme Court, Pl 6",6,REP,Jane Bland,62
Ellis,1008-5026,"Justice, Supreme Court, Pl 6",6,DEM,Bonnie Lee Goldstein,39
Ellis,1008-5026,"Justice, Supreme Court, Pl 6",6,LIB,J. David Roberson,3
Ellis,1008-5026,"Justice, Supreme Court, Pl 6",6,,Over Votes,0
Ellis,1008-5026,"Justice, Supreme Court, Pl 6",6,,Under Votes,11
Ellis,1009-5029,"Justice, Supreme Court, Pl 6",6,REP,Jane Bland,1793
Ellis,1009-5029,"Justice, Supreme Court, Pl 6",6,DEM,Bonnie Lee Goldstein,455
Ellis,1009-5029,"Justice, Supreme Court, Pl 6",6,LIB,J. David Roberson,65
Ellis,1009-5029,"Justice, Supreme Court, Pl 6",6,,Over Votes,0
Ellis,1009-5029,"Justice, Supreme Court, Pl 6",6,,Under Votes,141
Ellis,1010,"Justice, Supreme Court, Pl 6",6,REP,Jane Bland,922
Ellis,1010,"Justice, Supreme Court, Pl 6",6,DEM,Bonnie Lee Goldstein,341
Ellis,1010,"Justice, Supreme Court, Pl 6",6,LIB,J. David Roberson,35
Ellis,1010,"Justice, Supreme Court, Pl 6",6,,Over Votes,0
Ellis,1010,"Justice, Supreme Court, Pl 6",6,,Under Votes,93
Ellis,1011,"Justice, Supreme Court, Pl 6",6,REP,Jane Bland,1149
Ellis,1011,"Justice, Supreme Court, Pl 6",6,DEM,Bonnie Lee Goldstein,599
Ellis,1011,"Justice, Supreme Court, Pl 6",6,LIB,J. David Roberson,48
Ellis,1011,"Justice, Supreme Court, Pl 6",6,,Over Votes,0
Ellis,1011,"Justice, Supreme Court, Pl 6",6,,Under Votes,100
Ellis,1012,"Justice, Supreme Court, Pl 6",6,REP,Jane Bland,1168
Ellis,1012,"Justice, Supreme Court, Pl 6",6,DEM,Bonnie Lee Goldstein,963
Ellis,1012,"Justice, Supreme Court, Pl 6",6,LIB,J. David Roberson,76
Ellis,1012,"Justice, Supreme Court, Pl 6",6,,Over Votes,0
Ellis,1012,"Justice, Supreme Court, Pl 6",6,,Under Votes,187
Ellis,1013-5076,"Justice, Supreme Court, Pl 6",6,REP,Jane Bland,852
Ellis,1013-5076,"Justice, Supreme Court, Pl 6",6,DEM,Bonnie Lee Goldstein,375
Ellis,1013-5076,"Justice, Supreme Court, Pl 6",6,LIB,J. David Roberson,48
Ellis,1013-5076,"Justice, Supreme Court, Pl 6",6,,Over Votes,0
Ellis,1013-5076,"Justice, Supreme Court, Pl 6",6,,Under Votes,97
Ellis,1014,"Justice, Supreme Court, Pl 6",6,REP,Jane Bland,1168
Ellis,1014,"Justice, Supreme Court, Pl 6",6,DEM,Bonnie Lee Goldstein,212
Ellis,1014,"Justice, Supreme Court, Pl 6",6,LIB,J. David Roberson,23
Ellis,1014,"Justice, Supreme Court, Pl 6",6,,Over Votes,0
Ellis,1014,"Justice, Supreme Court, Pl 6",6,,Under Votes,71
Ellis,1015,"Justice, Supreme Court, Pl 6",6,REP,Jane Bland,1567
Ellis,1015,"Justice, Supreme Court, Pl 6",6,DEM,Bonnie Lee Goldstein,571
Ellis,1015,"Justice, Supreme Court, Pl 6",6,LIB,J. David Roberson,66
Ellis,1015,"Justice, Supreme Court, Pl 6",6,,Over Votes,0
Ellis,1015,"Justice, Supreme Court, Pl 6",6,,Under Votes,133
Ellis,1016,"Justice, Supreme Court, Pl 6",6,REP,Jane Bland,376
Ellis,1016,"Justice, Supreme Court, Pl 6",6,DEM,Bonnie Lee Goldstein,402
Ellis,1016,"Justice, Supreme Court, Pl 6",6,LIB,J. David Roberson,18
Ellis,1016,"Justice, Supreme Court, Pl 6",6,,Over Votes,0
Ellis,1016,"Justice, Supreme Court, Pl 6",6,,Under Votes,66
Ellis,1017-5108,"Justice, Supreme Court, Pl 6",6,REP,Jane Bland,1216
Ellis,1017-5108,"Justice, Supreme Court, Pl 6",6,DEM,Bonnie Lee Goldstein,488
Ellis,1017-5108,"Justice, Supreme Court, Pl 6",6,LIB,J. David Roberson,50
Ellis,1017-5108,"Justice, Supreme Court, Pl 6",6,,Over Votes,0
Ellis,1017-5108,"Justice, Supreme Court, Pl 6",6,,Under Votes,118
Ellis,1018,"Justice, Supreme Court, Pl 6",6,REP,Jane Bland,729
Ellis,1018,"Justice, Supreme Court, Pl 6",6,DEM,Bonnie Lee Goldstein,676
Ellis,1018,"Justice, Supreme Court, Pl 6",6,LIB,J. David Roberson,62
Ellis,1018,"Justice, Supreme Court, Pl 6",6,,Over Votes,0
Ellis,1018,"Justice, Supreme Court, Pl 6",6,,Under Votes,103
Ellis,1019-5117,"Justice, Supreme Court, Pl 6",6,REP,Jane Bland,1250
Ellis,1019-5117,"Justice, Supreme Court, Pl 6",6,DEM,Bonnie Lee Goldstein,344
Ellis,1019-5117,"Justice, Supreme Court, Pl 6",6,LIB,J. David Roberson,34
Ellis,1019-5117,"Justice, Supreme Court, Pl 6",6,,Over Votes,0
Ellis,1019-5117,"Justice, Supreme Court, Pl 6",6,,Under Votes,115
Ellis,1020,"Justice, Supreme Court, Pl 6",6,REP,Jane Bland,961
Ellis,1020,"Justice, Supreme Court, Pl 6",6,DEM,Bonnie Lee Goldstein,226
Ellis,1020,"Justice, Supreme Court, Pl 6",6,LIB,J. David Roberson,38
Ellis,1020,"Justice, Supreme Court, Pl 6",6,,Over Votes,0
Ellis,1020,"Justice, Supreme Court, Pl 6",6,,Under Votes,84
Ellis,1021,"Justice, Supreme Court, Pl 6",6,REP,Jane Bland,845
Ellis,1021,"Justice, Supreme Court, Pl 6",6,DEM,Bonnie Lee Goldstein,180
Ellis,1021,"Justice, Supreme Court, Pl 6",6,LIB,J. David Roberson,22
Ellis,1021,"Justice, Supreme Court, Pl 6",6,,Over Votes,0
Ellis,1021,"Justice, Supreme Court, Pl 6",6,,Under Votes,40
Ellis,1022,"Justice, Supreme Court, Pl 6",6,REP,Jane Bland,1447
Ellis,1022,"Justice, Supreme Court, Pl 6",6,DEM,Bonnie Lee Goldstein,616
Ellis,1022,"Justice, Supreme Court, Pl 6",6,LIB,J. David Roberson,69
Ellis,1022,"Justice, Supreme Court, Pl 6",6,,Over Votes,0
Ellis,1022,"Justice, Supreme Court, Pl 6",6,,Under Votes,136
Ellis,1024-5159,"Justice, Supreme Court, Pl 6",6,REP,Jane Bland,935
Ellis,1024-5159,"Justice, Supreme Court, Pl 6",6,DEM,Bonnie Lee Goldstein,383
Ellis,1024-5159,"Justice, Supreme Court, Pl 6",6,LIB,J. David Roberson,53
Ellis,1024-5159,"Justice, Supreme Court, Pl 6",6,,Over Votes,0
Ellis,1024-5159,"Justice, Supreme Court, Pl 6",6,,Under Votes,112
Ellis,1025-5160,"Justice, Supreme Court, Pl 6",6,REP,Jane Bland,1106
Ellis,1025-5160,"Justice, Supreme Court, Pl 6",6,DEM,Bonnie Lee Goldstein,505
Ellis,1025-5160,"Justice, Supreme Court, Pl 6",6,LIB,J. David Roberson,45
Ellis,1025-5160,"Justice, Supreme Court, Pl 6",6,,Over Votes,0
Ellis,1025-5160,"Justice, Supreme Court, Pl 6",6,,Under Votes,113
Ellis,1026-5161,"Justice, Supreme Court, Pl 6",6,REP,Jane Bland,1086
Ellis,1026-5161,"Justice, Supreme Court, Pl 6",6,DEM,Bonnie Lee Goldstein,429
Ellis,1026-5161,"Justice, Supreme Court, Pl 6",6,LIB,J. David Roberson,52
Ellis,1026-5161,"Justice, Supreme Court, Pl 6",6,,Over Votes,0
Ellis,1026-5161,"Justice, Supreme Court, Pl 6",6,,Under Votes,107
Ellis,1027,"Justice, Supreme Court, Pl 6",6,REP,Jane Bland,1532
Ellis,1027,"Justice, Supreme Court, Pl 6",6,DEM,Bonnie Lee Goldstein,573
Ellis,1027,"Justice, Supreme Court, Pl 6",6,LIB,J. David Roberson,54
Ellis,1027,"Justice, Supreme Court, Pl 6",6,,Over Votes,0
Ellis,1027,"Justice, Supreme Court, Pl 6",6,,Under Votes,93
Ellis,1028-5168,"Justice, Supreme Court, Pl 6",6,REP,Jane Bland,1602
Ellis,1028-5168,"Justice, Supreme Court, Pl 6",6,DEM,Bonnie Lee Goldstein,429
Ellis,1028-5168,"Justice, Supreme Court, Pl 6",6,LIB,J. David Roberson,44
Ellis,1028-5168,"Justice, Supreme Court, Pl 6",6,,Over Votes,0
Ellis,1028-5168,"Justice, Supreme Court, Pl 6",6,,Under Votes,88
Ellis,1029,"Justice, Supreme Court, Pl 6",6,REP,Jane Bland,370
Ellis,1029,"Justice, Supreme Court, Pl 6",6,DEM,Bonnie Lee Goldstein,80
Ellis,1029,"Justice, Supreme Court, Pl 6",6,LIB,J. David Roberson,10
Ellis,1029,"Justice, Supreme Court, Pl 6",6,,Over Votes,0
Ellis,1029,"Justice, Supreme Court, Pl 6",6,,Under Votes,35
Ellis,1030-5176,"Justice, Supreme Court, Pl 6",6,REP,Jane Bland,993
Ellis,1030-5176,"Justice, Supreme Court, Pl 6",6,DEM,Bonnie Lee Goldstein,280
Ellis,1030-5176,"Justice, Supreme Court, Pl 6",6,LIB,J. David Roberson,27
Ellis,1030-5176,"Justice, Supreme Court, Pl 6",6,,Over Votes,0
Ellis,1030-5176,"Justice, Supreme Court, Pl 6",6,,Under Votes,81
Ellis,1031-5181,"Justice, Supreme Court, Pl 6",6,REP,Jane Bland,336
Ellis,1031-5181,"Justice, Supreme Court, Pl 6",6,DEM,Bonnie Lee Goldstein,119
Ellis,1031-5181,"Justice, Supreme Court, Pl 6",6,LIB,J. David Roberson,15
Ellis,1031-5181,"Justice, Supreme Court, Pl 6",6,,Over Votes,0
Ellis,1031-5181,"Justice, Supreme Court, Pl 6",6,,Under Votes,20
Ellis,1032-5184,"Justice, Supreme Court, Pl 6",6,REP,Jane Bland,2473
Ellis,1032-5184,"Justice, Supreme Court, Pl 6",6,DEM,Bonnie Lee Goldstein,394
Ellis,1032-5184,"Justice, Supreme Court, Pl 6",6,LIB,J. David Roberson,75
Ellis,1032-5184,"Justice, Supreme Court, Pl 6",6,,Over Votes,0
Ellis,1032-5184,"Justice, Supreme Court, Pl 6",6,,Under Votes,117
Ellis,1033,"Justice, Supreme Court, Pl 6",6,REP,Jane Bland,1500
Ellis,1033,"Justice, Supreme Court, Pl 6",6,DEM,Bonnie Lee Goldstein,517
Ellis,1033,"Justice, Supreme Court, Pl 6",6,LIB,J. David Roberson,44
Ellis,1033,"Justice, Supreme Court, Pl 6",6,,Over Votes,0
Ellis,1033,"Justice, Supreme Court, Pl 6",6,,Under Votes,96
Ellis,1034-5195,"Justice, Supreme Court, Pl 6",6,REP,Jane Bland,2219
Ellis,1034-5195,"Justice, Supreme Court, Pl 6",6,DEM,Bonnie Lee Goldstein,783
Ellis,1034-5195,"Justice, Supreme Court, Pl 6",6,LIB,J. David Roberson,80
Ellis,1034-5195,"Justice, Supreme Court, Pl 6",6,,Over Votes,0
Ellis,1034-5195,"Justice, Supreme Court, Pl 6",6,,Under Votes,161
Ellis,1035-5197,"Justice, Supreme Court, Pl 6",6,REP,Jane Bland,784
Ellis,1035-5197,"Justice, Supreme Court, Pl 6",6,DEM,Bonnie Lee Goldstein,283
Ellis,1035-5197,"Justice, Supreme Court, Pl 6",6,LIB,J. David Roberson,51
Ellis,1035-5197,"Justice, Supreme Court, Pl 6",6,,Over Votes,0
Ellis,1035-5197,"Justice, Supreme Court, Pl 6",6,,Under Votes,72
Ellis,1036-5200,"Justice, Supreme Court, Pl 6",6,REP,Jane Bland,1917
Ellis,1036-5200,"Justice, Supreme Court, Pl 6",6,DEM,Bonnie Lee Goldstein,889
Ellis,1036-5200,"Justice, Supreme Court, Pl 6",6,LIB,J. David Roberson,95
Ellis,1036-5200,"Justice, Supreme Court, Pl 6",6,,Over Votes,0
Ellis,1036-5200,"Justice, Supreme Court, Pl 6",6,,Under Votes,166
Ellis,1037-5201,"Justice, Supreme Court, Pl 6",6,REP,Jane Bland,1233
Ellis,1037-5201,"Justice, Supreme Court, Pl 6",6,DEM,Bonnie Lee Goldstein,440
Ellis,1037-5201,"Justice, Supreme Court, Pl 6",6,LIB,J. David Roberson,65
Ellis,1037-5201,"Justice, Supreme Court, Pl 6",6,,Over Votes,0
Ellis,1037-5201,"Justice, Supreme Court, Pl 6",6,,Under Votes,84
Ellis,1038-5204,"Justice, Supreme Court, Pl 6",6,REP,Jane Bland,2607
Ellis,1038-5204,"Justice, Supreme Court, Pl 6",6,DEM,Bonnie Lee Goldstein,1076
Ellis,1038-5204,"Justice, Supreme Court, Pl 6",6,LIB,J. David Roberson,95
Ellis,1038-5204,"Justice, Supreme Court, Pl 6",6,,Over Votes,0
Ellis,1038-5204,"Justice, Supreme Court, Pl 6",6,,Under Votes,165
Ellis,1039-5208,"Justice, Supreme Court, Pl 6",6,REP,Jane Bland,1760
Ellis,1039-5208,"Justice, Supreme Court, Pl 6",6,DEM,Bonnie Lee Goldstein,528
Ellis,1039-5208,"Justice, Supreme Court, Pl 6",6,LIB,J. David Roberson,45
Ellis,1039-5208,"Justice, Supreme Court, Pl 6",6,,Over Votes,0
Ellis,1039-5208,"Justice, Supreme Court, Pl 6",6,,Under Votes,171
Ellis,1040,"Justice, Supreme Court, Pl 6",6,REP,Jane Bland,301
Ellis,1040,"Justice, Supreme Court, Pl 6",6,DEM,Bonnie Lee Goldstein,74
Ellis,1040,"Justice, Supreme Court, Pl 6",6,LIB,J. David Roberson,5
Ellis,1040,"Justice, Supreme Court, Pl 6",6,,Over Votes,0
Ellis,1040,"Justice, Supreme Court, Pl 6",6,,Under Votes,18
Ellis,1041,"Justice, Supreme Court, Pl 6",6,REP,Jane Bland,1734
Ellis,1041,"Justice, Supreme Court, Pl 6",6,DEM,Bonnie Lee Goldstein,530
Ellis,1041,"Justice, Supreme Court, Pl 6",6,LIB,J. David Roberson,63
Ellis,1041,"Justice, Supreme Court, Pl 6",6,,Over Votes,0
Ellis,1041,"Justice, Supreme Court, Pl 6",6,,Under Votes,100
Ellis,1042-5227,"Justice, Supreme Court, Pl 6",6,REP,Jane Bland,242
Ellis,1042-5227,"Justice, Supreme Court, Pl 6",6,DEM,Bonnie Lee Goldstein,83
Ellis,1042-5227,"Justice, Supreme Court, Pl 6",6,LIB,J. David Roberson,11
Ellis,1042-5227,"Justice, Supreme Court, Pl 6",6,,Over Votes,0
Ellis,1042-5227,"Justice, Supreme Court, Pl 6",6,,Under Votes,17
Ellis,1043,"Justice, Supreme Court, Pl 6",6,REP,Jane Bland,2110
Ellis,1043,"Justice, Supreme Court, Pl 6",6,DEM,Bonnie Lee Goldstein,811
Ellis,1043,"Justice, Supreme Court, Pl 6",6,LIB,J. David Roberson,66
Ellis,1043,"Justice, Supreme Court, Pl 6",6,,Over Votes,0
Ellis,1043,"Justice, Supreme Court, Pl 6",6,,Under Votes,121
Ellis,1044-5241,"Justice, Supreme Court, Pl 6",6,REP,Jane Bland,370
Ellis,1044-5241,"Justice, Supreme Court, Pl 6",6,DEM,Bonnie Lee Goldstein,82
Ellis,1044-5241,"Justice, Supreme Court, Pl 6",6,LIB,J. David Roberson,11
Ellis,1044-5241,"Justice, Supreme Court, Pl 6",6,,Over Votes,0
Ellis,1044-5241,"Justice, Supreme Court, Pl 6",6,,Under Votes,26
Ellis,1045-5244,"Justice, Supreme Court, Pl 6",6,REP,Jane Bland,109
Ellis,1045-5244,"Justice, Supreme Court, Pl 6",6,DEM,Bonnie Lee Goldstein,9
Ellis,1045-5244,"Justice, Supreme Court, Pl 6",6,LIB,J. David Roberson,1
Ellis,1045-5244,"Justice, Supreme Court, Pl 6",6,,Over Votes,0
Ellis,1045-5244,"Justice, Supreme Court, Pl 6",6,,Under Votes,8
Ellis,1046-5245,"Justice, Supreme Court, Pl 6",6,REP,Jane Bland,249
Ellis,1046-5245,"Justice, Supreme Court, Pl 6",6,DEM,Bonnie Lee Goldstein,126
Ellis,1046-5245,"Justice, Supreme Court, Pl 6",6,LIB,J. David Roberson,5
Ellis,1046-5245,"Justice, Supreme Court, Pl 6",6,,Over Votes,0
Ellis,1046-5245,"Justice, Supreme Court, Pl 6",6,,Under Votes,24
Ellis,1047-5247,"Justice, Supreme Court, Pl 6",6,REP,Jane Bland,185
Ellis,1047-5247,"Justice, Supreme Court, Pl 6",6,DEM,Bonnie Lee Goldstein,43
Ellis,1047-5247,"Justice, Supreme Court, Pl 6",6,LIB,J. David Roberson,5
Ellis,1047-5247,"Justice, Supreme Court, Pl 6",6,,Over Votes,0
Ellis,1047-5247,"Justice, Supreme Court, Pl 6",6,,Under Votes,7
Ellis,1048,"Justice, Supreme Court, Pl 6",6,REP,Jane Bland,1003
Ellis,1048,"Justice, Supreme Court, Pl 6",6,DEM,Bonnie Lee Goldstein,451
Ellis,1048,"Justice, Supreme Court, Pl 6",6,LIB,J. David Roberson,44
Ellis,1048,"Justice, Supreme Court, Pl 6",6,,Over Votes,0
Ellis,1048,"Justice, Supreme Court, Pl 6",6,,Under Votes,87
Ellis,1049,"Justice, Supreme Court, Pl 6",6,REP,Jane Bland,339
Ellis,1049,"Justice, Supreme Court, Pl 6",6,DEM,Bonnie Lee Goldstein,102
Ellis,1049,"Justice, Supreme Court, Pl 6",6,LIB,J. David Roberson,8
Ellis,1049,"Justice, Supreme Court, Pl 6",6,,Over Votes,0
Ellis,1049,"Justice, Supreme Court, Pl 6",6,,Under Votes,31
Ellis,1050,"Justice, Supreme Court, Pl 6",6,REP,Jane Bland,900
Ellis,1050,"Justice, Supreme Court, Pl 6",6,DEM,Bonnie Lee Goldstein,1393
Ellis,1050,"Justice, Supreme Court, Pl 6",6,LIB,J. David Roberson,71
Ellis,1050,"Justice, Supreme Court, Pl 6",6,,Over Votes,0
Ellis,1050,"Justice, Supreme Court, Pl 6",6,,Under Votes,117
Ellis,1051,"Justice, Supreme Court, Pl 6",6,REP,Jane Bland,1131
Ellis,1051,"Justice, Supreme Court, Pl 6",6,DEM,Bonnie Lee Goldstein,1230
Ellis,1051,"Justice, Supreme Court, Pl 6",6,LIB,J. David Roberson,67
Ellis,1051,"Justice, Supreme Court, Pl 6",6,,Over Votes,0
Ellis,1051,"Justice, Supreme Court, Pl 6",6,,Under Votes,150
Ellis,1052,"Justice, Supreme Court, Pl 6",6,REP,Jane Bland,708
Ellis,1052,"Justice, Supreme Court, Pl 6",6,DEM,Bonnie Lee Goldstein,1247
Ellis,1052,"Justice, Supreme Court, Pl 6",6,LIB,J. David Roberson,69
Ellis,1052,"Justice, Supreme Court, Pl 6",6,,Over Votes,0
Ellis,1052,"Justice, Supreme Court, Pl 6",6,,Under Votes,103
Ellis,1053,"Justice, Supreme Court, Pl 6",6,REP,Jane Bland,848
Ellis,1053,"Justice, Supreme Court, Pl 6",6,DEM,Bonnie Lee Goldstein,724
Ellis,1053,"Justice, Supreme Court, Pl 6",6,LIB,J. David Roberson,47
Ellis,1053,"Justice, Supreme Court, Pl 6",6,,Over Votes,0
Ellis,1053,"Justice, Supreme Court, Pl 6",6,,Under Votes,79
Ellis,1054,"Justice, Supreme Court, Pl 6",6,REP,Jane Bland,624
Ellis,1054,"Justice, Supreme Court, Pl 6",6,DEM,Bonnie Lee Goldstein,1763
Ellis,1054,"Justice, Supreme Court, Pl 6",6,LIB,J. David Roberson,89
Ellis,1054,"Justice, Supreme Court, Pl 6",6,,Over Votes,0
Ellis,1054,"Justice, Supreme Court, Pl 6",6,,Under Votes,107
Ellis,1055,"Justice, Supreme Court, Pl 6",6,REP,Jane Bland,1577
Ellis,1055,"Justice, Supreme Court, Pl 6",6,DEM,Bonnie Lee Goldstein,755
Ellis,1055,"Justice, Supreme Court, Pl 6",6,LIB,J. David Roberson,66
Ellis,1055,"Justice, Supreme Court, Pl 6",6,,Over Votes,0
Ellis,1055,"Justice, Supreme Court, Pl 6",6,,Under Votes,109
Ellis,1056,"Justice, Supreme Court, Pl 6",6,REP,Jane Bland,1763
Ellis,1056,"Justice, Supreme Court, Pl 6",6,DEM,Bonnie Lee Goldstein,483
Ellis,1056,"Justice, Supreme Court, Pl 6",6,LIB,J. David Roberson,41
Ellis,1056,"Justice, Supreme Court, Pl 6",6,,Over Votes,1
Ellis,1056,"Justice, Supreme Court, Pl 6",6,,Under Votes,110
Ellis,1057,"Justice, Supreme Court, Pl 6",6,REP,Jane Bland,1761
Ellis,1057,"Justice, Supreme Court, Pl 6",6,DEM,Bonnie Lee Goldstein,1464
Ellis,1057,"Justice, Supreme Court, Pl 6",6,LIB,J. David Roberson,83
Ellis,1057,"Justice, Supreme Court, Pl 6",6,,Over Votes,0
Ellis,1057,"Justice, Supreme Court, Pl 6",6,,Under Votes,112
Ellis,1058,"Justice, Supreme Court, Pl 6",6,REP,Jane Bland,717
Ellis,1058,"Justice, Supreme Court, Pl 6",6,DEM,Bonnie Lee Goldstein,505
Ellis,1058,"Justice, Supreme Court, Pl 6",6,LIB,J. David Roberson,39
Ellis,1058,"Justice, Supreme Court, Pl 6",6,,Over Votes,0
Ellis,1058,"Justice, Supreme Court, Pl 6",6,,Under Votes,68
Ellis,1059,"Justice, Supreme Court, Pl 6",6,REP,Jane Bland,470
Ellis,1059,"Justice, Supreme Court, Pl 6",6,DEM,Bonnie Lee Goldstein,101
Ellis,1059,"Justice, Supreme Court, Pl 6",6,LIB,J. David Roberson,13
Ellis,1059,"Justice, Supreme Court, Pl 6",6,,Over Votes,0
Ellis,1059,"Justice, Supreme Court, Pl 6",6,,Under Votes,32
Ellis,1001-5001,"Presiding Judge, Court of Criminal Appeals",,REP,David J. Schenck,532
Ellis,1001-5001,"Presiding Judge, Court of Criminal Appeals",,DEM,Holly Taylor,895
Ellis,1001-5001,"Presiding Judge, Court of Criminal Appeals",,,Over Votes,0
Ellis,1001-5001,"Presiding Judge, Court of Criminal Appeals",,,Under Votes,100
Ellis,1001-5001,"Judge, Court of Criminal Appeals",7,REP,Gina Parker,545
Ellis,1001-5001,"Judge, Court of Criminal Appeals",7,DEM,Nancy Mulder,877
Ellis,1001-5001,"Judge, Court of Criminal Appeals",7,,Over Votes,0
Ellis,1001-5001,"Judge, Court of Criminal Appeals",7,,Under Votes,105
Ellis,1002,"Presiding Judge, Court of Criminal Appeals",,REP,David J. Schenck,108
Ellis,1002,"Presiding Judge, Court of Criminal Appeals",,DEM,Holly Taylor,34
Ellis,1002,"Presiding Judge, Court of Criminal Appeals",,,Over Votes,0
Ellis,1002,"Presiding Judge, Court of Criminal Appeals",,,Under Votes,4
Ellis,1002,"Judge, Court of Criminal Appeals",7,REP,Gina Parker,109
Ellis,1002,"Judge, Court of Criminal Appeals",7,DEM,Nancy Mulder,33
Ellis,1002,"Judge, Court of Criminal Appeals",7,,Over Votes,0
Ellis,1002,"Judge, Court of Criminal Appeals",7,,Under Votes,4
Ellis,1003-5007,"Presiding Judge, Court of Criminal Appeals",,REP,David J. Schenck,1234
Ellis,1003-5007,"Presiding Judge, Court of Criminal Appeals",,DEM,Holly Taylor,854
Ellis,1003-5007,"Presiding Judge, Court of Criminal Appeals",,,Over Votes,0
Ellis,1003-5007,"Presiding Judge, Court of Criminal Appeals",,,Under Votes,123
Ellis,1003-5007,"Judge, Court of Criminal Appeals",7,REP,Gina Parker,1260
Ellis,1003-5007,"Judge, Court of Criminal Appeals",7,DEM,Nancy Mulder,824
Ellis,1003-5007,"Judge, Court of Criminal Appeals",7,,Over Votes,0
Ellis,1003-5007,"Judge, Court of Criminal Appeals",7,,Under Votes,127
Ellis,1004-5011,"Presiding Judge, Court of Criminal Appeals",,REP,David J. Schenck,80
Ellis,1004-5011,"Presiding Judge, Court of Criminal Appeals",,DEM,Holly Taylor,69
Ellis,1004-5011,"Presiding Judge, Court of Criminal Appeals",,,Over Votes,0
Ellis,1004-5011,"Presiding Judge, Court of Criminal Appeals",,,Under Votes,4
Ellis,1004-5011,"Judge, Court of Criminal Appeals",7,REP,Gina Parker,81
Ellis,1004-5011,"Judge, Court of Criminal Appeals",7,DEM,Nancy Mulder,69
Ellis,1004-5011,"Judge, Court of Criminal Appeals",7,,Over Votes,0
Ellis,1004-5011,"Judge, Court of Criminal Appeals",7,,Under Votes,3
Ellis,1005-5015,"Presiding Judge, Court of Criminal Appeals",,REP,David J. Schenck,1748
Ellis,1005-5015,"Presiding Judge, Court of Criminal Appeals",,DEM,Holly Taylor,946
Ellis,1005-5015,"Presiding Judge, Court of Criminal Appeals",,,Over Votes,0
Ellis,1005-5015,"Presiding Judge, Court of Criminal Appeals",,,Under Votes,151
Ellis,1005-5015,"Judge, Court of Criminal Appeals",7,REP,Gina Parker,1745
Ellis,1005-5015,"Judge, Court of Criminal Appeals",7,DEM,Nancy Mulder,943
Ellis,1005-5015,"Judge, Court of Criminal Appeals",7,,Over Votes,0
Ellis,1005-5015,"Judge, Court of Criminal Appeals",7,,Under Votes,157
Ellis,1006-5018,"Presiding Judge, Court of Criminal Appeals",,REP,David J. Schenck,1903
Ellis,1006-5018,"Presiding Judge, Court of Criminal Appeals",,DEM,Holly Taylor,1510
Ellis,1006-5018,"Presiding Judge, Court of Criminal Appeals",,,Over Votes,0
Ellis,1006-5018,"Presiding Judge, Court of Criminal Appeals",,,Under Votes,182
Ellis,1006-5018,"Judge, Court of Criminal Appeals",7,REP,Gina Parker,1909
Ellis,1006-5018,"Judge, Court of Criminal Appeals",7,DEM,Nancy Mulder,1503
Ellis,1006-5018,"Judge, Court of Criminal Appeals",7,,Over Votes,0
Ellis,1006-5018,"Judge, Court of Criminal Appeals",7,,Under Votes,183
Ellis,1007-5022,"Presiding Judge, Court of Criminal Appeals",,REP,David J. Schenck,1059
Ellis,1007-5022,"Presiding Judge, Court of Criminal Appeals",,DEM,Holly Taylor,365
Ellis,1007-5022,"Presiding Judge, Court of Criminal Appeals",,,Over Votes,0
Ellis,1007-5022,"Presiding Judge, Court of Criminal Appeals",,,Under Votes,110
Ellis,1007-5022,"Judge, Court of Criminal Appeals",7,REP,Gina Parker,1063
Ellis,1007-5022,"Judge, Court of Criminal Appeals",7,DEM,Nancy Mulder,357
Ellis,1007-5022,"Judge, Court of Criminal Appeals",7,,Over Votes,0
Ellis,1007-5022,"Judge, Court of Criminal Appeals",7,,Under Votes,114
Ellis,1008-5026,"Presiding Judge, Court of Criminal Appeals",,REP,David J. Schenck,64
Ellis,1008-5026,"Presiding Judge, Court of Criminal Appeals",,DEM,Holly Taylor,38
Ellis,1008-5026,"Presiding Judge, Court of Criminal Appeals",,,Over Votes,0
Ellis,1008-5026,"Presiding Judge, Court of Criminal Appeals",,,Under Votes,13
Ellis,1008-5026,"Judge, Court of Criminal Appeals",7,REP,Gina Parker,64
Ellis,1008-5026,"Judge, Court of Criminal Appeals",7,DEM,Nancy Mulder,39
Ellis,1008-5026,"Judge, Court of Criminal Appeals",7,,Over Votes,0
Ellis,1008-5026,"Judge, Court of Criminal Appeals",7,,Under Votes,12
Ellis,1009-5029,"Presiding Judge, Court of Criminal Appeals",,REP,David J. Schenck,1814
Ellis,1009-5029,"Presiding Judge, Court of Criminal Appeals",,DEM,Holly Taylor,486
Ellis,1009-5029,"Presiding Judge, Court of Criminal Appeals",,,Over Votes,0
Ellis,1009-5029,"Presiding Judge, Court of Criminal Appeals",,,Under Votes,154
Ellis,1009-5029,"Judge, Court of Criminal Appeals",7,REP,Gina Parker,1821
Ellis,1009-5029,"Judge, Court of Criminal Appeals",7,DEM,Nancy Mulder,480
Ellis,1009-5029,"Judge, Court of Criminal Appeals",7,,Over Votes,0
Ellis,1009-5029,"Judge, Court of Criminal Appeals",7,,Under Votes,153
Ellis,1010,"Presiding Judge, Court of Criminal Appeals",,REP,David J. Schenck,942
Ellis,1010,"Presiding Judge, Court of Criminal Appeals",,DEM,Holly Taylor,353
Ellis,1010,"Presiding Judge, Court of Criminal Appeals",,,Over Votes,0
Ellis,1010,"Presiding Judge, Court of Criminal Appeals",,,Under Votes,96
Ellis,1010,"Judge, Court of Criminal Appeals",7,REP,Gina Parker,935
Ellis,1010,"Judge, Court of Criminal Appeals",7,DEM,Nancy Mulder,354
Ellis,1010,"Judge, Court of Criminal Appeals",7,,Over Votes,0
Ellis,1010,"Judge, Court of Criminal Appeals",7,,Under Votes,102
Ellis,1011,"Presiding Judge, Court of Criminal Appeals",,REP,David J. Schenck,1169
Ellis,1011,"Presiding Judge, Court of Criminal Appeals",,DEM,Holly Taylor,621
Ellis,1011,"Presiding Judge, Court of Criminal Appeals",,,Over Votes,0
Ellis,1011,"Presiding Judge, Court of Criminal Appeals",,,Under Votes,106
Ellis,1011,"Judge, Court of Criminal Appeals",7,REP,Gina Parker,1182
Ellis,1011,"Judge, Court of Criminal Appeals",7,DEM,Nancy Mulder,612
Ellis,1011,"Judge, Court of Criminal Appeals",7,,Over Votes,0
Ellis,1011,"Judge, Court of Criminal Appeals",7,,Under Votes,102
Ellis,1012,"Presiding Judge, Court of Criminal Appeals",,REP,David J. Schenck,1189
Ellis,1012,"Presiding Judge, Court of Criminal Appeals",,DEM,Holly Taylor,1008
Ellis,1012,"Presiding Judge, Court of Criminal Appeals",,,Over Votes,0
Ellis,1012,"Presiding Judge, Court of Criminal Appeals",,,Under Votes,197
Ellis,1012,"Judge, Court of Criminal Appeals",7,REP,Gina Parker,1206
Ellis,1012,"Judge, Court of Criminal Appeals",7,DEM,Nancy Mulder,991
Ellis,1012,"Judge, Court of Criminal Appeals",7,,Over Votes,0
Ellis,1012,"Judge, Court of Criminal Appeals",7,,Under Votes,197
Ellis,1013-5076,"Presiding Judge, Court of Criminal Appeals",,REP,David J. Schenck,884
Ellis,1013-5076,"Presiding Judge, Court of Criminal Appeals",,DEM,Holly Taylor,384
Ellis,1013-5076,"Presiding Judge, Court of Criminal Appeals",,,Over Votes,0
Ellis,1013-5076,"Presiding Judge, Court of Criminal Appeals",,,Under Votes,104
Ellis,1013-5076,"Judge, Court of Criminal Appeals",7,REP,Gina Parker,882
Ellis,1013-5076,"Judge, Court of Criminal Appeals",7,DEM,Nancy Mulder,382
Ellis,1013-5076,"Judge, Court of Criminal Appeals",7,,Over Votes,0
Ellis,1013-5076,"Judge, Court of Criminal Appeals",7,,Under Votes,108
Ellis,1014,"Presiding Judge, Court of Criminal Appeals",,REP,David J. Schenck,1175
Ellis,1014,"Presiding Judge, Court of Criminal Appeals",,DEM,Holly Taylor,227
Ellis,1014,"Presiding Judge, Court of Criminal Appeals",,,Over Votes,0
Ellis,1014,"Presiding Judge, Court of Criminal Appeals",,,Under Votes,72
Ellis,1014,"Judge, Court of Criminal Appeals",7,REP,Gina Parker,1175
Ellis,1014,"Judge, Court of Criminal Appeals",7,DEM,Nancy Mulder,223
Ellis,1014,"Judge, Court of Criminal Appeals",7,,Over Votes,0
Ellis,1014,"Judge, Court of Criminal Appeals",7,,Under Votes,76
Ellis,1015,"Presiding Judge, Court of Criminal Appeals",,REP,David J. Schenck,1595
Ellis,1015,"Presiding Judge, Court of Criminal Appeals",,DEM,Holly Taylor,596
Ellis,1015,"Presiding Judge, Court of Criminal Appeals",,,Over Votes,0
Ellis,1015,"Presiding Judge, Court of Criminal Appeals",,,Under Votes,146
Ellis,1015,"Judge, Court of Criminal Appeals",7,REP,Gina Parker,1591
Ellis,1015,"Judge, Court of Criminal Appeals",7,DEM,Nancy Mulder,595
Ellis,1015,"Judge, Court of Criminal Appeals",7,,Over Votes,0
Ellis,1015,"Judge, Court of Criminal Appeals",7,,Under Votes,151
Ellis,1016,"Presiding Judge, Court of Criminal Appeals",,REP,David J. Schenck,374
Ellis,1016,"Presiding Judge, Court of Criminal Appeals",,DEM,Holly Taylor,420
Ellis,1016,"Presiding Judge, Court of Criminal Appeals",,,Over Votes,0
Ellis,1016,"Presiding Judge, Court of Criminal Appeals",,,Under Votes,68
Ellis,1016,"Judge, Court of Criminal Appeals",7,REP,Gina Parker,381
Ellis,1016,"Judge, Court of Criminal Appeals",7,DEM,Nancy Mulder,411
Ellis,1016,"Judge, Court of Criminal Appeals",7,,Over Votes,0
Ellis,1016,"Judge, Court of Criminal Appeals",7,,Under Votes,70
Ellis,1017-5108,"Presiding Judge, Court of Criminal Appeals",,REP,David J. Schenck,1231
Ellis,1017-5108,"Presiding Judge, Court of Criminal Appeals",,DEM,Holly Taylor,501
Ellis,1017-5108,"Presiding Judge, Court of Criminal Appeals",,,Over Votes,0
Ellis,1017-5108,"Presiding Judge, Court of Criminal Appeals",,,Under Votes,140
Ellis,1017-5108,"Judge, Court of Criminal Appeals",7,REP,Gina Parker,1236
Ellis,1017-5108,"Judge, Court of Criminal Appeals",7,DEM,Nancy Mulder,498
Ellis,1017-5108,"Judge, Court of Criminal Appeals",7,,Over Votes,0
Ellis,1017-5108,"Judge, Court of Criminal Appeals",7,,Under Votes,138
Ellis,1018,"Presiding Judge, Court of Criminal Appeals",,REP,David J. Schenck,747
Ellis,1018,"Presiding Judge, Court of Criminal Appeals",,DEM,Holly Taylor,704
Ellis,1018,"Presiding Judge, Court of Criminal Appeals",,,Over Votes,0
Ellis,1018,"Presiding Judge, Court of Criminal Appeals",,,Under Votes,119
Ellis,1018,"Judge, Court of Criminal Appeals",7,REP,Gina Parker,755
Ellis,1018,"Judge, Court of Criminal Appeals",7,DEM,Nancy Mulder,700
Ellis,1018,"Judge, Court of Criminal Appeals",7,,Over Votes,0
Ellis,1018,"Judge, Court of Criminal Appeals",7,,Under Votes,115
Ellis,1019-5117,"Presiding Judge, Court of Criminal Appeals",,REP,David J. Schenck,1266
Ellis,1019-5117,"Presiding Judge, Court of Criminal Appeals",,DEM,Holly Taylor,353
Ellis,1019-5117,"Presiding Judge, Court of Criminal Appeals",,,Over Votes,0
Ellis,1019-5117,"Presiding Judge, Court of Criminal Appeals",,,Under Votes,124
Ellis,1019-5117,"Judge, Court of Criminal Appeals",7,REP,Gina Parker,1260
Ellis,1019-5117,"Judge, Court of Criminal Appeals",7,DEM,Nancy Mulder,352
Ellis,1019-5117,"Judge, Court of Criminal Appeals",7,,Over Votes,0
Ellis,1019-5117,"Judge, Court of Criminal Appeals",7,,Under Votes,131
Ellis,1020,"Presiding Judge, Court of Criminal Appeals",,REP,David J. Schenck,964
Ellis,1020,"Presiding Judge, Court of Criminal Appeals",,DEM,Holly Taylor,256
Ellis,1020,"Presiding Judge, Court of Criminal Appeals",,,Over Votes,0
Ellis,1020,"Presiding Judge, Court of Criminal Appeals",,,Under Votes,89
Ellis,1020,"Judge, Court of Criminal Appeals",7,REP,Gina Parker,983
Ellis,1020,"Judge, Court of Criminal Appeals",7,DEM,Nancy Mulder,235
Ellis,1020,"Judge, Court of Criminal Appeals",7,,Over Votes,0
Ellis,1020,"Judge, Court of Criminal Appeals",7,,Under Votes,91
Ellis,1021,"Presiding Judge, Court of Criminal Appeals",,REP,David J. Schenck,852
Ellis,1021,"Presiding Judge, Court of Criminal Appeals",,DEM,Holly Taylor,191
Ellis,1021,"Presiding Judge, Court of Criminal Appeals",,,Over Votes,0
Ellis,1021,"Presiding Judge, Court of Criminal Appeals",,,Under Votes,44
Ellis,1021,"Judge, Court of Criminal Appeals",7,REP,Gina Parker,861
Ellis,1021,"Judge, Court of Criminal Appeals",7,DEM,Nancy Mulder,180
Ellis,1021,"Judge, Court of Criminal Appeals",7,,Over Votes,0
Ellis,1021,"Judge, Court of Criminal Appeals",7,,Under Votes,46
Ellis,1022,"Presiding Judge, Court of Criminal Appeals",,REP,David J. Schenck,1473
Ellis,1022,"Presiding Judge, Court of Criminal Appeals",,DEM,Holly Taylor,647
Ellis,1022,"Presiding Judge, Court of Criminal Appeals",,,Over Votes,0
Ellis,1022,"Presiding Judge, Court of Criminal Appeals",,,Under Votes,148
Ellis,1022,"Judge, Court of Criminal Appeals",7,REP,Gina Parker,1487
Ellis,1022,"Judge, Court of Criminal Appeals",7,DEM,Nancy Mulder,632
Ellis,1022,"Judge, Court of Criminal Appeals",7,,Over Votes,0
Ellis,1022,"Judge, Court of Criminal Appeals",7,,Under Votes,149
Ellis,1024-5159,"Presiding Judge, Court of Criminal Appeals",,REP,David J. Schenck,959
Ellis,1024-5159,"Presiding Judge, Court of Criminal Appeals",,DEM,Holly Taylor,399
Ellis,1024-5159,"Presiding Judge, Court of Criminal Appeals",,,Over Votes,0
Ellis,1024-5159,"Presiding Judge, Court of Criminal Appeals",,,Under Votes,125
Ellis,1024-5159,"Judge, Court of Criminal Appeals",7,REP,Gina Parker,966
Ellis,1024-5159,"Judge, Court of Criminal Appeals",7,DEM,Nancy Mulder,391
Ellis,1024-5159,"Judge, Court of Criminal Appeals",7,,Over Votes,0
Ellis,1024-5159,"Judge, Court of Criminal Appeals",7,,Under Votes,126
Ellis,1025-5160,"Presiding Judge, Court of Criminal Appeals",,REP,David J. Schenck,1120
Ellis,1025-5160,"Presiding Judge, Court of Criminal Appeals",,DEM,Holly Taylor,518
Ellis,1025-5160,"Presiding Judge, Court of Criminal Appeals",,,Over Votes,0
Ellis,1025-5160,"Presiding Judge, Court of Criminal Appeals",,,Under Votes,131
Ellis,1025-5160,"Judge, Court of Criminal Appeals",7,REP,Gina Parker,1115
Ellis,1025-5160,"Judge, Court of Criminal Appeals",7,DEM,Nancy Mulder,523
Ellis,1025-5160,"Judge, Court of Criminal Appeals",7,,Over Votes,0
Ellis,1025-5160,"Judge, Court of Criminal Appeals",7,,Under Votes,131
Ellis,1026-5161,"Presiding Judge, Court of Criminal Appeals",,REP,David J. Schenck,1112
Ellis,1026-5161,"Presiding Judge, Court of Criminal Appeals",,DEM,Holly Taylor,446
Ellis,1026-5161,"Presiding Judge, Court of Criminal Appeals",,,Over Votes,0
Ellis,1026-5161,"Presiding Judge, Court of Criminal Appeals",,,Under Votes,116
Ellis,1026-5161,"Judge, Court of Criminal Appeals",7,REP,Gina Parker,1107
Ellis,1026-5161,"Judge, Court of Criminal Appeals",7,DEM,Nancy Mulder,454
Ellis,1026-5161,"Judge, Court of Criminal Appeals",7,,Over Votes,0
Ellis,1026-5161,"Judge, Court of Criminal Appeals",7,,Under Votes,113
Ellis,1027,"Presiding Judge, Court of Criminal Appeals",,REP,David J. Schenck,1539
Ellis,1027,"Presiding Judge, Court of Criminal Appeals",,DEM,Holly Taylor,605
Ellis,1027,"Presiding Judge, Court of Criminal Appeals",,,Over Votes,0
Ellis,1027,"Presiding Judge, Court of Criminal Appeals",,,Under Votes,108
Ellis,1027,"Judge, Court of Criminal Appeals",7,REP,Gina Parker,1557
Ellis,1027,"Judge, Court of Criminal Appeals",7,DEM,Nancy Mulder,586
Ellis,1027,"Judge, Court of Criminal Appeals",7,,Over Votes,0
Ellis,1027,"Judge, Court of Criminal Appeals",7,,Under Votes,109
Ellis,1028-5168,"Presiding Judge, Court of Criminal Appeals",,REP,David J. Schenck,1625
Ellis,1028-5168,"Presiding Judge, Court of Criminal Appeals",,DEM,Holly Taylor,441
Ellis,1028-5168,"Presiding Judge, Court of Criminal Appeals",,,Over Votes,0
Ellis,1028-5168,"Presiding Judge, Court of Criminal Appeals",,,Under Votes,97
Ellis,1028-5168,"Judge, Court of Criminal Appeals",7,REP,Gina Parker,1624
Ellis,1028-5168,"Judge, Court of Criminal Appeals",7,DEM,Nancy Mulder,435
Ellis,1028-5168,"Judge, Court of Criminal Appeals",7,,Over Votes,0
Ellis,1028-5168,"Judge, Court of Criminal Appeals",7,,Under Votes,104
Ellis,1029,"Presiding Judge, Court of Criminal Appeals",,REP,David J. Schenck,374
Ellis,1029,"Presiding Judge, Court of Criminal Appeals",,DEM,Holly Taylor,84
Ellis,1029,"Presiding Judge, Court of Criminal Appeals",,,Over Votes,0
Ellis,1029,"Presiding Judge, Court of Criminal Appeals",,,Under Votes,37
Ellis,1029,"Judge, Court of Criminal Appeals",7,REP,Gina Parker,378
Ellis,1029,"Judge, Court of Criminal Appeals",7,DEM,Nancy Mulder,82
Ellis,1029,"Judge, Court of Criminal Appeals",7,,Over Votes,0
Ellis,1029,"Judge, Court of Criminal Appeals",7,,Under Votes,35
Ellis,1030-5176,"Presiding Judge, Court of Criminal Appeals",,REP,David J. Schenck,990
Ellis,1030-5176,"Presiding Judge, Court of Criminal Appeals",,DEM,Holly Taylor,296
Ellis,1030-5176,"Presiding Judge, Court of Criminal Appeals",,,Over Votes,0
Ellis,1030-5176,"Presiding Judge, Court of Criminal Appeals",,,Under Votes,95
Ellis,1030-5176,"Judge, Court of Criminal Appeals",7,REP,Gina Parker,1003
Ellis,1030-5176,"Judge, Court of Criminal Appeals",7,DEM,Nancy Mulder,280
Ellis,1030-5176,"Judge, Court of Criminal Appeals",7,,Over Votes,0
Ellis,1030-5176,"Judge, Court of Criminal Appeals",7,,Under Votes,98
Ellis,1031-5181,"Presiding Judge, Court of Criminal Appeals",,REP,David J. Schenck,351
Ellis,1031-5181,"Presiding Judge, Court of Criminal Appeals",,DEM,Holly Taylor,118
Ellis,1031-5181,"Presiding Judge, Court of Criminal Appeals",,,Over Votes,0
Ellis,1031-5181,"Presiding Judge, Court of Criminal Appeals",,,Under Votes,21
Ellis,1031-5181,"Judge, Court of Criminal Appeals",7,REP,Gina Parker,342
Ellis,1031-5181,"Judge, Court of Criminal Appeals",7,DEM,Nancy Mulder,126
Ellis,1031-5181,"Judge, Court of Criminal Appeals",7,,Over Votes,0
Ellis,1031-5181,"Judge, Court of Criminal Appeals",7,,Under Votes,22
Ellis,1032-5184,"Presiding Judge, Court of Criminal Appeals",,REP,David J. Schenck,2504
Ellis,1032-5184,"Presiding Judge, Court of Criminal Appeals",,DEM,Holly Taylor,426
Ellis,1032-5184,"Presiding Judge, Court of Criminal Appeals",,,Over Votes,0
Ellis,1032-5184,"Presiding Judge, Court of Criminal Appeals",,,Under Votes,129
Ellis,1032-5184,"Judge, Court of Criminal Appeals",7,REP,Gina Parker,2509
Ellis,1032-5184,"Judge, Court of Criminal Appeals",7,DEM,Nancy Mulder,411
Ellis,1032-5184,"Judge, Court of Criminal Appeals",7,,Over Votes,0
Ellis,1032-5184,"Judge, Court of Criminal Appeals",7,,Under Votes,139
Ellis,1033,"Presiding Judge, Court of Criminal Appeals",,REP,David J. Schenck,1517
Ellis,1033,"Presiding Judge, Court of Criminal Appeals",,DEM,Holly Taylor,537
Ellis,1033,"Presiding Judge, Court of Criminal Appeals",,,Over Votes,0
Ellis,1033,"Presiding Judge, Court of Criminal Appeals",,,Under Votes,103
Ellis,1033,"Judge, Court of Criminal Appeals",7,REP,Gina Parker,1528
Ellis,1033,"Judge, Court of Criminal Appeals",7,DEM,Nancy Mulder,522
Ellis,1033,"Judge, Court of Criminal Appeals",7,,Over Votes,0
Ellis,1033,"Judge, Court of Criminal Appeals",7,,Under Votes,107
Ellis,1034-5195,"Presiding Judge, Court of Criminal Appeals",,REP,David J. Schenck,2263
Ellis,1034-5195,"Presiding Judge, Court of Criminal Appeals",,DEM,Holly Taylor,803
Ellis,1034-5195,"Presiding Judge, Court of Criminal Appeals",,,Over Votes,0
Ellis,1034-5195,"Presiding Judge, Court of Criminal Appeals",,,Under Votes,177
Ellis,1034-5195,"Judge, Court of Criminal Appeals",7,REP,Gina Parker,2273
Ellis,1034-5195,"Judge, Court of Criminal Appeals",7,DEM,Nancy Mulder,793
Ellis,1034-5195,"Judge, Court of Criminal Appeals",7,,Over Votes,0
Ellis,1034-5195,"Judge, Court of Criminal Appeals",7,,Under Votes,177
Ellis,1035-5197,"Presiding Judge, Court of Criminal Appeals",,REP,David J. Schenck,795
Ellis,1035-5197,"Presiding Judge, Court of Criminal Appeals",,DEM,Holly Taylor,313
Ellis,1035-5197,"Presiding Judge, Court of Criminal Appeals",,,Over Votes,0
Ellis,1035-5197,"Presiding Judge, Court of Criminal Appeals",,,Under Votes,82
Ellis,1035-5197,"Judge, Court of Criminal Appeals",7,REP,Gina Parker,808
Ellis,1035-5197,"Judge, Court of Criminal Appeals",7,DEM,Nancy Mulder,301
Ellis,1035-5197,"Judge, Court of Criminal Appeals",7,,Over Votes,0
Ellis,1035-5197,"Judge, Court of Criminal Appeals",7,,Under Votes,81
Ellis,1036-5200,"Presiding Judge, Court of Criminal Appeals",,REP,David J. Schenck,1979
Ellis,1036-5200,"Presiding Judge, Court of Criminal Appeals",,DEM,Holly Taylor,917
Ellis,1036-5200,"Presiding Judge, Court of Criminal Appeals",,,Over Votes,0
Ellis,1036-5200,"Presiding Judge, Court of Criminal Appeals",,,Under Votes,171
Ellis,1036-5200,"Judge, Court of Criminal Appeals",7,REP,Gina Parker,1982
Ellis,1036-5200,"Judge, Court of Criminal Appeals",7,DEM,Nancy Mulder,913
Ellis,1036-5200,"Judge, Court of Criminal Appeals",7,,Over Votes,0
Ellis,1036-5200,"Judge, Court of Criminal Appeals",7,,Under Votes,172
Ellis,1037-5201,"Presiding Judge, Court of Criminal Appeals",,REP,David J. Schenck,1248
Ellis,1037-5201,"Presiding Judge, Court of Criminal Appeals",,DEM,Holly Taylor,481
Ellis,1037-5201,"Presiding Judge, Court of Criminal Appeals",,,Over Votes,0
Ellis,1037-5201,"Presiding Judge, Court of Criminal Appeals",,,Under Votes,93
Ellis,1037-5201,"Judge, Court of Criminal Appeals",7,REP,Gina Parker,1265
Ellis,1037-5201,"Judge, Court of Criminal Appeals",7,DEM,Nancy Mulder,460
Ellis,1037-5201,"Judge, Court of Criminal Appeals",7,,Over Votes,0
Ellis,1037-5201,"Judge, Court of Criminal Appeals",7,,Under Votes,97
Ellis,1038-5204,"Presiding Judge, Court of Criminal Appeals",,REP,David J. Schenck,2629
Ellis,1038-5204,"Presiding Judge, Court of Criminal Appeals",,DEM,Holly Taylor,1136
Ellis,1038-5204,"Presiding Judge, Court of Criminal Appeals",,,Over Votes,0
Ellis,1038-5204,"Presiding Judge, Court of Criminal Appeals",,,Under Votes,178
Ellis,1038-5204,"Judge, Court of Criminal Appeals",7,REP,Gina Parker,2645
Ellis,1038-5204,"Judge, Court of Criminal Appeals",7,DEM,Nancy Mulder,1124
Ellis,1038-5204,"Judge, Court of Criminal Appeals",7,,Over Votes,0
Ellis,1038-5204,"Judge, Court of Criminal Appeals",7,,Under Votes,174
Ellis,1039-5208,"Presiding Judge, Court of Criminal Appeals",,REP,David J. Schenck,1760
Ellis,1039-5208,"Presiding Judge, Court of Criminal Appeals",,DEM,Holly Taylor,570
Ellis,1039-5208,"Presiding Judge, Court of Criminal Appeals",,,Over Votes,0
Ellis,1039-5208,"Presiding Judge, Court of Criminal Appeals",,,Under Votes,174
Ellis,1039-5208,"Judge, Court of Criminal Appeals",7,REP,Gina Parker,1797
Ellis,1039-5208,"Judge, Court of Criminal Appeals",7,DEM,Nancy Mulder,536
Ellis,1039-5208,"Judge, Court of Criminal Appeals",7,,Over Votes,0
Ellis,1039-5208,"Judge, Court of Criminal Appeals",7,,Under Votes,171
Ellis,1040,"Presiding Judge, Court of Criminal Appeals",,REP,David J. Schenck,302
Ellis,1040,"Presiding Judge, Court of Criminal Appeals",,DEM,Holly Taylor,74
Ellis,1040,"Presiding Judge, Court of Criminal Appeals",,,Over Votes,0
Ellis,1040,"Presiding Judge, Court of Criminal Appeals",,,Under Votes,22
Ellis,1040,"Judge, Court of Criminal Appeals",7,REP,Gina Parker,305
Ellis,1040,"Judge, Court of Criminal Appeals",7,DEM,Nancy Mulder,70
Ellis,1040,"Judge, Court of Criminal Appeals",7,,Over Votes,0
Ellis,1040,"Judge, Court of Criminal Appeals",7,,Under Votes,23
Ellis,1041,"Presiding Judge, Court of Criminal Appeals",,REP,David J. Schenck,1775
Ellis,1041,"Presiding Judge, Court of Criminal Appeals",,DEM,Holly Taylor,550
Ellis,1041,"Presiding Judge, Court of Criminal Appeals",,,Over Votes,0
Ellis,1041,"Presiding Judge, Court of Criminal Appeals",,,Under Votes,102
Ellis,1041,"Judge, Court of Criminal Appeals",7,REP,Gina Parker,1780
Ellis,1041,"Judge, Court of Criminal Appeals",7,DEM,Nancy Mulder,549
Ellis,1041,"Judge, Court of Criminal Appeals",7,,Over Votes,0
Ellis,1041,"Judge, Court of Criminal Appeals",7,,Under Votes,98
Ellis,1042-5227,"Presiding Judge, Court of Criminal Appeals",,REP,David J. Schenck,250
Ellis,1042-5227,"Presiding Judge, Court of Criminal Appeals",,DEM,Holly Taylor,85
Ellis,1042-5227,"Presiding Judge, Court of Criminal Appeals",,,Over Votes,0
Ellis,1042-5227,"Presiding Judge, Court of Criminal Appeals",,,Under Votes,18
Ellis,1042-5227,"Judge, Court of Criminal Appeals",7,REP,Gina Parker,249
Ellis,1042-5227,"Judge, Court of Criminal Appeals",7,DEM,Nancy Mulder,87
Ellis,1042-5227,"Judge, Court of Criminal Appeals",7,,Over Votes,0
Ellis,1042-5227,"Judge, Court of Criminal Appeals",7,,Under Votes,17
Ellis,1043,"Presiding Judge, Court of Criminal Appeals",,REP,David J. Schenck,2140
Ellis,1043,"Presiding Judge, Court of Criminal Appeals",,DEM,Holly Taylor,843
Ellis,1043,"Presiding Judge, Court of Criminal Appeals",,,Over Votes,0
Ellis,1043,"Presiding Judge, Court of Criminal Appeals",,,Under Votes,125
Ellis,1043,"Judge, Court of Criminal Appeals",7,REP,Gina Parker,2145
Ellis,1043,"Judge, Court of Criminal Appeals",7,DEM,Nancy Mulder,831
Ellis,1043,"Judge, Court of Criminal Appeals",7,,Over Votes,0
Ellis,1043,"Judge, Court of Criminal Appeals",7,,Under Votes,132
Ellis,1044-5241,"Presiding Judge, Court of Criminal Appeals",,REP,David J. Schenck,376
Ellis,1044-5241,"Presiding Judge, Court of Criminal Appeals",,DEM,Holly Taylor,84
Ellis,1044-5241,"Presiding Judge, Court of Criminal Appeals",,,Over Votes,0
Ellis,1044-5241,"Presiding Judge, Court of Criminal Appeals",,,Under Votes,29
Ellis,1044-5241,"Judge, Court of Criminal Appeals",7,REP,Gina Parker,382
Ellis,1044-5241,"Judge, Court of Criminal Appeals",7,DEM,Nancy Mulder,80
Ellis,1044-5241,"Judge, Court of Criminal Appeals",7,,Over Votes,0
Ellis,1044-5241,"Judge, Court of Criminal Appeals",7,,Under Votes,27
Ellis,1045-5244,"Presiding Judge, Court of Criminal Appeals",,REP,David J. Schenck,107
Ellis,1045-5244,"Presiding Judge, Court of Criminal Appeals",,DEM,Holly Taylor,12
Ellis,1045-5244,"Presiding Judge, Court of Criminal Appeals",,,Over Votes,0
Ellis,1045-5244,"Presiding Judge, Court of Criminal Appeals",,,Under Votes,8
Ellis,1045-5244,"Judge, Court of Criminal Appeals",7,REP,Gina Parker,109
Ellis,1045-5244,"Judge, Court of Criminal Appeals",7,DEM,Nancy Mulder,11
Ellis,1045-5244,"Judge, Court of Criminal Appeals",7,,Over Votes,0
Ellis,1045-5244,"Judge, Court of Criminal Appeals",7,,Under Votes,7
Ellis,1046-5245,"Presiding Judge, Court of Criminal Appeals",,REP,David J. Schenck,250
Ellis,1046-5245,"Presiding Judge, Court of Criminal Appeals",,DEM,Holly Taylor,128
Ellis,1046-5245,"Presiding Judge, Court of Criminal Appeals",,,Over Votes,0
Ellis,1046-5245,"Presiding Judge, Court of Criminal Appeals",,,Under Votes,26
Ellis,1046-5245,"Judge, Court of Criminal Appeals",7,REP,Gina Parker,248
Ellis,1046-5245,"Judge, Court of Criminal Appeals",7,DEM,Nancy Mulder,128
Ellis,1046-5245,"Judge, Court of Criminal Appeals",7,,Over Votes,0
Ellis,1046-5245,"Judge, Court of Criminal Appeals",7,,Under Votes,28
Ellis,1047-5247,"Presiding Judge, Court of Criminal Appeals",,REP,David J. Schenck,190
Ellis,1047-5247,"Presiding Judge, Court of Criminal Appeals",,DEM,Holly Taylor,43
Ellis,1047-5247,"Presiding Judge, Court of Criminal Appeals",,,Over Votes,0
Ellis,1047-5247,"Presiding Judge, Court of Criminal Appeals",,,Under Votes,7
Ellis,1047-5247,"Judge, Court of Criminal Appeals",7,REP,Gina Parker,190
Ellis,1047-5247,"Judge, Court of Criminal Appeals",7,DEM,Nancy Mulder,43
Ellis,1047-5247,"Judge, Court of Criminal Appeals",7,,Over Votes,0
Ellis,1047-5247,"Judge, Court of Criminal Appeals",7,,Under Votes,7
Ellis,1048,"Presiding Judge, Court of Criminal Appeals",,REP,David J. Schenck,1020
Ellis,1048,"Presiding Judge, Court of Criminal Appeals",,DEM,Holly Taylor,464
Ellis,1048,"Presiding Judge, Court of Criminal Appeals",,,Over Votes,0
Ellis,1048,"Presiding Judge, Court of Criminal Appeals",,,Under Votes,101
Ellis,1048,"Judge, Court of Criminal Appeals",7,REP,Gina Parker,1033
Ellis,1048,"Judge, Court of Criminal Appeals",7,DEM,Nancy Mulder,456
Ellis,1048,"Judge, Court of Criminal Appeals",7,,Over Votes,0
Ellis,1048,"Judge, Court of Criminal Appeals",7,,Under Votes,96
Ellis,1049,"Presiding Judge, Court of Criminal Appeals",,REP,David J. Schenck,350
Ellis,1049,"Presiding Judge, Court of Criminal Appeals",,DEM,Holly Taylor,102
Ellis,1049,"Presiding Judge, Court of Criminal Appeals",,,Over Votes,0
Ellis,1049,"Presiding Judge, Court of Criminal Appeals",,,Under Votes,28
Ellis,1049,"Judge, Court of Criminal Appeals",7,REP,Gina Parker,347
Ellis,1049,"Judge, Court of Criminal Appeals",7,DEM,Nancy Mulder,104
Ellis,1049,"Judge, Court of Criminal Appeals",7,,Over Votes,0
Ellis,1049,"Judge, Court of Criminal Appeals",7,,Under Votes,29
Ellis,1050,"Presiding Judge, Court of Criminal Appeals",,REP,David J. Schenck,936
Ellis,1050,"Presiding Judge, Court of Criminal Appeals",,DEM,Holly Taylor,1424
Ellis,1050,"Presiding Judge, Court of Criminal Appeals",,,Over Votes,0
Ellis,1050,"Presiding Judge, Court of Criminal Appeals",,,Under Votes,121
Ellis,1050,"Judge, Court of Criminal Appeals",7,REP,Gina Parker,946
Ellis,1050,"Judge, Court of Criminal Appeals",7,DEM,Nancy Mulder,1406
Ellis,1050,"Judge, Court of Criminal Appeals",7,,Over Votes,0
Ellis,1050,"Judge, Court of Criminal Appeals",7,,Under Votes,129
Ellis,1051,"Presiding Judge, Court of Criminal Appeals",,REP,David J. Schenck,1160
Ellis,1051,"Presiding Judge, Court of Criminal Appeals",,DEM,Holly Taylor,1268
Ellis,1051,"Presiding Judge, Court of Criminal Appeals",,,Over Votes,0
Ellis,1051,"Presiding Judge, Court of Criminal Appeals",,,Under Votes,150
Ellis,1051,"Judge, Court of Criminal Appeals",7,REP,Gina Parker,1174
Ellis,1051,"Judge, Court of Criminal Appeals",7,DEM,Nancy Mulder,1249
Ellis,1051,"Judge, Court of Criminal Appeals",7,,Over Votes,0
Ellis,1051,"Judge, Court of Criminal Appeals",7,,Under Votes,155
Ellis,1052,"Presiding Judge, Court of Criminal Appeals",,REP,David J. Schenck,741
Ellis,1052,"Presiding Judge, Court of Criminal Appeals",,DEM,Holly Taylor,1274
Ellis,1052,"Presiding Judge, Court of Criminal Appeals",,,Over Votes,0
Ellis,1052,"Presiding Judge, Court of Criminal Appeals",,,Under Votes,112
Ellis,1052,"Judge, Court of Criminal Appeals",7,REP,Gina Parker,735
Ellis,1052,"Judge, Court of Criminal Appeals",7,DEM,Nancy Mulder,1269
Ellis,1052,"Judge, Court of Criminal Appeals",7,,Over Votes,0
Ellis,1052,"Judge, Court of Criminal Appeals",7,,Under Votes,123
Ellis,1053,"Presiding Judge, Court of Criminal Appeals",,REP,David J. Schenck,867
Ellis,1053,"Presiding Judge, Court of Criminal Appeals",,DEM,Holly Taylor,747
Ellis,1053,"Presiding Judge, Court of Criminal Appeals",,,Over Votes,0
Ellis,1053,"Presiding Judge, Court of Criminal Appeals",,,Under Votes,84
Ellis,1053,"Judge, Court of Criminal Appeals",7,REP,Gina Parker,882
Ellis,1053,"Judge, Court of Criminal Appeals",7,DEM,Nancy Mulder,728
Ellis,1053,"Judge, Court of Criminal Appeals",7,,Over Votes,0
Ellis,1053,"Judge, Court of Criminal Appeals",7,,Under Votes,88
Ellis,1054,"Presiding Judge, Court of Criminal Appeals",,REP,David J. Schenck,655
Ellis,1054,"Presiding Judge, Court of Criminal Appeals",,DEM,Holly Taylor,1824
Ellis,1054,"Presiding Judge, Court of Criminal Appeals",,,Over Votes,0
Ellis,1054,"Presiding Judge, Court of Criminal Appeals",,,Under Votes,104
Ellis,1054,"Judge, Court of Criminal Appeals",7,REP,Gina Parker,660
Ellis,1054,"Judge, Court of Criminal Appeals",7,DEM,Nancy Mulder,1811
Ellis,1054,"Judge, Court of Criminal Appeals",7,,Over Votes,0
Ellis,1054,"Judge, Court of Criminal Appeals",7,,Under Votes,112
Ellis,1055,"Presiding Judge, Court of Criminal Appeals",,REP,David J. Schenck,1611
Ellis,1055,"Presiding Judge, Court of Criminal Appeals",,DEM,Holly Taylor,771
Ellis,1055,"Presiding Judge, Court of Criminal Appeals",,,Over Votes,0
Ellis,1055,"Presiding Judge, Court of Criminal Appeals",,,Under Votes,125
Ellis,1055,"Judge, Court of Criminal Appeals",7,REP,Gina Parker,1624
Ellis,1055,"Judge, Court of Criminal Appeals",7,DEM,Nancy Mulder,748
Ellis,1055,"Judge, Court of Criminal Appeals",7,,Over Votes,0
Ellis,1055,"Judge, Court of Criminal Appeals",7,,Under Votes,135
Ellis,1056,"Presiding Judge, Court of Criminal Appeals",,REP,David J. Schenck,1782
Ellis,1056,"Presiding Judge, Court of Criminal Appeals",,DEM,Holly Taylor,500
Ellis,1056,"Presiding Judge, Court of Criminal Appeals",,,Over Votes,0
Ellis,1056,"Presiding Judge, Court of Criminal Appeals",,,Under Votes,116
Ellis,1056,"Judge, Court of Criminal Appeals",7,REP,Gina Parker,1789
Ellis,1056,"Judge, Court of Criminal Appeals",7,DEM,Nancy Mulder,484
Ellis,1056,"Judge, Court of Criminal Appeals",7,,Over Votes,0
Ellis,1056,"Judge, Court of Criminal Appeals",7,,Under Votes,125
Ellis,1057,"Presiding Judge, Court of Criminal Appeals",,REP,David J. Schenck,1787
Ellis,1057,"Presiding Judge, Court of Criminal Appeals",,DEM,Holly Taylor,1510
Ellis,1057,"Presiding Judge, Court of Criminal Appeals",,,Over Votes,0
Ellis,1057,"Presiding Judge, Court of Criminal Appeals",,,Under Votes,123
Ellis,1057,"Judge, Court of Criminal Appeals",7,REP,Gina Parker,1804
Ellis,1057,"Judge, Court of Criminal Appeals",7,DEM,Nancy Mulder,1489
Ellis,1057,"Judge, Court of Criminal Appeals",7,,Over Votes,0
Ellis,1057,"Judge, Court of Criminal Appeals",7,,Under Votes,127
Ellis,1058,"Presiding Judge, Court of Criminal Appeals",,REP,David J. Schenck,717
Ellis,1058,"Presiding Judge, Court of Criminal Appeals",,DEM,Holly Taylor,533
Ellis,1058,"Presiding Judge, Court of Criminal Appeals",,,Over Votes,0
Ellis,1058,"Presiding Judge, Court of Criminal Appeals",,,Under Votes,79
Ellis,1058,"Judge, Court of Criminal Appeals",7,REP,Gina Parker,734
Ellis,1058,"Judge, Court of Criminal Appeals",7,DEM,Nancy Mulder,521
Ellis,1058,"Judge, Court of Criminal Appeals",7,,Over Votes,0
Ellis,1058,"Judge, Court of Criminal Appeals",7,,Under Votes,74
Ellis,1059,"Presiding Judge, Court of Criminal Appeals",,REP,David J. Schenck,483
Ellis,1059,"Presiding Judge, Court of Criminal Appeals",,DEM,Holly Taylor,99
Ellis,1059,"Presiding Judge, Court of Criminal Appeals",,,Over Votes,0
Ellis,1059,"Presiding Judge, Court of Criminal Appeals",,,Under Votes,34
Ellis,1059,"Judge, Court of Criminal Appeals",7,REP,Gina Parker,477
Ellis,1059,"Judge, Court of Criminal Appeals",7,DEM,Nancy Mulder,103
Ellis,1059,"Judge, Court of Criminal Appeals",7,,Over Votes,0
Ellis,1059,"Judge, Court of Criminal Appeals",7,,Under Votes,36
Ellis,1001-5001,"Judge, Court of Criminal Appeals",8,REP,Lee Finley,548
Ellis,1001-5001,"Judge, Court of Criminal Appeals",8,DEM,Chika Anyiam,877
Ellis,1001-5001,"Judge, Court of Criminal Appeals",8,,Over Votes,0
Ellis,1001-5001,"Judge, Court of Criminal Appeals",8,,Under Votes,102
Ellis,1002,"Judge, Court of Criminal Appeals",8,REP,Lee Finley,108
Ellis,1002,"Judge, Court of Criminal Appeals",8,DEM,Chika Anyiam,34
Ellis,1002,"Judge, Court of Criminal Appeals",8,,Over Votes,0
Ellis,1002,"Judge, Court of Criminal Appeals",8,,Under Votes,4
Ellis,1003-5007,"Judge, Court of Criminal Appeals",8,REP,Lee Finley,1270
Ellis,1003-5007,"Judge, Court of Criminal Appeals",8,DEM,Chika Anyiam,825
Ellis,1003-5007,"Judge, Court of Criminal Appeals",8,,Over Votes,0
Ellis,1003-5007,"Judge, Court of Criminal Appeals",8,,Under Votes,116
Ellis,1004-5011,"Judge, Court of Criminal Appeals",8,REP,Lee Finley,81
Ellis,1004-5011,"Judge, Court of Criminal Appeals",8,DEM,Chika Anyiam,68
Ellis,1004-5011,"Judge, Court of Criminal Appeals",8,,Over Votes,0
Ellis,1004-5011,"Judge, Court of Criminal Appeals",8,,Under Votes,4
Ellis,1005-5015,"Judge, Court of Criminal Appeals",8,REP,Lee Finley,1766
Ellis,1005-5015,"Judge, Court of Criminal Appeals",8,DEM,Chika Anyiam,918
Ellis,1005-5015,"Judge, Court of Criminal Appeals",8,,Over Votes,0
Ellis,1005-5015,"Judge, Court of Criminal Appeals",8,,Under Votes,161
Ellis,1006-5018,"Judge, Court of Criminal Appeals",8,REP,Lee Finley,1915
Ellis,1006-5018,"Judge, Court of Criminal Appeals",8,DEM,Chika Anyiam,1489
Ellis,1006-5018,"Judge, Court of Criminal Appeals",8,,Over Votes,0
Ellis,1006-5018,"Judge, Court of Criminal Appeals",8,,Under Votes,191
Ellis,1007-5022,"Judge, Court of Criminal Appeals",8,REP,Lee Finley,1071
Ellis,1007-5022,"Judge, Court of Criminal Appeals",8,DEM,Chika Anyiam,347
Ellis,1007-5022,"Judge, Court of Criminal Appeals",8,,Over Votes,0
Ellis,1007-5022,"Judge, Court of Criminal Appeals",8,,Under Votes,116
Ellis,1008-5026,"Judge, Court of Criminal Appeals",8,REP,Lee Finley,65
Ellis,1008-5026,"Judge, Court of Criminal Appeals",8,DEM,Chika Anyiam,37
Ellis,1008-5026,"Judge, Court of Criminal Appeals",8,,Over Votes,0
Ellis,1008-5026,"Judge, Court of Criminal Appeals",8,,Under Votes,13
Ellis,1009-5029,"Judge, Court of Criminal Appeals",8,REP,Lee Finley,1831
Ellis,1009-5029,"Judge, Court of Criminal Appeals",8,DEM,Chika Anyiam,463
Ellis,1009-5029,"Judge, Court of Criminal Appeals",8,,Over Votes,0
Ellis,1009-5029,"Judge, Court of Criminal Appeals",8,,Under Votes,160
Ellis,1010,"Judge, Court of Criminal Appeals",8,REP,Lee Finley,936
Ellis,1010,"Judge, Court of Criminal Appeals",8,DEM,Chika Anyiam,352
Ellis,1010,"Judge, Court of Criminal Appeals",8,,Over Votes,0
Ellis,1010,"Judge, Court of Criminal Appeals",8,,Under Votes,103
Ellis,1011,"Judge, Court of Criminal Appeals",8,REP,Lee Finley,1184
Ellis,1011,"Judge, Court of Criminal Appeals",8,DEM,Chika Anyiam,595
Ellis,1011,"Judge, Court of Criminal Appeals",8,,Over Votes,0
Ellis,1011,"Judge, Court of Criminal Appeals",8,,Under Votes,117
Ellis,1012,"Judge, Court of Criminal Appeals",8,REP,Lee Finley,1220
Ellis,1012,"Judge, Court of Criminal Appeals",8,DEM,Chika Anyiam,977
Ellis,1012,"Judge, Court of Criminal Appeals",8,,Over Votes,0
Ellis,1012,"Judge, Court of Criminal Appeals",8,,Under Votes,197
Ellis,1013-5076,"Judge, Court of Criminal Appeals",8,REP,Lee Finley,883
Ellis,1013-5076,"Judge, Court of Criminal Appeals",8,DEM,Chika Anyiam,373
Ellis,1013-5076,"Judge, Court of Criminal Appeals",8,,Over Votes,0
Ellis,1013-5076,"Judge, Court of Criminal Appeals",8,,Under Votes,116
Ellis,1014,"Judge, Court of Criminal Appeals",8,REP,Lee Finley,1183
Ellis,1014,"Judge, Court of Criminal Appeals",8,DEM,Chika Anyiam,215
Ellis,1014,"Judge, Court of Criminal Appeals",8,,Over Votes,0
Ellis,1014,"Judge, Court of Criminal Appeals",8,,Under Votes,76
Ellis,1015,"Judge, Court of Criminal Appeals",8,REP,Lee Finley,1608
Ellis,1015,"Judge, Court of Criminal Appeals",8,DEM,Chika Anyiam,573
Ellis,1015,"Judge, Court of Criminal Appeals",8,,Over Votes,0
Ellis,1015,"Judge, Court of Criminal Appeals",8,,Under Votes,156
Ellis,1016,"Judge, Court of Criminal Appeals",8,REP,Lee Finley,384
Ellis,1016,"Judge, Court of Criminal Appeals",8,DEM,Chika Anyiam,403
Ellis,1016,"Judge, Court of Criminal Appeals",8,,Over Votes,0
Ellis,1016,"Judge, Court of Criminal Appeals",8,,Under Votes,75
Ellis,1017-5108,"Judge, Court of Criminal Appeals",8,REP,Lee Finley,1261
Ellis,1017-5108,"Judge, Court of Criminal Appeals",8,DEM,Chika Anyiam,473
Ellis,1017-5108,"Judge, Court of Criminal Appeals",8,,Over Votes,0
Ellis,1017-5108,"Judge, Court of Criminal Appeals",8,,Under Votes,138
Ellis,1018,"Judge, Court of Criminal Appeals",8,REP,Lee Finley,762
Ellis,1018,"Judge, Court of Criminal Appeals",8,DEM,Chika Anyiam,692
Ellis,1018,"Judge, Court of Criminal Appeals",8,,Over Votes,0
Ellis,1018,"Judge, Court of Criminal Appeals",8,,Under Votes,116
Ellis,1019-5117,"Judge, Court of Criminal Appeals",8,REP,Lee Finley,1273
Ellis,1019-5117,"Judge, Court of Criminal Appeals",8,DEM,Chika Anyiam,338
Ellis,1019-5117,"Judge, Court of Criminal Appeals",8,,Over Votes,0
Ellis,1019-5117,"Judge, Court of Criminal Appeals",8,,Under Votes,132
Ellis,1020,"Judge, Court of Criminal Appeals",8,REP,Lee Finley,975
Ellis,1020,"Judge, Court of Criminal Appeals",8,DEM,Chika Anyiam,241
Ellis,1020,"Judge, Court of Criminal Appeals",8,,Over Votes,0
Ellis,1020,"Judge, Court of Criminal Appeals",8,,Under Votes,93
Ellis,1021,"Judge, Court of Criminal Appeals",8,REP,Lee Finley,861
Ellis,1021,"Judge, Court of Criminal Appeals",8,DEM,Chika Anyiam,173
Ellis,1021,"Judge, Court of Criminal Appeals",8,,Over Votes,0
Ellis,1021,"Judge, Court of Criminal Appeals",8,,Under Votes,53
Ellis,1022,"Judge, Court of Criminal Appeals",8,REP,Lee Finley,1500
Ellis,1022,"Judge, Court of Criminal Appeals",8,DEM,Chika Anyiam,616
Ellis,1022,"Judge, Court of Criminal Appeals",8,,Over Votes,0
Ellis,1022,"Judge, Court of Criminal Appeals",8,,Under Votes,152
Ellis,1024-5159,"Judge, Court of Criminal Appeals",8,REP,Lee Finley,979
Ellis,1024-5159,"Judge, Court of Criminal Appeals",8,DEM,Chika Anyiam,371
Ellis,1024-5159,"Judge, Court of Criminal Appeals",8,,Over Votes,0
Ellis,1024-5159,"Judge, Court of Criminal Appeals",8,,Under Votes,133
Ellis,1025-5160,"Judge, Court of Criminal Appeals",8,REP,Lee Finley,1134
Ellis,1025-5160,"Judge, Court of Criminal Appeals",8,DEM,Chika Anyiam,500
Ellis,1025-5160,"Judge, Court of Criminal Appeals",8,,Over Votes,0
Ellis,1025-5160,"Judge, Court of Criminal Appeals",8,,Under Votes,135
Ellis,1026-5161,"Judge, Court of Criminal Appeals",8,REP,Lee Finley,1109
Ellis,1026-5161,"Judge, Court of Criminal Appeals",8,DEM,Chika Anyiam,444
Ellis,1026-5161,"Judge, Court of Criminal Appeals",8,,Over Votes,0
Ellis,1026-5161,"Judge, Court of Criminal Appeals",8,,Under Votes,121
Ellis,1027,"Judge, Court of Criminal Appeals",8,REP,Lee Finley,1557
Ellis,1027,"Judge, Court of Criminal Appeals",8,DEM,Chika Anyiam,588
Ellis,1027,"Judge, Court of Criminal Appeals",8,,Over Votes,0
Ellis,1027,"Judge, Court of Criminal Appeals",8,,Under Votes,107
Ellis,1028-5168,"Judge, Court of Criminal Appeals",8,REP,Lee Finley,1636
Ellis,1028-5168,"Judge, Court of Criminal Appeals",8,DEM,Chika Anyiam,422
Ellis,1028-5168,"Judge, Court of Criminal Appeals",8,,Over Votes,0
Ellis,1028-5168,"Judge, Court of Criminal Appeals",8,,Under Votes,105
Ellis,1029,"Judge, Court of Criminal Appeals",8,REP,Lee Finley,378
Ellis,1029,"Judge, Court of Criminal Appeals",8,DEM,Chika Anyiam,77
Ellis,1029,"Judge, Court of Criminal Appeals",8,,Over Votes,0
Ellis,1029,"Judge, Court of Criminal Appeals",8,,Under Votes,40
Ellis,1030-5176,"Judge, Court of Criminal Appeals",8,REP,Lee Finley,1011
Ellis,1030-5176,"Judge, Court of Criminal Appeals",8,DEM,Chika Anyiam,274
Ellis,1030-5176,"Judge, Court of Criminal Appeals",8,,Over Votes,0
Ellis,1030-5176,"Judge, Court of Criminal Appeals",8,,Under Votes,96
Ellis,1031-5181,"Judge, Court of Criminal Appeals",8,REP,Lee Finley,347
Ellis,1031-5181,"Judge, Court of Criminal Appeals",8,DEM,Chika Anyiam,122
Ellis,1031-5181,"Judge, Court of Criminal Appeals",8,,Over Votes,0
Ellis,1031-5181,"Judge, Court of Criminal Appeals",8,,Under Votes,21
Ellis,1032-5184,"Judge, Court of Criminal Appeals",8,REP,Lee Finley,2518
Ellis,1032-5184,"Judge, Court of Criminal Appeals",8,DEM,Chika Anyiam,395
Ellis,1032-5184,"Judge, Court of Criminal Appeals",8,,Over Votes,0
Ellis,1032-5184,"Judge, Court of Criminal Appeals",8,,Under Votes,146
Ellis,1033,"Judge, Court of Criminal Appeals",8,REP,Lee Finley,1524
Ellis,1033,"Judge, Court of Criminal Appeals",8,DEM,Chika Anyiam,525
Ellis,1033,"Judge, Court of Criminal Appeals",8,,Over Votes,0
Ellis,1033,"Judge, Court of Criminal Appeals",8,,Under Votes,108
Ellis,1034-5195,"Judge, Court of Criminal Appeals",8,REP,Lee Finley,2281
Ellis,1034-5195,"Judge, Court of Criminal Appeals",8,DEM,Chika Anyiam,774
Ellis,1034-5195,"Judge, Court of Criminal Appeals",8,,Over Votes,0
Ellis,1034-5195,"Judge, Court of Criminal Appeals",8,,Under Votes,188
Ellis,1035-5197,"Judge, Court of Criminal Appeals",8,REP,Lee Finley,825
Ellis,1035-5197,"Judge, Court of Criminal Appeals",8,DEM,Chika Anyiam,285
Ellis,1035-5197,"Judge, Court of Criminal Appeals",8,,Over Votes,0
Ellis,1035-5197,"Judge, Court of Criminal Appeals",8,,Under Votes,80
Ellis,1036-5200,"Judge, Court of Criminal Appeals",8,REP,Lee Finley,1983
Ellis,1036-5200,"Judge, Court of Criminal Appeals",8,DEM,Chika Anyiam,902
Ellis,1036-5200,"Judge, Court of Criminal Appeals",8,,Over Votes,0
Ellis,1036-5200,"Judge, Court of Criminal Appeals",8,,Under Votes,182
Ellis,1037-5201,"Judge, Court of Criminal Appeals",8,REP,Lee Finley,1267
Ellis,1037-5201,"Judge, Court of Criminal Appeals",8,DEM,Chika Anyiam,455
Ellis,1037-5201,"Judge, Court of Criminal Appeals",8,,Over Votes,0
Ellis,1037-5201,"Judge, Court of Criminal Appeals",8,,Under Votes,100
Ellis,1038-5204,"Judge, Court of Criminal Appeals",8,REP,Lee Finley,2661
Ellis,1038-5204,"Judge, Court of Criminal Appeals",8,DEM,Chika Anyiam,1098
Ellis,1038-5204,"Judge, Court of Criminal Appeals",8,,Over Votes,0
Ellis,1038-5204,"Judge, Court of Criminal Appeals",8,,Under Votes,184
Ellis,1039-5208,"Judge, Court of Criminal Appeals",8,REP,Lee Finley,1797
Ellis,1039-5208,"Judge, Court of Criminal Appeals",8,DEM,Chika Anyiam,530
Ellis,1039-5208,"Judge, Court of Criminal Appeals",8,,Over Votes,0
Ellis,1039-5208,"Judge, Court of Criminal Appeals",8,,Under Votes,177
Ellis,1040,"Judge, Court of Criminal Appeals",8,REP,Lee Finley,303
Ellis,1040,"Judge, Court of Criminal Appeals",8,DEM,Chika Anyiam,73
Ellis,1040,"Judge, Court of Criminal Appeals",8,,Over Votes,0
Ellis,1040,"Judge, Court of Criminal Appeals",8,,Under Votes,22
Ellis,1041,"Judge, Court of Criminal Appeals",8,REP,Lee Finley,1780
Ellis,1041,"Judge, Court of Criminal Appeals",8,DEM,Chika Anyiam,540
Ellis,1041,"Judge, Court of Criminal Appeals",8,,Over Votes,0
Ellis,1041,"Judge, Court of Criminal Appeals",8,,Under Votes,107
Ellis,1042-5227,"Judge, Court of Criminal Appeals",8,REP,Lee Finley,256
Ellis,1042-5227,"Judge, Court of Criminal Appeals",8,DEM,Chika Anyiam,80
Ellis,1042-5227,"Judge, Court of Criminal Appeals",8,,Over Votes,0
Ellis,1042-5227,"Judge, Court of Criminal Appeals",8,,Under Votes,17
Ellis,1043,"Judge, Court of Criminal Appeals",8,REP,Lee Finley,2150
Ellis,1043,"Judge, Court of Criminal Appeals",8,DEM,Chika Anyiam,828
Ellis,1043,"Judge, Court of Criminal Appeals",8,,Over Votes,0
Ellis,1043,"Judge, Court of Criminal Appeals",8,,Under Votes,130
Ellis,1044-5241,"Judge, Court of Criminal Appeals",8,REP,Lee Finley,386
Ellis,1044-5241,"Judge, Court of Criminal Appeals",8,DEM,Chika Anyiam,78
Ellis,1044-5241,"Judge, Court of Criminal Appeals",8,,Over Votes,0
Ellis,1044-5241,"Judge, Court of Criminal Appeals",8,,Under Votes,25
Ellis,1045-5244,"Judge, Court of Criminal Appeals",8,REP,Lee Finley,109
Ellis,1045-5244,"Judge, Court of Criminal Appeals",8,DEM,Chika Anyiam,11
Ellis,1045-5244,"Judge, Court of Criminal Appeals",8,,Over Votes,0
Ellis,1045-5244,"Judge, Court of Criminal Appeals",8,,Under Votes,7
Ellis,1046-5245,"Judge, Court of Criminal Appeals",8,REP,Lee Finley,253
Ellis,1046-5245,"Judge, Court of Criminal Appeals",8,DEM,Chika Anyiam,124
Ellis,1046-5245,"Judge, Court of Criminal Appeals",8,,Over Votes,0
Ellis,1046-5245,"Judge, Court of Criminal Appeals",8,,Under Votes,27
Ellis,1047-5247,"Judge, Court of Criminal Appeals",8,REP,Lee Finley,193
Ellis,1047-5247,"Judge, Court of Criminal Appeals",8,DEM,Chika Anyiam,39
Ellis,1047-5247,"Judge, Court of Criminal Appeals",8,,Over Votes,0
Ellis,1047-5247,"Judge, Court of Criminal Appeals",8,,Under Votes,8
Ellis,1048,"Judge, Court of Criminal Appeals",8,REP,Lee Finley,1036
Ellis,1048,"Judge, Court of Criminal Appeals",8,DEM,Chika Anyiam,448
Ellis,1048,"Judge, Court of Criminal Appeals",8,,Over Votes,0
Ellis,1048,"Judge, Court of Criminal Appeals",8,,Under Votes,101
Ellis,1049,"Judge, Court of Criminal Appeals",8,REP,Lee Finley,351
Ellis,1049,"Judge, Court of Criminal Appeals",8,DEM,Chika Anyiam,98
Ellis,1049,"Judge, Court of Criminal Appeals",8,,Over Votes,0
Ellis,1049,"Judge, Court of Criminal Appeals",8,,Under Votes,31
Ellis,1050,"Judge, Court of Criminal Appeals",8,REP,Lee Finley,946
Ellis,1050,"Judge, Court of Criminal Appeals",8,DEM,Chika Anyiam,1401
Ellis,1050,"Judge, Court of Criminal Appeals",8,,Over Votes,0
Ellis,1050,"Judge, Court of Criminal Appeals",8,,Under Votes,134
Ellis,1051,"Judge, Court of Criminal Appeals",8,REP,Lee Finley,1182
Ellis,1051,"Judge, Court of Criminal Appeals",8,DEM,Chika Anyiam,1228
Ellis,1051,"Judge, Court of Criminal Appeals",8,,Over Votes,0
Ellis,1051,"Judge, Court of Criminal Appeals",8,,Under Votes,168
Ellis,1052,"Judge, Court of Criminal Appeals",8,REP,Lee Finley,738
Ellis,1052,"Judge, Court of Criminal Appeals",8,DEM,Chika Anyiam,1270
Ellis,1052,"Judge, Court of Criminal Appeals",8,,Over Votes,0
Ellis,1052,"Judge, Court of Criminal Appeals",8,,Under Votes,119
Ellis,1053,"Judge, Court of Criminal Appeals",8,REP,Lee Finley,880
Ellis,1053,"Judge, Court of Criminal Appeals",8,DEM,Chika Anyiam,723
Ellis,1053,"Judge, Court of Criminal Appeals",8,,Over Votes,0
Ellis,1053,"Judge, Court of Criminal Appeals",8,,Under Votes,95
Ellis,1054,"Judge, Court of Criminal Appeals",8,REP,Lee Finley,653
Ellis,1054,"Judge, Court of Criminal Appeals",8,DEM,Chika Anyiam,1820
Ellis,1054,"Judge, Court of Criminal Appeals",8,,Over Votes,0
Ellis,1054,"Judge, Court of Criminal Appeals",8,,Under Votes,110
Ellis,1055,"Judge, Court of Criminal Appeals",8,REP,Lee Finley,1635
Ellis,1055,"Judge, Court of Criminal Appeals",8,DEM,Chika Anyiam,742
Ellis,1055,"Judge, Court of Criminal Appeals",8,,Over Votes,0
Ellis,1055,"Judge, Court of Criminal Appeals",8,,Under Votes,130
Ellis,1056,"Judge, Court of Criminal Appeals",8,REP,Lee Finley,1792
Ellis,1056,"Judge, Court of Criminal Appeals",8,DEM,Chika Anyiam,482
Ellis,1056,"Judge, Court of Criminal Appeals",8,,Over Votes,0
Ellis,1056,"Judge, Court of Criminal Appeals",8,,Under Votes,124
Ellis,1057,"Judge, Court of Criminal Appeals",8,REP,Lee Finley,1808
Ellis,1057,"Judge, Court of Criminal Appeals",8,DEM,Chika Anyiam,1482
Ellis,1057,"Judge, Court of Criminal Appeals",8,,Over Votes,0
Ellis,1057,"Judge, Court of Criminal Appeals",8,,Under Votes,130
Ellis,1058,"Judge, Court of Criminal Appeals",8,REP,Lee Finley,738
Ellis,1058,"Judge, Court of Criminal Appeals",8,DEM,Chika Anyiam,517
Ellis,1058,"Judge, Court of Criminal Appeals",8,,Over Votes,0
Ellis,1058,"Judge, Court of Criminal Appeals",8,,Under Votes,74
Ellis,1059,"Judge, Court of Criminal Appeals",8,REP,Lee Finley,480
Ellis,1059,"Judge, Court of Criminal Appeals",8,DEM,Chika Anyiam,98
Ellis,1059,"Judge, Court of Criminal Appeals",8,,Over Votes,0
Ellis,1059,"Judge, Court of Criminal Appeals",8,,Under Votes,38
Ellis,1001-5001,State Representative,10,REP,Brian Harrison,705
Ellis,1001-5001,State Representative,10,,,Write-ins
Ellis,1001-5001,State Representative,10,,,Over Votes
Ellis,1001-5001,State Representative,10,,,Under Votes
Ellis,1002,State Representative,10,REP,Brian Harrison,115
Ellis,1002,State Representative,10,,,Write-ins
Ellis,1002,State Representative,10,,,Over Votes
Ellis,1002,State Representative,10,,,Under Votes
Ellis,1003-5007,State Representative,10,REP,Brian Harrison,1414
Ellis,1003-5007,State Representative,10,,,Write-ins
Ellis,1003-5007,State Representative,10,,,Over Votes
Ellis,1003-5007,State Representative,10,,,Under Votes
Ellis,1004-5011,State Representative,10,REP,Brian Harrison,91
Ellis,1004-5011,State Representative,10,,,Write-ins
Ellis,1004-5011,State Representative,10,,,Over Votes
Ellis,1004-5011,State Representative,10,,,Under Votes
Ellis,1005-5015,State Representative,10,REP,Brian Harrison,1879
Ellis,1005-5015,State Representative,10,,,Write-ins
Ellis,1005-5015,State Representative,10,,,Over Votes
Ellis,1005-5015,State Representative,10,,,Under Votes
Ellis,1006-5018,State Representative,10,REP,Brian Harrison,2227
Ellis,1006-5018,State Representative,10,,,Write-ins
Ellis,1006-5018,State Representative,10,,,Over Votes
Ellis,1006-5018,State Representative,10,,,Under Votes
Ellis,1007-5022,State Representative,10,REP,Brian Harrison,1135
Ellis,1007-5022,State Representative,10,,,Write-ins
Ellis,1007-5022,State Representative,10,,,Over Votes
Ellis,1007-5022,State Representative,10,,,Under Votes
Ellis,1008-5026,State Representative,10,REP,Brian Harrison,69
Ellis,1008-5026,State Representative,10,,,Write-ins
Ellis,1008-5026,State Representative,10,,,Over Votes
Ellis,1008-5026,State Representative,10,,,Under Votes
Ellis,1009-5029,State Representative,10,REP,Brian Harrison,1906
Ellis,1009-5029,State Representative,10,,,Write-ins
Ellis,1009-5029,State Representative,10,,,Over Votes
Ellis,1009-5029,State Representative,10,,,Under Votes
Ellis,1010,State Representative,10,REP,Brian Harrison,1001
Ellis,1010,State Representative,10,,,Write-ins
Ellis,1010,State Representative,10,,,Over Votes
Ellis,1010,State Representative,10,,,Under Votes
Ellis,1011,State Representative,10,REP,Brian Harrison,1301
Ellis,1011,State Representative,10,,,Write-ins
Ellis,1011,State Representative,10,,,Over Votes
Ellis,1011,State Representative,10,,,Under Votes
Ellis,1012,State Representative,10,REP,Brian Harrison,1439
Ellis,1012,State Representative,10,,,Write-ins
Ellis,1012,State Representative,10,,,Over Votes
Ellis,1012,State Representative,10,,,Under Votes
Ellis,1013-5076,State Representative,10,REP,Brian Harrison,961
Ellis,1013-5076,State Representative,10,,,Write-ins
Ellis,1013-5076,State Representative,10,,,Over Votes
Ellis,1013-5076,State Representative,10,,,Under Votes
Ellis,1014,State Representative,10,REP,Brian Harrison,1219
Ellis,1014,State Representative,10,,,Write-ins
Ellis,1014,State Representative,10,,,Over Votes
Ellis,1014,State Representative,10,,,Under Votes
Ellis,1015,State Representative,10,REP,Brian Harrison,1753
Ellis,1015,State Representative,10,,,Write-ins
Ellis,1015,State Representative,10,,,Over Votes
Ellis,1015,State Representative,10,,,Under Votes
Ellis,1016,State Representative,10,REP,Brian Harrison,470
Ellis,1016,State Representative,10,,,Write-ins
Ellis,1016,State Representative,10,,,Over Votes
Ellis,1016,State Representative,10,,,Under Votes
Ellis,1017-5108,State Representative,10,REP,Brian Harrison,1371
Ellis,1017-5108,State Representative,10,,,Write-ins
Ellis,1017-5108,State Representative,10,,,Over Votes
Ellis,1017-5108,State Representative,10,,,Under Votes
Ellis,1018,State Representative,10,REP,Brian Harrison,943
Ellis,1018,State Representative,10,,,Write-ins
Ellis,1018,State Representative,10,,,Over Votes
Ellis,1018,State Representative,10,,,Under Votes
Ellis,1019-5117,State Representative,10,REP,Brian Harrison,1329
Ellis,1019-5117,State Representative,10,,,Write-ins
Ellis,1019-5117,State Representative,10,,,Over Votes
Ellis,1019-5117,State Representative,10,,,Under Votes
Ellis,1020,State Representative,10,REP,Brian Harrison,1014
Ellis,1020,State Representative,10,,,Write-ins
Ellis,1020,State Representative,10,,,Over Votes
Ellis,1020,State Representative,10,,,Under Votes
Ellis,1021,State Representative,10,REP,Brian Harrison,880
Ellis,1021,State Representative,10,,,Write-ins
Ellis,1021,State Representative,10,,,Over Votes
Ellis,1021,State Representative,10,,,Under Votes
Ellis,1022,State Representative,10,REP,Brian Harrison,1602
Ellis,1022,State Representative,10,,,Write-ins
Ellis,1022,State Representative,10,,,Over Votes
Ellis,1022,State Representative,10,,,Under Votes
Ellis,1024-5159,State Representative,10,REP,Brian Harrison,1028
Ellis,1024-5159,State Representative,10,,,Write-ins
Ellis,1024-5159,State Representative,10,,,Over Votes
Ellis,1024-5159,State Representative,10,,,Under Votes
Ellis,1025-5160,State Representative,10,REP,Brian Harrison,1206
Ellis,1025-5160,State Representative,10,,,Write-ins
Ellis,1025-5160,State Representative,10,,,Over Votes
Ellis,1025-5160,State Representative,10,,,Under Votes
Ellis,1026-5161,State Representative,10,REP,Brian Harrison,1153
Ellis,1026-5161,State Representative,10,,,Write-ins
Ellis,1026-5161,State Representative,10,,,Over Votes
Ellis,1026-5161,State Representative,10,,,Under Votes
Ellis,1027,State Representative,10,REP,Brian Harrison,1660
Ellis,1027,State Representative,10,,,Write-ins
Ellis,1027,State Representative,10,,,Over Votes
Ellis,1027,State Representative,10,,,Under Votes
Ellis,1028-5168,State Representative,10,REP,Brian Harrison,1694
Ellis,1028-5168,State Representative,10,,,Write-ins
Ellis,1028-5168,State Representative,10,,,Over Votes
Ellis,1028-5168,State Representative,10,,,Under Votes
Ellis,1029,State Representative,10,REP,Brian Harrison,391
Ellis,1029,State Representative,10,,,Write-ins
Ellis,1029,State Representative,10,,,Over Votes
Ellis,1029,State Representative,10,,,Under Votes
Ellis,1030-5176,State Representative,10,REP,Brian Harrison,1040
Ellis,1030-5176,State Representative,10,,,Write-ins
Ellis,1030-5176,State Representative,10,,,Over Votes
Ellis,1030-5176,State Representative,10,,,Under Votes
Ellis,1031-5181,State Representative,10,REP,Brian Harrison,354
Ellis,1031-5181,State Representative,10,,,Write-ins
Ellis,1031-5181,State Representative,10,,,Over Votes
Ellis,1031-5181,State Representative,10,,,Under Votes
Ellis,1032-5184,State Representative,10,REP,Brian Harrison,2572
Ellis,1032-5184,State Representative,10,,,Write-ins
Ellis,1032-5184,State Representative,10,,,Over Votes
Ellis,1032-5184,State Representative,10,,,Under Votes
Ellis,1033,State Representative,10,REP,Brian Harrison,1610
Ellis,1033,State Representative,10,,,Write-ins
Ellis,1033,State Representative,10,,,Over Votes
Ellis,1033,State Representative,10,,,Under Votes
Ellis,1034-5195,State Representative,10,REP,Brian Harrison,2398
Ellis,1034-5195,State Representative,10,,,Write-ins
Ellis,1034-5195,State Representative,10,,,Over Votes
Ellis,1034-5195,State Representative,10,,,Under Votes
Ellis,1035-5197,State Representative,10,REP,Brian Harrison,879
Ellis,1035-5197,State Representative,10,,,Write-ins
Ellis,1035-5197,State Representative,10,,,Over Votes
Ellis,1035-5197,State Representative,10,,,Under Votes
Ellis,1036-5200,State Representative,10,REP,Brian Harrison,2120
Ellis,1036-5200,State Representative,10,,,Write-ins
Ellis,1036-5200,State Representative,10,,,Over Votes
Ellis,1036-5200,State Representative,10,,,Under Votes
Ellis,1037-5201,State Representative,10,REP,Brian Harrison,1335
Ellis,1037-5201,State Representative,10,,,Write-ins
Ellis,1037-5201,State Representative,10,,,Over Votes
Ellis,1037-5201,State Representative,10,,,Under Votes
Ellis,1038-5204,State Representative,10,REP,Brian Harrison,2827
Ellis,1038-5204,State Representative,10,,,Write-ins
Ellis,1038-5204,State Representative,10,,,Over Votes
Ellis,1038-5204,State Representative,10,,,Under Votes
Ellis,1039-5208,State Representative,10,REP,Brian Harrison,1860
Ellis,1039-5208,State Representative,10,,,Write-ins
Ellis,1039-5208,State Representative,10,,,Over Votes
Ellis,1039-5208,State Representative,10,,,Under Votes
Ellis,1040,State Representative,10,REP,Brian Harrison,317
Ellis,1040,State Representative,10,,,Write-ins
Ellis,1040,State Representative,10,,,Over Votes
Ellis,1040,State Representative,10,,,Under Votes
Ellis,1041,State Representative,10,REP,Brian Harrison,1841
Ellis,1041,State Representative,10,,,Write-ins
Ellis,1041,State Representative,10,,,Over Votes
Ellis,1041,State Representative,10,,,Under Votes
Ellis,1042-5227,State Representative,10,REP,Brian Harrison,262
Ellis,1042-5227,State Representative,10,,,Write-ins
Ellis,1042-5227,State Representative,10,,,Over Votes
Ellis,1042-5227,State Representative,10,,,Under Votes
Ellis,1043,State Representative,10,REP,Brian Harrison,2257
Ellis,1043,State Representative,10,,,Write-ins
Ellis,1043,State Representative,10,,,Over Votes
Ellis,1043,State Representative,10,,,Under Votes
Ellis,1044-5241,State Representative,10,REP,Brian Harrison,361
Ellis,1044-5241,State Representative,10,,,Write-ins
Ellis,1044-5241,State Representative,10,,,Over Votes
Ellis,1044-5241,State Representative,10,,,Under Votes
Ellis,1045-5244,State Representative,10,REP,Brian Harrison,96
Ellis,1045-5244,State Representative,10,,,Write-ins
Ellis,1045-5244,State Representative,10,,,Over Votes
Ellis,1045-5244,State Representative,10,,,Under Votes
Ellis,1046-5245,State Representative,10,REP,Brian Harrison,261
Ellis,1046-5245,State Representative,10,,,Write-ins
Ellis,1046-5245,State Representative,10,,,Over Votes
Ellis,1046-5245,State Representative,10,,,Under Votes
Ellis,1047-5247,State Representative,10,REP,Brian Harrison,203
Ellis,1047-5247,State Representative,10,,,Write-ins
Ellis,1047-5247,State Representative,10,,,Over Votes
Ellis,1047-5247,State Representative,10,,,Under Votes
Ellis,1048,State Representative,10,REP,Brian Harrison,1118
Ellis,1048,State Representative,10,,,Write-ins
Ellis,1048,State Representative,10,,,Over Votes
Ellis,1048,State Representative,10,,,Under Votes
Ellis,1049,State Representative,10,REP,Brian Harrison,361
Ellis,1049,State Representative,10,,,Write-ins
Ellis,1049,State Representative,10,,,Over Votes
Ellis,1049,State Representative,10,,,Under Votes
Ellis,1050,State Representative,10,REP,Brian Harrison,1217
Ellis,1050,State Representative,10,,,Write-ins
Ellis,1050,State Representative,10,,,Over Votes
Ellis,1050,State Representative,10,,,Under Votes
Ellis,1051,State Representative,10,REP,Brian Harrison,1438
Ellis,1051,State Representative,10,,,Write-ins
Ellis,1051,State Representative,10,,,Over Votes
Ellis,1051,State Representative,10,,,Under Votes
Ellis,1052,State Representative,10,REP,Brian Harrison,993
Ellis,1052,State Representative,10,,,Write-ins
Ellis,1052,State Representative,10,,,Over Votes
Ellis,1052,State Representative,10,,,Under Votes
Ellis,1053,State Representative,10,REP,Brian Harrison,980
Ellis,1053,State Representative,10,,,Write-ins
Ellis,1053,State Representative,10,,,Over Votes
Ellis,1053,State Representative,10,,,Under Votes
Ellis,1054,State Representative,10,REP,Brian Harrison,1049
Ellis,1054,State Representative,10,,,Write-ins
Ellis,1054,State Representative,10,,,Over Votes
Ellis,1054,State Representative,10,,,Under Votes
Ellis,1055,State Representative,10,REP,Brian Harrison,1741
Ellis,1055,State Representative,10,,,Write-ins
Ellis,1055,State Representative,10,,,Over Votes
Ellis,1055,State Representative,10,,,Under Votes
Ellis,1056,State Representative,10,REP,Brian Harrison,1868
Ellis,1056,State Representative,10,,,Write-ins
Ellis,1056,State Representative,10,,,Over Votes
Ellis,1056,State Representative,10,,,Under Votes
Ellis,1057,State Representative,10,REP,Brian Harrison,2068
Ellis,1057,State Representative,10,,,Write-ins
Ellis,1057,State Representative,10,,,Over Votes
Ellis,1057,State Representative,10,,,Under Votes
Ellis,1058,State Representative,10,REP,Brian Harrison,828
Ellis,1058,State Representative,10,,,Write-ins
Ellis,1058,State Representative,10,,,Over Votes
Ellis,1058,State Representative,10,,,Under Votes
Ellis,1059,State Representative,10,REP,Brian Harrison,496
Ellis,1059,State Representative,10,,,Write-ins
Ellis,1059,State Representative,10,,,Over Votes
Ellis,1059,State Representative,10,,,Under Votes
Ellis,1001-5001,"Chief Justice, Court of Appeals",10,REP,Matt Johnson,704
Ellis,1001-5001,"Chief Justice, Court of Appeals",10,,Over Votes,0
Ellis,1001-5001,"Chief Justice, Court of Appeals",10,,Under Votes,823
Ellis,1001-5001,District Judge,378,REP,"William ""Doug"" Wallace",702
Ellis,1001-5001,District Judge,378,,Over Votes,0
Ellis,1001-5001,District Judge,378,,Under Votes,825
Ellis,1002,"Chief Justice, Court of Appeals",10,REP,Matt Johnson,115
Ellis,1002,"Chief Justice, Court of Appeals",10,,Over Votes,0
Ellis,1002,"Chief Justice, Court of Appeals",10,,Under Votes,31
Ellis,1002,District Judge,378,REP,"William ""Doug"" Wallace",113
Ellis,1002,District Judge,378,,Over Votes,0
Ellis,1002,District Judge,378,,Under Votes,33
Ellis,1003-5007,"Chief Justice, Court of Appeals",10,REP,Matt Johnson,1421
Ellis,1003-5007,"Chief Justice, Court of Appeals",10,,Over Votes,0
Ellis,1003-5007,"Chief Justice, Court of Appeals",10,,Under Votes,790
Ellis,1003-5007,District Judge,378,REP,"William ""Doug"" Wallace",1419
Ellis,1003-5007,District Judge,378,,Over Votes,0
Ellis,1003-5007,District Judge,378,,Under Votes,792
Ellis,1004-5011,"Chief Justice, Court of Appeals",10,REP,Matt Johnson,91
Ellis,1004-5011,"Chief Justice, Court of Appeals",10,,Over Votes,0
Ellis,1004-5011,"Chief Justice, Court of Appeals",10,,Under Votes,62
Ellis,1004-5011,District Judge,378,REP,"William ""Doug"" Wallace",91
Ellis,1004-5011,District Judge,378,,Over Votes,0
Ellis,1004-5011,District Judge,378,,Under Votes,62
Ellis,1005-5015,"Chief Justice, Court of Appeals",10,REP,Matt Johnson,1942
Ellis,1005-5015,"Chief Justice, Court of Appeals",10,,Over Votes,0
Ellis,1005-5015,"Chief Justice, Court of Appeals",10,,Under Votes,903
Ellis,1005-5015,District Judge,378,REP,"William ""Doug"" Wallace",1941
Ellis,1005-5015,District Judge,378,,Over Votes,0
Ellis,1005-5015,District Judge,378,,Under Votes,904
Ellis,1006-5018,"Chief Justice, Court of Appeals",10,REP,Matt Johnson,2249
Ellis,1006-5018,"Chief Justice, Court of Appeals",10,,Over Votes,0
Ellis,1006-5018,"Chief Justice, Court of Appeals",10,,Under Votes,1346
Ellis,1006-5018,District Judge,378,REP,"William ""Doug"" Wallace",2245
Ellis,1006-5018,District Judge,378,,Over Votes,0
Ellis,1006-5018,District Judge,378,,Under Votes,1350
Ellis,1007-5022,"Chief Justice, Court of Appeals",10,REP,Matt Johnson,1131
Ellis,1007-5022,"Chief Justice, Court of Appeals",10,,Over Votes,0
Ellis,1007-5022,"Chief Justice, Court of Appeals",10,,Under Votes,403
Ellis,1007-5022,District Judge,378,REP,"William ""Doug"" Wallace",1134
Ellis,1007-5022,District Judge,378,,Over Votes,0
Ellis,1007-5022,District Judge,378,,Under Votes,400
Ellis,1008-5026,"Chief Justice, Court of Appeals",10,REP,Matt Johnson,70
Ellis,1008-5026,"Chief Justice, Court of Appeals",10,,Over Votes,0
Ellis,1008-5026,"Chief Justice, Court of Appeals",10,,Under Votes,45
Ellis,1008-5026,District Judge,378,REP,"William ""Doug"" Wallace",70
Ellis,1008-5026,District Judge,378,,Over Votes,0
Ellis,1008-5026,District Judge,378,,Under Votes,45
Ellis,1009-5029,"Chief Justice, Court of Appeals",10,REP,Matt Johnson,1903
Ellis,1009-5029,"Chief Justice, Court of Appeals",10,,Over Votes,0
Ellis,1009-5029,"Chief Justice, Court of Appeals",10,,Under Votes,551
Ellis,1009-5029,District Judge,378,REP,"William ""Doug"" Wallace",1899
Ellis,1009-5029,District Judge,378,,Over Votes,0
Ellis,1009-5029,District Judge,378,,Under Votes,555
Ellis,1010,"Chief Justice, Court of Appeals",10,REP,Matt Johnson,996
Ellis,1010,"Chief Justice, Court of Appeals",10,,Over Votes,0
Ellis,1010,"Chief Justice, Court of Appeals",10,,Under Votes,395
Ellis,1010,District Judge,378,REP,"William ""Doug"" Wallace",988
Ellis,1010,District Judge,378,,Over Votes,0
Ellis,1010,District Judge,378,,Under Votes,403
Ellis,1011,"Chief Justice, Court of Appeals",10,REP,Matt Johnson,1301
Ellis,1011,"Chief Justice, Court of Appeals",10,,Over Votes,0
Ellis,1011,"Chief Justice, Court of Appeals",10,,Under Votes,595
Ellis,1011,District Judge,378,REP,"William ""Doug"" Wallace",1304
Ellis,1011,District Judge,378,,Over Votes,0
Ellis,1011,District Judge,378,,Under Votes,592
Ellis,1012,"Chief Justice, Court of Appeals",10,REP,Matt Johnson,1434
Ellis,1012,"Chief Justice, Court of Appeals",10,,Over Votes,0
Ellis,1012,"Chief Justice, Court of Appeals",10,,Under Votes,960
Ellis,1012,District Judge,378,REP,"William ""Doug"" Wallace",1426
Ellis,1012,District Judge,378,,Over Votes,0
Ellis,1012,District Judge,378,,Under Votes,968
Ellis,1013-5076,"Chief Justice, Court of Appeals",10,REP,Matt Johnson,966
Ellis,1013-5076,"Chief Justice, Court of Appeals",10,,Over Votes,0
Ellis,1013-5076,"Chief Justice, Court of Appeals",10,,Under Votes,406
Ellis,1013-5076,District Judge,378,REP,"William ""Doug"" Wallace",947
Ellis,1013-5076,District Judge,378,,Over Votes,0
Ellis,1013-5076,District Judge,378,,Under Votes,425
Ellis,1014,"Chief Justice, Court of Appeals",10,REP,Matt Johnson,1217
Ellis,1014,"Chief Justice, Court of Appeals",10,,Over Votes,0
Ellis,1014,"Chief Justice, Court of Appeals",10,,Under Votes,257
Ellis,1014,District Judge,378,REP,"William ""Doug"" Wallace",1204
Ellis,1014,District Judge,378,,Over Votes,0
Ellis,1014,District Judge,378,,Under Votes,270
Ellis,1015,"Chief Justice, Court of Appeals",10,REP,Matt Johnson,1739
Ellis,1015,"Chief Justice, Court of Appeals",10,,Over Votes,0
Ellis,1015,"Chief Justice, Court of Appeals",10,,Under Votes,598
Ellis,1015,District Judge,378,REP,"William ""Doug"" Wallace",1731
Ellis,1015,District Judge,378,,Over Votes,0
Ellis,1015,District Judge,378,,Under Votes,606
Ellis,1016,"Chief Justice, Court of Appeals",10,REP,Matt Johnson,463
Ellis,1016,"Chief Justice, Court of Appeals",10,,Over Votes,0
Ellis,1016,"Chief Justice, Court of Appeals",10,,Under Votes,399
Ellis,1016,District Judge,378,REP,"William ""Doug"" Wallace",469
Ellis,1016,District Judge,378,,Over Votes,0
Ellis,1016,District Judge,378,,Under Votes,393
Ellis,1017-5108,"Chief Justice, Court of Appeals",10,REP,Matt Johnson,1372
Ellis,1017-5108,"Chief Justice, Court of Appeals",10,,Over Votes,0
Ellis,1017-5108,"Chief Justice, Court of Appeals",10,,Under Votes,500
Ellis,1017-5108,District Judge,378,REP,"William ""Doug"" Wallace",1367
Ellis,1017-5108,District Judge,378,,Over Votes,0
Ellis,1017-5108,District Judge,378,,Under Votes,505
Ellis,1018,"Chief Justice, Court of Appeals",10,REP,Matt Johnson,940
Ellis,1018,"Chief Justice, Court of Appeals",10,,Over Votes,0
Ellis,1018,"Chief Justice, Court of Appeals",10,,Under Votes,630
Ellis,1018,District Judge,378,REP,"William ""Doug"" Wallace",929
Ellis,1018,District Judge,378,,Over Votes,0
Ellis,1018,District Judge,378,,Under Votes,641
Ellis,1019-5117,"Chief Justice, Court of Appeals",10,REP,Matt Johnson,1344
Ellis,1019-5117,"Chief Justice, Court of Appeals",10,,Over Votes,0
Ellis,1019-5117,"Chief Justice, Court of Appeals",10,,Under Votes,399
Ellis,1019-5117,District Judge,378,REP,"William ""Doug"" Wallace",1326
Ellis,1019-5117,District Judge,378,,Over Votes,0
Ellis,1019-5117,District Judge,378,,Under Votes,417
Ellis,1020,"Chief Justice, Court of Appeals",10,REP,Matt Johnson,1010
Ellis,1020,"Chief Justice, Court of Appeals",10,,Over Votes,0
Ellis,1020,"Chief Justice, Court of Appeals",10,,Under Votes,299
Ellis,1020,District Judge,378,REP,"William ""Doug"" Wallace",1002
Ellis,1020,District Judge,378,,Over Votes,0
Ellis,1020,District Judge,378,,Under Votes,307
Ellis,1021,"Chief Justice, Court of Appeals",10,REP,Matt Johnson,876
Ellis,1021,"Chief Justice, Court of Appeals",10,,Over Votes,0
Ellis,1021,"Chief Justice, Court of Appeals",10,,Under Votes,211
Ellis,1021,District Judge,378,REP,"William ""Doug"" Wallace",879
Ellis,1021,District Judge,378,,Over Votes,0
Ellis,1021,District Judge,378,,Under Votes,208
Ellis,1022,"Chief Justice, Court of Appeals",10,REP,Matt Johnson,1626
Ellis,1022,"Chief Justice, Court of Appeals",10,,Over Votes,0
Ellis,1022,"Chief Justice, Court of Appeals",10,,Under Votes,642
Ellis,1022,District Judge,378,REP,"William ""Doug"" Wallace",1620
Ellis,1022,District Judge,378,,Over Votes,0
Ellis,1022,District Judge,378,,Under Votes,648
Ellis,1024-5159,"Chief Justice, Court of Appeals",10,REP,Matt Johnson,1036
Ellis,1024-5159,"Chief Justice, Court of Appeals",10,,Over Votes,0
Ellis,1024-5159,"Chief Justice, Court of Appeals",10,,Under Votes,447
Ellis,1024-5159,District Judge,378,REP,"William ""Doug"" Wallace",1039
Ellis,1024-5159,District Judge,378,,Over Votes,0
Ellis,1024-5159,District Judge,378,,Under Votes,444
Ellis,1025-5160,"Chief Justice, Court of Appeals",10,REP,Matt Johnson,1228
Ellis,1025-5160,"Chief Justice, Court of Appeals",10,,Over Votes,0
Ellis,1025-5160,"Chief Justice, Court of Appeals",10,,Under Votes,541
Ellis,1025-5160,District Judge,378,REP,"William ""Doug"" Wallace",1229
Ellis,1025-5160,District Judge,378,,Over Votes,0
Ellis,1025-5160,District Judge,378,,Under Votes,540
Ellis,1026-5161,"Chief Justice, Court of Appeals",10,REP,Matt Johnson,1167
Ellis,1026-5161,"Chief Justice, Court of Appeals",10,,Over Votes,0
Ellis,1026-5161,"Chief Justice, Court of Appeals",10,,Under Votes,507
Ellis,1026-5161,District Judge,378,REP,"William ""Doug"" Wallace",1182
Ellis,1026-5161,District Judge,378,,Over Votes,0
Ellis,1026-5161,District Judge,378,,Under Votes,492
Ellis,1027,"Chief Justice, Court of Appeals",10,REP,Matt Johnson,1677
Ellis,1027,"Chief Justice, Court of Appeals",10,,Over Votes,0
Ellis,1027,"Chief Justice, Court of Appeals",10,,Under Votes,575
Ellis,1027,District Judge,378,REP,"William ""Doug"" Wallace",1663
Ellis,1027,District Judge,378,,Over Votes,0
Ellis,1027,District Judge,378,,Under Votes,589
Ellis,1028-5168,"Chief Justice, Court of Appeals",10,REP,Matt Johnson,1707
Ellis,1028-5168,"Chief Justice, Court of Appeals",10,,Over Votes,0
Ellis,1028-5168,"Chief Justice, Court of Appeals",10,,Under Votes,456
Ellis,1028-5168,District Judge,378,REP,"William ""Doug"" Wallace",1713
Ellis,1028-5168,District Judge,378,,Over Votes,0
Ellis,1028-5168,District Judge,378,,Under Votes,450
Ellis,1029,"Chief Justice, Court of Appeals",10,REP,Matt Johnson,384
Ellis,1029,"Chief Justice, Court of Appeals",10,,Over Votes,0
Ellis,1029,"Chief Justice, Court of Appeals",10,,Under Votes,111
Ellis,1029,District Judge,378,REP,"William ""Doug"" Wallace",381
Ellis,1029,District Judge,378,,Over Votes,0
Ellis,1029,District Judge,378,,Under Votes,114
Ellis,1030-5176,"Chief Justice, Court of Appeals",10,REP,Matt Johnson,1037
Ellis,1030-5176,"Chief Justice, Court of Appeals",10,,Over Votes,0
Ellis,1030-5176,"Chief Justice, Court of Appeals",10,,Under Votes,344
Ellis,1030-5176,District Judge,378,REP,"William ""Doug"" Wallace",1033
Ellis,1030-5176,District Judge,378,,Over Votes,0
Ellis,1030-5176,District Judge,378,,Under Votes,348
Ellis,1031-5181,"Chief Justice, Court of Appeals",10,REP,Matt Johnson,352
Ellis,1031-5181,"Chief Justice, Court of Appeals",10,,Over Votes,0
Ellis,1031-5181,"Chief Justice, Court of Appeals",10,,Under Votes,138
Ellis,1031-5181,District Judge,378,REP,"William ""Doug"" Wallace",347
Ellis,1031-5181,District Judge,378,,Over Votes,0
Ellis,1031-5181,District Judge,378,,Under Votes,143
Ellis,1032-5184,"Chief Justice, Court of Appeals",10,REP,Matt Johnson,2586
Ellis,1032-5184,"Chief Justice, Court of Appeals",10,,Over Votes,0
Ellis,1032-5184,"Chief Justice, Court of Appeals",10,,Under Votes,473
Ellis,1032-5184,District Judge,378,REP,"William ""Doug"" Wallace",2595
Ellis,1032-5184,District Judge,378,,Over Votes,0
Ellis,1032-5184,District Judge,378,,Under Votes,464
Ellis,1033,"Chief Justice, Court of Appeals",10,REP,Matt Johnson,1608
Ellis,1033,"Chief Justice, Court of Appeals",10,,Over Votes,0
Ellis,1033,"Chief Justice, Court of Appeals",10,,Under Votes,549
Ellis,1033,District Judge,378,REP,"William ""Doug"" Wallace",1605
Ellis,1033,District Judge,378,,Over Votes,0
Ellis,1033,District Judge,378,,Under Votes,552
Ellis,1034-5195,"Chief Justice, Court of Appeals",10,REP,Matt Johnson,2414
Ellis,1034-5195,"Chief Justice, Court of Appeals",10,,Over Votes,0
Ellis,1034-5195,"Chief Justice, Court of Appeals",10,,Under Votes,829
Ellis,1034-5195,District Judge,378,REP,"William ""Doug"" Wallace",2403
Ellis,1034-5195,District Judge,378,,Over Votes,0
Ellis,1034-5195,District Judge,378,,Under Votes,840
Ellis,1035-5197,"Chief Justice, Court of Appeals",10,REP,Matt Johnson,877
Ellis,1035-5197,"Chief Justice, Court of Appeals",10,,Over Votes,0
Ellis,1035-5197,"Chief Justice, Court of Appeals",10,,Under Votes,313
Ellis,1035-5197,District Judge,378,REP,"William ""Doug"" Wallace",876
Ellis,1035-5197,District Judge,378,,Over Votes,0
Ellis,1035-5197,District Judge,378,,Under Votes,314
Ellis,1036-5200,"Chief Justice, Court of Appeals",10,REP,Matt Johnson,2139
Ellis,1036-5200,"Chief Justice, Court of Appeals",10,,Over Votes,0
Ellis,1036-5200,"Chief Justice, Court of Appeals",10,,Under Votes,928
Ellis,1036-5200,District Judge,378,REP,"William ""Doug"" Wallace",2133
Ellis,1036-5200,District Judge,378,,Over Votes,0
Ellis,1036-5200,District Judge,378,,Under Votes,934
Ellis,1037-5201,"Chief Justice, Court of Appeals",10,REP,Matt Johnson,1351
Ellis,1037-5201,"Chief Justice, Court of Appeals",10,,Over Votes,0
Ellis,1037-5201,"Chief Justice, Court of Appeals",10,,Under Votes,471
Ellis,1037-5201,District Judge,378,REP,"William ""Doug"" Wallace",1349
Ellis,1037-5201,District Judge,378,,Over Votes,0
Ellis,1037-5201,District Judge,378,,Under Votes,473
Ellis,1038-5204,"Chief Justice, Court of Appeals",10,REP,Matt Johnson,2866
Ellis,1038-5204,"Chief Justice, Court of Appeals",10,,Over Votes,0
Ellis,1038-5204,"Chief Justice, Court of Appeals",10,,Under Votes,1077
Ellis,1038-5204,District Judge,378,REP,"William ""Doug"" Wallace",2860
Ellis,1038-5204,District Judge,378,,Over Votes,0
Ellis,1038-5204,District Judge,378,,Under Votes,1083
Ellis,1039-5208,"Chief Justice, Court of Appeals",10,REP,Matt Johnson,1863
Ellis,1039-5208,"Chief Justice, Court of Appeals",10,,Over Votes,0
Ellis,1039-5208,"Chief Justice, Court of Appeals",10,,Under Votes,641
Ellis,1039-5208,District Judge,378,REP,"William ""Doug"" Wallace",1854
Ellis,1039-5208,District Judge,378,,Over Votes,0
Ellis,1039-5208,District Judge,378,,Under Votes,650
Ellis,1040,"Chief Justice, Court of Appeals",10,REP,Matt Johnson,317
Ellis,1040,"Chief Justice, Court of Appeals",10,,Over Votes,0
Ellis,1040,"Chief Justice, Court of Appeals",10,,Under Votes,81
Ellis,1040,District Judge,378,REP,"William ""Doug"" Wallace",315
Ellis,1040,District Judge,378,,Over Votes,0
Ellis,1040,District Judge,378,,Under Votes,83
Ellis,1041,"Chief Justice, Court of Appeals",10,REP,Matt Johnson,1865
Ellis,1041,"Chief Justice, Court of Appeals",10,,Over Votes,0
Ellis,1041,"Chief Justice, Court of Appeals",10,,Under Votes,562
Ellis,1041,District Judge,378,REP,"William ""Doug"" Wallace",1860
Ellis,1041,District Judge,378,,Over Votes,0
Ellis,1041,District Judge,378,,Under Votes,567
Ellis,1042-5227,"Chief Justice, Court of Appeals",10,REP,Matt Johnson,271
Ellis,1042-5227,"Chief Justice, Court of Appeals",10,,Over Votes,0
Ellis,1042-5227,"Chief Justice, Court of Appeals",10,,Under Votes,82
Ellis,1042-5227,District Judge,378,REP,"William ""Doug"" Wallace",278
Ellis,1042-5227,District Judge,378,,Over Votes,0
Ellis,1042-5227,District Judge,378,,Under Votes,75
Ellis,1043,"Chief Justice, Court of Appeals",10,REP,Matt Johnson,2259
Ellis,1043,"Chief Justice, Court of Appeals",10,,Over Votes,0
Ellis,1043,"Chief Justice, Court of Appeals",10,,Under Votes,849
Ellis,1043,District Judge,378,REP,"William ""Doug"" Wallace",2250
Ellis,1043,District Judge,378,,Over Votes,0
Ellis,1043,District Judge,378,,Under Votes,858
Ellis,1044-5241,"Chief Justice, Court of Appeals",10,REP,Matt Johnson,379
Ellis,1044-5241,"Chief Justice, Court of Appeals",10,,Over Votes,0
Ellis,1044-5241,"Chief Justice, Court of Appeals",10,,Under Votes,110
Ellis,1044-5241,District Judge,378,REP,"William ""Doug"" Wallace",379
Ellis,1044-5241,District Judge,378,,Over Votes,0
Ellis,1044-5241,District Judge,378,,Under Votes,110
Ellis,1045-5244,"Chief Justice, Court of Appeals",10,REP,Matt Johnson,105
Ellis,1045-5244,"Chief Justice, Court of Appeals",10,,Over Votes,0
Ellis,1045-5244,"Chief Justice, Court of Appeals",10,,Under Votes,22
Ellis,1045-5244,District Judge,378,REP,"William ""Doug"" Wallace",110
Ellis,1045-5244,District Judge,378,,Over Votes,0
Ellis,1045-5244,District Judge,378,,Under Votes,17
Ellis,1046-5245,"Chief Justice, Court of Appeals",10,REP,Matt Johnson,283
Ellis,1046-5245,"Chief Justice, Court of Appeals",10,,Over Votes,0
Ellis,1046-5245,"Chief Justice, Court of Appeals",10,,Under Votes,121
Ellis,1046-5245,District Judge,378,REP,"William ""Doug"" Wallace",279
Ellis,1046-5245,District Judge,378,,Over Votes,0
Ellis,1046-5245,District Judge,378,,Under Votes,125
Ellis,1047-5247,"Chief Justice, Court of Appeals",10,REP,Matt Johnson,200
Ellis,1047-5247,"Chief Justice, Court of Appeals",10,,Over Votes,0
Ellis,1047-5247,"Chief Justice, Court of Appeals",10,,Under Votes,40
Ellis,1047-5247,District Judge,378,REP,"William ""Doug"" Wallace",199
Ellis,1047-5247,District Judge,378,,Over Votes,0
Ellis,1047-5247,District Judge,378,,Under Votes,41
Ellis,1048,"Chief Justice, Court of Appeals",10,REP,Matt Johnson,1120
Ellis,1048,"Chief Justice, Court of Appeals",10,,Over Votes,0
Ellis,1048,"Chief Justice, Court of Appeals",10,,Under Votes,465
Ellis,1048,District Judge,378,REP,"William ""Doug"" Wallace",1127
Ellis,1048,District Judge,378,,Over Votes,0
Ellis,1048,District Judge,378,,Under Votes,458
Ellis,1049,"Chief Justice, Court of Appeals",10,REP,Matt Johnson,365
Ellis,1049,"Chief Justice, Court of Appeals",10,,Over Votes,0
Ellis,1049,"Chief Justice, Court of Appeals",10,,Under Votes,115
Ellis,1049,District Judge,378,REP,"William ""Doug"" Wallace",363
Ellis,1049,District Judge,378,,Over Votes,0
Ellis,1049,District Judge,378,,Under Votes,117
Ellis,1050,"Chief Justice, Court of Appeals",10,REP,Matt Johnson,1210
Ellis,1050,"Chief Justice, Court of Appeals",10,,Over Votes,0
Ellis,1050,"Chief Justice, Court of Appeals",10,,Under Votes,1271
Ellis,1050,District Judge,378,REP,"William ""Doug"" Wallace",1203
Ellis,1050,District Judge,378,,Over Votes,0
Ellis,1050,District Judge,378,,Under Votes,1278
Ellis,1051,"Chief Justice, Court of Appeals",10,REP,Matt Johnson,1442
Ellis,1051,"Chief Justice, Court of Appeals",10,,Over Votes,0
Ellis,1051,"Chief Justice, Court of Appeals",10,,Under Votes,1136
Ellis,1051,District Judge,378,REP,"William ""Doug"" Wallace",1431
Ellis,1051,District Judge,378,,Over Votes,0
Ellis,1051,District Judge,378,,Under Votes,1147
Ellis,1052,"Chief Justice, Court of Appeals",10,REP,Matt Johnson,995
Ellis,1052,"Chief Justice, Court of Appeals",10,,Over Votes,0
Ellis,1052,"Chief Justice, Court of Appeals",10,,Under Votes,1132
Ellis,1052,District Judge,378,REP,"William ""Doug"" Wallace",986
Ellis,1052,District Judge,378,,Over Votes,0
Ellis,1052,District Judge,378,,Under Votes,1141
Ellis,1053,"Chief Justice, Court of Appeals",10,REP,Matt Johnson,996
Ellis,1053,"Chief Justice, Court of Appeals",10,,Over Votes,0
Ellis,1053,"Chief Justice, Court of Appeals",10,,Under Votes,702
Ellis,1053,District Judge,378,REP,"William ""Doug"" Wallace",990
Ellis,1053,District Judge,378,,Over Votes,0
Ellis,1053,District Judge,378,,Under Votes,708
Ellis,1054,"Chief Justice, Court of Appeals",10,REP,Matt Johnson,1040
Ellis,1054,"Chief Justice, Court of Appeals",10,,Over Votes,0
Ellis,1054,"Chief Justice, Court of Appeals",10,,Under Votes,1543
Ellis,1054,District Judge,378,REP,"William ""Doug"" Wallace",1044
Ellis,1054,District Judge,378,,Over Votes,0
Ellis,1054,District Judge,378,,Under Votes,1539
Ellis,1055,"Chief Justice, Court of Appeals",10,REP,Matt Johnson,1762
Ellis,1055,"Chief Justice, Court of Appeals",10,,Over Votes,0
Ellis,1055,"Chief Justice, Court of Appeals",10,,Under Votes,745
Ellis,1055,District Judge,378,REP,"William ""Doug"" Wallace",1748
Ellis,1055,District Judge,378,,Over Votes,0
Ellis,1055,District Judge,378,,Under Votes,759
Ellis,1056,"Chief Justice, Court of Appeals",10,REP,Matt Johnson,1893
Ellis,1056,"Chief Justice, Court of Appeals",10,,Over Votes,0
Ellis,1056,"Chief Justice, Court of Appeals",10,,Under Votes,505
Ellis,1056,District Judge,378,REP,"William ""Doug"" Wallace",1875
Ellis,1056,District Judge,378,,Over Votes,0
Ellis,1056,District Judge,378,,Under Votes,523
Ellis,1057,"Chief Justice, Court of Appeals",10,REP,Matt Johnson,2071
Ellis,1057,"Chief Justice, Court of Appeals",10,,Over Votes,0
Ellis,1057,"Chief Justice, Court of Appeals",10,,Under Votes,1349
Ellis,1057,District Judge,378,REP,"William ""Doug"" Wallace",2062
Ellis,1057,District Judge,378,,Over Votes,0
Ellis,1057,District Judge,378,,Under Votes,1358
Ellis,1058,"Chief Justice, Court of Appeals",10,REP,Matt Johnson,834
Ellis,1058,"Chief Justice, Court of Appeals",10,,Over Votes,0
Ellis,1058,"Chief Justice, Court of Appeals",10,,Under Votes,495
Ellis,1058,District Judge,378,REP,"William ""Doug"" Wallace",833
Ellis,1058,District Judge,378,,Over Votes,0
Ellis,1058,District Judge,378,,Under Votes,496
Ellis,1059,"Chief Justice, Court of Appeals",10,REP,Matt Johnson,501
Ellis,1059,"Chief Justice, Court of Appeals",10,,Over Votes,0
Ellis,1059,"Chief Justice, Court of Appeals",10,,Under Votes,115
Ellis,1059,District Judge,378,REP,"William ""Doug"" Wallace",501
Ellis,1059,District Judge,378,,Over Votes,0
Ellis,1059,District Judge,378,,Under Votes,115
Ellis,1001-5001,District Judge,443,REP,Grace Pandithurai,703
Ellis,1001-5001,District Judge,443,,Over Votes,0
Ellis,1001-5001,District Judge,443,,Under Votes,824
Ellis,1001-5001,"Judge, County Court at Law",3,REP,"Joseph R. ""Joe"" Gallo",703
Ellis,1001-5001,"Judge, County Court at Law",3,,Over Votes,0
Ellis,1001-5001,"Judge, County Court at Law",3,,Under Votes,824
Ellis,1002,District Judge,443,REP,Grace Pandithurai,115
Ellis,1002,District Judge,443,,Over Votes,0
Ellis,1002,District Judge,443,,Under Votes,31
Ellis,1002,"Judge, County Court at Law",3,REP,"Joseph R. ""Joe"" Gallo",117
Ellis,1002,"Judge, County Court at Law",3,,Over Votes,0
Ellis,1002,"Judge, County Court at Law",3,,Under Votes,29
Ellis,1003-5007,District Judge,443,REP,Grace Pandithurai,1423
Ellis,1003-5007,District Judge,443,,Over Votes,0
Ellis,1003-5007,District Judge,443,,Under Votes,788
Ellis,1003-5007,"Judge, County Court at Law",3,REP,"Joseph R. ""Joe"" Gallo",1423
Ellis,1003-5007,"Judge, County Court at Law",3,,Over Votes,0
Ellis,1003-5007,"Judge, County Court at Law",3,,Under Votes,788
Ellis,1004-5011,District Judge,443,REP,Grace Pandithurai,93
Ellis,1004-5011,District Judge,443,,Over Votes,0
Ellis,1004-5011,District Judge,443,,Under Votes,60
Ellis,1004-5011,"Judge, County Court at Law",3,REP,"Joseph R. ""Joe"" Gallo",92
Ellis,1004-5011,"Judge, County Court at Law",3,,Over Votes,0
Ellis,1004-5011,"Judge, County Court at Law",3,,Under Votes,61
Ellis,1005-5015,District Judge,443,REP,Grace Pandithurai,1946
Ellis,1005-5015,District Judge,443,,Over Votes,0
Ellis,1005-5015,District Judge,443,,Under Votes,899
Ellis,1005-5015,"Judge, County Court at Law",3,REP,"Joseph R. ""Joe"" Gallo",1949
Ellis,1005-5015,"Judge, County Court at Law",3,,Over Votes,0
Ellis,1005-5015,"Judge, County Court at Law",3,,Under Votes,896
Ellis,1006-5018,District Judge,443,REP,Grace Pandithurai,2253
Ellis,1006-5018,District Judge,443,,Over Votes,0
Ellis,1006-5018,District Judge,443,,Under Votes,1342
Ellis,1006-5018,"Judge, County Court at Law",3,REP,"Joseph R. ""Joe"" Gallo",2251
Ellis,1006-5018,"Judge, County Court at Law",3,,Over Votes,0
Ellis,1006-5018,"Judge, County Court at Law",3,,Under Votes,1344
Ellis,1007-5022,District Judge,443,REP,Grace Pandithurai,1134
Ellis,1007-5022,District Judge,443,,Over Votes,0
Ellis,1007-5022,District Judge,443,,Under Votes,400
Ellis,1007-5022,"Judge, County Court at Law",3,REP,"Joseph R. ""Joe"" Gallo",1154
Ellis,1007-5022,"Judge, County Court at Law",3,,Over Votes,0
Ellis,1007-5022,"Judge, County Court at Law",3,,Under Votes,380
Ellis,1008-5026,District Judge,443,REP,Grace Pandithurai,65
Ellis,1008-5026,District Judge,443,,Over Votes,0
Ellis,1008-5026,District Judge,443,,Under Votes,50
Ellis,1008-5026,"Judge, County Court at Law",3,REP,"Joseph R. ""Joe"" Gallo",70
Ellis,1008-5026,"Judge, County Court at Law",3,,Over Votes,0
Ellis,1008-5026,"Judge, County Court at Law",3,,Under Votes,45
Ellis,1009-5029,District Judge,443,REP,Grace Pandithurai,1902
Ellis,1009-5029,District Judge,443,,Over Votes,0
Ellis,1009-5029,District Judge,443,,Under Votes,552
Ellis,1009-5029,"Judge, County Court at Law",3,REP,"Joseph R. ""Joe"" Gallo",1935
Ellis,1009-5029,"Judge, County Court at Law",3,,Over Votes,0
Ellis,1009-5029,"Judge, County Court at Law",3,,Under Votes,519
Ellis,1010,District Judge,443,REP,Grace Pandithurai,996
Ellis,1010,District Judge,443,,Over Votes,0
Ellis,1010,District Judge,443,,Under Votes,395
Ellis,1010,"Judge, County Court at Law",3,REP,"Joseph R. ""Joe"" Gallo",1007
Ellis,1010,"Judge, County Court at Law",3,,Over Votes,0
Ellis,1010,"Judge, County Court at Law",3,,Under Votes,384
Ellis,1011,District Judge,443,REP,Grace Pandithurai,1289
Ellis,1011,District Judge,443,,Over Votes,0
Ellis,1011,District Judge,443,,Under Votes,607
Ellis,1011,"Judge, County Court at Law",3,REP,"Joseph R. ""Joe"" Gallo",1308
Ellis,1011,"Judge, County Court at Law",3,,Over Votes,0
Ellis,1011,"Judge, County Court at Law",3,,Under Votes,588
Ellis,1012,District Judge,443,REP,Grace Pandithurai,1412
Ellis,1012,District Judge,443,,Over Votes,0
Ellis,1012,District Judge,443,,Under Votes,982
Ellis,1012,"Judge, County Court at Law",3,REP,"Joseph R. ""Joe"" Gallo",1427
Ellis,1012,"Judge, County Court at Law",3,,Over Votes,0
Ellis,1012,"Judge, County Court at Law",3,,Under Votes,967
Ellis,1013-5076,District Judge,443,REP,Grace Pandithurai,946
Ellis,1013-5076,District Judge,443,,Over Votes,0
Ellis,1013-5076,District Judge,443,,Under Votes,426
Ellis,1013-5076,"Judge, County Court at Law",3,REP,"Joseph R. ""Joe"" Gallo",966
Ellis,1013-5076,"Judge, County Court at Law",3,,Over Votes,0
Ellis,1013-5076,"Judge, County Court at Law",3,,Under Votes,406
Ellis,1014,District Judge,443,REP,Grace Pandithurai,1201
Ellis,1014,District Judge,443,,Over Votes,0
Ellis,1014,District Judge,443,,Under Votes,273
Ellis,1014,"Judge, County Court at Law",3,REP,"Joseph R. ""Joe"" Gallo",1205
Ellis,1014,"Judge, County Court at Law",3,,Over Votes,0
Ellis,1014,"Judge, County Court at Law",3,,Under Votes,269
Ellis,1015,District Judge,443,REP,Grace Pandithurai,1720
Ellis,1015,District Judge,443,,Over Votes,0
Ellis,1015,District Judge,443,,Under Votes,617
Ellis,1015,"Judge, County Court at Law",3,REP,"Joseph R. ""Joe"" Gallo",1736
Ellis,1015,"Judge, County Court at Law",3,,Over Votes,0
Ellis,1015,"Judge, County Court at Law",3,,Under Votes,601
Ellis,1016,District Judge,443,REP,Grace Pandithurai,468
Ellis,1016,District Judge,443,,Over Votes,0
Ellis,1016,District Judge,443,,Under Votes,394
Ellis,1016,"Judge, County Court at Law",3,REP,"Joseph R. ""Joe"" Gallo",470
Ellis,1016,"Judge, County Court at Law",3,,Over Votes,0
Ellis,1016,"Judge, County Court at Law",3,,Under Votes,392
Ellis,1017-5108,District Judge,443,REP,Grace Pandithurai,1358
Ellis,1017-5108,District Judge,443,,Over Votes,0
Ellis,1017-5108,District Judge,443,,Under Votes,514
Ellis,1017-5108,"Judge, County Court at Law",3,REP,"Joseph R. ""Joe"" Gallo",1377
Ellis,1017-5108,"Judge, County Court at Law",3,,Over Votes,0
Ellis,1017-5108,"Judge, County Court at Law",3,,Under Votes,495
Ellis,1018,District Judge,443,REP,Grace Pandithurai,920
Ellis,1018,District Judge,443,,Over Votes,0
Ellis,1018,District Judge,443,,Under Votes,650
Ellis,1018,"Judge, County Court at Law",3,REP,"Joseph R. ""Joe"" Gallo",951
Ellis,1018,"Judge, County Court at Law",3,,Over Votes,0
Ellis,1018,"Judge, County Court at Law",3,,Under Votes,619
Ellis,1019-5117,District Judge,443,REP,Grace Pandithurai,1330
Ellis,1019-5117,District Judge,443,,Over Votes,0
Ellis,1019-5117,District Judge,443,,Under Votes,413
Ellis,1019-5117,"Judge, County Court at Law",3,REP,"Joseph R. ""Joe"" Gallo",1349
Ellis,1019-5117,"Judge, County Court at Law",3,,Over Votes,0
Ellis,1019-5117,"Judge, County Court at Law",3,,Under Votes,394
Ellis,1020,District Judge,443,REP,Grace Pandithurai,998
Ellis,1020,District Judge,443,,Over Votes,0
Ellis,1020,District Judge,443,,Under Votes,311
Ellis,1020,"Judge, County Court at Law",3,REP,"Joseph R. ""Joe"" Gallo",1012
Ellis,1020,"Judge, County Court at Law",3,,Over Votes,0
Ellis,1020,"Judge, County Court at Law",3,,Under Votes,297
Ellis,1021,District Judge,443,REP,Grace Pandithurai,869
Ellis,1021,District Judge,443,,Over Votes,0
Ellis,1021,District Judge,443,,Under Votes,218
Ellis,1021,"Judge, County Court at Law",3,REP,"Joseph R. ""Joe"" Gallo",895
Ellis,1021,"Judge, County Court at Law",3,,Over Votes,0
Ellis,1021,"Judge, County Court at Law",3,,Under Votes,192
Ellis,1022,District Judge,443,REP,Grace Pandithurai,1609
Ellis,1022,District Judge,443,,Over Votes,0
Ellis,1022,District Judge,443,,Under Votes,659
Ellis,1022,"Judge, County Court at Law",3,REP,"Joseph R. ""Joe"" Gallo",1646
Ellis,1022,"Judge, County Court at Law",3,,Over Votes,0
Ellis,1022,"Judge, County Court at Law",3,,Under Votes,622
Ellis,1024-5159,District Judge,443,REP,Grace Pandithurai,1044
Ellis,1024-5159,District Judge,443,,Over Votes,0
Ellis,1024-5159,District Judge,443,,Under Votes,439
Ellis,1024-5159,"Judge, County Court at Law",3,REP,"Joseph R. ""Joe"" Gallo",1047
Ellis,1024-5159,"Judge, County Court at Law",3,,Over Votes,0
Ellis,1024-5159,"Judge, County Court at Law",3,,Under Votes,436
Ellis,1025-5160,District Judge,443,REP,Grace Pandithurai,1232
Ellis,1025-5160,District Judge,443,,Over Votes,0
Ellis,1025-5160,District Judge,443,,Under Votes,537
Ellis,1025-5160,"Judge, County Court at Law",3,REP,"Joseph R. ""Joe"" Gallo",1256
Ellis,1025-5160,"Judge, County Court at Law",3,,Over Votes,0
Ellis,1025-5160,"Judge, County Court at Law",3,,Under Votes,513
Ellis,1026-5161,District Judge,443,REP,Grace Pandithurai,1189
Ellis,1026-5161,District Judge,443,,Over Votes,0
Ellis,1026-5161,District Judge,443,,Under Votes,485
Ellis,1026-5161,"Judge, County Court at Law",3,REP,"Joseph R. ""Joe"" Gallo",1191
Ellis,1026-5161,"Judge, County Court at Law",3,,Over Votes,0
Ellis,1026-5161,"Judge, County Court at Law",3,,Under Votes,483
Ellis,1027,District Judge,443,REP,Grace Pandithurai,1669
Ellis,1027,District Judge,443,,Over Votes,0
Ellis,1027,District Judge,443,,Under Votes,583
Ellis,1027,"Judge, County Court at Law",3,REP,"Joseph R. ""Joe"" Gallo",1691
Ellis,1027,"Judge, County Court at Law",3,,Over Votes,0
Ellis,1027,"Judge, County Court at Law",3,,Under Votes,561
Ellis,1028-5168,District Judge,443,REP,Grace Pandithurai,1692
Ellis,1028-5168,District Judge,443,,Over Votes,0
Ellis,1028-5168,District Judge,443,,Under Votes,471
Ellis,1028-5168,"Judge, County Court at Law",3,REP,"Joseph R. ""Joe"" Gallo",1712
Ellis,1028-5168,"Judge, County Court at Law",3,,Over Votes,0
Ellis,1028-5168,"Judge, County Court at Law",3,,Under Votes,451
Ellis,1029,District Judge,443,REP,Grace Pandithurai,386
Ellis,1029,District Judge,443,,Over Votes,0
Ellis,1029,District Judge,443,,Under Votes,109
Ellis,1029,"Judge, County Court at Law",3,REP,"Joseph R. ""Joe"" Gallo",391
Ellis,1029,"Judge, County Court at Law",3,,Over Votes,0
Ellis,1029,"Judge, County Court at Law",3,,Under Votes,104
Ellis,1030-5176,District Judge,443,REP,Grace Pandithurai,1022
Ellis,1030-5176,District Judge,443,,Over Votes,0
Ellis,1030-5176,District Judge,443,,Under Votes,359
Ellis,1030-5176,"Judge, County Court at Law",3,REP,"Joseph R. ""Joe"" Gallo",1043
Ellis,1030-5176,"Judge, County Court at Law",3,,Over Votes,0
Ellis,1030-5176,"Judge, County Court at Law",3,,Under Votes,338
Ellis,1031-5181,District Judge,443,REP,Grace Pandithurai,348
Ellis,1031-5181,District Judge,443,,Over Votes,0
Ellis,1031-5181,District Judge,443,,Under Votes,142
Ellis,1031-5181,"Judge, County Court at Law",3,REP,"Joseph R. ""Joe"" Gallo",350
Ellis,1031-5181,"Judge, County Court at Law",3,,Over Votes,0
Ellis,1031-5181,"Judge, County Court at Law",3,,Under Votes,140
Ellis,1032-5184,District Judge,443,REP,Grace Pandithurai,2574
Ellis,1032-5184,District Judge,443,,Over Votes,0
Ellis,1032-5184,District Judge,443,,Under Votes,485
Ellis,1032-5184,"Judge, County Court at Law",3,REP,"Joseph R. ""Joe"" Gallo",2594
Ellis,1032-5184,"Judge, County Court at Law",3,,Over Votes,0
Ellis,1032-5184,"Judge, County Court at Law",3,,Under Votes,465
Ellis,1033,District Judge,443,REP,Grace Pandithurai,1612
Ellis,1033,District Judge,443,,Over Votes,0
Ellis,1033,District Judge,443,,Under Votes,545
Ellis,1033,"Judge, County Court at Law",3,REP,"Joseph R. ""Joe"" Gallo",1605
Ellis,1033,"Judge, County Court at Law",3,,Over Votes,0
Ellis,1033,"Judge, County Court at Law",3,,Under Votes,552
Ellis,1034-5195,District Judge,443,REP,Grace Pandithurai,2425
Ellis,1034-5195,District Judge,443,,Over Votes,0
Ellis,1034-5195,District Judge,443,,Under Votes,818
Ellis,1034-5195,"Judge, County Court at Law",3,REP,"Joseph R. ""Joe"" Gallo",2412
Ellis,1034-5195,"Judge, County Court at Law",3,,Over Votes,0
Ellis,1034-5195,"Judge, County Court at Law",3,,Under Votes,831
Ellis,1035-5197,District Judge,443,REP,Grace Pandithurai,869
Ellis,1035-5197,District Judge,443,,Over Votes,0
Ellis,1035-5197,District Judge,443,,Under Votes,321
Ellis,1035-5197,"Judge, County Court at Law",3,REP,"Joseph R. ""Joe"" Gallo",877
Ellis,1035-5197,"Judge, County Court at Law",3,,Over Votes,0
Ellis,1035-5197,"Judge, County Court at Law",3,,Under Votes,313
Ellis,1036-5200,District Judge,443,REP,Grace Pandithurai,2167
Ellis,1036-5200,District Judge,443,,Over Votes,0
Ellis,1036-5200,District Judge,443,,Under Votes,900
Ellis,1036-5200,"Judge, County Court at Law",3,REP,"Joseph R. ""Joe"" Gallo",2128
Ellis,1036-5200,"Judge, County Court at Law",3,,Over Votes,0
Ellis,1036-5200,"Judge, County Court at Law",3,,Under Votes,939
Ellis,1037-5201,District Judge,443,REP,Grace Pandithurai,1351
Ellis,1037-5201,District Judge,443,,Over Votes,0
Ellis,1037-5201,District Judge,443,,Under Votes,471
Ellis,1037-5201,"Judge, County Court at Law",3,REP,"Joseph R. ""Joe"" Gallo",1357
Ellis,1037-5201,"Judge, County Court at Law",3,,Over Votes,0
Ellis,1037-5201,"Judge, County Court at Law",3,,Under Votes,465
Ellis,1038-5204,District Judge,443,REP,Grace Pandithurai,2901
Ellis,1038-5204,District Judge,443,,Over Votes,0
Ellis,1038-5204,District Judge,443,,Under Votes,1042
Ellis,1038-5204,"Judge, County Court at Law",3,REP,"Joseph R. ""Joe"" Gallo",2881
Ellis,1038-5204,"Judge, County Court at Law",3,,Over Votes,0
Ellis,1038-5204,"Judge, County Court at Law",3,,Under Votes,1062
Ellis,1039-5208,District Judge,443,REP,Grace Pandithurai,1874
Ellis,1039-5208,District Judge,443,,Over Votes,0
Ellis,1039-5208,District Judge,443,,Under Votes,630
Ellis,1039-5208,"Judge, County Court at Law",3,REP,"Joseph R. ""Joe"" Gallo",1874
Ellis,1039-5208,"Judge, County Court at Law",3,,Over Votes,0
Ellis,1039-5208,"Judge, County Court at Law",3,,Under Votes,630
Ellis,1040,District Judge,443,REP,Grace Pandithurai,317
Ellis,1040,District Judge,443,,Over Votes,0
Ellis,1040,District Judge,443,,Under Votes,81
Ellis,1040,"Judge, County Court at Law",3,REP,"Joseph R. ""Joe"" Gallo",315
Ellis,1040,"Judge, County Court at Law",3,,Over Votes,0
Ellis,1040,"Judge, County Court at Law",3,,Under Votes,83
Ellis,1041,District Judge,443,REP,Grace Pandithurai,1878
Ellis,1041,District Judge,443,,Over Votes,0
Ellis,1041,District Judge,443,,Under Votes,549
Ellis,1041,"Judge, County Court at Law",3,REP,"Joseph R. ""Joe"" Gallo",1863
Ellis,1041,"Judge, County Court at Law",3,,Over Votes,0
Ellis,1041,"Judge, County Court at Law",3,,Under Votes,564
Ellis,1042-5227,District Judge,443,REP,Grace Pandithurai,273
Ellis,1042-5227,District Judge,443,,Over Votes,0
Ellis,1042-5227,District Judge,443,,Under Votes,80
Ellis,1042-5227,"Judge, County Court at Law",3,REP,"Joseph R. ""Joe"" Gallo",275
Ellis,1042-5227,"Judge, County Court at Law",3,,Over Votes,0
Ellis,1042-5227,"Judge, County Court at Law",3,,Under Votes,78
Ellis,1043,District Judge,443,REP,Grace Pandithurai,2251
Ellis,1043,District Judge,443,,Over Votes,0
Ellis,1043,District Judge,443,,Under Votes,857
Ellis,1043,"Judge, County Court at Law",3,REP,"Joseph R. ""Joe"" Gallo",2270
Ellis,1043,"Judge, County Court at Law",3,,Over Votes,0
Ellis,1043,"Judge, County Court at Law",3,,Under Votes,838
Ellis,1044-5241,District Judge,443,REP,Grace Pandithurai,380
Ellis,1044-5241,District Judge,443,,Over Votes,0
Ellis,1044-5241,District Judge,443,,Under Votes,109
Ellis,1044-5241,"Judge, County Court at Law",3,REP,"Joseph R. ""Joe"" Gallo",389
Ellis,1044-5241,"Judge, County Court at Law",3,,Over Votes,0
Ellis,1044-5241,"Judge, County Court at Law",3,,Under Votes,100
Ellis,1045-5244,District Judge,443,REP,Grace Pandithurai,109
Ellis,1045-5244,District Judge,443,,Over Votes,0
Ellis,1045-5244,District Judge,443,,Under Votes,18
Ellis,1045-5244,"Judge, County Court at Law",3,REP,"Joseph R. ""Joe"" Gallo",106
Ellis,1045-5244,"Judge, County Court at Law",3,,Over Votes,0
Ellis,1045-5244,"Judge, County Court at Law",3,,Under Votes,21
Ellis,1046-5245,District Judge,443,REP,Grace Pandithurai,284
Ellis,1046-5245,District Judge,443,,Over Votes,0
Ellis,1046-5245,District Judge,443,,Under Votes,120
Ellis,1046-5245,"Judge, County Court at Law",3,REP,"Joseph R. ""Joe"" Gallo",290
Ellis,1046-5245,"Judge, County Court at Law",3,,Over Votes,0
Ellis,1046-5245,"Judge, County Court at Law",3,,Under Votes,114
Ellis,1047-5247,District Judge,443,REP,Grace Pandithurai,199
Ellis,1047-5247,District Judge,443,,Over Votes,0
Ellis,1047-5247,District Judge,443,,Under Votes,41
Ellis,1047-5247,"Judge, County Court at Law",3,REP,"Joseph R. ""Joe"" Gallo",200
Ellis,1047-5247,"Judge, County Court at Law",3,,Over Votes,0
Ellis,1047-5247,"Judge, County Court at Law",3,,Under Votes,40
Ellis,1048,District Judge,443,REP,Grace Pandithurai,1120
Ellis,1048,District Judge,443,,Over Votes,0
Ellis,1048,District Judge,443,,Under Votes,465
Ellis,1048,"Judge, County Court at Law",3,REP,"Joseph R. ""Joe"" Gallo",1132
Ellis,1048,"Judge, County Court at Law",3,,Over Votes,0
Ellis,1048,"Judge, County Court at Law",3,,Under Votes,453
Ellis,1049,District Judge,443,REP,Grace Pandithurai,360
Ellis,1049,District Judge,443,,Over Votes,0
Ellis,1049,District Judge,443,,Under Votes,120
Ellis,1049,"Judge, County Court at Law",3,REP,"Joseph R. ""Joe"" Gallo",370
Ellis,1049,"Judge, County Court at Law",3,,Over Votes,0
Ellis,1049,"Judge, County Court at Law",3,,Under Votes,110
Ellis,1050,District Judge,443,REP,Grace Pandithurai,1213
Ellis,1050,District Judge,443,,Over Votes,0
Ellis,1050,District Judge,443,,Under Votes,1268
Ellis,1050,"Judge, County Court at Law",3,REP,"Joseph R. ""Joe"" Gallo",1215
Ellis,1050,"Judge, County Court at Law",3,,Over Votes,0
Ellis,1050,"Judge, County Court at Law",3,,Under Votes,1266
Ellis,1051,District Judge,443,REP,Grace Pandithurai,1433
Ellis,1051,District Judge,443,,Over Votes,0
Ellis,1051,District Judge,443,,Under Votes,1145
Ellis,1051,"Judge, County Court at Law",3,REP,"Joseph R. ""Joe"" Gallo",1451
Ellis,1051,"Judge, County Court at Law",3,,Over Votes,0
Ellis,1051,"Judge, County Court at Law",3,,Under Votes,1127
Ellis,1052,District Judge,443,REP,Grace Pandithurai,991
Ellis,1052,District Judge,443,,Over Votes,0
Ellis,1052,District Judge,443,,Under Votes,1136
Ellis,1052,"Judge, County Court at Law",3,REP,"Joseph R. ""Joe"" Gallo",989
Ellis,1052,"Judge, County Court at Law",3,,Over Votes,0
Ellis,1052,"Judge, County Court at Law",3,,Under Votes,1138
Ellis,1053,District Judge,443,REP,Grace Pandithurai,996
Ellis,1053,District Judge,443,,Over Votes,0
Ellis,1053,District Judge,443,,Under Votes,702
Ellis,1053,"Judge, County Court at Law",3,REP,"Joseph R. ""Joe"" Gallo",993
Ellis,1053,"Judge, County Court at Law",3,,Over Votes,0
Ellis,1053,"Judge, County Court at Law",3,,Under Votes,705
Ellis,1054,District Judge,443,REP,Grace Pandithurai,1042
Ellis,1054,District Judge,443,,Over Votes,0
Ellis,1054,District Judge,443,,Under Votes,1541
Ellis,1054,"Judge, County Court at Law",3,REP,"Joseph R. ""Joe"" Gallo",1040
Ellis,1054,"Judge, County Court at Law",3,,Over Votes,0
Ellis,1054,"Judge, County Court at Law",3,,Under Votes,1543
Ellis,1055,District Judge,443,REP,Grace Pandithurai,1754
Ellis,1055,District Judge,443,,Over Votes,0
Ellis,1055,District Judge,443,,Under Votes,753
Ellis,1055,"Judge, County Court at Law",3,REP,"Joseph R. ""Joe"" Gallo",1754
Ellis,1055,"Judge, County Court at Law",3,,Over Votes,0
Ellis,1055,"Judge, County Court at Law",3,,Under Votes,753
Ellis,1056,District Judge,443,REP,Grace Pandithurai,1883
Ellis,1056,District Judge,443,,Over Votes,0
Ellis,1056,District Judge,443,,Under Votes,515
Ellis,1056,"Judge, County Court at Law",3,REP,"Joseph R. ""Joe"" Gallo",1889
Ellis,1056,"Judge, County Court at Law",3,,Over Votes,0
Ellis,1056,"Judge, County Court at Law",3,,Under Votes,509
Ellis,1057,District Judge,443,REP,Grace Pandithurai,2078
Ellis,1057,District Judge,443,,Over Votes,0
Ellis,1057,District Judge,443,,Under Votes,1342
Ellis,1057,"Judge, County Court at Law",3,REP,"Joseph R. ""Joe"" Gallo",2073
Ellis,1057,"Judge, County Court at Law",3,,Over Votes,0
Ellis,1057,"Judge, County Court at Law",3,,Under Votes,1347
Ellis,1058,District Judge,443,REP,Grace Pandithurai,835
Ellis,1058,District Judge,443,,Over Votes,0
Ellis,1058,District Judge,443,,Under Votes,494
Ellis,1058,"Judge, County Court at Law",3,REP,"Joseph R. ""Joe"" Gallo",833
Ellis,1058,"Judge, County Court at Law",3,,Over Votes,0
Ellis,1058,"Judge, County Court at Law",3,,Under Votes,496
Ellis,1059,District Judge,443,REP,Grace Pandithurai,497
Ellis,1059,District Judge,443,,Over Votes,0
Ellis,1059,District Judge,443,,Under Votes,119
Ellis,1059,"Judge, County Court at Law",3,REP,"Joseph R. ""Joe"" Gallo",506
Ellis,1059,"Judge, County Court at Law",3,,Over Votes,0
Ellis,1059,"Judge, County Court at Law",3,,Under Votes,110
Ellis,1001-5001,County Attorney,,REP,Lindy Beaty,700
Ellis,1001-5001,County Attorney,,,,Over Votes
Ellis,1001-5001,County Attorney,,,,Under Votes
Ellis,1001-5001,Sheriff,,REP,Brad Norman,684
Ellis,1001-5001,Sheriff,,,,Over Votes
Ellis,1001-5001,Sheriff,,,,Under Votes
Ellis,1002,County Attorney,,REP,Lindy Beaty,113
Ellis,1002,County Attorney,,,,Over Votes
Ellis,1002,County Attorney,,,,Under Votes
Ellis,1002,Sheriff,,REP,Brad Norman,119
Ellis,1002,Sheriff,,,,Over Votes
Ellis,1002,Sheriff,,,,Under Votes
Ellis,1003-5007,County Attorney,,REP,Lindy Beaty,1399
Ellis,1003-5007,County Attorney,,,,Over Votes
Ellis,1003-5007,County Attorney,,,,Under Votes
Ellis,1003-5007,Sheriff,,REP,Brad Norman,1415
Ellis,1003-5007,Sheriff,,,,Over Votes
Ellis,1003-5007,Sheriff,,,,Under Votes
Ellis,1004-5011,County Attorney,,REP,Lindy Beaty,93
Ellis,1004-5011,County Attorney,,,,Over Votes
Ellis,1004-5011,County Attorney,,,,Under Votes
Ellis,1004-5011,Sheriff,,REP,Brad Norman,90
Ellis,1004-5011,Sheriff,,,,Over Votes
Ellis,1004-5011,Sheriff,,,,Under Votes
Ellis,1005-5015,County Attorney,,REP,Lindy Beaty,1920
Ellis,1005-5015,County Attorney,,,,Over Votes
Ellis,1005-5015,County Attorney,,,,Under Votes
Ellis,1005-5015,Sheriff,,REP,Brad Norman,1954
Ellis,1005-5015,Sheriff,,,,Over Votes
Ellis,1005-5015,Sheriff,,,,Under Votes
Ellis,1006-5018,County Attorney,,REP,Lindy Beaty,2225
Ellis,1006-5018,County Attorney,,,,Over Votes
Ellis,1006-5018,County Attorney,,,,Under Votes
Ellis,1006-5018,Sheriff,,REP,Brad Norman,2241
Ellis,1006-5018,Sheriff,,,,Over Votes
Ellis,1006-5018,Sheriff,,,,Under Votes
Ellis,1007-5022,County Attorney,,REP,Lindy Beaty,1122
Ellis,1007-5022,County Attorney,,,,Over Votes
Ellis,1007-5022,County Attorney,,,,Under Votes
Ellis,1007-5022,Sheriff,,REP,Brad Norman,1128
Ellis,1007-5022,Sheriff,,,,Over Votes
Ellis,1007-5022,Sheriff,,,,Under Votes
Ellis,1008-5026,County Attorney,,REP,Lindy Beaty,71
Ellis,1008-5026,County Attorney,,,,Over Votes
Ellis,1008-5026,County Attorney,,,,Under Votes
Ellis,1008-5026,Sheriff,,REP,Brad Norman,74
Ellis,1008-5026,Sheriff,,,,Over Votes
Ellis,1008-5026,Sheriff,,,,Under Votes
Ellis,1009-5029,County Attorney,,REP,Lindy Beaty,1868
Ellis,1009-5029,County Attorney,,,,Over Votes
Ellis,1009-5029,County Attorney,,,,Under Votes
Ellis,1009-5029,Sheriff,,REP,Brad Norman,1942
Ellis,1009-5029,Sheriff,,,,Over Votes
Ellis,1009-5029,Sheriff,,,,Under Votes
Ellis,1010,County Attorney,,REP,Lindy Beaty,977
Ellis,1010,County Attorney,,,,Over Votes
Ellis,1010,County Attorney,,,,Under Votes
Ellis,1010,Sheriff,,REP,Brad Norman,1010
Ellis,1010,Sheriff,,,,Over Votes
Ellis,1010,Sheriff,,,,Under Votes
Ellis,1011,County Attorney,,REP,Lindy Beaty,1263
Ellis,1011,County Attorney,,,,Over Votes
Ellis,1011,County Attorney,,,,Under Votes
Ellis,1011,Sheriff,,REP,Brad Norman,1308
Ellis,1011,Sheriff,,,,Over Votes
Ellis,1011,Sheriff,,,,Under Votes
Ellis,1012,County Attorney,,REP,Lindy Beaty,1389
Ellis,1012,County Attorney,,,,Over Votes
Ellis,1012,County Attorney,,,,Under Votes
Ellis,1012,Sheriff,,REP,Brad Norman,1432
Ellis,1012,Sheriff,,,,Over Votes
Ellis,1012,Sheriff,,,,Under Votes
Ellis,1013-5076,County Attorney,,REP,Lindy Beaty,926
Ellis,1013-5076,County Attorney,,,,Over Votes
Ellis,1013-5076,County Attorney,,,,Under Votes
Ellis,1013-5076,Sheriff,,REP,Brad Norman,962
Ellis,1013-5076,Sheriff,,,,Over Votes
Ellis,1013-5076,Sheriff,,,,Under Votes
Ellis,1014,County Attorney,,REP,Lindy Beaty,1170
Ellis,1014,County Attorney,,,,Over Votes
Ellis,1014,County Attorney,,,,Under Votes
Ellis,1014,Sheriff,,REP,Brad Norman,1208
Ellis,1014,Sheriff,,,,Over Votes
Ellis,1014,Sheriff,,,,Under Votes
Ellis,1015,County Attorney,,REP,Lindy Beaty,1680
Ellis,1015,County Attorney,,,,Over Votes
Ellis,1015,County Attorney,,,,Under Votes
Ellis,1015,Sheriff,,REP,Brad Norman,1764
Ellis,1015,Sheriff,,,,Over Votes
Ellis,1015,Sheriff,,,,Under Votes
Ellis,1016,County Attorney,,REP,Lindy Beaty,442
Ellis,1016,County Attorney,,,,Over Votes
Ellis,1016,County Attorney,,,,Under Votes
Ellis,1016,Sheriff,,REP,Brad Norman,466
Ellis,1016,Sheriff,,,,Over Votes
Ellis,1016,Sheriff,,,,Under Votes
Ellis,1017-5108,County Attorney,,REP,Lindy Beaty,1342
Ellis,1017-5108,County Attorney,,,,Over Votes
Ellis,1017-5108,County Attorney,,,,Under Votes
Ellis,1017-5108,Sheriff,,REP,Brad Norman,1371
Ellis,1017-5108,Sheriff,,,,Over Votes
Ellis,1017-5108,Sheriff,,,,Under Votes
Ellis,1018,County Attorney,,REP,Lindy Beaty,913
Ellis,1018,County Attorney,,,,Over Votes
Ellis,1018,County Attorney,,,,Under Votes
Ellis,1018,Sheriff,,REP,Brad Norman,953
Ellis,1018,Sheriff,,,,Over Votes
Ellis,1018,Sheriff,,,,Under Votes
Ellis,1019-5117,County Attorney,,REP,Lindy Beaty,1292
Ellis,1019-5117,County Attorney,,,,Over Votes
Ellis,1019-5117,County Attorney,,,,Under Votes
Ellis,1019-5117,Sheriff,,REP,Brad Norman,1351
Ellis,1019-5117,Sheriff,,,,Over Votes
Ellis,1019-5117,Sheriff,,,,Under Votes
Ellis,1020,County Attorney,,REP,Lindy Beaty,981
Ellis,1020,County Attorney,,,,Over Votes
Ellis,1020,County Attorney,,,,Under Votes
Ellis,1020,Sheriff,,REP,Brad Norman,1028
Ellis,1020,Sheriff,,,,Over Votes
Ellis,1020,Sheriff,,,,Under Votes
Ellis,1021,County Attorney,,REP,Lindy Beaty,863
Ellis,1021,County Attorney,,,,Over Votes
Ellis,1021,County Attorney,,,,Under Votes
Ellis,1021,Sheriff,,REP,Brad Norman,880
Ellis,1021,Sheriff,,,,Over Votes
Ellis,1021,Sheriff,,,,Under Votes
Ellis,1022,County Attorney,,REP,Lindy Beaty,1592
Ellis,1022,County Attorney,,,,Over Votes
Ellis,1022,County Attorney,,,,Under Votes
Ellis,1022,Sheriff,,REP,Brad Norman,1623
Ellis,1022,Sheriff,,,,Over Votes
Ellis,1022,Sheriff,,,,Under Votes
Ellis,1024-5159,County Attorney,,REP,Lindy Beaty,1033
Ellis,1024-5159,County Attorney,,,,Over Votes
Ellis,1024-5159,County Attorney,,,,Under Votes
Ellis,1024-5159,Sheriff,,REP,Brad Norman,1051
Ellis,1024-5159,Sheriff,,,,Over Votes
Ellis,1024-5159,Sheriff,,,,Under Votes
Ellis,1025-5160,County Attorney,,REP,Lindy Beaty,1206
Ellis,1025-5160,County Attorney,,,,Over Votes
Ellis,1025-5160,County Attorney,,,,Under Votes
Ellis,1025-5160,Sheriff,,REP,Brad Norman,1242
Ellis,1025-5160,Sheriff,,,,Over Votes
Ellis,1025-5160,Sheriff,,,,Under Votes
Ellis,1026-5161,County Attorney,,REP,Lindy Beaty,1159
Ellis,1026-5161,County Attorney,,,,Over Votes
Ellis,1026-5161,County Attorney,,,,Under Votes
Ellis,1026-5161,Sheriff,,REP,Brad Norman,1186
Ellis,1026-5161,Sheriff,,,,Over Votes
Ellis,1026-5161,Sheriff,,,,Under Votes
Ellis,1027,County Attorney,,REP,Lindy Beaty,1643
Ellis,1027,County Attorney,,,,Over Votes
Ellis,1027,County Attorney,,,,Under Votes
Ellis,1027,Sheriff,,REP,Brad Norman,1695
Ellis,1027,Sheriff,,,,Over Votes
Ellis,1027,Sheriff,,,,Under Votes
Ellis,1028-5168,County Attorney,,REP,Lindy Beaty,1687
Ellis,1028-5168,County Attorney,,,,Over Votes
Ellis,1028-5168,County Attorney,,,,Under Votes
Ellis,1028-5168,Sheriff,,REP,Brad Norman,1717
Ellis,1028-5168,Sheriff,,,,Over Votes
Ellis,1028-5168,Sheriff,,,,Under Votes
Ellis,1029,County Attorney,,REP,Lindy Beaty,376
Ellis,1029,County Attorney,,,,Over Votes
Ellis,1029,County Attorney,,,,Under Votes
Ellis,1029,Sheriff,,REP,Brad Norman,396
Ellis,1029,Sheriff,,,,Over Votes
Ellis,1029,Sheriff,,,,Under Votes
Ellis,1030-5176,County Attorney,,REP,Lindy Beaty,1002
Ellis,1030-5176,County Attorney,,,,Over Votes
Ellis,1030-5176,County Attorney,,,,Under Votes
Ellis,1030-5176,Sheriff,,REP,Brad Norman,1056
Ellis,1030-5176,Sheriff,,,,Over Votes
Ellis,1030-5176,Sheriff,,,,Under Votes
Ellis,1031-5181,County Attorney,,REP,Lindy Beaty,344
Ellis,1031-5181,County Attorney,,,,Over Votes
Ellis,1031-5181,County Attorney,,,,Under Votes
Ellis,1031-5181,Sheriff,,REP,Brad Norman,361
Ellis,1031-5181,Sheriff,,,,Over Votes
Ellis,1031-5181,Sheriff,,,,Under Votes
Ellis,1032-5184,County Attorney,,REP,Lindy Beaty,2535
Ellis,1032-5184,County Attorney,,,,Over Votes
Ellis,1032-5184,County Attorney,,,,Under Votes
Ellis,1032-5184,Sheriff,,REP,Brad Norman,2602
Ellis,1032-5184,Sheriff,,,,Over Votes
Ellis,1032-5184,Sheriff,,,,Under Votes
Ellis,1033,County Attorney,,REP,Lindy Beaty,1597
Ellis,1033,County Attorney,,,,Over Votes
Ellis,1033,County Attorney,,,,Under Votes
Ellis,1033,Sheriff,,REP,Brad Norman,1634
Ellis,1033,Sheriff,,,,Over Votes
Ellis,1033,Sheriff,,,,Under Votes
Ellis,1034-5195,County Attorney,,REP,Lindy Beaty,2385
Ellis,1034-5195,County Attorney,,,,Over Votes
Ellis,1034-5195,County Attorney,,,,Under Votes
Ellis,1034-5195,Sheriff,,REP,Brad Norman,2441
Ellis,1034-5195,Sheriff,,,,Over Votes
Ellis,1034-5195,Sheriff,,,,Under Votes
Ellis,1035-5197,County Attorney,,REP,Lindy Beaty,862
Ellis,1035-5197,County Attorney,,,,Over Votes
Ellis,1035-5197,County Attorney,,,,Under Votes
Ellis,1035-5197,Sheriff,,REP,Brad Norman,869
Ellis,1035-5197,Sheriff,,,,Over Votes
Ellis,1035-5197,Sheriff,,,,Under Votes
Ellis,1036-5200,County Attorney,,REP,Lindy Beaty,2090
Ellis,1036-5200,County Attorney,,,,Over Votes
Ellis,1036-5200,County Attorney,,,,Under Votes
Ellis,1036-5200,Sheriff,,REP,Brad Norman,2136
Ellis,1036-5200,Sheriff,,,,Over Votes
Ellis,1036-5200,Sheriff,,,,Under Votes
Ellis,1037-5201,County Attorney,,REP,Lindy Beaty,1335
Ellis,1037-5201,County Attorney,,,,Over Votes
Ellis,1037-5201,County Attorney,,,,Under Votes
Ellis,1037-5201,Sheriff,,REP,Brad Norman,1361
Ellis,1037-5201,Sheriff,,,,Over Votes
Ellis,1037-5201,Sheriff,,,,Under Votes
Ellis,1038-5204,County Attorney,,REP,Lindy Beaty,2835
Ellis,1038-5204,County Attorney,,,,Over Votes
Ellis,1038-5204,County Attorney,,,,Under Votes
Ellis,1038-5204,Sheriff,,REP,Brad Norman,2881
Ellis,1038-5204,Sheriff,,,,Over Votes
Ellis,1038-5204,Sheriff,,,,Under Votes
Ellis,1039-5208,County Attorney,,REP,Lindy Beaty,1819
Ellis,1039-5208,County Attorney,,,,Over Votes
Ellis,1039-5208,County Attorney,,,,Under Votes
Ellis,1039-5208,Sheriff,,REP,Brad Norman,1883
Ellis,1039-5208,Sheriff,,,,Over Votes
Ellis,1039-5208,Sheriff,,,,Under Votes
Ellis,1040,County Attorney,,REP,Lindy Beaty,308
Ellis,1040,County Attorney,,,,Over Votes
Ellis,1040,County Attorney,,,,Under Votes
Ellis,1040,Sheriff,,REP,Brad Norman,309
Ellis,1040,Sheriff,,,,Over Votes
Ellis,1040,Sheriff,,,,Under Votes
Ellis,1041,County Attorney,,REP,Lindy Beaty,1823
Ellis,1041,County Attorney,,,,Over Votes
Ellis,1041,County Attorney,,,,Under Votes
Ellis,1041,Sheriff,,REP,Brad Norman,1882
Ellis,1041,Sheriff,,,,Over Votes
Ellis,1041,Sheriff,,,,Under Votes
Ellis,1042-5227,County Attorney,,REP,Lindy Beaty,262
Ellis,1042-5227,County Attorney,,,,Over Votes
Ellis,1042-5227,County Attorney,,,,Under Votes
Ellis,1042-5227,Sheriff,,REP,Brad Norman,270
Ellis,1042-5227,Sheriff,,,,Over Votes
Ellis,1042-5227,Sheriff,,,,Under Votes
Ellis,1043,County Attorney,,REP,Lindy Beaty,2208
Ellis,1043,County Attorney,,,,Over Votes
Ellis,1043,County Attorney,,,,Under Votes
Ellis,1043,Sheriff,,REP,Brad Norman,2277
Ellis,1043,Sheriff,,,,Over Votes
Ellis,1043,Sheriff,,,,Under Votes
Ellis,1044-5241,County Attorney,,REP,Lindy Beaty,381
Ellis,1044-5241,County Attorney,,,,Over Votes
Ellis,1044-5241,County Attorney,,,,Under Votes
Ellis,1044-5241,Sheriff,,REP,Brad Norman,387
Ellis,1044-5241,Sheriff,,,,Over Votes
Ellis,1044-5241,Sheriff,,,,Under Votes
Ellis,1045-5244,County Attorney,,REP,Lindy Beaty,103
Ellis,1045-5244,County Attorney,,,,Over Votes
Ellis,1045-5244,County Attorney,,,,Under Votes
Ellis,1045-5244,Sheriff,,REP,Brad Norman,105
Ellis,1045-5244,Sheriff,,,,Over Votes
Ellis,1045-5244,Sheriff,,,,Under Votes
Ellis,1046-5245,County Attorney,,REP,Lindy Beaty,278
Ellis,1046-5245,County Attorney,,,,Over Votes
Ellis,1046-5245,County Attorney,,,,Under Votes
Ellis,1046-5245,Sheriff,,REP,Brad Norman,278
Ellis,1046-5245,Sheriff,,,,Over Votes
Ellis,1046-5245,Sheriff,,,,Under Votes
Ellis,1047-5247,County Attorney,,REP,Lindy Beaty,194
Ellis,1047-5247,County Attorney,,,,Over Votes
Ellis,1047-5247,County Attorney,,,,Under Votes
Ellis,1047-5247,Sheriff,,REP,Brad Norman,204
Ellis,1047-5247,Sheriff,,,,Over Votes
Ellis,1047-5247,Sheriff,,,,Under Votes
Ellis,1048,County Attorney,,REP,Lindy Beaty,1100
Ellis,1048,County Attorney,,,,Over Votes
Ellis,1048,County Attorney,,,,Under Votes
Ellis,1048,Sheriff,,REP,Brad Norman,1127
Ellis,1048,Sheriff,,,,Over Votes
Ellis,1048,Sheriff,,,,Under Votes
Ellis,1049,County Attorney,,REP,Lindy Beaty,363
Ellis,1049,County Attorney,,,,Over Votes
Ellis,1049,County Attorney,,,,Under Votes
Ellis,1049,Sheriff,,REP,Brad Norman,364
Ellis,1049,Sheriff,,,,Over Votes
Ellis,1049,Sheriff,,,,Under Votes
Ellis,1050,County Attorney,,REP,Lindy Beaty,1185
Ellis,1050,County Attorney,,,,Over Votes
Ellis,1050,County Attorney,,,,Under Votes
Ellis,1050,Sheriff,,REP,Brad Norman,1201
Ellis,1050,Sheriff,,,,Over Votes
Ellis,1050,Sheriff,,,,Under Votes
Ellis,1051,County Attorney,,REP,Lindy Beaty,1417
Ellis,1051,County Attorney,,,,Over Votes
Ellis,1051,County Attorney,,,,Under Votes
Ellis,1051,Sheriff,,REP,Brad Norman,1439
Ellis,1051,Sheriff,,,,Over Votes
Ellis,1051,Sheriff,,,,Under Votes
Ellis,1052,County Attorney,,REP,Lindy Beaty,980
Ellis,1052,County Attorney,,,,Over Votes
Ellis,1052,County Attorney,,,,Under Votes
Ellis,1052,Sheriff,,REP,Brad Norman,988
Ellis,1052,Sheriff,,,,Over Votes
Ellis,1052,Sheriff,,,,Under Votes
Ellis,1053,County Attorney,,REP,Lindy Beaty,975
Ellis,1053,County Attorney,,,,Over Votes
Ellis,1053,County Attorney,,,,Under Votes
Ellis,1053,Sheriff,,REP,Brad Norman,982
Ellis,1053,Sheriff,,,,Over Votes
Ellis,1053,Sheriff,,,,Under Votes
Ellis,1054,County Attorney,,REP,Lindy Beaty,1031
Ellis,1054,County Attorney,,,,Over Votes
Ellis,1054,County Attorney,,,,Under Votes
Ellis,1054,Sheriff,,REP,Brad Norman,1016
Ellis,1054,Sheriff,,,,Over Votes
Ellis,1054,Sheriff,,,,Under Votes
Ellis,1055,County Attorney,,REP,Lindy Beaty,1723
Ellis,1055,County Attorney,,,,Over Votes
Ellis,1055,County Attorney,,,,Under Votes
Ellis,1055,Sheriff,,REP,Brad Norman,1751
Ellis,1055,Sheriff,,,,Over Votes
Ellis,1055,Sheriff,,,,Under Votes
Ellis,1056,County Attorney,,REP,Lindy Beaty,1847
Ellis,1056,County Attorney,,,,Over Votes
Ellis,1056,County Attorney,,,,Under Votes
Ellis,1056,Sheriff,,REP,Brad Norman,1887
Ellis,1056,Sheriff,,,,Over Votes
Ellis,1056,Sheriff,,,,Under Votes
Ellis,1057,County Attorney,,REP,Lindy Beaty,2027
Ellis,1057,County Attorney,,,,Over Votes
Ellis,1057,County Attorney,,,,Under Votes
Ellis,1057,Sheriff,,REP,Brad Norman,2077
Ellis,1057,Sheriff,,,,Over Votes
Ellis,1057,Sheriff,,,,Under Votes
Ellis,1058,County Attorney,,REP,Lindy Beaty,823
Ellis,1058,County Attorney,,,,Over Votes
Ellis,1058,County Attorney,,,,Under Votes
Ellis,1058,Sheriff,,REP,Brad Norman,846
Ellis,1058,Sheriff,,,,Over Votes
Ellis,1058,Sheriff,,,,Under Votes
Ellis,1059,County Attorney,,REP,Lindy Beaty,488
Ellis,1059,County Attorney,,,,Over Votes
Ellis,1059,County Attorney,,,,Under Votes
Ellis,1059,Sheriff,,REP,Brad Norman,494
Ellis,1059,Sheriff,,,,Over Votes
Ellis,1059,Sheriff,,,,Under Votes
Ellis,1001-5001,County Tax Assessor-Collector,,REP,Richard Rozier,671
Ellis,1001-5001,County Tax Assessor-Collector,,,,Over Votes
Ellis,1001-5001,County Tax Assessor-Collector,,,,Under Votes
Ellis,1001-5001,County Commissioner,1,REP,Randy Stinson,660
Ellis,1001-5001,County Commissioner,1,,Over Votes,0
Ellis,1001-5001,County Commissioner,1,,Under Votes,867
Ellis,1002,County Tax Assessor-Collector,,REP,Richard Rozier,113
Ellis,1002,County Tax Assessor-Collector,,,,Over Votes
Ellis,1002,County Tax Assessor-Collector,,,,Under Votes
Ellis,1002,County Commissioner,1,REP,Randy Stinson,111
Ellis,1002,County Commissioner,1,,Over Votes,0
Ellis,1002,County Commissioner,1,,Under Votes,35
Ellis,1003-5007,County Tax Assessor-Collector,,REP,Richard Rozier,1380
Ellis,1003-5007,County Tax Assessor-Collector,,,,Over Votes
Ellis,1003-5007,County Tax Assessor-Collector,,,,Under Votes
Ellis,1003-5007,County Commissioner,1,REP,Randy Stinson,1372
Ellis,1003-5007,County Commissioner,1,,Over Votes,0
Ellis,1003-5007,County Commissioner,1,,Under Votes,839
Ellis,1004-5011,County Tax Assessor-Collector,,REP,Richard Rozier,87
Ellis,1004-5011,County Tax Assessor-Collector,,,,Over Votes
Ellis,1004-5011,County Tax Assessor-Collector,,,,Under Votes
Ellis,1004-5011,County Commissioner,1,REP,Randy Stinson,87
Ellis,1004-5011,County Commissioner,1,,Over Votes,0
Ellis,1004-5011,County Commissioner,1,,Under Votes,66
Ellis,1005-5015,County Tax Assessor-Collector,,REP,Richard Rozier,1945
Ellis,1005-5015,County Tax Assessor-Collector,,,,Over Votes
Ellis,1005-5015,County Tax Assessor-Collector,,,,Under Votes
Ellis,1005-5015,County Commissioner,1,REP,Randy Stinson,1918
Ellis,1005-5015,County Commissioner,1,,Over Votes,0
Ellis,1005-5015,County Commissioner,1,,Under Votes,927
Ellis,1006-5018,County Tax Assessor-Collector,,REP,Richard Rozier,2221
Ellis,1006-5018,County Tax Assessor-Collector,,,,Over Votes
Ellis,1006-5018,County Tax Assessor-Collector,,,,Under Votes
Ellis,1006-5018,County Commissioner,1,REP,Randy Stinson,2195
Ellis,1006-5018,County Commissioner,1,,Over Votes,0
Ellis,1006-5018,County Commissioner,1,,Under Votes,1400
Ellis,1007-5022,County Tax Assessor-Collector,,REP,Richard Rozier,1109
Ellis,1007-5022,County Tax Assessor-Collector,,,,Over Votes
Ellis,1007-5022,County Tax Assessor-Collector,,,,Under Votes
Ellis,1007-5022,County Commissioner,1,REP,Randy Stinson,1101
Ellis,1007-5022,County Commissioner,1,,Over Votes,0
Ellis,1007-5022,County Commissioner,1,,Under Votes,433
Ellis,1008-5026,County Tax Assessor-Collector,,REP,Richard Rozier,71
Ellis,1008-5026,County Tax Assessor-Collector,,,,Over Votes
Ellis,1008-5026,County Tax Assessor-Collector,,,,Under Votes
Ellis,1008-5026,County Commissioner,1,REP,Randy Stinson,73
Ellis,1008-5026,County Commissioner,1,,Over Votes,0
Ellis,1008-5026,County Commissioner,1,,Under Votes,42
Ellis,1009-5029,County Tax Assessor-Collector,,REP,Richard Rozier,1863
Ellis,1009-5029,County Tax Assessor-Collector,,,,Over Votes
Ellis,1009-5029,County Tax Assessor-Collector,,,,Under Votes
Ellis,1009-5029,County Commissioner,1,REP,Randy Stinson,1896
Ellis,1009-5029,County Commissioner,1,,Over Votes,0
Ellis,1009-5029,County Commissioner,1,,Under Votes,558
Ellis,1010,County Tax Assessor-Collector,,REP,Richard Rozier,977
Ellis,1010,County Tax Assessor-Collector,,,,Over Votes
Ellis,1010,County Tax Assessor-Collector,,,,Under Votes
Ellis,1010,County Commissioner,1,REP,Randy Stinson,984
Ellis,1010,County Commissioner,1,,Over Votes,0
Ellis,1010,County Commissioner,1,,Under Votes,407
Ellis,1011,County Tax Assessor-Collector,,REP,Richard Rozier,1276
Ellis,1011,County Tax Assessor-Collector,,,,Over Votes
Ellis,1011,County Tax Assessor-Collector,,,,Under Votes
Ellis,1011,County Commissioner,1,REP,Randy Stinson,1270
Ellis,1011,County Commissioner,1,,Over Votes,0
Ellis,1011,County Commissioner,1,,Under Votes,626
Ellis,1012,County Tax Assessor-Collector,,REP,Richard Rozier,1400
Ellis,1012,County Tax Assessor-Collector,,,,Over Votes
Ellis,1012,County Tax Assessor-Collector,,,,Under Votes
Ellis,1012,County Commissioner,1,REP,Randy Stinson,1399
Ellis,1012,County Commissioner,1,,Over Votes,0
Ellis,1012,County Commissioner,1,,Under Votes,995
Ellis,1013-5076,County Tax Assessor-Collector,,REP,Richard Rozier,940
Ellis,1013-5076,County Tax Assessor-Collector,,,,Over Votes
Ellis,1013-5076,County Tax Assessor-Collector,,,,Under Votes
Ellis,1013-5076,County Commissioner,1,REP,Randy Stinson,939
Ellis,1013-5076,County Commissioner,1,,Over Votes,0
Ellis,1013-5076,County Commissioner,1,,Under Votes,433
Ellis,1014,County Tax Assessor-Collector,,REP,Richard Rozier,1186
Ellis,1014,County Tax Assessor-Collector,,,,Over Votes
Ellis,1014,County Tax Assessor-Collector,,,,Under Votes
Ellis,1014,County Commissioner,1,REP,Randy Stinson,1179
Ellis,1014,County Commissioner,1,,Over Votes,0
Ellis,1014,County Commissioner,1,,Under Votes,295
Ellis,1015,County Tax Assessor-Collector,,REP,Richard Rozier,1725
Ellis,1015,County Tax Assessor-Collector,,,,Over Votes
Ellis,1015,County Tax Assessor-Collector,,,,Under Votes
Ellis,1016,County Tax Assessor-Collector,,REP,Richard Rozier,455
Ellis,1016,County Tax Assessor-Collector,,,,Over Votes
Ellis,1016,County Tax Assessor-Collector,,,,Under Votes
Ellis,1017-5108,County Tax Assessor-Collector,,REP,Richard Rozier,1334
Ellis,1017-5108,County Tax Assessor-Collector,,,,Over Votes
Ellis,1017-5108,County Tax Assessor-Collector,,,,Under Votes
Ellis,1018,County Tax Assessor-Collector,,REP,Richard Rozier,933
Ellis,1018,County Tax Assessor-Collector,,,,Over Votes
Ellis,1018,County Tax Assessor-Collector,,,,Under Votes
Ellis,1019-5117,County Tax Assessor-Collector,,REP,Richard Rozier,1313
Ellis,1019-5117,County Tax Assessor-Collector,,,,Over Votes
Ellis,1019-5117,County Tax Assessor-Collector,,,,Under Votes
Ellis,1020,County Tax Assessor-Collector,,REP,Richard Rozier,1003
Ellis,1020,County Tax Assessor-Collector,,,,Over Votes
Ellis,1020,County Tax Assessor-Collector,,,,Under Votes
Ellis,1021,County Tax Assessor-Collector,,REP,Richard Rozier,844
Ellis,1021,County Tax Assessor-Collector,,,,Over Votes
Ellis,1021,County Tax Assessor-Collector,,,,Under Votes
Ellis,1022,County Tax Assessor-Collector,,REP,Richard Rozier,1581
Ellis,1022,County Tax Assessor-Collector,,,,Over Votes
Ellis,1022,County Tax Assessor-Collector,,,,Under Votes
Ellis,1024-5159,County Tax Assessor-Collector,,REP,Richard Rozier,1024
Ellis,1024-5159,County Tax Assessor-Collector,,,,Over Votes
Ellis,1024-5159,County Tax Assessor-Collector,,,,Under Votes
Ellis,1025-5160,County Tax Assessor-Collector,,REP,Richard Rozier,1183
Ellis,1025-5160,County Tax Assessor-Collector,,,,Over Votes
Ellis,1025-5160,County Tax Assessor-Collector,,,,Under Votes
Ellis,1026-5161,County Tax Assessor-Collector,,REP,Richard Rozier,1142
Ellis,1026-5161,County Tax Assessor-Collector,,,,Over Votes
Ellis,1026-5161,County Tax Assessor-Collector,,,,Under Votes
Ellis,1027,County Tax Assessor-Collector,,REP,Richard Rozier,1659
Ellis,1027,County Tax Assessor-Collector,,,,Over Votes
Ellis,1027,County Tax Assessor-Collector,,,,Under Votes
Ellis,1028-5168,County Tax Assessor-Collector,,REP,Richard Rozier,1689
Ellis,1028-5168,County Tax Assessor-Collector,,,,Over Votes
Ellis,1028-5168,County Tax Assessor-Collector,,,,Under Votes
Ellis,1029,County Tax Assessor-Collector,,REP,Richard Rozier,377
Ellis,1029,County Tax Assessor-Collector,,,,Over Votes
Ellis,1029,County Tax Assessor-Collector,,,,Under Votes
Ellis,1030-5176,County Tax Assessor-Collector,,REP,Richard Rozier,1014
Ellis,1030-5176,County Tax Assessor-Collector,,,,Over Votes
Ellis,1030-5176,County Tax Assessor-Collector,,,,Under Votes
Ellis,1031-5181,County Tax Assessor-Collector,,REP,Richard Rozier,346
Ellis,1031-5181,County Tax Assessor-Collector,,,,Over Votes
Ellis,1031-5181,County Tax Assessor-Collector,,,,Under Votes
Ellis,1032-5184,County Tax Assessor-Collector,,REP,Richard Rozier,2534
Ellis,1032-5184,County Tax Assessor-Collector,,,,Over Votes
Ellis,1032-5184,County Tax Assessor-Collector,,,,Under Votes
Ellis,1033,County Tax Assessor-Collector,,REP,Richard Rozier,1589
Ellis,1033,County Tax Assessor-Collector,,,,Over Votes
Ellis,1033,County Tax Assessor-Collector,,,,Under Votes
Ellis,1034-5195,County Tax Assessor-Collector,,REP,Richard Rozier,2390
Ellis,1034-5195,County Tax Assessor-Collector,,,,Over Votes
Ellis,1034-5195,County Tax Assessor-Collector,,,,Under Votes
Ellis,1035-5197,County Tax Assessor-Collector,,REP,Richard Rozier,858
Ellis,1035-5197,County Tax Assessor-Collector,,,,Over Votes
Ellis,1035-5197,County Tax Assessor-Collector,,,,Under Votes
Ellis,1036-5200,County Tax Assessor-Collector,,REP,Richard Rozier,2107
Ellis,1036-5200,County Tax Assessor-Collector,,,,Over Votes
Ellis,1036-5200,County Tax Assessor-Collector,,,,Under Votes
Ellis,1037-5201,County Tax Assessor-Collector,,REP,Richard Rozier,1341
Ellis,1037-5201,County Tax Assessor-Collector,,,,Over Votes
Ellis,1037-5201,County Tax Assessor-Collector,,,,Under Votes
Ellis,1038-5204,County Tax Assessor-Collector,,REP,Richard Rozier,2836
Ellis,1038-5204,County Tax Assessor-Collector,,,,Over Votes
Ellis,1038-5204,County Tax Assessor-Collector,,,,Under Votes
Ellis,1039-5208,County Tax Assessor-Collector,,REP,Richard Rozier,1840
Ellis,1039-5208,County Tax Assessor-Collector,,,,Over Votes
Ellis,1039-5208,County Tax Assessor-Collector,,,,Under Votes
Ellis,1040,County Tax Assessor-Collector,,REP,Richard Rozier,311
Ellis,1040,County Tax Assessor-Collector,,,,Over Votes
Ellis,1040,County Tax Assessor-Collector,,,,Under Votes
Ellis,1041,County Tax Assessor-Collector,,REP,Richard Rozier,1835
Ellis,1041,County Tax Assessor-Collector,,,,Over Votes
Ellis,1041,County Tax Assessor-Collector,,,,Under Votes
Ellis,1042-5227,County Tax Assessor-Collector,,REP,Richard Rozier,267
Ellis,1042-5227,County Tax Assessor-Collector,,,,Over Votes
Ellis,1042-5227,County Tax Assessor-Collector,,,,Under Votes
Ellis,1043,County Tax Assessor-Collector,,REP,Richard Rozier,2240
Ellis,1043,County Tax Assessor-Collector,,,,Over Votes
Ellis,1043,County Tax Assessor-Collector,,,,Under Votes
Ellis,1044-5241,County Tax Assessor-Collector,,REP,Richard Rozier,386
Ellis,1044-5241,County Tax Assessor-Collector,,,,Over Votes
Ellis,1044-5241,County Tax Assessor-Collector,,,,Under Votes
Ellis,1045-5244,County Tax Assessor-Collector,,REP,Richard Rozier,105
Ellis,1045-5244,County Tax Assessor-Collector,,,,Over Votes
Ellis,1045-5244,County Tax Assessor-Collector,,,,Under Votes
Ellis,1046-5245,County Tax Assessor-Collector,,REP,Richard Rozier,275
Ellis,1046-5245,County Tax Assessor-Collector,,,,Over Votes
Ellis,1046-5245,County Tax Assessor-Collector,,,,Under Votes
Ellis,1047-5247,County Tax Assessor-Collector,,REP,Richard Rozier,192
Ellis,1047-5247,County Tax Assessor-Collector,,,,Over Votes
Ellis,1047-5247,County Tax Assessor-Collector,,,,Under Votes
Ellis,1048,County Tax Assessor-Collector,,REP,Richard Rozier,1118
Ellis,1048,County Tax Assessor-Collector,,,,Over Votes
Ellis,1048,County Tax Assessor-Collector,,,,Under Votes
Ellis,1049,County Tax Assessor-Collector,,REP,Richard Rozier,360
Ellis,1049,County Tax Assessor-Collector,,,,Over Votes
Ellis,1049,County Tax Assessor-Collector,,,,Under Votes
Ellis,1050,County Tax Assessor-Collector,,REP,Richard Rozier,1189
Ellis,1050,County Tax Assessor-Collector,,,,Over Votes
Ellis,1050,County Tax Assessor-Collector,,,,Under Votes
Ellis,1051,County Tax Assessor-Collector,,REP,Richard Rozier,1410
Ellis,1051,County Tax Assessor-Collector,,,,Over Votes
Ellis,1051,County Tax Assessor-Collector,,,,Under Votes
Ellis,1052,County Tax Assessor-Collector,,REP,Richard Rozier,984
Ellis,1052,County Tax Assessor-Collector,,,,Over Votes
Ellis,1052,County Tax Assessor-Collector,,,,Under Votes
Ellis,1053,County Tax Assessor-Collector,,REP,Richard Rozier,980
Ellis,1053,County Tax Assessor-Collector,,,,Over Votes
Ellis,1053,County Tax Assessor-Collector,,,,Under Votes
Ellis,1054,County Tax Assessor-Collector,,REP,Richard Rozier,1030
Ellis,1054,County Tax Assessor-Collector,,,,Over Votes
Ellis,1054,County Tax Assessor-Collector,,,,Under Votes
Ellis,1055,County Tax Assessor-Collector,,REP,Richard Rozier,1735
Ellis,1055,County Tax Assessor-Collector,,,,Over Votes
Ellis,1055,County Tax Assessor-Collector,,,,Under Votes
Ellis,1056,County Tax Assessor-Collector,,REP,Richard Rozier,1876
Ellis,1056,County Tax Assessor-Collector,,,,Over Votes
Ellis,1056,County Tax Assessor-Collector,,,,Under Votes
Ellis,1057,County Tax Assessor-Collector,,REP,Richard Rozier,2061
Ellis,1057,County Tax Assessor-Collector,,,,Over Votes
Ellis,1057,County Tax Assessor-Collector,,,,Under Votes
Ellis,1058,County Tax Assessor-Collector,,REP,Richard Rozier,822
Ellis,1058,County Tax Assessor-Collector,,,,Over Votes
Ellis,1058,County Tax Assessor-Collector,,,,Under Votes
Ellis,1059,County Tax Assessor-Collector,,REP,Richard Rozier,488
Ellis,1059,County Tax Assessor-Collector,,,,Over Votes
Ellis,1059,County Tax Assessor-Collector,,,,Under Votes
Ellis,1027,County Commissioner,3,REP,Louis Ponder,1639
Ellis,1027,County Commissioner,3,,Over Votes,0
Ellis,1027,County Commissioner,3,,Under Votes,613
Ellis,1028-5168,County Commissioner,3,REP,Louis Ponder,1665
Ellis,1028-5168,County Commissioner,3,,Over Votes,0
Ellis,1028-5168,County Commissioner,3,,Under Votes,498
Ellis,1029,County Commissioner,3,REP,Louis Ponder,376
Ellis,1029,County Commissioner,3,,Over Votes,0
Ellis,1029,County Commissioner,3,,Under Votes,119
Ellis,1030-5176,County Commissioner,3,REP,Louis Ponder,999
Ellis,1030-5176,County Commissioner,3,,Over Votes,0
Ellis,1030-5176,County Commissioner,3,,Under Votes,382
Ellis,1031-5181,County Commissioner,3,REP,Louis Ponder,341
Ellis,1031-5181,County Commissioner,3,,Over Votes,0
Ellis,1031-5181,County Commissioner,3,,Under Votes,149
Ellis,1032-5184,County Commissioner,3,REP,Louis Ponder,2506
Ellis,1032-5184,County Commissioner,3,,Over Votes,0
Ellis,1032-5184,County Commissioner,3,,Under Votes,553
Ellis,1033,County Commissioner,3,REP,Louis Ponder,1584
Ellis,1033,County Commissioner,3,,Over Votes,0
Ellis,1033,County Commissioner,3,,Under Votes,573
Ellis,1034-5195,Justice of the Peace,4,REP,"James ""Butch"" Bryant",2381
Ellis,1034-5195,Justice of the Peace,4,,Over Votes,0
Ellis,1034-5195,Justice of the Peace,4,,Under Votes,862
Ellis,1035-5197,Justice of the Peace,4,REP,"James ""Butch"" Bryant",853
Ellis,1035-5197,Justice of the Peace,4,,Over Votes,0
Ellis,1035-5197,Justice of the Peace,4,,Under Votes,337
Ellis,1036-5200,Justice of the Peace,4,REP,"James ""Butch"" Bryant",2115
Ellis,1036-5200,Justice of the Peace,4,,Over Votes,0
Ellis,1036-5200,Justice of the Peace,4,,Under Votes,952
Ellis,1037-5201,Justice of the Peace,4,REP,"James ""Butch"" Bryant",1331
Ellis,1037-5201,Justice of the Peace,4,,Over Votes,0
Ellis,1037-5201,Justice of the Peace,4,,Under Votes,491
Ellis,1038-5204,Justice of the Peace,4,REP,"James ""Butch"" Bryant",2817
Ellis,1038-5204,Justice of the Peace,4,,Over Votes,0
Ellis,1038-5204,Justice of the Peace,4,,Under Votes,1126
Ellis,1039-5208,Justice of the Peace,4,REP,"James ""Butch"" Bryant",1850
Ellis,1039-5208,Justice of the Peace,4,,Over Votes,0
Ellis,1039-5208,Justice of the Peace,4,,Under Votes,654
Ellis,1041,Justice of the Peace,4,REP,"James ""Butch"" Bryant",1833
Ellis,1041,Justice of the Peace,4,,Over Votes,0
Ellis,1041,Justice of the Peace,4,,Under Votes,594
Ellis,1043,Justice of the Peace,4,REP,"James ""Butch"" Bryant",2232
Ellis,1043,Justice of the Peace,4,,Over Votes,0
Ellis,1043,Justice of the Peace,4,,Under Votes,876
Ellis,1052,Justice of the Peace,4,REP,"James ""Butch"" Bryant",979
Ellis,1052,Justice of the Peace,4,,Over Votes,0
Ellis,1052,Justice of the Peace,4,,Under Votes,1148
Ellis,1053,Justice of the Peace,4,REP,"James ""Butch"" Bryant",972
Ellis,1053,Justice of the Peace,4,,Over Votes,0
Ellis,1053,Justice of the Peace,4,,Under Votes,726
Ellis,1054,Justice of the Peace,4,REP,"James ""Butch"" Bryant",1009
Ellis,1054,Justice of the Peace,4,,Over Votes,0
Ellis,1054,Justice of the Peace,4,,Under Votes,1574
Ellis,1055,Justice of the Peace,4,REP,"James ""Butch"" Bryant",1725
Ellis,1055,Justice of the Peace,4,,Over Votes,0
Ellis,1055,Justice of the Peace,4,,Under Votes,782
Ellis,1056,Justice of the Peace,4,REP,"James ""Butch"" Bryant",1869
Ellis,1056,Justice of the Peace,4,,Over Votes,0
Ellis,1056,Justice of the Peace,4,,Under Votes,529
Ellis,1057,Justice of the Peace,4,REP,"James ""Butch"" Bryant",2047
Ellis,1057,Justice of the Peace,4,,Over Votes,0
Ellis,1057,Justice of the Peace,4,,Under Votes,1373
Ellis,1058,Justice of the Peace,4,REP,"James ""Butch"" Bryant",820
Ellis,1058,Justice of the Peace,4,,Over Votes,0
Ellis,1058,Justice of the Peace,4,,Under Votes,509
Ellis,1004-5011,Constable,1,REP,Roy A. Callender Jr,88
Ellis,1004-5011,Constable,1,,Over Votes,0
Ellis,1004-5011,Constable,1,,Under Votes,65
Ellis,1004-5011,Constable,2,REP,Casey A. Clark,88
Ellis,1004-5011,Constable,2,,Over Votes,0
Ellis,1004-5011,Constable,2,,Under Votes,65
Ellis,1005-5015,Constable,1,REP,Roy A. Callender Jr,1945
Ellis,1005-5015,Constable,1,,Over Votes,0
Ellis,1005-5015,Constable,1,,Under Votes,900
Ellis,1005-5015,Constable,2,REP,Casey A. Clark,1945
Ellis,1005-5015,Constable,2,,Over Votes,0
Ellis,1005-5015,Constable,2,,Under Votes,900
Ellis,1006-5018,Constable,1,REP,Roy A. Callender Jr,2212
Ellis,1006-5018,Constable,1,,Over Votes,0
Ellis,1006-5018,Constable,1,,Under Votes,1383
Ellis,1006-5018,Constable,2,REP,Casey A. Clark,2212
Ellis,1006-5018,Constable,2,,Over Votes,0
Ellis,1006-5018,Constable,2,,Under Votes,1383
Ellis,1007-5022,Constable,1,REP,Roy A. Callender Jr,1106
Ellis,1007-5022,Constable,1,,Over Votes,0
Ellis,1007-5022,Constable,1,,Under Votes,428
Ellis,1007-5022,Constable,2,REP,Casey A. Clark,1106
Ellis,1007-5022,Constable,2,,Over Votes,0
Ellis,1007-5022,Constable,2,,Under Votes,428
Ellis,1009-5029,Constable,1,REP,Roy A. Callender Jr,1877
Ellis,1009-5029,Constable,1,,Over Votes,0
Ellis,1009-5029,Constable,1,,Under Votes,577
Ellis,1011,Constable,1,REP,Roy A. Callender Jr,1267
Ellis,1011,Constable,1,,Over Votes,0
Ellis,1011,Constable,1,,Under Votes,629
Ellis,1012,Constable,1,REP,Roy A. Callender Jr,1394
Ellis,1012,Constable,1,,Over Votes,0
Ellis,1012,Constable,1,,Under Votes,1000
Ellis,1013-5076,Constable,1,REP,Roy A. Callender Jr,946
Ellis,1013-5076,Constable,1,,Over Votes,0
Ellis,1013-5076,Constable,1,,Under Votes,426
Ellis,1014,Constable,1,REP,Roy A. Callender Jr,1206
Ellis,1014,Constable,1,,Over Votes,0
Ellis,1014,Constable,1,,Under Votes,268
Ellis,1015,Constable,1,REP,Roy A. Callender Jr,1709
Ellis,1015,Constable,1,,Over Votes,0
Ellis,1015,Constable,1,,Under Votes,628
Ellis,1016,Constable,1,REP,Roy A. Callender Jr,456
Ellis,1016,Constable,1,,Over Votes,0
Ellis,1016,Constable,1,,Under Votes,406
Ellis,1017-5108,Constable,1,REP,Roy A. Callender Jr,1341
Ellis,1017-5108,Constable,1,,Over Votes,0
Ellis,1017-5108,Constable,1,,Under Votes,531
Ellis,1018,Constable,1,REP,Roy A. Callender Jr,919
Ellis,1018,Constable,1,,Over Votes,0
Ellis,1018,Constable,1,,Under Votes,651
Ellis,1019-5117,Constable,1,REP,Roy A. Callender Jr,1300
Ellis,1019-5117,Constable,1,,Over Votes,0
Ellis,1019-5117,Constable,1,,Under Votes,443
Ellis,1020,Constable,1,REP,Roy A. Callender Jr,1003
Ellis,1020,Constable,1,,Over Votes,0
Ellis,1020,Constable,1,,Under Votes,306
Ellis,1027,Constable,2,REP,Casey A. Clark,1656
Ellis,1027,Constable,2,,Over Votes,0
Ellis,1027,Constable,2,,Under Votes,596
Ellis,1028-5168,Constable,2,REP,Casey A. Clark,1679
Ellis,1028-5168,Constable,2,,Over Votes,0
Ellis,1028-5168,Constable,2,,Under Votes,484
Ellis,1029,Constable,2,REP,Casey A. Clark,381
Ellis,1029,Constable,2,,Over Votes,0
Ellis,1029,Constable,2,,Under Votes,114
Ellis,1030-5176,Constable,2,REP,Casey A. Clark,1005
Ellis,1030-5176,Constable,2,,Over Votes,0
Ellis,1030-5176,Constable,2,,Under Votes,376
Ellis,1031-5181,Constable,2,REP,Casey A. Clark,345
Ellis,1031-5181,Constable,2,,Over Votes,0
Ellis,1031-5181,Constable,2,,Under Votes,145
Ellis,1032-5184,Constable,2,REP,Casey A. Clark,2530
Ellis,1032-5184,Constable,2,,Over Votes,0
Ellis,1032-5184,Constable,2,,Under Votes,529
Ellis,1033,Constable,2,REP,Casey A. Clark,1583
Ellis,1033,Constable,2,,Over Votes,0
Ellis,1033,Constable,2,,Under Votes,574
Ellis,1040,Constable,2,REP,Casey A. Clark,309
Ellis,1040,Constable,2,,Over Votes,0
Ellis,1040,Constable,2,,Under Votes,89
Ellis,1042-5227,Constable,2,REP,Casey A. Clark,267
Ellis,1042-5227,Constable,2,,Over Votes,0
Ellis,1042-5227,Constable,2,,Under Votes,86
Ellis,1044-5241,Constable,2,REP,Casey A. Clark,388
Ellis,1044-5241,Constable,2,,Over Votes,0
Ellis,1044-5241,Constable,2,,Under Votes,101
Ellis,1045-5244,Constable,2,REP,Casey A. Clark,110
Ellis,1045-5244,Constable,2,,Over Votes,0
Ellis,1045-5244,Constable,2,,Under Votes,17
Ellis,1048,Constable,2,REP,Casey A. Clark,1123
Ellis,1048,Constable,2,,Over Votes,0
Ellis,1048,Constable,2,,Under Votes,462
Ellis,1059,Constable,2,REP,Casey A. Clark,482
Ellis,1059,Constable,2,,Over Votes,0
Ellis,1059,Constable,2,,Under Votes,134
Ellis,1001-5001,Constable,3,DEM,"Curtis ""Polkey"" Polk Jr",1039
Ellis,1001-5001,Constable,3,,Over Votes,0
Ellis,1001-5001,Constable,3,,Under Votes,488
Ellis,1002,Constable,3,DEM,"Curtis ""Polkey"" Polk Jr",71
Ellis,1002,Constable,3,,Over Votes,0
Ellis,1002,Constable,3,,Under Votes,75
Ellis,1003-5007,Constable,3,DEM,"Curtis ""Polkey"" Polk Jr",1206
Ellis,1003-5007,Constable,3,,Over Votes,0
Ellis,1003-5007,Constable,3,,Under Votes,1005
Ellis,1008-5026,Constable,3,DEM,"Curtis ""Polkey"" Polk Jr",49
Ellis,1008-5026,Constable,3,,Over Votes,0
Ellis,1008-5026,Constable,3,,Under Votes,66
Ellis,1010,Constable,3,DEM,"Curtis ""Polkey"" Polk Jr",582
Ellis,1010,Constable,3,,Over Votes,0
Ellis,1010,Constable,3,,Under Votes,809
Ellis,1021,Constable,3,DEM,"Curtis ""Polkey"" Polk Jr",461
Ellis,1021,Constable,3,,Over Votes,0
Ellis,1021,Constable,3,,Under Votes,626
Ellis,1022,Constable,3,DEM,"Curtis ""Polkey"" Polk Jr",1118
Ellis,1022,Constable,3,,Over Votes,0
Ellis,1022,Constable,3,,Under Votes,1150
Ellis,1024-5159,Constable,3,DEM,"Curtis ""Polkey"" Polk Jr",750
Ellis,1024-5159,Constable,3,,Over Votes,0
Ellis,1024-5159,Constable,3,,Under Votes,733
Ellis,1025-5160,Constable,3,DEM,"Curtis ""Polkey"" Polk Jr",922
Ellis,1025-5160,Constable,3,,Over Votes,0
Ellis,1025-5160,Constable,3,,Under Votes,847
Ellis,1026-5161,Constable,3,DEM,"Curtis ""Polkey"" Polk Jr",820
Ellis,1026-5161,Constable,3,,Over Votes,0
Ellis,1026-5161,Constable,3,,Under Votes,854
Ellis,1034-5195,Constable,4,REP,Mark Bounds,2369
Ellis,1034-5195,Constable,4,,Over Votes,0
Ellis,1034-5195,Constable,4,,Under Votes,874
Ellis,1035-5197,Constable,4,REP,Mark Bounds,847
Ellis,1035-5197,Constable,4,,Over Votes,0
Ellis,1035-5197,Constable,4,,Under Votes,343
Ellis,1036-5200,Constable,4,REP,Mark Bounds,2100
Ellis,1036-5200,Constable,4,,Over Votes,0
Ellis,1036-5200,Constable,4,,Under Votes,967
Ellis,1037-5201,Constable,4,REP,Mark Bounds,1317
Ellis,1037-5201,Constable,4,,Over Votes,0
Ellis,1037-5201,Constable,4,,Under Votes,505
Ellis,1038-5204,Constable,4,REP,Mark Bounds,2813
Ellis,1038-5204,Constable,4,,Over Votes,0
Ellis,1038-5204,Constable,4,,Under Votes,1130
Ellis,1039-5208,Constable,4,REP,Mark Bounds,1831
Ellis,1039-5208,Constable,4,,Over Votes,0
Ellis,1039-5208,Constable,4,,Under Votes,673
Ellis,1041,Constable,4,REP,Mark Bounds,1822
Ellis,1041,Constable,4,,Over Votes,0
Ellis,1041,Constable,4,,Under Votes,605
Ellis,1043,Constable,4,REP,Mark Bounds,2227
Ellis,1043,Constable,4,,Over Votes,0
Ellis,1043,Constable,4,,Under Votes,881
Ellis,1046-5245,Constable,3,DEM,"Curtis ""Polkey"" Polk Jr",205
Ellis,1046-5245,Constable,3,,Over Votes,0
Ellis,1046-5245,Constable,3,,Under Votes,199
Ellis,1047-5247,Constable,3,DEM,"Curtis ""Polkey"" Polk Jr",86
Ellis,1047-5247,Constable,3,,Over Votes,0
Ellis,1047-5247,Constable,3,,Under Votes,154
Ellis,1049,Constable,3,DEM,"Curtis ""Polkey"" Polk Jr",192
Ellis,1049,Constable,3,,Over Votes,0
Ellis,1049,Constable,3,,Under Votes,288
Ellis,1050,Constable,3,DEM,"Curtis ""Polkey"" Polk Jr",1582
Ellis,1050,Constable,3,,Over Votes,0
Ellis,1050,Constable,3,,Under Votes,899
Ellis,1051,Constable,3,DEM,"Curtis ""Polkey"" Polk Jr",1476
Ellis,1051,Constable,3,,Over Votes,0
Ellis,1051,Constable,3,,Under Votes,1102
Ellis,1052,Constable,4,REP,Mark Bounds,962
Ellis,1052,Constable,4,,Over Votes,0
Ellis,1052,Constable,4,,Under Votes,1165
Ellis,1053,Constable,4,REP,Mark Bounds,972
Ellis,1053,Constable,4,,Over Votes,0
Ellis,1053,Constable,4,,Under Votes,726
Ellis,1054,Constable,4,REP,Mark Bounds,1019
Ellis,1054,Constable,4,,Over Votes,0
Ellis,1054,Constable,4,,Under Votes,1564
Ellis,1055,Constable,4,REP,Mark Bounds,1708
Ellis,1055,Constable,4,,Over Votes,0
Ellis,1055,Constable,4,,Under Votes,799
Ellis,1056,Constable,4,REP,Mark Bounds,1851
Ellis,1056,Constable,4,,Over Votes,0
Ellis,1056,Constable,4,,Under Votes,547
Ellis,1057,Constable,4,REP,Mark Bounds,2041
Ellis,1057,Constable,4,,Over Votes,0
Ellis,1057,Constable,4,,Under Votes,1379
Ellis,1058,Constable,4,REP,Mark Bounds,820
Ellis,1058,Constable,4,,Over Votes,0
Ellis,1058,Constable,4,,Under Votes,509
Ellis,1014,City of Ennis - Commissioner Ward 1,Unexpired Term,1,,Cindy Falkenback
Ellis,1014,City of Ennis - Commissioner Ward 1,Unexpired Term,1,,Austin Estes
Ellis,1014,City of Ennis - Commissioner Ward 1,Unexpired Term,1,,Over Votes
Ellis,1014,City of Ennis - Commissioner Ward 1,Unexpired Term,1,,Under Votes
Ellis,1015,City of Ennis - Commissioner Ward 1,Unexpired Term,1,,Cindy Falkenback
Ellis,1015,City of Ennis - Commissioner Ward 1,Unexpired Term,1,,Austin Estes
Ellis,1015,City of Ennis - Commissioner Ward 1,Unexpired Term,1,,Over Votes
Ellis,1015,City of Ennis - Commissioner Ward 1,Unexpired Term,1,,Under Votes
Ellis,1016,City of Ennis - Commissioner Ward 1,Unexpired Term,1,,Cindy Falkenback
Ellis,1016,City of Ennis - Commissioner Ward 1,Unexpired Term,1,,Austin Estes
Ellis,1016,City of Ennis - Commissioner Ward 1,Unexpired Term,1,,Over Votes
Ellis,1016,City of Ennis - Commissioner Ward 1,Unexpired Term,1,,Under Votes
Ellis,1018,City of Ennis - Commissioner Ward 1,Unexpired Term,1,,Cindy Falkenback
Ellis,1018,City of Ennis - Commissioner Ward 1,Unexpired Term,1,,Austin Estes
Ellis,1018,City of Ennis - Commissioner Ward 1,Unexpired Term,1,,Over Votes
Ellis,1018,City of Ennis - Commissioner Ward 1,Unexpired Term,1,,Under Votes
Ellis,1020,City of Ennis - Commissioner Ward 1,Unexpired Term,1,,Cindy Falkenback
Ellis,1020,City of Ennis - Commissioner Ward 1,Unexpired Term,1,,Austin Estes
Ellis,1020,City of Ennis - Commissioner Ward 1,Unexpired Term,1,,Over Votes
Ellis,1020,City of Ennis - Commissioner Ward 1,Unexpired Term,1,,Under Votes
Ellis,1053,City of Glenn Heights - Council Member,Place 1 (Ellis Co. Portion Only),1,,Sherron Mosely
Ellis,1053,City of Glenn Heights - Council Member,Place 1 (Ellis Co. Portion Only),1,,Will Busby
Ellis,1053,City of Glenn Heights - Council Member,Place 1 (Ellis Co. Portion Only),1,,Over Votes
Ellis,1053,City of Glenn Heights - Council Member,Place 1 (Ellis Co. Portion Only),1,,Under Votes
Ellis,1054,City of Glenn Heights - Council Member,Place 1 (Ellis Co. Portion Only),1,,Sherron Mosely
Ellis,1054,City of Glenn Heights - Council Member,Place 1 (Ellis Co. Portion Only),1,,Will Busby
Ellis,1054,City of Glenn Heights - Council Member,Place 1 (Ellis Co. Portion Only),1,,Over Votes
Ellis,1054,City of Glenn Heights - Council Member,Place 1 (Ellis Co. Portion Only),1,,Under Votes
Ellis,1053,City of Glenn Heights - Council Member,Place 3 (Ellis Co. Portion Only),3,,Travis J. Bruton
Ellis,1053,City of Glenn Heights - Council Member,Place 3 (Ellis Co. Portion Only),3,,Over Votes
Ellis,1053,City of Glenn Heights - Council Member,Place 3 (Ellis Co. Portion Only),3,,Under Votes
Ellis,1053,City of Glenn Heights - Council Member,Place 5 (Ellis Co. Portion),5,,Leon Tate
Ellis,1053,City of Glenn Heights - Council Member,Place 5 (Ellis Co. Portion),5,,Brandon S. Couts
Ellis,1053,City of Glenn Heights - Council Member,Place 5 (Ellis Co. Portion),5,,Lavonne High
Ellis,1053,City of Glenn Heights - Council Member,Place 5 (Ellis Co. Portion),5,,Over Votes
Ellis,1053,City of Glenn Heights - Council Member,Place 5 (Ellis Co. Portion),5,,Under Votes
Ellis,1054,City of Glenn Heights - Council Member,Place 3 (Ellis Co. Portion Only),3,,Travis J. Bruton
Ellis,1054,City of Glenn Heights - Council Member,Place 3 (Ellis Co. Portion Only),3,,Over Votes
Ellis,1054,City of Glenn Heights - Council Member,Place 3 (Ellis Co. Portion Only),3,,Under Votes
Ellis,1054,City of Glenn Heights - Council Member,Place 5 (Ellis Co. Portion),5,,Leon Tate
Ellis,1054,City of Glenn Heights - Council Member,Place 5 (Ellis Co. Portion),5,,Brandon S. Couts
Ellis,1054,City of Glenn Heights - Council Member,Place 5 (Ellis Co. Portion),5,,Lavonne High
Ellis,1054,City of Glenn Heights - Council Member,Place 5 (Ellis Co. Portion),5,,Over Votes
Ellis,1054,City of Glenn Heights - Council Member,Place 5 (Ellis Co. Portion),5,,Under Votes
Ellis,1057,City of Mansfield - Proposition A (Ellis Co. Portion Only),A,,For,286
Ellis,1057,City of Mansfield - Proposition A (Ellis Co. Portion Only),A,,Against,140
Ellis,1057,City of Mansfield - Proposition A (Ellis Co. Portion Only),A,,Over Votes,0
Ellis,1057,City of Mansfield - Proposition A (Ellis Co. Portion Only),A,,Under Votes,48
Ellis,1058,City of Mansfield - Proposition A (Ellis Co. Portion Only),A,,For,4
Ellis,1058,City of Mansfield - Proposition A (Ellis Co. Portion Only),A,,Against,1
Ellis,1058,City of Mansfield - Proposition A (Ellis Co. Portion Only),A,,Over Votes,0
Ellis,1058,City of Mansfield - Proposition A (Ellis Co. Portion Only),A,,Under Votes,0
Ellis,1053,City of Ovilla - Proposition A (Ellis Co.Portion Only),A,,For,127
Ellis,1053,City of Ovilla - Proposition A (Ellis Co.Portion Only),A,,Against,62
Ellis,1053,City of Ovilla - Proposition A (Ellis Co.Portion Only),A,,Over Votes,0
Ellis,1053,City of Ovilla - Proposition A (Ellis Co.Portion Only),A,,Under Votes,15
Ellis,1054,City of Ovilla - Proposition A (Ellis Co.Portion Only),A,,For,77
Ellis,1054,City of Ovilla - Proposition A (Ellis Co.Portion Only),A,,Against,30
Ellis,1054,City of Ovilla - Proposition A (Ellis Co.Portion Only),A,,Over Votes,0
Ellis,1054,City of Ovilla - Proposition A (Ellis Co.Portion Only),A,,Under Votes,8
Ellis,1055,City of Ovilla - Proposition A (Ellis Co.Portion Only),A,,For,1577
Ellis,1055,City of Ovilla - Proposition A (Ellis Co.Portion Only),A,,Against,573
Ellis,1055,City of Ovilla - Proposition A (Ellis Co.Portion Only),A,,Over Votes,0
Ellis,1055,City of Ovilla - Proposition A (Ellis Co.Portion Only),A,,Under Votes,160
Ellis,1056,City of Ovilla - Proposition A (Ellis Co.Portion Only),A,,For,6
Ellis,1056,City of Ovilla - Proposition A (Ellis Co.Portion Only),A,,Against,3
Ellis,1056,City of Ovilla - Proposition A (Ellis Co.Portion Only),A,,Over Votes,0
Ellis,1056,City of Ovilla - Proposition A (Ellis Co.Portion Only),A,,Under Votes,1
Ellis,1010,City of Red Oak - Proposition A,A,,For,404
Ellis,1010,City of Red Oak - Proposition A,A,,Against,97
Ellis,1010,City of Red Oak - Proposition A,A,,Over Votes,0
Ellis,1010,City of Red Oak - Proposition A,A,,Under Votes,30
Ellis,1011,City of Red Oak - Proposition A,A,,For,263
Ellis,1011,City of Red Oak - Proposition A,A,,Against,59
Ellis,1011,City of Red Oak - Proposition A,A,,Over Votes,0
Ellis,1011,City of Red Oak - Proposition A,A,,Under Votes,27
Ellis,1012,City of Red Oak - Proposition A,A,,For,97
Ellis,1012,City of Red Oak - Proposition A,A,,Against,19
Ellis,1012,City of Red Oak - Proposition A,A,,Over Votes,0
Ellis,1012,City of Red Oak - Proposition A,A,,Under Votes,10
Ellis,1048,City of Red Oak - Proposition A,A,,For,151
Ellis,1048,City of Red Oak - Proposition A,A,,Against,34
Ellis,1048,City of Red Oak - Proposition A,A,,Over Votes,0
Ellis,1048,City of Red Oak - Proposition A,A,,Under Votes,20
Ellis,1049,City of Red Oak - Proposition A,A,,For,2
Ellis,1049,City of Red Oak - Proposition A,A,,Against,3
Ellis,1049,City of Red Oak - Proposition A,A,,Over Votes,0
Ellis,1049,City of Red Oak - Proposition A,A,,Under Votes,0
Ellis,1050,City of Red Oak - Proposition A,A,,For,1931
Ellis,1050,City of Red Oak - Proposition A,A,,Against,381
Ellis,1050,City of Red Oak - Proposition A,A,,Over Votes,0
Ellis,1050,City of Red Oak - Proposition A,A,,Under Votes,166
Ellis,1051,City of Red Oak - Proposition A,A,,For,1365
Ellis,1051,City of Red Oak - Proposition A,A,,Against,240
Ellis,1051,City of Red Oak - Proposition A,A,,Over Votes,0
Ellis,1051,City of Red Oak - Proposition A,A,,Under Votes,130
Ellis,1052,City of Red Oak - Proposition A,A,,For,1497
Ellis,1052,City of Red Oak - Proposition A,A,,Against,302
Ellis,1052,City of Red Oak - Proposition A,A,,Over Votes,0
Ellis,1052,City of Red Oak - Proposition A,A,,Under Votes,138
Ellis,1021,Avalon ISD - Three Board of Trustees,,,,Michael G. McElveen
Ellis,1021,Avalon ISD - Three Board of Trustees,,,,Dudley Martin
Ellis,1021,Avalon ISD - Three Board of Trustees,,,,Wendi G. Ronquille
Ellis,1021,Avalon ISD - Three Board of Trustees,,,,Jesse J. Munguia
Ellis,1021,Avalon ISD - Three Board of Trustees,,,,Krystal Tidwell
Ellis,1021,Avalon ISD - Three Board of Trustees,,,,David Arreaga
Ellis,1021,Avalon ISD - Three Board of Trustees,,,,Victor H. Ledesma
Ellis,1021,Avalon ISD - Three Board of Trustees,,,,Carl Stokley
Ellis,1021,Avalon ISD - Three Board of Trustees,,,,Dustin Todd Binner
Ellis,1021,Avalon ISD - Three Board of Trustees,,,,Over Votes
Ellis,1021,Avalon ISD - Three Board of Trustees,,,,Under Votes
Ellis,1029,Avalon ISD - Three Board of Trustees,,,,Michael G. McElveen
Ellis,1029,Avalon ISD - Three Board of Trustees,,,,Dudley Martin
Ellis,1029,Avalon ISD - Three Board of Trustees,,,,Wendi G. Ronquille
Ellis,1029,Avalon ISD - Three Board of Trustees,,,,Jesse J. Munguia
Ellis,1029,Avalon ISD - Three Board of Trustees,,,,Krystal Tidwell
Ellis,1029,Avalon ISD - Three Board of Trustees,,,,David Arreaga
Ellis,1029,Avalon ISD - Three Board of Trustees,,,,Victor H. Ledesma
Ellis,1029,Avalon ISD - Three Board of Trustees,,,,Carl Stokley
Ellis,1029,Avalon ISD - Three Board of Trustees,,,,Dustin Todd Binner
Ellis,1029,Avalon ISD - Three Board of Trustees,,,,Over Votes
Ellis,1029,Avalon ISD - Three Board of Trustees,,,,Under Votes
Ellis,1020,Emergency Services District No. 10 - Proposition A,A,,For,309
Ellis,1020,Emergency Services District No. 10 - Proposition A,A,,Against,75
Ellis,1020,Emergency Services District No. 10 - Proposition A,A,,Over Votes,0
Ellis,1020,Emergency Services District No. 10 - Proposition A,A,,Under Votes,48
Ellis,1021,Emergency Services District No. 10 - Proposition A,A,,For,57
Ellis,1021,Emergency Services District No. 10 - Proposition A,A,,Against,14
Ellis,1021,Emergency Services District No. 10 - Proposition A,A,,Over Votes,0
Ellis,1021,Emergency Services District No. 10 - Proposition A,A,,Under Votes,2
Ellis,1027,Midlothian ISD - Proposition A,A,,For,1
Ellis,1027,Midlothian ISD - Proposition A,A,,Against,0
Ellis,1027,Midlothian ISD - Proposition A,A,,Over Votes,0
Ellis,1027,Midlothian ISD - Proposition A,A,,Under Votes,0
Ellis,1033,Midlothian ISD - Proposition A,A,,For,892
Ellis,1033,Midlothian ISD - Proposition A,A,,Against,1130
Ellis,1033,Midlothian ISD - Proposition A,A,,Over Votes,0
Ellis,1033,Midlothian ISD - Proposition A,A,,Under Votes,132
Ellis,1034-5195,Midlothian ISD - Proposition A,A,,For,1289
Ellis,1034-5195,Midlothian ISD - Proposition A,A,,Against,1737
Ellis,1034-5195,Midlothian ISD - Proposition A,A,,Over Votes,0
Ellis,1034-5195,Midlothian ISD - Proposition A,A,,Under Votes,217
Ellis,1035-5197,Midlothian ISD - Proposition A,A,,For,462
Ellis,1035-5197,Midlothian ISD - Proposition A,A,,Against,603
Ellis,1035-5197,Midlothian ISD - Proposition A,A,,Over Votes,0
Ellis,1035-5197,Midlothian ISD - Proposition A,A,,Under Votes,125
Ellis,1036-5200,Midlothian ISD - Proposition A,A,,For,1237
Ellis,1036-5200,Midlothian ISD - Proposition A,A,,Against,1578
Ellis,1036-5200,Midlothian ISD - Proposition A,A,,Over Votes,0
Ellis,1036-5200,Midlothian ISD - Proposition A,A,,Under Votes,252
Ellis,1037-5201,Midlothian ISD - Proposition A,A,,For,775
Ellis,1037-5201,Midlothian ISD - Proposition A,A,,Against,942
Ellis,1037-5201,Midlothian ISD - Proposition A,A,,Over Votes,0
Ellis,1037-5201,Midlothian ISD - Proposition A,A,,Under Votes,105
Ellis,1038-5204,Midlothian ISD - Proposition A,A,,For,1618
Ellis,1038-5204,Midlothian ISD - Proposition A,A,,Against,2079
Ellis,1038-5204,Midlothian ISD - Proposition A,A,,Over Votes,0
Ellis,1038-5204,Midlothian ISD - Proposition A,A,,Under Votes,246
Ellis,1039-5208,Midlothian ISD - Proposition A,A,,For,1024
Ellis,1039-5208,Midlothian ISD - Proposition A,A,,Against,1227
Ellis,1039-5208,Midlothian ISD - Proposition A,A,,Over Votes,0
Ellis,1039-5208,Midlothian ISD - Proposition A,A,,Under Votes,253
Ellis,1040,Midlothian ISD - Proposition A,A,,For,109
Ellis,1040,Midlothian ISD - Proposition A,A,,Against,191
Ellis,1040,Midlothian ISD - Proposition A,A,,Over Votes,0
Ellis,1040,Midlothian ISD - Proposition A,A,,Under Votes,18
Ellis,1041,Midlothian ISD - Proposition A,A,,For,736
Ellis,1041,Midlothian ISD - Proposition A,A,,Against,1113
Ellis,1041,Midlothian ISD - Proposition A,A,,Over Votes,0
Ellis,1041,Midlothian ISD - Proposition A,A,,Under Votes,120
Ellis,1043,Midlothian ISD - Proposition A,A,,For,936
Ellis,1043,Midlothian ISD - Proposition A,A,,Against,1474
Ellis,1043,Midlothian ISD - Proposition A,A,,Over Votes,0
Ellis,1043,Midlothian ISD - Proposition A,A,,Under Votes,190
Ellis,1055,Midlothian ISD - Proposition A,A,,For,468
Ellis,1055,Midlothian ISD - Proposition A,A,,Against,636
Ellis,1055,Midlothian ISD - Proposition A,A,,Over Votes,0
Ellis,1055,Midlothian ISD - Proposition A,A,,Under Votes,91
Ellis,1056,Midlothian ISD - Proposition A,A,,For,1035
Ellis,1056,Midlothian ISD - Proposition A,A,,Against,1215
Ellis,1056,Midlothian ISD - Proposition A,A,,Over Votes,0
Ellis,1056,Midlothian ISD - Proposition A,A,,Under Votes,148
Ellis,1057,Midlothian ISD - Proposition A,A,,For,1239
Ellis,1057,Midlothian ISD - Proposition A,A,,Against,1891
Ellis,1057,Midlothian ISD - Proposition A,A,,Over Votes,0
Ellis,1057,Midlothian ISD - Proposition A,A,,Under Votes,290
Ellis,1058,Midlothian ISD - Proposition A,A,,For,478
Ellis,1058,Midlothian ISD - Proposition A,A,,Against,708
Ellis,1058,Midlothian ISD - Proposition A,A,,Over Votes,0
Ellis,1058,Midlothian ISD - Proposition A,A,,Under Votes,143
Ellis,1059,Midlothian ISD - Proposition A,A,,For,13
Ellis,1059,Midlothian ISD - Proposition A,A,,Against,20
Ellis,1059,Midlothian ISD - Proposition A,A,,Over Votes,0
Ellis,1059,Midlothian ISD - Proposition A,A,,Under Votes,1
Ellis,1015,Emergency Services District No. 11 - Proposition A,A,,For,160
Ellis,1015,Emergency Services District No. 11 - Proposition A,A,,Against,69
Ellis,1015,Emergency Services District No. 11 - Proposition A,A,,Over Votes,0
Ellis,1015,Emergency Services District No. 11 - Proposition A,A,,Under Votes,55
Ellis,1020,Emergency Services District No. 11 - Proposition A,A,,For,155
Ellis,1020,Emergency Services District No. 11 - Proposition A,A,,Against,52
Ellis,1020,Emergency Services District No. 11 - Proposition A,A,,Over Votes,0
Ellis,1020,Emergency Services District No. 11 - Proposition A,A,,Under Votes,28
Ellis,1057,Lakesong Municipal Management District No. 1 - Proposition A,A,,For,1
Ellis,1057,Lakesong Municipal Management District No. 1 - Proposition A,A,,Against,0
Ellis,1057,Lakesong Municipal Management District No. 1 - Proposition A,A,,Over Votes,0
Ellis,1057,Lakesong Municipal Management District No. 1 - Proposition A,A,,Under Votes,0
Ellis,1057,Lakesong Municipal Management District No. 1 - Proposition B,B,,For,1
Ellis,1057,Lakesong Municipal Management District No. 1 - Proposition B,B,,Against,0
Ellis,1057,Lakesong Municipal Management District No. 1 - Proposition B,B,,Over Votes,0
Ellis,1057,Lakesong Municipal Management District No. 1 - Proposition B,B,,Under Votes,0
Ellis,1057,Lakesong Municipal Management District No. 1 - Proposition C,C,,For,1
Ellis,1057,Lakesong Municipal Management District No. 1 - Proposition C,C,,Against,0
Ellis,1057,Lakesong Municipal Management District No. 1 - Proposition C,C,,Over Votes,0
Ellis,1057,Lakesong Municipal Management District No. 1 - Proposition C,C,,Under Votes,0
Ellis,1057,Lakesong Municipal Management District No. 1 - Proposition D,D,,For,1
Ellis,1057,Lakesong Municipal Management District No. 1 - Proposition D,D,,Against,0
Ellis,1057,Lakesong Municipal Management District No. 1 - Proposition D,D,,Over Votes,0
Ellis,1057,Lakesong Municipal Management District No. 1 - Proposition D,D,,Under Votes,0
Ellis,1057,Lakesong Municipal Management District No. 1 - Five Directors,,,,Dylan Edward - Klein
Ellis,1057,Lakesong Municipal Management District No. 1 - Five Directors,,,,Maxwell - Marden Miller
Ellis,1057,Lakesong Municipal Management District No. 1 - Five Directors,,,,Christopher Robert Young
Ellis,1057,Lakesong Municipal Management District No. 1 - Five Directors,,,,Fernando Otoniel Bocanegra
Ellis,1057,Lakesong Municipal Management District No. 1 - Five Directors,,,,Samuel Alves - Mota
Ellis,1057,Lakesong Municipal Management District No. 1 - Five Directors,,,,Over Votes
Ellis,1057,Lakesong Municipal Management District No. 1 - Five Directors,,,,Under Votes
Ellis,1002,Myrtle Creek Municipal Management District No. 1 - Proposition A,A,,For,0
Ellis,1002,Myrtle Creek Municipal Management District No. 1 - Proposition A,A,,Against,0
Ellis,1002,Myrtle Creek Municipal Management District No. 1 - Proposition A,A,,Over Votes,0
Ellis,1002,Myrtle Creek Municipal Management District No. 1 - Proposition A,A,,Under Votes,0
Ellis,1002,Myrtle Creek Municipal Management District No. 1 - Proposition B,B,,For,0
Ellis,1002,Myrtle Creek Municipal Management District No. 1 - Proposition B,B,,Against,0
Ellis,1002,Myrtle Creek Municipal Management District No. 1 - Proposition B,B,,Over Votes,0
Ellis,1002,Myrtle Creek Municipal Management District No. 1 - Proposition B,B,,Under Votes,0
Ellis,1022,Myrtle Creek Municipal Management District No. 1 - Proposition A,A,,For,2
Ellis,1022,Myrtle Creek Municipal Management District No. 1 - Proposition A,A,,Against,0
Ellis,1022,Myrtle Creek Municipal Management District No. 1 - Proposition A,A,,Over Votes,0
Ellis,1022,Myrtle Creek Municipal Management District No. 1 - Proposition A,A,,Under Votes,1
Ellis,1022,Myrtle Creek Municipal Management District No. 1 - Proposition B,B,,For,2
Ellis,1022,Myrtle Creek Municipal Management District No. 1 - Proposition B,B,,Against,0
Ellis,1022,Myrtle Creek Municipal Management District No. 1 - Proposition B,B,,Over Votes,0
Ellis,1022,Myrtle Creek Municipal Management District No. 1 - Proposition B,B,,Under Votes,1
Ellis,1002,Myrtle Creek Municipal Management District No. 1 - Proposition C,C,,For,0
Ellis,1002,Myrtle Creek Municipal Management District No. 1 - Proposition C,C,,Against,0
Ellis,1002,Myrtle Creek Municipal Management District No. 1 - Proposition C,C,,Over Votes,0
Ellis,1002,Myrtle Creek Municipal Management District No. 1 - Proposition C,C,,Under Votes,0
Ellis,1002,Myrtle Creek Municipal Management District No. 1 - Proposition D,D,,For,0
Ellis,1002,Myrtle Creek Municipal Management District No. 1 - Proposition D,D,,Against,0
Ellis,1002,Myrtle Creek Municipal Management District No. 1 - Proposition D,D,,Over Votes,0
Ellis,1002,Myrtle Creek Municipal Management District No. 1 - Proposition D,D,,Under Votes,0
Ellis,1022,Myrtle Creek Municipal Management District No. 1 - Proposition C,C,,For,2
Ellis,1022,Myrtle Creek Municipal Management District No. 1 - Proposition C,C,,Against,0
Ellis,1022,Myrtle Creek Municipal Management District No. 1 - Proposition C,C,,Over Votes,0
Ellis,1022,Myrtle Creek Municipal Management District No. 1 - Proposition C,C,,Under Votes,1
Ellis,1022,Myrtle Creek Municipal Management District No. 1 - Proposition D,D,,For,2
Ellis,1022,Myrtle Creek Municipal Management District No. 1 - Proposition D,D,,Against,0
Ellis,1022,Myrtle Creek Municipal Management District No. 1 - Proposition D,D,,Over Votes,0
Ellis,1022,Myrtle Creek Municipal Management District No. 1 - Proposition D,D,,Under Votes,1
Ellis,1002,Myrtle Creek Municipal Management District No. 1 - Five Directors,,,,John Neal Crew
Ellis,1002,Myrtle Creek Municipal Management District No. 1 - Five Directors,,,,Jorge Rodiles
Ellis,1002,Myrtle Creek Municipal Management District No. 1 - Five Directors,,,,Kerrie Beth Hauntr
Ellis,1002,Myrtle Creek Municipal Management District No. 1 - Five Directors,,,,Jason Michael Newton
Ellis,1002,Myrtle Creek Municipal Management District No. 1 - Five Directors,,,,"Thomas ""Erick"" Fraser"
Ellis,1002,Myrtle Creek Municipal Management District No. 1 - Five Directors,,,,Over Votes
Ellis,1002,Myrtle Creek Municipal Management District No. 1 - Five Directors,,,,Under Votes
Ellis,1022,Myrtle Creek Municipal Management District No. 1 - Five Directors,,,,John Neal Crew
Ellis,1022,Myrtle Creek Municipal Management District No. 1 - Five Directors,,,,Jorge Rodiles
Ellis,1022,Myrtle Creek Municipal Management District No. 1 - Five Directors,,,,Kerrie Beth Hauntr
Ellis,1022,Myrtle Creek Municipal Management District No. 1 - Five Directors,,,,Jason Michael Newton
Ellis,1022,Myrtle Creek Municipal Management District No. 1 - Five Directors,,,,"Thomas ""Erick"" Fraser"
Ellis,1022,Myrtle Creek Municipal Management District No. 1 - Five Directors,,,,Over Votes
Ellis,1022,Myrtle Creek Municipal Management District No. 1 - Five Directors,,,,Under Votes
