county,precinct,office,district,party,candidate,votes,absentee,early_voting,election_day,provisional,limited
Parker,100,Registered Voters,,,,4843,,,,,
Parker,100,Ballots Cast,,,,3522,,,,,
Parker,100,President,,REP,Donald J. Trump JD Vance,2774,43,2303,418,1,0
Parker,100,President,,DEM,Kamala D. Harris Tim Walz,691,51,540,99,1,0
Parker,100,President,,LIB,Chase Oliver Mike ter Maat,23,0,15,8,0,0
Parker,100,President,,GRN,Jill Stein Rudolph Ware,12,1,9,2,0,0
Parker,100,President,,,Cherunda Fox/Harlan McVay,0,0,0,0,0,0
Parker,100,President,,,Claudia De La Cruz/Karina Garcia,1,1,0,0,0,0
Parker,100,President,,,Cornel West/Melina Abdullah,0,0,0,0,0,0
Parker,100,President,,,Jessie Cuellar/Wesley Lasley,0,0,0,0,0,0
Parker,100,President,,,Peter Sonski/Lauren Onak,1,1,0,0,0,0
Parker,100,President,,,Shiva Ayyadurai/Crystal Ellis,0,0,0,0,0,0
Parker,100,President,,,Under Votes,19,2,12,5,0,0
Parker,100,President,,,Over Votes,1,1,0,0,0,0
Parker,100,U.S. Senate,,REP,Ted Cruz,2670,41,2232,387,1,0
Parker,100,U.S. Senate,,DEM,Colin Allred,746,52,581,112,1,0
Parker,100,U.S. Senate,,LIB,Ted Brown,74,2,50,22,0,0
Parker,100,U.S. Senate,,,Analisa Roche,0,0,0,0,0,0
Parker,100,U.S. Senate,,,Tracy Andrus,1,1,0,0,0,0
Parker,100,U.S. Senate,,,Under Votes,30,3,16,11,0,0
Parker,100,U.S. Senate,,,Over Votes,1,1,0,0,0,0
Parker,100,U.S. House,12,REP,Craig Goldman,2817,49,2337,423,1,0
Parker,100,U.S. House,12,DEM,Trey J. Hunt,641,47,500,93,1,0
Parker,100,U.S. House,12,,Under Votes,64,4,42,16,0,0
Parker,100,U.S. House,12,,Over Votes,0,0,0,0,0,0
Parker,100,Railroad Commissioner,,REP,Christi Craddick,2725,48,2266,401,1,0
Parker,100,Railroad Commissioner,,DEM,Katherine Culbert,573,40,453,79,1,0
Parker,100,Railroad Commissioner,,LIB,Hawk Dunlap,101,2,76,23,0,0
Parker,100,Railroad Commissioner,,GRN,Eddie Espinoza,43,1,29,13,0,0
Parker,100,Railroad Commissioner,,,Richard McKibbin,0,0,0,0,0,0
Parker,100,Railroad Commissioner,,,Under Votes,76,5,55,16,0,0
Parker,100,Railroad Commissioner,,,Over Votes,0,0,0,0,0,0
Parker,100,"Justice, Supreme Court, Place 2",2,REP,Jimmy Blacklock,2796,46,2313,427,1,0
Parker,100,"Justice, Supreme Court, Place 2",2,DEM,DaSean Jones,635,41,504,89,1,0
Parker,100,"Justice, Supreme Court, Place 2",2,,Under Votes,86,8,62,16,0,0
Parker,100,"Justice, Supreme Court, Place 2",2,,Over Votes,1,1,0,0,0,0
Parker,100,"Justice, Supreme Court, Place 4",4,REP,John Devine,2778,47,2302,419,1,0
Parker,100,"Justice, Supreme Court, Place 4",4,DEM,Christine Vinh Weems,647,41,513,92,1,0
Parker,100,"Justice, Supreme Court, Place 4",4,,Under Votes,93,8,64,21,0,0
Parker,100,"Justice, Supreme Court, Place 4",4,,Over Votes,0,0,0,0,0,0
Parker,100,"Justice, Supreme Court, Place 6",6,REP,Jane Bland,2736,45,2275,406,1,0
Parker,100,"Justice, Supreme Court, Place 6",6,DEM,Bonnie Lee Goldstein,601,44,469,87,1,0
Parker,100,"Justice, Supreme Court, Place 6",6,LIB,J. David Roberson,90,0,70,20,0,0
Parker,100,"Justice, Supreme Court, Place 6",6,,Under Votes,90,6,65,19,0,0
Parker,100,"Justice, Supreme Court, Place 6",6,,Over Votes,1,1,0,0,0,0
Parker,100,"Presiding Judge, Court of Criminal Appeals",,REP,David J. Schenck,2794,47,2315,422,1,0
Parker,100,"Presiding Judge, Court of Criminal Appeals",,DEM,Holly Taylor,631,41,496,93,1,0
Parker,100,"Presiding Judge, Court of Criminal Appeals",,,Under Votes,93,8,68,17,0,0
Parker,100,"Presiding Judge, Court of Criminal Appeals",,,Over Votes,0,0,0,0,0,0
Parker,100,"Judge, Court of Criminal Appeals, Place 7",7,REP,Gina Parker,2797,47,2322,418,1,0
Parker,100,"Judge, Court of Criminal Appeals, Place 7",7,DEM,Nancy Mulder,623,41,487,94,1,0
Parker,100,"Judge, Court of Criminal Appeals, Place 7",7,,Under Votes,98,8,70,20,0,0
Parker,100,"Judge, Court of Criminal Appeals, Place 7",7,,Over Votes,0,0,0,0,0,0
Parker,100,"Judge, Court of Criminal Appeals, Place 8",8,REP,Lee Finley,2806,47,2331,419,1,0
Parker,100,"Judge, Court of Criminal Appeals, Place 8",8,DEM,Chika Anyiam,601,41,472,87,1,0
Parker,100,"Judge, Court of Criminal Appeals, Place 8",8,,Under Votes,110,7,76,26,0,0
Parker,100,"Judge, Court of Criminal Appeals, Place 8",8,,Over Votes,1,1,0,0,0,0
Parker,100,"Member, State Board of Education, District 11",11,REP,Brandon Hall,2738,48,2274,408,1,0
Parker,100,"Member, State Board of Education, District 11",11,DEM,Rayna Glasser,608,41,473,93,1,0
Parker,100,"Member, State Board of Education, District 11",11,GRN,Hunter Crow,66,0,53,13,0,0
Parker,100,"Member, State Board of Education, District 11",11,,Under Votes,106,7,79,18,0,0
Parker,100,"Member, State Board of Education, District 11",11,,Over Votes,0,0,0,0,0,0
Parker,100,State Senate,30,REP,Brent Hagenbuch,2770,45,2302,418,1,0
Parker,100,State Senate,30,DEM,Dale Frey,633,41,496,95,1,0
Parker,100,State Senate,30,,Under Votes,115,10,81,19,0,0
Parker,100,State Senate,30,,Over Votes,0,0,0,0,0,0
Parker,100,"State Representative, District 60",60,REP,Mike Olcott,2961,52,2440,465,1,0
Parker,100,"State Representative, District 60",60,,Under Votes,557,44,439,67,1,0
Parker,100,"State Representative, District 60",60,,Over Votes,0,0,0,0,0,0
Parker,100,"Chief Justice, 2nd Court of Appeals District",,REP,Bonnie Sudderth,2959,54,2438,462,1,0
Parker,100,"Chief Justice, 2nd Court of Appeals District",,,Under Votes,559,42,441,70,1,0
Parker,100,"Chief Justice, 2nd Court of Appeals District",,,Over Votes,0,0,0,0,0,0
Parker,100,"Justice, 2nd Court of Appeals District, Place 4",4,REP,Wade Birdwell,2940,51,2424,460,1,0
Parker,100,"Justice, 2nd Court of Appeals District, Place 4",4,,Under Votes,578,45,455,72,1,0
Parker,100,"Justice, 2nd Court of Appeals District, Place 4",4,,Over Votes,0,0,0,0,0,0
Parker,100,"Justice, 2nd Court of Appeals District, Place 5",5,REP,Dabney Bassel,2925,53,2407,460,1,0
Parker,100,"Justice, 2nd Court of Appeals District, Place 5",5,,Under Votes,593,43,472,72,1,0
Parker,100,"Justice, 2nd Court of Appeals District, Place 5",5,,Over Votes,0,0,0,0,0,0
Parker,100,"Justice, 2nd Court of Appeals District, Place 6",6,REP,Mike Wallach,2926,53,2410,458,1,0
Parker,100,"Justice, 2nd Court of Appeals District, Place 6",6,,Under Votes,592,43,469,74,1,0
Parker,100,"Justice, 2nd Court of Appeals District, Place 6",6,,Over Votes,0,0,0,0,0,0
Parker,100,"District Judge, 43rd Judicial District",,REP,S. Craig Towson,2931,52,2424,454,1,0
Parker,100,"District Judge, 43rd Judicial District",,,Under Votes,587,44,455,78,1,0
Parker,100,"District Judge, 43rd Judicial District",,,Over Votes,0,0,0,0,0,0
Parker,100,"District Judge, 415th Judicial District",,REP,Graham Quisenberry,2900,50,2401,448,1,0
Parker,100,"District Judge, 415th Judicial District",,,Under Votes,618,46,478,84,1,0
Parker,100,"District Judge, 415th Judicial District",,,Over Votes,0,0,0,0,0,0
Parker,100,"District Attorney, 43rd Judicial District",,REP,Jeff Swain,2920,51,2415,453,1,0
Parker,100,"District Attorney, 43rd Judicial District",,,Under Votes,598,45,464,79,1,0
Parker,100,"District Attorney, 43rd Judicial District",,,Over Votes,0,0,0,0,0,0
Parker,100,"Judge, County Court-at-Law No. 2",,REP,Lynn Marie Johnson,2925,52,2414,458,1,0
Parker,100,"Judge, County Court-at-Law No. 2",,,Under Votes,593,44,465,74,1,0
Parker,100,"Judge, County Court-at-Law No. 2",,,Over Votes,0,0,0,0,0,0
Parker,100,County Attorney,,REP,John Forrest Jr,2932,50,2422,459,1,0
Parker,100,County Attorney,,,Under Votes,586,46,457,73,1,0
Parker,100,County Attorney,,,Over Votes,0,0,0,0,0,0
Parker,100,Sheriff,,REP,Russ Authier,2934,54,2424,455,1,0
Parker,100,Sheriff,,,Under Votes,584,42,455,77,1,0
Parker,100,Sheriff,,,Over Votes,0,0,0,0,0,0
Parker,100,County Tax Assessor-Collector,,REP,"Jennifer ""Jenny"" Gentry",2955,58,2438,458,1,0
Parker,100,County Tax Assessor-Collector,,,Under Votes,563,38,441,74,1,0
Parker,100,County Tax Assessor-Collector,,,Over Votes,0,0,0,0,0,0
Parker,100,"County Commissioner, Precinct 1",,REP,George Conley,2937,56,2420,460,1,0
Parker,100,"County Commissioner, Precinct 1",,,Under Votes,581,40,459,72,1,0
Parker,100,"County Commissioner, Precinct 1",,,Over Votes,0,0,0,0,0,0
Parker,100,"Constable, Precinct 1",,REP,Ray Wright,2952,58,2435,458,1,0
Parker,100,"Constable, Precinct 1",,,Under Votes,566,38,444,74,1,0
Parker,100,"Constable, Precinct 1",,,Over Votes,0,0,0,0,0,0
Parker,100,"PARKER COUNTY HOSPITAL DISTRICT Board of Directors, Precinct 1 - Vote for none or one",,,Chad Lee,2725,50,2245,428,1,0
Parker,100,"PARKER COUNTY HOSPITAL DISTRICT Board of Directors, Precinct 1 - Vote for none or one",,,Under Votes,793,46,634,104,1,0
Parker,100,"PARKER COUNTY HOSPITAL DISTRICT Board of Directors, Precinct 1 - Vote for none or one",,,Over Votes,0,0,0,0,0,0
Parker,105,Registered Voters,,,,3065,,,,,
Parker,105,Ballots Cast,,,,2196,,,,,
Parker,105,President,,REP,Donald J. Trump JD Vance,1784,22,1532,221,2,0
Parker,105,President,,DEM,Kamala D. Harris Tim Walz,379,22,290,62,1,0
Parker,105,President,,LIB,Chase Oliver Mike ter Maat,16,0,10,6,0,0
Parker,105,President,,GRN,Jill Stein Rudolph Ware,5,0,3,2,0,0
Parker,105,President,,,Cherunda Fox/Harlan McVay,0,0,0,0,0,0
Parker,105,President,,,Claudia De La Cruz/Karina Garcia,1,0,0,1,0,0
Parker,105,President,,,Cornel West/Melina Abdullah,0,0,0,0,0,0
Parker,105,President,,,Jessie Cuellar/Wesley Lasley,0,0,0,0,0,0
Parker,105,President,,,Peter Sonski/Lauren Onak,0,0,0,0,0,0
Parker,105,President,,,Shiva Ayyadurai/Crystal Ellis,0,0,0,0,0,0
Parker,105,President,,,Under Votes,11,1,8,2,0,0
Parker,105,President,,,Over Votes,0,0,0,0,0,0
Parker,105,U.S. Senate,,REP,Ted Cruz,1704,21,1474,201,1,0
Parker,105,U.S. Senate,,DEM,Colin Allred,419,23,318,72,2,0
Parker,105,U.S. Senate,,LIB,Ted Brown,60,0,41,19,0,0
Parker,105,U.S. Senate,,,Analisa Roche,0,0,0,0,0,0
Parker,105,U.S. Senate,,,Tracy Andrus,0,0,0,0,0,0
Parker,105,U.S. Senate,,,Under Votes,13,1,10,2,0,0
Parker,105,U.S. Senate,,,Over Votes,0,0,0,0,0,0
Parker,105,U.S. House,12,REP,Craig Goldman,1804,25,1544,231,2,0
Parker,105,U.S. House,12,DEM,Trey J. Hunt,353,18,272,60,1,0
Parker,105,U.S. House,12,,Under Votes,39,2,27,3,0,0
Parker,105,U.S. House,12,,Over Votes,0,0,0,0,0,0
Parker,105,Railroad Commissioner,,REP,Christi Craddick,1747,22,1496,221,1,0
Parker,105,Railroad Commissioner,,DEM,Katherine Culbert,323,18,252,48,1,0
Parker,105,Railroad Commissioner,,LIB,Hawk Dunlap,53,1,40,12,0,0
Parker,105,Railroad Commissioner,,GRN,Eddie Espinoza,24,0,17,7,0,0
Parker,105,Railroad Commissioner,,,Richard McKibbin,0,0,0,0,0,0
Parker,105,Railroad Commissioner,,,Under Votes,48,3,38,6,1,0
Parker,105,Railroad Commissioner,,,Over Votes,0,0,0,0,0,0
Parker,105,"Justice, Supreme Court, Place 2",2,REP,Jimmy Blacklock,1794,21,1535,229,2,0
Parker,105,"Justice, Supreme Court, Place 2",2,DEM,DaSean Jones,357,20,273,59,1,0
Parker,105,"Justice, Supreme Court, Place 2",2,,Under Votes,44,3,35,6,0,0
Parker,105,"Justice, Supreme Court, Place 2",2,,Over Votes,0,0,0,0,0,0
Parker,105,"Justice, Supreme Court, Place 4",4,REP,John Devine,1779,23,1521,226,2,0
Parker,105,"Justice, Supreme Court, Place 4",4,DEM,Christine Vinh Weems,368,18,286,60,1,0
Parker,105,"Justice, Supreme Court, Place 4",4,,Under Votes,48,3,36,8,0,0
Parker,105,"Justice, Supreme Court, Place 4",4,,Over Votes,0,0,0,0,0,0
Parker,105,"Justice, Supreme Court, Place 6",6,REP,Jane Bland,1743,22,1498,214,2,0
Parker,105,"Justice, Supreme Court, Place 6",6,DEM,Bonnie Lee Goldstein,335,19,262,49,1,0
Parker,105,"Justice, Supreme Court, Place 6",6,LIB,J. David Roberson,72,0,47,25,0,0
Parker,105,"Justice, Supreme Court, Place 6",6,,Under Votes,45,3,36,6,0,0
Parker,105,"Justice, Supreme Court, Place 6",6,,Over Votes,0,0,0,0,0,0
Parker,105,"Presiding Judge, Court of Criminal Appeals",,REP,David J. Schenck,1789,23,1529,228,2,0
Parker,105,"Presiding Judge, Court of Criminal Appeals",,DEM,Holly Taylor,360,17,279,59,1,0
Parker,105,"Presiding Judge, Court of Criminal Appeals",,,Under Votes,46,4,35,7,0,0
Parker,105,"Presiding Judge, Court of Criminal Appeals",,,Over Votes,0,0,0,0,0,0
Parker,105,"Judge, Court of Criminal Appeals, Place 7",7,REP,Gina Parker,1800,23,1537,232,1,0
Parker,105,"Judge, Court of Criminal Appeals, Place 7",7,DEM,Nancy Mulder,343,18,265,55,1,0
Parker,105,"Judge, Court of Criminal Appeals, Place 7",7,,Under Votes,52,3,41,7,1,0
Parker,105,"Judge, Court of Criminal Appeals, Place 7",7,,Over Votes,0,0,0,0,0,0
Parker,105,"Judge, Court of Criminal Appeals, Place 8",8,REP,Lee Finley,1799,23,1535,233,1,0
Parker,105,"Judge, Court of Criminal Appeals, Place 8",8,DEM,Chika Anyiam,339,18,264,52,1,0
Parker,105,"Judge, Court of Criminal Appeals, Place 8",8,,Under Votes,57,3,44,9,1,0
Parker,105,"Judge, Court of Criminal Appeals, Place 8",8,,Over Votes,0,0,0,0,0,0
Parker,105,"Member, State Board of Education, District 11",11,REP,Brandon Hall,1762,23,1509,225,1,0
Parker,105,"Member, State Board of Education, District 11",11,DEM,Rayna Glasser,325,17,261,44,1,0
Parker,105,"Member, State Board of Education, District 11",11,GRN,Hunter Crow,44,1,27,15,0,0
Parker,105,"Member, State Board of Education, District 11",11,,Under Votes,64,3,46,10,1,0
Parker,105,"Member, State Board of Education, District 11",11,,Over Votes,0,0,0,0,0,0
Parker,105,State Senate,30,REP,Brent Hagenbuch,1778,22,1524,231,1,0
Parker,105,State Senate,30,DEM,Dale Frey,353,20,275,57,1,0
Parker,105,State Senate,30,,Under Votes,64,2,44,6,1,0
Parker,105,State Senate,30,,Over Votes,0,0,0,0,0,0
Parker,105,"State Representative, District 60",60,REP,Mike Olcott,1907,24,1619,261,2,0
Parker,105,"State Representative, District 60",60,,Under Votes,288,20,224,33,1,0
Parker,105,"State Representative, District 60",60,,Over Votes,0,0,0,0,0,0
Parker,105,"Chief Justice, 2nd Court of Appeals District",,REP,Bonnie Sudderth,1889,24,1604,257,2,0
Parker,105,"Chief Justice, 2nd Court of Appeals District",,,Under Votes,306,20,239,37,1,0
Parker,105,"Chief Justice, 2nd Court of Appeals District",,,Over Votes,0,0,0,0,0,0
Parker,105,"Justice, 2nd Court of Appeals District, Place 4",4,REP,Wade Birdwell,1884,24,1600,256,2,0
Parker,105,"Justice, 2nd Court of Appeals District, Place 4",4,,Under Votes,311,20,243,38,1,0
Parker,105,"Justice, 2nd Court of Appeals District, Place 4",4,,Over Votes,0,0,0,0,0,0
Parker,105,"Justice, 2nd Court of Appeals District, Place 5",5,REP,Dabney Bassel,1871,24,1592,251,2,0
Parker,105,"Justice, 2nd Court of Appeals District, Place 5",5,,Under Votes,324,20,251,43,1,0
Parker,105,"Justice, 2nd Court of Appeals District, Place 5",5,,Over Votes,0,0,0,0,0,0
Parker,105,"Justice, 2nd Court of Appeals District, Place 6",6,REP,Mike Wallach,1869,24,1592,249,2,0
Parker,105,"Justice, 2nd Court of Appeals District, Place 6",6,,Under Votes,326,20,251,45,1,0
Parker,105,"Justice, 2nd Court of Appeals District, Place 6",6,,Over Votes,0,0,0,0,0,0
Parker,105,"District Judge, 43rd Judicial District",,REP,S. Craig Towson,1863,24,1586,251,2,0
Parker,105,"District Judge, 43rd Judicial District",,,Under Votes,332,20,257,43,1,0
Parker,105,"District Judge, 43rd Judicial District",,,Over Votes,0,0,0,0,0,0
Parker,105,"District Judge, 415th Judicial District",,REP,Graham Quisenberry,1863,24,1588,249,2,0
Parker,105,"District Judge, 415th Judicial District",,,Under Votes,332,20,255,45,1,0
Parker,105,"District Judge, 415th Judicial District",,,Over Votes,0,0,0,0,0,0
Parker,105,"District Attorney, 43rd Judicial District",,REP,Jeff Swain,1865,24,1588,251,2,0
Parker,105,"District Attorney, 43rd Judicial District",,,Under Votes,330,20,255,43,1,0
Parker,105,"District Attorney, 43rd Judicial District",,,Over Votes,0,0,0,0,0,0
Parker,105,"Judge, County Court-at-Law No. 2",,REP,Lynn Marie Johnson,1861,24,1583,252,2,0
Parker,105,"Judge, County Court-at-Law No. 2",,,Under Votes,334,20,260,42,1,0
Parker,105,"Judge, County Court-at-Law No. 2",,,Over Votes,0,0,0,0,0,0
Parker,105,County Attorney,,REP,John Forrest Jr,1864,24,1587,250,3,0
Parker,105,County Attorney,,,Under Votes,331,20,256,44,0,0
Parker,105,County Attorney,,,Over Votes,0,0,0,0,0,0
Parker,105,Sheriff,,REP,Russ Authier,1865,26,1583,253,3,0
Parker,105,Sheriff,,,Under Votes,330,18,260,41,0,0
Parker,105,Sheriff,,,Over Votes,0,0,0,0,0,0
Parker,105,County Tax Assessor-Collector,,REP,"Jennifer ""Jenny"" Gentry",1875,24,1594,255,2,0
Parker,105,County Tax Assessor-Collector,,,Under Votes,320,20,249,39,1,0
Parker,105,County Tax Assessor-Collector,,,Over Votes,0,0,0,0,0,0
Parker,105,"County Commissioner, Precinct 1",,REP,George Conley,1867,26,1586,252,2,0
Parker,105,"County Commissioner, Precinct 1",,,Under Votes,328,18,257,42,1,0
Parker,105,"County Commissioner, Precinct 1",,,Over Votes,0,0,0,0,0,0
Parker,105,"Constable, Precinct 1",,REP,Ray Wright,1871,24,1592,253,2,0
Parker,105,"Constable, Precinct 1",,,Under Votes,324,20,251,41,1,0
Parker,105,"Constable, Precinct 1",,,Over Votes,0,0,0,0,0,0
Parker,105,"PARKER COUNTY HOSPITAL DISTRICT Board of Directors, Precinct 1 - Vote for none or one",,,Chad Lee,1702,22,1437,240,2,0
Parker,105,"PARKER COUNTY HOSPITAL DISTRICT Board of Directors, Precinct 1 - Vote for none or one",,,Under Votes,493,22,406,54,1,0
Parker,105,"PARKER COUNTY HOSPITAL DISTRICT Board of Directors, Precinct 1 - Vote for none or one",,,Over Votes,0,0,0,0,0,0
Parker,110,Registered Voters,,,,2189,,,,,
Parker,110,Ballots Cast,,,,1331,,,,,
Parker,110,President,,REP,Donald J. Trump JD Vance,1079,16,853,206,0,0
Parker,110,President,,DEM,Kamala D. Harris Tim Walz,241,13,186,37,2,0
Parker,110,President,,LIB,Chase Oliver Mike ter Maat,6,0,6,0,0,0
Parker,110,President,,GRN,Jill Stein Rudolph Ware,4,0,4,0,0,0
Parker,110,President,,,Cherunda Fox/Harlan McVay,0,0,0,0,0,0
Parker,110,President,,,Claudia De La Cruz/Karina Garcia,0,0,0,0,0,0
Parker,110,President,,,Cornel West/Melina Abdullah,0,0,0,0,0,0
Parker,110,President,,,Jessie Cuellar/Wesley Lasley,0,0,0,0,0,0
Parker,110,President,,,Peter Sonski/Lauren Onak,0,0,0,0,0,0
Parker,110,President,,,Shiva Ayyadurai/Crystal Ellis,0,0,0,0,0,0
Parker,110,President,,,Under Votes,1,0,1,0,0,0
Parker,110,President,,,Over Votes,0,0,0,0,0,0
Parker,110,U.S. Senate,,REP,Ted Cruz,1022,16,816,186,0,0
Parker,110,U.S. Senate,,DEM,Colin Allred,272,12,210,45,2,0
Parker,110,U.S. Senate,,LIB,Ted Brown,29,1,17,11,0,0
Parker,110,U.S. Senate,,,Analisa Roche,0,0,0,0,0,0
Parker,110,U.S. Senate,,,Tracy Andrus,0,0,0,0,0,0
Parker,110,U.S. Senate,,,Under Votes,8,0,7,1,0,0
Parker,110,U.S. Senate,,,Over Votes,0,0,0,0,0,0
Parker,110,U.S. House,12,REP,Craig Goldman,1072,16,857,198,0,0
Parker,110,U.S. House,12,DEM,Trey J. Hunt,234,13,177,40,1,0
Parker,110,U.S. House,12,,Under Votes,25,0,16,5,1,0
Parker,110,U.S. House,12,,Over Votes,0,0,0,0,0,0
Parker,110,Railroad Commissioner,,REP,Christi Craddick,1014,16,806,189,0,0
Parker,110,Railroad Commissioner,,DEM,Katherine Culbert,213,13,165,31,1,0
Parker,110,Railroad Commissioner,,LIB,Hawk Dunlap,47,0,37,10,0,0
Parker,110,Railroad Commissioner,,GRN,Eddie Espinoza,19,0,16,3,0,0
Parker,110,Railroad Commissioner,,,Richard McKibbin,0,0,0,0,0,0
Parker,110,Railroad Commissioner,,,Under Votes,38,0,26,10,1,0
Parker,110,Railroad Commissioner,,,Over Votes,0,0,0,0,0,0
Parker,110,"Justice, Supreme Court, Place 2",2,REP,Jimmy Blacklock,1066,16,848,199,0,0
Parker,110,"Justice, Supreme Court, Place 2",2,DEM,DaSean Jones,228,13,173,38,1,0
Parker,110,"Justice, Supreme Court, Place 2",2,,Under Votes,37,0,29,6,1,0
Parker,110,"Justice, Supreme Court, Place 2",2,,Over Votes,0,0,0,0,0,0
Parker,110,"Justice, Supreme Court, Place 4",4,REP,John Devine,1060,14,844,199,0,0
Parker,110,"Justice, Supreme Court, Place 4",4,DEM,Christine Vinh Weems,234,14,178,38,1,0
Parker,110,"Justice, Supreme Court, Place 4",4,,Under Votes,37,1,28,6,1,0
Parker,110,"Justice, Supreme Court, Place 4",4,,Over Votes,0,0,0,0,0,0
Parker,110,"Justice, Supreme Court, Place 6",6,REP,Jane Bland,1027,16,820,188,0,0
Parker,110,"Justice, Supreme Court, Place 6",6,DEM,Bonnie Lee Goldstein,222,13,165,40,1,0
Parker,110,"Justice, Supreme Court, Place 6",6,LIB,J. David Roberson,45,0,36,9,0,0
Parker,110,"Justice, Supreme Court, Place 6",6,,Under Votes,37,0,29,6,1,0
Parker,110,"Justice, Supreme Court, Place 6",6,,Over Votes,0,0,0,0,0,0
Parker,110,"Presiding Judge, Court of Criminal Appeals",,REP,David J. Schenck,1064,16,851,194,0,0
Parker,110,"Presiding Judge, Court of Criminal Appeals",,DEM,Holly Taylor,235,13,175,43,1,0
Parker,110,"Presiding Judge, Court of Criminal Appeals",,,Under Votes,32,0,24,6,1,0
Parker,110,"Presiding Judge, Court of Criminal Appeals",,,Over Votes,0,0,0,0,0,0
Parker,110,"Judge, Court of Criminal Appeals, Place 7",7,REP,Gina Parker,1067,16,850,198,0,0
Parker,110,"Judge, Court of Criminal Appeals, Place 7",7,DEM,Nancy Mulder,227,13,172,38,1,0
Parker,110,"Judge, Court of Criminal Appeals, Place 7",7,,Under Votes,37,0,28,7,1,0
Parker,110,"Judge, Court of Criminal Appeals, Place 7",7,,Over Votes,0,0,0,0,0,0
Parker,110,"Judge, Court of Criminal Appeals, Place 8",8,REP,Lee Finley,1071,15,853,199,0,0
Parker,110,"Judge, Court of Criminal Appeals, Place 8",8,DEM,Chika Anyiam,221,14,168,36,1,0
Parker,110,"Judge, Court of Criminal Appeals, Place 8",8,,Under Votes,39,0,29,8,1,0
Parker,110,"Judge, Court of Criminal Appeals, Place 8",8,,Over Votes,0,0,0,0,0,0
Parker,110,"Member, State Board of Education, District 11",11,REP,Brandon Hall,1042,16,829,194,0,0
Parker,110,"Member, State Board of Education, District 11",11,DEM,Rayna Glasser,222,13,172,33,1,0
Parker,110,"Member, State Board of Education, District 11",11,GRN,Hunter Crow,32,0,24,8,0,0
Parker,110,"Member, State Board of Education, District 11",11,,Under Votes,35,0,25,8,1,0
Parker,110,"Member, State Board of Education, District 11",11,,Over Votes,0,0,0,0,0,0
Parker,110,State Senate,30,REP,Brent Hagenbuch,1054,16,840,198,0,0
Parker,110,State Senate,30,DEM,Dale Frey,231,13,180,36,1,0
Parker,110,State Senate,30,,Under Votes,46,0,30,9,1,0
Parker,110,State Senate,30,,Over Votes,0,0,0,0,0,0
Parker,110,"State Representative, District 60",60,REP,Mike Olcott,1125,17,895,212,1,0
Parker,110,"State Representative, District 60",60,,Under Votes,206,12,155,31,1,0
Parker,110,"State Representative, District 60",60,,Over Votes,0,0,0,0,0,0
Parker,110,"Chief Justice, 2nd Court of Appeals District",,REP,Bonnie Sudderth,1128,18,893,213,1,0
Parker,110,"Chief Justice, 2nd Court of Appeals District",,,Under Votes,203,11,157,30,1,0
Parker,110,"Chief Justice, 2nd Court of Appeals District",,,Over Votes,0,0,0,0,0,0
Parker,110,"Justice, 2nd Court of Appeals District, Place 4",4,REP,Wade Birdwell,1122,18,889,212,1,0
Parker,110,"Justice, 2nd Court of Appeals District, Place 4",4,,Under Votes,209,11,161,31,1,0
Parker,110,"Justice, 2nd Court of Appeals District, Place 4",4,,Over Votes,0,0,0,0,0,0
Parker,110,"Justice, 2nd Court of Appeals District, Place 5",5,REP,Dabney Bassel,1121,18,888,212,1,0
Parker,110,"Justice, 2nd Court of Appeals District, Place 5",5,,Under Votes,210,11,162,31,1,0
Parker,110,"Justice, 2nd Court of Appeals District, Place 5",5,,Over Votes,0,0,0,0,0,0
Parker,110,"Justice, 2nd Court of Appeals District, Place 6",6,REP,Mike Wallach,1118,18,885,212,1,0
Parker,110,"Justice, 2nd Court of Appeals District, Place 6",6,,Under Votes,213,11,165,31,1,0
Parker,110,"Justice, 2nd Court of Appeals District, Place 6",6,,Over Votes,0,0,0,0,0,0
Parker,110,"District Judge, 43rd Judicial District",,REP,S. Craig Towson,1113,18,886,208,1,0
Parker,110,"District Judge, 43rd Judicial District",,,Under Votes,218,11,164,35,1,0
Parker,110,"District Judge, 43rd Judicial District",,,Over Votes,0,0,0,0,0,0
Parker,110,"District Judge, 415th Judicial District",,REP,Graham Quisenberry,1111,19,882,209,1,0
Parker,110,"District Judge, 415th Judicial District",,,Under Votes,220,10,168,34,1,0
Parker,110,"District Judge, 415th Judicial District",,,Over Votes,0,0,0,0,0,0
Parker,110,"District Attorney, 43rd Judicial District",,REP,Jeff Swain,1105,18,877,209,1,0
Parker,110,"District Attorney, 43rd Judicial District",,,Under Votes,226,11,173,34,1,0
Parker,110,"District Attorney, 43rd Judicial District",,,Over Votes,0,0,0,0,0,0
Parker,110,"Judge, County Court-at-Law No. 2",,REP,Lynn Marie Johnson,1102,18,877,206,1,0
Parker,110,"Judge, County Court-at-Law No. 2",,,Under Votes,229,11,173,37,1,0
Parker,110,"Judge, County Court-at-Law No. 2",,,Over Votes,0,0,0,0,0,0
Parker,110,County Attorney,,REP,John Forrest Jr,1111,19,885,206,1,0
Parker,110,County Attorney,,,Under Votes,220,10,165,37,1,0
Parker,110,County Attorney,,,Over Votes,0,0,0,0,0,0
Parker,110,Sheriff,,REP,Russ Authier,1111,19,885,206,1,0
Parker,110,Sheriff,,,Under Votes,220,10,165,37,1,0
Parker,110,Sheriff,,,Over Votes,0,0,0,0,0,0
Parker,110,County Tax Assessor-Collector,,REP,"Jennifer ""Jenny"" Gentry",1114,19,887,207,1,0
Parker,110,County Tax Assessor-Collector,,,Under Votes,217,10,163,36,1,0
Parker,110,County Tax Assessor-Collector,,,Over Votes,0,0,0,0,0,0
Parker,110,"County Commissioner, Precinct 1",,REP,George Conley,1113,18,887,206,1,0
Parker,110,"County Commissioner, Precinct 1",,,Under Votes,218,11,163,37,1,0
Parker,110,"County Commissioner, Precinct 1",,,Over Votes,0,0,0,0,0,0
Parker,110,"Constable, Precinct 1",,REP,Ray Wright,1103,19,881,202,1,0
Parker,110,"Constable, Precinct 1",,,Under Votes,228,10,169,41,1,0
Parker,110,"Constable, Precinct 1",,,Over Votes,0,0,0,0,0,0
Parker,110,"PARKER COUNTY HOSPITAL DISTRICT Board of Directors, Precinct 1 - Vote for none or one",,,Chad Lee,1027,15,823,188,1,0
Parker,110,"PARKER COUNTY HOSPITAL DISTRICT Board of Directors, Precinct 1 - Vote for none or one",,,Under Votes,304,14,227,55,1,0
Parker,110,"PARKER COUNTY HOSPITAL DISTRICT Board of Directors, Precinct 1 - Vote for none or one",,,Over Votes,0,0,0,0,0,0
Parker,111,Registered Voters,,,,2187,,,,,
Parker,111,Ballots Cast,,,,1467,,,,,
Parker,111,President,,REP,Donald J. Trump JD Vance,1162,17,945,186,3,0
Parker,111,President,,DEM,Kamala D. Harris Tim Walz,291,21,229,40,0,0
Parker,111,President,,LIB,Chase Oliver Mike ter Maat,7,0,5,2,0,0
Parker,111,President,,GRN,Jill Stein Rudolph Ware,3,0,3,0,0,0
Parker,111,President,,,Cherunda Fox/Harlan McVay,0,0,0,0,0,0
Parker,111,President,,,Claudia De La Cruz/Karina Garcia,0,0,0,0,0,0
Parker,111,President,,,Cornel West/Melina Abdullah,0,0,0,0,0,0
Parker,111,President,,,Jessie Cuellar/Wesley Lasley,0,0,0,0,0,0
Parker,111,President,,,Peter Sonski/Lauren Onak,0,0,0,0,0,0
Parker,111,President,,,Shiva Ayyadurai/Crystal Ellis,0,0,0,0,0,0
Parker,111,President,,,Under Votes,4,0,4,0,0,0
Parker,111,President,,,Over Votes,0,0,0,0,0,0
Parker,111,U.S. Senate,,REP,Ted Cruz,1118,18,913,174,3,0
Parker,111,U.S. Senate,,DEM,Colin Allred,314,20,246,46,0,0
Parker,111,U.S. Senate,,LIB,Ted Brown,27,0,21,6,0,0
Parker,111,U.S. Senate,,,Analisa Roche,0,0,0,0,0,0
Parker,111,U.S. Senate,,,Tracy Andrus,0,0,0,0,0,0
Parker,111,U.S. Senate,,,Under Votes,8,0,6,2,0,0
Parker,111,U.S. Senate,,,Over Votes,0,0,0,0,0,0
Parker,111,U.S. House,12,REP,Craig Goldman,1147,17,939,186,3,0
Parker,111,U.S. House,12,DEM,Trey J. Hunt,282,20,224,37,0,0
Parker,111,U.S. House,12,,Under Votes,38,1,23,5,0,0
Parker,111,U.S. House,12,,Over Votes,0,0,0,0,0,0
Parker,111,Railroad Commissioner,,REP,Christi Craddick,1138,17,931,177,3,0
Parker,111,Railroad Commissioner,,DEM,Katherine Culbert,256,19,200,35,0,0
Parker,111,Railroad Commissioner,,LIB,Hawk Dunlap,34,0,28,6,0,0
Parker,111,Railroad Commissioner,,GRN,Eddie Espinoza,12,0,7,5,0,0
Parker,111,Railroad Commissioner,,,Richard McKibbin,0,0,0,0,0,0
Parker,111,Railroad Commissioner,,,Under Votes,27,2,20,5,0,0
Parker,111,Railroad Commissioner,,,Over Votes,0,0,0,0,0,0
Parker,111,"Justice, Supreme Court, Place 2",2,REP,Jimmy Blacklock,1158,16,943,186,3,0
Parker,111,"Justice, Supreme Court, Place 2",2,DEM,DaSean Jones,278,20,219,37,0,0
Parker,111,"Justice, Supreme Court, Place 2",2,,Under Votes,31,2,24,5,0,0
Parker,111,"Justice, Supreme Court, Place 2",2,,Over Votes,0,0,0,0,0,0
Parker,111,"Justice, Supreme Court, Place 4",4,REP,John Devine,1151,16,943,179,3,0
Parker,111,"Justice, Supreme Court, Place 4",4,DEM,Christine Vinh Weems,288,20,222,44,0,0
Parker,111,"Justice, Supreme Court, Place 4",4,,Under Votes,28,2,21,5,0,0
Parker,111,"Justice, Supreme Court, Place 4",4,,Over Votes,0,0,0,0,0,0
Parker,111,"Justice, Supreme Court, Place 6",6,REP,Jane Bland,1137,16,932,176,3,0
Parker,111,"Justice, Supreme Court, Place 6",6,DEM,Bonnie Lee Goldstein,266,20,206,38,0,0
Parker,111,"Justice, Supreme Court, Place 6",6,LIB,J. David Roberson,33,1,26,6,0,0
Parker,111,"Justice, Supreme Court, Place 6",6,,Under Votes,31,1,22,8,0,0
Parker,111,"Justice, Supreme Court, Place 6",6,,Over Votes,0,0,0,0,0,0
Parker,111,"Presiding Judge, Court of Criminal Appeals",,REP,David J. Schenck,1149,17,940,180,3,0
Parker,111,"Presiding Judge, Court of Criminal Appeals",,DEM,Holly Taylor,284,20,220,42,0,0
Parker,111,"Presiding Judge, Court of Criminal Appeals",,,Under Votes,34,1,26,6,0,0
Parker,111,"Presiding Judge, Court of Criminal Appeals",,,Over Votes,0,0,0,0,0,0
Parker,111,"Judge, Court of Criminal Appeals, Place 7",7,REP,Gina Parker,1155,17,945,181,3,0
Parker,111,"Judge, Court of Criminal Appeals, Place 7",7,DEM,Nancy Mulder,272,20,211,39,0,0
Parker,111,"Judge, Court of Criminal Appeals, Place 7",7,,Under Votes,40,1,30,8,0,0
Parker,111,"Judge, Court of Criminal Appeals, Place 7",7,,Over Votes,0,0,0,0,0,0
Parker,111,"Judge, Court of Criminal Appeals, Place 8",8,REP,Lee Finley,1158,19,944,183,3,0
Parker,111,"Judge, Court of Criminal Appeals, Place 8",8,DEM,Chika Anyiam,267,17,210,38,0,0
Parker,111,"Judge, Court of Criminal Appeals, Place 8",8,,Under Votes,42,2,32,7,0,0
Parker,111,"Judge, Court of Criminal Appeals, Place 8",8,,Over Votes,0,0,0,0,0,0
Parker,111,"Member, State Board of Education, District 11",11,REP,Brandon Hall,1129,19,923,181,3,0
Parker,111,"Member, State Board of Education, District 11",11,DEM,Rayna Glasser,271,16,218,35,0,0
Parker,111,"Member, State Board of Education, District 11",11,GRN,Hunter Crow,18,0,12,6,0,0
Parker,111,"Member, State Board of Education, District 11",11,,Under Votes,49,3,33,6,0,0
Parker,111,"Member, State Board of Education, District 11",11,,Over Votes,0,0,0,0,0,0
Parker,111,State Senate,30,REP,Brent Hagenbuch,1139,18,935,182,3,0
Parker,111,State Senate,30,DEM,Dale Frey,280,19,221,40,0,0
Parker,111,State Senate,30,,Under Votes,48,1,30,6,0,0
Parker,111,State Senate,30,,Over Votes,0,0,0,0,0,0
Parker,111,"State Representative, District 60",60,REP,Mike Olcott,1235,20,1009,203,3,0
Parker,111,"State Representative, District 60",60,,Under Votes,232,18,177,25,0,0
Parker,111,"State Representative, District 60",60,,Over Votes,0,0,0,0,0,0
Parker,111,"Chief Justice, 2nd Court of Appeals District",,REP,Bonnie Sudderth,1233,21,1000,204,3,0
Parker,111,"Chief Justice, 2nd Court of Appeals District",,,Under Votes,234,17,186,24,0,0
Parker,111,"Chief Justice, 2nd Court of Appeals District",,,Over Votes,0,0,0,0,0,0
Parker,111,"Justice, 2nd Court of Appeals District, Place 4",4,REP,Wade Birdwell,1228,20,995,205,3,0
Parker,111,"Justice, 2nd Court of Appeals District, Place 4",4,,Under Votes,239,18,191,23,0,0
Parker,111,"Justice, 2nd Court of Appeals District, Place 4",4,,Over Votes,0,0,0,0,0,0
Parker,111,"Justice, 2nd Court of Appeals District, Place 5",5,REP,Dabney Bassel,1220,20,989,203,3,0
Parker,111,"Justice, 2nd Court of Appeals District, Place 5",5,,Under Votes,247,18,197,25,0,0
Parker,111,"Justice, 2nd Court of Appeals District, Place 5",5,,Over Votes,0,0,0,0,0,0
Parker,111,"Justice, 2nd Court of Appeals District, Place 6",6,REP,Mike Wallach,1216,20,987,201,3,0
Parker,111,"Justice, 2nd Court of Appeals District, Place 6",6,,Under Votes,251,18,199,27,0,0
Parker,111,"Justice, 2nd Court of Appeals District, Place 6",6,,Over Votes,0,0,0,0,0,0
Parker,111,"District Judge, 43rd Judicial District",,REP,S. Craig Towson,1207,20,985,199,3,0
Parker,111,"District Judge, 43rd Judicial District",,,Under Votes,260,18,201,29,0,0
Parker,111,"District Judge, 43rd Judicial District",,,Over Votes,0,0,0,0,0,0
Parker,111,"District Judge, 415th Judicial District",,REP,Graham Quisenberry,1200,20,981,196,3,0
Parker,111,"District Judge, 415th Judicial District",,,Under Votes,267,18,205,32,0,0
Parker,111,"District Judge, 415th Judicial District",,,Over Votes,0,0,0,0,0,0
Parker,111,"District Attorney, 43rd Judicial District",,REP,Jeff Swain,1206,20,985,198,3,0
Parker,111,"District Attorney, 43rd Judicial District",,,Under Votes,261,18,201,30,0,0
Parker,111,"District Attorney, 43rd Judicial District",,,Over Votes,0,0,0,0,0,0
Parker,111,"Judge, County Court-at-Law No. 2",,REP,Lynn Marie Johnson,1203,20,980,200,3,0
Parker,111,"Judge, County Court-at-Law No. 2",,,Under Votes,264,18,206,28,0,0
Parker,111,"Judge, County Court-at-Law No. 2",,,Over Votes,0,0,0,0,0,0
Parker,111,County Attorney,,REP,John Forrest Jr,1208,20,986,199,3,0
Parker,111,County Attorney,,,Under Votes,259,18,200,29,0,0
Parker,111,County Attorney,,,Over Votes,0,0,0,0,0,0
Parker,111,Sheriff,,REP,Russ Authier,1217,20,994,200,3,0
Parker,111,Sheriff,,,Under Votes,250,18,192,28,0,0
Parker,111,Sheriff,,,Over Votes,0,0,0,0,0,0
Parker,111,County Tax Assessor-Collector,,REP,"Jennifer ""Jenny"" Gentry",1217,20,995,199,3,0
Parker,111,County Tax Assessor-Collector,,,Under Votes,250,18,191,29,0,0
Parker,111,County Tax Assessor-Collector,,,Over Votes,0,0,0,0,0,0
Parker,111,"County Commissioner, Precinct 1",,REP,George Conley,1206,20,984,199,3,0
Parker,111,"County Commissioner, Precinct 1",,,Under Votes,261,18,202,29,0,0
Parker,111,"County Commissioner, Precinct 1",,,Over Votes,0,0,0,0,0,0
Parker,111,"Constable, Precinct 1",,REP,Ray Wright,1204,20,981,200,3,0
Parker,111,"Constable, Precinct 1",,,Under Votes,263,18,205,28,0,0
Parker,111,"Constable, Precinct 1",,,Over Votes,0,0,0,0,0,0
Parker,111,"PARKER COUNTY HOSPITAL DISTRICT Board of Directors, Precinct 1 - Vote for none or one",,,Chad Lee,1168,18,953,194,2,0
Parker,111,"PARKER COUNTY HOSPITAL DISTRICT Board of Directors, Precinct 1 - Vote for none or one",,,Under Votes,299,20,233,34,1,0
Parker,111,"PARKER COUNTY HOSPITAL DISTRICT Board of Directors, Precinct 1 - Vote for none or one",,,Over Votes,0,0,0,0,0,0
Parker,115,Registered Voters,,,,3990,,,,,
Parker,115,Ballots Cast,,,,2561,,,,,
Parker,115,President,,REP,Donald J. Trump JD Vance,2113,36,1682,383,2,0
Parker,115,President,,DEM,Kamala D. Harris Tim Walz,420,18,309,88,3,0
Parker,115,President,,LIB,Chase Oliver Mike ter Maat,10,0,5,5,0,0
Parker,115,President,,GRN,Jill Stein Rudolph Ware,5,0,4,1,0,0
Parker,115,President,,,Cherunda Fox/Harlan McVay,0,0,0,0,0,0
Parker,115,President,,,Claudia De La Cruz/Karina Garcia,0,0,0,0,0,0
Parker,115,President,,,Cornel West/Melina Abdullah,0,0,0,0,0,0
Parker,115,President,,,Jessie Cuellar/Wesley Lasley,0,0,0,0,0,0
Parker,115,President,,,Peter Sonski/Lauren Onak,0,0,0,0,0,0
Parker,115,President,,,Shiva Ayyadurai/Crystal Ellis,0,0,0,0,0,0
Parker,115,President,,,Under Votes,13,0,11,2,0,0
Parker,115,President,,,Over Votes,0,0,0,0,0,0
Parker,115,U.S. Senate,,REP,Ted Cruz,1993,35,1594,355,2,0
Parker,115,U.S. Senate,,DEM,Colin Allred,484,19,351,108,3,0
Parker,115,U.S. Senate,,LIB,Ted Brown,60,0,45,13,0,0
Parker,115,U.S. Senate,,,Analisa Roche,0,0,0,0,0,0
Parker,115,U.S. Senate,,,Tracy Andrus,0,0,0,0,0,0
Parker,115,U.S. Senate,,,Under Votes,24,0,21,3,0,0
Parker,115,U.S. Senate,,,Over Votes,0,0,0,0,0,0
Parker,115,U.S. House,12,REP,Craig Goldman,2100,35,1672,385,3,0
Parker,115,U.S. House,12,DEM,Trey J. Hunt,396,16,296,83,1,0
Parker,115,U.S. House,12,,Under Votes,65,3,43,11,1,0
Parker,115,U.S. House,12,,Over Votes,0,0,0,0,0,0
Parker,115,Railroad Commissioner,,REP,Christi Craddick,2034,34,1619,369,2,0
Parker,115,Railroad Commissioner,,DEM,Katherine Culbert,363,16,275,68,2,0
Parker,115,Railroad Commissioner,,LIB,Hawk Dunlap,69,2,53,14,0,0
Parker,115,Railroad Commissioner,,GRN,Eddie Espinoza,25,0,15,10,0,0
Parker,115,Railroad Commissioner,,,Richard McKibbin,0,0,0,0,0,0
Parker,115,Railroad Commissioner,,,Under Votes,70,2,49,18,1,0
Parker,115,Railroad Commissioner,,,Over Votes,0,0,0,0,0,0
Parker,115,"Justice, Supreme Court, Place 2",2,REP,Jimmy Blacklock,2103,35,1673,383,2,0
Parker,115,"Justice, Supreme Court, Place 2",2,DEM,DaSean Jones,395,17,288,86,2,0
Parker,115,"Justice, Supreme Court, Place 2",2,,Under Votes,63,2,50,10,1,0
Parker,115,"Justice, Supreme Court, Place 2",2,,Over Votes,0,0,0,0,0,0
Parker,115,"Justice, Supreme Court, Place 4",4,REP,John Devine,2082,35,1663,372,3,0
Parker,115,"Justice, Supreme Court, Place 4",4,DEM,Christine Vinh Weems,417,16,303,95,1,0
Parker,115,"Justice, Supreme Court, Place 4",4,,Under Votes,62,3,45,12,1,0
Parker,115,"Justice, Supreme Court, Place 4",4,,Over Votes,0,0,0,0,0,0
Parker,115,"Justice, Supreme Court, Place 6",6,REP,Jane Bland,2039,36,1623,368,2,0
Parker,115,"Justice, Supreme Court, Place 6",6,DEM,Bonnie Lee Goldstein,386,16,286,81,1,0
Parker,115,"Justice, Supreme Court, Place 6",6,LIB,J. David Roberson,71,0,53,18,0,0
Parker,115,"Justice, Supreme Court, Place 6",6,,Under Votes,65,2,49,12,2,0
Parker,115,"Justice, Supreme Court, Place 6",6,,Over Votes,0,0,0,0,0,0
Parker,115,"Presiding Judge, Court of Criminal Appeals",,REP,David J. Schenck,2089,36,1670,371,2,0
Parker,115,"Presiding Judge, Court of Criminal Appeals",,DEM,Holly Taylor,407,16,294,93,2,0
Parker,115,"Presiding Judge, Court of Criminal Appeals",,,Under Votes,65,2,47,15,1,0
Parker,115,"Presiding Judge, Court of Criminal Appeals",,,Over Votes,0,0,0,0,0,0
Parker,115,"Judge, Court of Criminal Appeals, Place 7",7,REP,Gina Parker,2098,36,1672,377,3,0
Parker,115,"Judge, Court of Criminal Appeals, Place 7",7,DEM,Nancy Mulder,393,16,285,89,1,0
Parker,115,"Judge, Court of Criminal Appeals, Place 7",7,,Under Votes,70,2,54,13,1,0
Parker,115,"Judge, Court of Criminal Appeals, Place 7",7,,Over Votes,0,0,0,0,0,0
Parker,115,"Judge, Court of Criminal Appeals, Place 8",8,REP,Lee Finley,2104,36,1674,382,2,0
Parker,115,"Judge, Court of Criminal Appeals, Place 8",8,DEM,Chika Anyiam,384,16,283,81,2,0
Parker,115,"Judge, Court of Criminal Appeals, Place 8",8,,Under Votes,73,2,54,16,1,0
Parker,115,"Judge, Court of Criminal Appeals, Place 8",8,,Over Votes,0,0,0,0,0,0
Parker,115,"Member, State Board of Education, District 11",11,REP,Brandon Hall,2060,36,1646,370,2,0
Parker,115,"Member, State Board of Education, District 11",11,DEM,Rayna Glasser,387,16,290,80,1,0
Parker,115,"Member, State Board of Education, District 11",11,GRN,Hunter Crow,44,0,27,16,1,0
Parker,115,"Member, State Board of Education, District 11",11,,Under Votes,70,2,48,13,1,0
Parker,115,"Member, State Board of Education, District 11",11,,Over Votes,0,0,0,0,0,0
Parker,115,State Senate,30,REP,Brent Hagenbuch,2077,36,1659,380,2,0
Parker,115,State Senate,30,DEM,Dale Frey,402,16,299,85,2,0
Parker,115,State Senate,30,,Under Votes,82,2,53,14,1,0
Parker,115,State Senate,30,,Over Votes,0,0,0,0,0,0
Parker,115,"State Representative, District 60",60,REP,Mike Olcott,2227,40,1762,423,2,0
Parker,115,"State Representative, District 60",60,,Under Votes,334,14,249,56,3,0
Parker,115,"State Representative, District 60",60,,Over Votes,0,0,0,0,0,0
Parker,115,"Chief Justice, 2nd Court of Appeals District",,REP,Bonnie Sudderth,2222,40,1755,422,2,0
Parker,115,"Chief Justice, 2nd Court of Appeals District",,,Under Votes,339,14,256,57,3,0
Parker,115,"Chief Justice, 2nd Court of Appeals District",,,Over Votes,0,0,0,0,0,0
Parker,115,"Justice, 2nd Court of Appeals District, Place 4",4,REP,Wade Birdwell,2204,40,1740,419,2,0
Parker,115,"Justice, 2nd Court of Appeals District, Place 4",4,,Under Votes,357,14,271,60,3,0
Parker,115,"Justice, 2nd Court of Appeals District, Place 4",4,,Over Votes,0,0,0,0,0,0
Parker,115,"Justice, 2nd Court of Appeals District, Place 5",5,REP,Dabney Bassel,2199,40,1739,415,2,0
Parker,115,"Justice, 2nd Court of Appeals District, Place 5",5,,Under Votes,362,14,272,64,3,0
Parker,115,"Justice, 2nd Court of Appeals District, Place 5",5,,Over Votes,0,0,0,0,0,0
Parker,115,"Justice, 2nd Court of Appeals District, Place 6",6,REP,Mike Wallach,2196,40,1734,417,2,0
Parker,115,"Justice, 2nd Court of Appeals District, Place 6",6,,Under Votes,365,14,277,62,3,0
Parker,115,"Justice, 2nd Court of Appeals District, Place 6",6,,Over Votes,0,0,0,0,0,0
Parker,115,"District Judge, 43rd Judicial District",,REP,S. Craig Towson,2194,40,1738,414,2,0
Parker,115,"District Judge, 43rd Judicial District",,,Under Votes,367,14,273,65,3,0
Parker,115,"District Judge, 43rd Judicial District",,,Over Votes,0,0,0,0,0,0
Parker,115,"District Judge, 415th Judicial District",,REP,Graham Quisenberry,2176,40,1727,407,2,0
Parker,115,"District Judge, 415th Judicial District",,,Under Votes,385,14,284,72,3,0
Parker,115,"District Judge, 415th Judicial District",,,Over Votes,0,0,0,0,0,0
Parker,115,"District Attorney, 43rd Judicial District",,REP,Jeff Swain,2188,40,1737,409,2,0
Parker,115,"District Attorney, 43rd Judicial District",,,Under Votes,373,14,274,70,3,0
Parker,115,"District Attorney, 43rd Judicial District",,,Over Votes,0,0,0,0,0,0
Parker,115,"Judge, County Court-at-Law No. 2",,REP,Lynn Marie Johnson,2189,40,1738,408,3,0
Parker,115,"Judge, County Court-at-Law No. 2",,,Under Votes,372,14,273,71,2,0
Parker,115,"Judge, County Court-at-Law No. 2",,,Over Votes,0,0,0,0,0,0
Parker,115,County Attorney,,REP,John Forrest Jr,2192,40,1739,410,3,0
Parker,115,County Attorney,,,Under Votes,369,14,272,69,2,0
Parker,115,County Attorney,,,Over Votes,0,0,0,0,0,0
Parker,115,Sheriff,,REP,Russ Authier,2189,40,1735,412,2,0
Parker,115,Sheriff,,,Under Votes,372,14,276,67,3,0
Parker,115,Sheriff,,,Over Votes,0,0,0,0,0,0
Parker,115,County Tax Assessor-Collector,,REP,"Jennifer ""Jenny"" Gentry",2201,43,1741,415,2,0
Parker,115,County Tax Assessor-Collector,,,Under Votes,360,11,270,64,3,0
Parker,115,County Tax Assessor-Collector,,,Over Votes,0,0,0,0,0,0
Parker,115,"County Commissioner, Precinct 1",,REP,George Conley,2189,37,1734,416,2,0
Parker,115,"County Commissioner, Precinct 1",,,Under Votes,372,17,277,63,3,0
Parker,115,"County Commissioner, Precinct 1",,,Over Votes,0,0,0,0,0,0
Parker,115,"Constable, Precinct 1",,REP,Ray Wright,2181,37,1730,412,2,0
Parker,115,"Constable, Precinct 1",,,Under Votes,380,17,281,67,3,0
Parker,115,"Constable, Precinct 1",,,Over Votes,0,0,0,0,0,0
Parker,115,"PARKER COUNTY HOSPITAL DISTRICT Board of Directors, Precinct 1 - Vote for none or one",,,Chad Lee,2024,31,1613,377,2,0
Parker,115,"PARKER COUNTY HOSPITAL DISTRICT Board of Directors, Precinct 1 - Vote for none or one",,,Under Votes,537,23,398,102,3,0
Parker,115,"PARKER COUNTY HOSPITAL DISTRICT Board of Directors, Precinct 1 - Vote for none or one",,,Over Votes,0,0,0,0,0,0
Parker,120,Registered Voters,,,,2783,,,,,
Parker,120,Ballots Cast,,,,1890,,,,,
Parker,120,President,,REP,Donald J. Trump JD Vance,1638,24,1394,212,0,0
Parker,120,President,,DEM,Kamala D. Harris Tim Walz,234,16,184,34,0,0
Parker,120,President,,LIB,Chase Oliver Mike ter Maat,11,0,5,6,0,0
Parker,120,President,,GRN,Jill Stein Rudolph Ware,3,1,2,0,0,0
Parker,120,President,,,Cherunda Fox/Harlan McVay,0,0,0,0,0,0
Parker,120,President,,,Claudia De La Cruz/Karina Garcia,0,0,0,0,0,0
Parker,120,President,,,Cornel West/Melina Abdullah,0,0,0,0,0,0
Parker,120,President,,,Jessie Cuellar/Wesley Lasley,0,0,0,0,0,0
Parker,120,President,,,Peter Sonski/Lauren Onak,0,0,0,0,0,0
Parker,120,President,,,Shiva Ayyadurai/Crystal Ellis,0,0,0,0,0,0
Parker,120,President,,,Under Votes,4,0,4,0,0,0
Parker,120,President,,,Over Votes,0,0,0,0,0,0
Parker,120,U.S. Senate,,REP,Ted Cruz,1566,22,1339,197,0,0
Parker,120,U.S. Senate,,DEM,Colin Allred,264,18,204,42,0,0
Parker,120,U.S. Senate,,LIB,Ted Brown,49,1,36,12,0,0
Parker,120,U.S. Senate,,,Analisa Roche,0,0,0,0,0,0
Parker,120,U.S. Senate,,,Tracy Andrus,0,0,0,0,0,0
Parker,120,U.S. Senate,,,Under Votes,11,0,10,1,0,0
Parker,120,U.S. Senate,,,Over Votes,0,0,0,0,0,0
Parker,120,U.S. House,12,REP,Craig Goldman,1631,24,1388,215,0,0
Parker,120,U.S. House,12,DEM,Trey J. Hunt,226,16,178,32,0,0
Parker,120,U.S. House,12,,Under Votes,33,1,23,5,0,0
Parker,120,U.S. House,12,,Over Votes,0,0,0,0,0,0
Parker,120,Railroad Commissioner,,REP,Christi Craddick,1553,22,1326,197,0,0
Parker,120,Railroad Commissioner,,DEM,Katherine Culbert,203,14,162,27,0,0
Parker,120,Railroad Commissioner,,LIB,Hawk Dunlap,74,1,54,19,0,0
Parker,120,Railroad Commissioner,,GRN,Eddie Espinoza,23,2,15,6,0,0
Parker,120,Railroad Commissioner,,,Richard McKibbin,0,0,0,0,0,0
Parker,120,Railroad Commissioner,,,Under Votes,36,1,32,3,0,0
Parker,120,Railroad Commissioner,,,Over Votes,0,0,0,0,0,0
Parker,120,"Justice, Supreme Court, Place 2",2,REP,Jimmy Blacklock,1627,23,1384,212,0,0
Parker,120,"Justice, Supreme Court, Place 2",2,DEM,DaSean Jones,225,16,174,35,0,0
Parker,120,"Justice, Supreme Court, Place 2",2,,Under Votes,37,1,31,5,0,0
Parker,120,"Justice, Supreme Court, Place 2",2,,Over Votes,0,0,0,0,0,0
Parker,120,"Justice, Supreme Court, Place 4",4,REP,John Devine,1625,22,1381,214,0,0
Parker,120,"Justice, Supreme Court, Place 4",4,DEM,Christine Vinh Weems,227,16,179,32,0,0
Parker,120,"Justice, Supreme Court, Place 4",4,,Under Votes,37,2,29,6,0,0
Parker,120,"Justice, Supreme Court, Place 4",4,,Over Votes,0,0,0,0,0,0
Parker,120,"Justice, Supreme Court, Place 6",6,REP,Jane Bland,1569,22,1348,191,0,0
Parker,120,"Justice, Supreme Court, Place 6",6,DEM,Bonnie Lee Goldstein,214,15,165,34,0,0
Parker,120,"Justice, Supreme Court, Place 6",6,LIB,J. David Roberson,64,2,43,19,0,0
Parker,120,"Justice, Supreme Court, Place 6",6,,Under Votes,42,1,33,8,0,0
Parker,120,"Justice, Supreme Court, Place 6",6,,Over Votes,0,0,0,0,0,0
Parker,120,"Presiding Judge, Court of Criminal Appeals",,REP,David J. Schenck,1624,23,1384,209,0,0
Parker,120,"Presiding Judge, Court of Criminal Appeals",,DEM,Holly Taylor,230,16,177,37,0,0
Parker,120,"Presiding Judge, Court of Criminal Appeals",,,Under Votes,35,1,28,6,0,0
Parker,120,"Presiding Judge, Court of Criminal Appeals",,,Over Votes,0,0,0,0,0,0
Parker,120,"Judge, Court of Criminal Appeals, Place 7",7,REP,Gina Parker,1631,23,1384,216,0,0
Parker,120,"Judge, Court of Criminal Appeals, Place 7",7,DEM,Nancy Mulder,220,16,173,31,0,0
Parker,120,"Judge, Court of Criminal Appeals, Place 7",7,,Under Votes,38,1,32,5,0,0
Parker,120,"Judge, Court of Criminal Appeals, Place 7",7,,Over Votes,0,0,0,0,0,0
Parker,120,"Judge, Court of Criminal Appeals, Place 8",8,REP,Lee Finley,1634,23,1391,213,0,0
Parker,120,"Judge, Court of Criminal Appeals, Place 8",8,DEM,Chika Anyiam,212,16,162,34,0,0
Parker,120,"Judge, Court of Criminal Appeals, Place 8",8,,Under Votes,43,1,36,5,0,0
Parker,120,"Judge, Court of Criminal Appeals, Place 8",8,,Over Votes,0,0,0,0,0,0
Parker,120,"Member, State Board of Education, District 11",11,REP,Brandon Hall,1585,23,1353,204,0,0
Parker,120,"Member, State Board of Education, District 11",11,DEM,Rayna Glasser,218,14,175,29,0,0
Parker,120,"Member, State Board of Education, District 11",11,GRN,Hunter Crow,44,2,30,12,0,0
Parker,120,"Member, State Board of Education, District 11",11,,Under Votes,42,1,31,7,0,0
Parker,120,"Member, State Board of Education, District 11",11,,Over Votes,0,0,0,0,0,0
Parker,120,State Senate,30,REP,Brent Hagenbuch,1620,23,1384,213,0,0
Parker,120,State Senate,30,DEM,Dale Frey,222,16,174,32,0,0
Parker,120,State Senate,30,,Under Votes,47,1,31,7,0,0
Parker,120,State Senate,30,,Over Votes,0,0,0,0,0,0
Parker,120,"State Representative, District 60",60,REP,Mike Olcott,1715,28,1455,232,0,0
Parker,120,"State Representative, District 60",60,,Under Votes,174,12,134,20,0,0
Parker,120,"State Representative, District 60",60,,Over Votes,0,0,0,0,0,0
Parker,120,"Chief Justice, 2nd Court of Appeals District",,REP,Bonnie Sudderth,1712,29,1450,231,0,0
Parker,120,"Chief Justice, 2nd Court of Appeals District",,,Under Votes,177,11,139,21,0,0
Parker,120,"Chief Justice, 2nd Court of Appeals District",,,Over Votes,0,0,0,0,0,0
Parker,120,"Justice, 2nd Court of Appeals District, Place 4",4,REP,Wade Birdwell,1706,29,1446,231,0,0
Parker,120,"Justice, 2nd Court of Appeals District, Place 4",4,,Under Votes,183,11,143,21,0,0
Parker,120,"Justice, 2nd Court of Appeals District, Place 4",4,,Over Votes,0,0,0,0,0,0
Parker,120,"Justice, 2nd Court of Appeals District, Place 5",5,REP,Dabney Bassel,1703,29,1443,231,0,0
Parker,120,"Justice, 2nd Court of Appeals District, Place 5",5,,Under Votes,186,11,146,21,0,0
Parker,120,"Justice, 2nd Court of Appeals District, Place 5",5,,Over Votes,0,0,0,0,0,0
Parker,120,"Justice, 2nd Court of Appeals District, Place 6",6,REP,Mike Wallach,1706,29,1446,231,0,0
Parker,120,"Justice, 2nd Court of Appeals District, Place 6",6,,Under Votes,183,11,143,21,0,0
Parker,120,"Justice, 2nd Court of Appeals District, Place 6",6,,Over Votes,0,0,0,0,0,0
Parker,120,"District Judge, 43rd Judicial District",,REP,S. Craig Towson,1703,27,1447,229,0,0
Parker,120,"District Judge, 43rd Judicial District",,,Under Votes,186,13,142,23,0,0
Parker,120,"District Judge, 43rd Judicial District",,,Over Votes,0,0,0,0,0,0
Parker,120,"District Judge, 415th Judicial District",,REP,Graham Quisenberry,1694,27,1440,227,0,0
Parker,120,"District Judge, 415th Judicial District",,,Under Votes,195,13,149,25,0,0
Parker,120,"District Judge, 415th Judicial District",,,Over Votes,0,0,0,0,0,0
Parker,120,"District Attorney, 43rd Judicial District",,REP,Jeff Swain,1703,27,1446,230,0,0
Parker,120,"District Attorney, 43rd Judicial District",,,Under Votes,186,13,143,22,0,0
Parker,120,"District Attorney, 43rd Judicial District",,,Over Votes,0,0,0,0,0,0
Parker,120,"Judge, County Court-at-Law No. 2",,REP,Lynn Marie Johnson,1693,27,1438,228,0,0
Parker,120,"Judge, County Court-at-Law No. 2",,,Under Votes,196,13,151,24,0,0
Parker,120,"Judge, County Court-at-Law No. 2",,,Over Votes,0,0,0,0,0,0
Parker,120,County Attorney,,REP,John Forrest Jr,1696,26,1440,230,0,0
Parker,120,County Attorney,,,Under Votes,193,14,149,22,0,0
Parker,120,County Attorney,,,Over Votes,0,0,0,0,0,0
Parker,120,Sheriff,,REP,Russ Authier,1693,26,1436,231,0,0
Parker,120,Sheriff,,,Under Votes,196,14,153,21,0,0
Parker,120,Sheriff,,,Over Votes,0,0,0,0,0,0
Parker,120,County Tax Assessor-Collector,,REP,"Jennifer ""Jenny"" Gentry",1699,27,1441,231,0,0
Parker,120,County Tax Assessor-Collector,,,Under Votes,190,13,148,21,0,0
Parker,120,County Tax Assessor-Collector,,,Over Votes,0,0,0,0,0,0
Parker,120,"County Commissioner, Precinct 1",,REP,George Conley,1701,29,1445,227,0,0
Parker,120,"County Commissioner, Precinct 1",,,Under Votes,188,11,144,25,0,0
Parker,120,"County Commissioner, Precinct 1",,,Over Votes,0,0,0,0,0,0
Parker,120,"Constable, Precinct 1",,REP,Ray Wright,1696,26,1439,231,0,0
Parker,120,"Constable, Precinct 1",,,Under Votes,193,14,150,21,0,0
Parker,120,"Constable, Precinct 1",,,Over Votes,0,0,0,0,0,0
Parker,120,"PARKER COUNTY HOSPITAL DISTRICT Board of Directors, Precinct 1 - Vote for none or one",,,Chad Lee,1542,19,1297,224,0,0
Parker,120,"PARKER COUNTY HOSPITAL DISTRICT Board of Directors, Precinct 1 - Vote for none or one",,,Under Votes,347,21,292,28,0,0
Parker,120,"PARKER COUNTY HOSPITAL DISTRICT Board of Directors, Precinct 1 - Vote for none or one",,,Over Votes,0,0,0,0,0,0
Parker,120,PEASTER INDEPENDENT SCHOOL DISTRICT PROPOSITION A - Vote for none or one,,,FOR,17,0,12,5,0,0
Parker,120,PEASTER INDEPENDENT SCHOOL DISTRICT PROPOSITION A - Vote for none or one,,,AGAINST,10,0,8,2,0,0
Parker,120,PEASTER INDEPENDENT SCHOOL DISTRICT PROPOSITION A - Vote for none or one,,,Under Votes,2,0,2,0,0,0
Parker,120,PEASTER INDEPENDENT SCHOOL DISTRICT PROPOSITION A - Vote for none or one,,,Over Votes,0,0,0,0,0,0
Parker,125,Registered Voters,,,,3859,,,,,
Parker,125,Ballots Cast,,,,2765,,,,,
Parker,125,President,,REP,Donald J. Trump JD Vance,2427,37,2033,340,0,0
Parker,125,President,,DEM,Kamala D. Harris Tim Walz,317,13,247,53,1,0
Parker,125,President,,LIB,Chase Oliver Mike ter Maat,6,0,5,1,0,0
Parker,125,President,,GRN,Jill Stein Rudolph Ware,7,0,6,1,0,0
Parker,125,President,,,Cherunda Fox/Harlan McVay,0,0,0,0,0,0
Parker,125,President,,,Claudia De La Cruz/Karina Garcia,0,0,0,0,0,0
Parker,125,President,,,Cornel West/Melina Abdullah,0,0,0,0,0,0
Parker,125,President,,,Jessie Cuellar/Wesley Lasley,0,0,0,0,0,0
Parker,125,President,,,Peter Sonski/Lauren Onak,2,0,0,2,0,0
Parker,125,President,,,Shiva Ayyadurai/Crystal Ellis,0,0,0,0,0,0
Parker,125,President,,,Under Votes,6,0,4,2,0,0
Parker,125,President,,,Over Votes,0,0,0,0,0,0
Parker,125,U.S. Senate,,REP,Ted Cruz,2340,33,1968,321,1,0
Parker,125,U.S. Senate,,DEM,Colin Allred,355,14,278,60,0,0
Parker,125,U.S. Senate,,LIB,Ted Brown,46,1,37,8,0,0
Parker,125,U.S. Senate,,,Analisa Roche,1,0,1,0,0,0
Parker,125,U.S. Senate,,,Tracy Andrus,0,0,0,0,0,0
Parker,125,U.S. Senate,,,Under Votes,23,2,11,10,0,0
Parker,125,U.S. Senate,,,Over Votes,0,0,0,0,0,0
Parker,125,U.S. House,12,REP,Craig Goldman,2406,35,2024,340,1,0
Parker,125,U.S. House,12,DEM,Trey J. Hunt,293,13,236,44,0,0
Parker,125,U.S. House,12,,Under Votes,66,2,35,15,0,0
Parker,125,U.S. House,12,,Over Votes,0,0,0,0,0,0
Parker,125,Railroad Commissioner,,REP,Christi Craddick,2321,34,1957,316,0,0
Parker,125,Railroad Commissioner,,DEM,Katherine Culbert,276,12,216,46,1,0
Parker,125,Railroad Commissioner,,LIB,Hawk Dunlap,78,1,66,11,0,0
Parker,125,Railroad Commissioner,,GRN,Eddie Espinoza,23,0,15,7,0,0
Parker,125,Railroad Commissioner,,,Richard McKibbin,0,0,0,0,0,0
Parker,125,Railroad Commissioner,,,Under Votes,67,3,41,19,0,0
Parker,125,Railroad Commissioner,,,Over Votes,0,0,0,0,0,0
Parker,125,"Justice, Supreme Court, Place 2",2,REP,Jimmy Blacklock,2420,35,2029,341,0,0
Parker,125,"Justice, Supreme Court, Place 2",2,DEM,DaSean Jones,282,13,221,45,1,0
Parker,125,"Justice, Supreme Court, Place 2",2,,Under Votes,63,2,45,13,0,0
Parker,125,"Justice, Supreme Court, Place 2",2,,Over Votes,0,0,0,0,0,0
Parker,125,"Justice, Supreme Court, Place 4",4,REP,John Devine,2386,34,2002,334,0,0
Parker,125,"Justice, Supreme Court, Place 4",4,DEM,Christine Vinh Weems,303,13,238,50,1,0
Parker,125,"Justice, Supreme Court, Place 4",4,,Under Votes,76,3,55,15,0,0
Parker,125,"Justice, Supreme Court, Place 4",4,,Over Votes,0,0,0,0,0,0
Parker,125,"Justice, Supreme Court, Place 6",6,REP,Jane Bland,2338,35,1967,321,0,0
Parker,125,"Justice, Supreme Court, Place 6",6,DEM,Bonnie Lee Goldstein,290,12,231,45,1,0
Parker,125,"Justice, Supreme Court, Place 6",6,LIB,J. David Roberson,64,0,49,14,0,0
Parker,125,"Justice, Supreme Court, Place 6",6,,Under Votes,73,3,48,19,0,0
Parker,125,"Justice, Supreme Court, Place 6",6,,Over Votes,0,0,0,0,0,0
Parker,125,"Presiding Judge, Court of Criminal Appeals",,REP,David J. Schenck,2396,35,2010,334,1,0
Parker,125,"Presiding Judge, Court of Criminal Appeals",,DEM,Holly Taylor,295,12,235,47,0,0
Parker,125,"Presiding Judge, Court of Criminal Appeals",,,Under Votes,74,3,50,18,0,0
Parker,125,"Presiding Judge, Court of Criminal Appeals",,,Over Votes,0,0,0,0,0,0
Parker,125,"Judge, Court of Criminal Appeals, Place 7",7,REP,Gina Parker,2406,34,2019,336,1,0
Parker,125,"Judge, Court of Criminal Appeals, Place 7",7,DEM,Nancy Mulder,281,12,224,44,0,0
Parker,125,"Judge, Court of Criminal Appeals, Place 7",7,,Under Votes,78,4,52,19,0,0
Parker,125,"Judge, Court of Criminal Appeals, Place 7",7,,Over Votes,0,0,0,0,0,0
Parker,125,"Judge, Court of Criminal Appeals, Place 8",8,REP,Lee Finley,2412,35,2025,335,1,0
Parker,125,"Judge, Court of Criminal Appeals, Place 8",8,DEM,Chika Anyiam,269,13,211,44,0,0
Parker,125,"Judge, Court of Criminal Appeals, Place 8",8,,Under Votes,84,2,59,20,0,0
Parker,125,"Judge, Court of Criminal Appeals, Place 8",8,,Over Votes,0,0,0,0,0,0
Parker,125,"Member, State Board of Education, District 11",11,REP,Brandon Hall,2350,35,1984,326,1,0
Parker,125,"Member, State Board of Education, District 11",11,DEM,Rayna Glasser,278,13,220,44,0,0
Parker,125,"Member, State Board of Education, District 11",11,GRN,Hunter Crow,49,0,37,11,0,0
Parker,125,"Member, State Board of Education, District 11",11,,Under Votes,88,2,54,18,0,0
Parker,125,"Member, State Board of Education, District 11",11,,Over Votes,0,0,0,0,0,0
Parker,125,State Senate,30,REP,Brent Hagenbuch,2377,35,2010,329,1,0
Parker,125,State Senate,30,DEM,Dale Frey,294,13,234,47,0,0
Parker,125,State Senate,30,,Under Votes,94,2,51,23,0,0
Parker,125,State Senate,30,,Over Votes,0,0,0,0,0,0
Parker,125,"State Representative, District 60",60,REP,Mike Olcott,2476,38,2081,356,1,0
Parker,125,"State Representative, District 60",60,,Under Votes,289,12,214,43,0,0
Parker,125,"State Representative, District 60",60,,Over Votes,0,0,0,0,0,0
Parker,125,"Chief Justice, 2nd Court of Appeals District",,REP,Bonnie Sudderth,2468,36,2072,353,1,0
Parker,125,"Chief Justice, 2nd Court of Appeals District",,,Under Votes,297,14,223,46,0,0
Parker,125,"Chief Justice, 2nd Court of Appeals District",,,Over Votes,0,0,0,0,0,0
Parker,125,"Justice, 2nd Court of Appeals District, Place 4",4,REP,Wade Birdwell,2462,37,2068,351,1,0
Parker,125,"Justice, 2nd Court of Appeals District, Place 4",4,,Under Votes,303,13,227,48,0,0
Parker,125,"Justice, 2nd Court of Appeals District, Place 4",4,,Over Votes,0,0,0,0,0,0
Parker,125,"Justice, 2nd Court of Appeals District, Place 5",5,REP,Dabney Bassel,2451,37,2061,347,1,0
Parker,125,"Justice, 2nd Court of Appeals District, Place 5",5,,Under Votes,314,13,234,52,0,0
Parker,125,"Justice, 2nd Court of Appeals District, Place 5",5,,Over Votes,0,0,0,0,0,0
Parker,125,"Justice, 2nd Court of Appeals District, Place 6",6,REP,Mike Wallach,2454,37,2064,347,1,0
Parker,125,"Justice, 2nd Court of Appeals District, Place 6",6,,Under Votes,311,13,231,52,0,0
Parker,125,"Justice, 2nd Court of Appeals District, Place 6",6,,Over Votes,0,0,0,0,0,0
Parker,125,"District Judge, 43rd Judicial District",,REP,S. Craig Towson,2443,36,2061,345,1,0
Parker,125,"District Judge, 43rd Judicial District",,,Under Votes,322,14,234,54,0,0
Parker,125,"District Judge, 43rd Judicial District",,,Over Votes,0,0,0,0,0,0
Parker,125,"District Judge, 415th Judicial District",,REP,Graham Quisenberry,2422,37,2043,341,1,0
Parker,125,"District Judge, 415th Judicial District",,,Under Votes,343,13,252,58,0,0
Parker,125,"District Judge, 415th Judicial District",,,Over Votes,0,0,0,0,0,0
Parker,125,"District Attorney, 43rd Judicial District",,REP,Jeff Swain,2436,36,2056,343,1,0
Parker,125,"District Attorney, 43rd Judicial District",,,Under Votes,329,14,239,56,0,0
Parker,125,"District Attorney, 43rd Judicial District",,,Over Votes,0,0,0,0,0,0
Parker,125,"Judge, County Court-at-Law No. 2",,REP,Lynn Marie Johnson,2431,36,2052,342,1,0
Parker,125,"Judge, County Court-at-Law No. 2",,,Under Votes,334,14,243,57,0,0
Parker,125,"Judge, County Court-at-Law No. 2",,,Over Votes,0,0,0,0,0,0
Parker,125,County Attorney,,REP,John Forrest Jr,2435,36,2054,344,1,0
Parker,125,County Attorney,,,Under Votes,330,14,241,55,0,0
Parker,125,County Attorney,,,Over Votes,0,0,0,0,0,0
Parker,125,Sheriff,,REP,Russ Authier,2428,36,2043,348,1,0
Parker,125,Sheriff,,,Under Votes,337,14,252,51,0,0
Parker,125,Sheriff,,,Over Votes,0,0,0,0,0,0
Parker,125,County Tax Assessor-Collector,,REP,"Jennifer ""Jenny"" Gentry",2452,36,2068,347,1,0
Parker,125,County Tax Assessor-Collector,,,Under Votes,313,14,227,52,0,0
Parker,125,County Tax Assessor-Collector,,,Over Votes,0,0,0,0,0,0
Parker,125,"County Commissioner, Precinct 1",,REP,George Conley,2433,35,2052,345,1,0
Parker,125,"County Commissioner, Precinct 1",,,Under Votes,332,15,243,54,0,0
Parker,125,"County Commissioner, Precinct 1",,,Over Votes,0,0,0,0,0,0
Parker,125,"Constable, Precinct 1",,REP,Ray Wright,2443,36,2059,347,1,0
Parker,125,"Constable, Precinct 1",,,Under Votes,322,14,236,52,0,0
Parker,125,"Constable, Precinct 1",,,Over Votes,0,0,0,0,0,0
Parker,125,"PARKER COUNTY HOSPITAL DISTRICT Board of Directors, Precinct 1 - Vote for none or one",,,Chad Lee,2174,27,1828,315,1,0
Parker,125,"PARKER COUNTY HOSPITAL DISTRICT Board of Directors, Precinct 1 - Vote for none or one",,,Under Votes,591,23,467,84,0,0
Parker,125,"PARKER COUNTY HOSPITAL DISTRICT Board of Directors, Precinct 1 - Vote for none or one",,,Over Votes,0,0,0,0,0,0
Parker,130,Registered Voters,,,,4456,,,,,
Parker,130,Ballots Cast,,,,2849,,,,,
Parker,130,President,,REP,Donald J. Trump JD Vance,2391,46,1887,442,1,0
Parker,130,President,,DEM,Kamala D. Harris Tim Walz,428,39,313,76,0,0
Parker,130,President,,LIB,Chase Oliver Mike ter Maat,17,0,7,10,0,0
Parker,130,President,,GRN,Jill Stein Rudolph Ware,6,0,6,0,0,0
Parker,130,President,,,Cherunda Fox/Harlan McVay,0,0,0,0,0,0
Parker,130,President,,,Claudia De La Cruz/Karina Garcia,0,0,0,0,0,0
Parker,130,President,,,Cornel West/Melina Abdullah,0,0,0,0,0,0
Parker,130,President,,,Jessie Cuellar/Wesley Lasley,0,0,0,0,0,0
Parker,130,President,,,Peter Sonski/Lauren Onak,0,0,0,0,0,0
Parker,130,President,,,Shiva Ayyadurai/Crystal Ellis,0,0,0,0,0,0
Parker,130,President,,,Under Votes,7,0,5,1,0,0
Parker,130,President,,,Over Votes,0,0,0,0,0,0
Parker,130,U.S. Senate,,REP,Ted Cruz,2272,46,1822,387,1,0
Parker,130,U.S. Senate,,DEM,Colin Allred,482,39,344,99,0,0
Parker,130,U.S. Senate,,LIB,Ted Brown,80,0,41,39,0,0
Parker,130,U.S. Senate,,,Analisa Roche,0,0,0,0,0,0
Parker,130,U.S. Senate,,,Tracy Andrus,0,0,0,0,0,0
Parker,130,U.S. Senate,,,Under Votes,15,0,11,4,0,0
Parker,130,U.S. Senate,,,Over Votes,0,0,0,0,0,0
Parker,130,U.S. House,12,REP,Craig Goldman,2364,47,1868,438,1,0
Parker,130,U.S. House,12,DEM,Trey J. Hunt,432,35,317,80,0,0
Parker,130,U.S. House,12,,Under Votes,53,3,33,11,0,0
Parker,130,U.S. House,12,,Over Votes,0,0,0,0,0,0
Parker,130,Railroad Commissioner,,REP,Christi Craddick,2284,46,1806,415,1,0
Parker,130,Railroad Commissioner,,DEM,Katherine Culbert,384,34,289,61,0,0
Parker,130,Railroad Commissioner,,LIB,Hawk Dunlap,89,0,59,30,0,0
Parker,130,Railroad Commissioner,,GRN,Eddie Espinoza,32,0,24,8,0,0
Parker,130,Railroad Commissioner,,,Richard McKibbin,0,0,0,0,0,0
Parker,130,Railroad Commissioner,,,Under Votes,59,4,40,15,0,0
Parker,130,Railroad Commissioner,,,Over Votes,0,0,0,0,0,0
Parker,130,"Justice, Supreme Court, Place 2",2,REP,Jimmy Blacklock,2380,46,1876,441,1,0
Parker,130,"Justice, Supreme Court, Place 2",2,DEM,DaSean Jones,409,35,300,74,0,0
Parker,130,"Justice, Supreme Court, Place 2",2,,Under Votes,59,3,42,14,0,0
Parker,130,"Justice, Supreme Court, Place 2",2,,Over Votes,0,0,0,0,0,0
Parker,130,"Justice, Supreme Court, Place 4",4,REP,John Devine,2369,46,1866,440,1,0
Parker,130,"Justice, Supreme Court, Place 4",4,DEM,Christine Vinh Weems,418,35,307,76,0,0
Parker,130,"Justice, Supreme Court, Place 4",4,,Under Votes,61,3,45,13,0,0
Parker,130,"Justice, Supreme Court, Place 4",4,,Over Votes,0,0,0,0,0,0
Parker,130,"Justice, Supreme Court, Place 6",6,REP,Jane Bland,2300,46,1825,413,1,0
Parker,130,"Justice, Supreme Court, Place 6",6,DEM,Bonnie Lee Goldstein,388,35,286,67,0,0
Parker,130,"Justice, Supreme Court, Place 6",6,LIB,J. David Roberson,89,0,55,34,0,0
Parker,130,"Justice, Supreme Court, Place 6",6,,Under Votes,71,3,52,15,0,0
Parker,130,"Justice, Supreme Court, Place 6",6,,Over Votes,0,0,0,0,0,0
Parker,130,"Presiding Judge, Court of Criminal Appeals",,REP,David J. Schenck,2370,46,1867,440,1,0
Parker,130,"Presiding Judge, Court of Criminal Appeals",,DEM,Holly Taylor,419,35,308,76,0,0
Parker,130,"Presiding Judge, Court of Criminal Appeals",,,Under Votes,59,3,43,13,0,0
Parker,130,"Presiding Judge, Court of Criminal Appeals",,,Over Votes,0,0,0,0,0,0
Parker,130,"Judge, Court of Criminal Appeals, Place 7",7,REP,Gina Parker,2380,45,1871,447,1,0
Parker,130,"Judge, Court of Criminal Appeals, Place 7",7,DEM,Nancy Mulder,410,36,305,69,0,0
Parker,130,"Judge, Court of Criminal Appeals, Place 7",7,,Under Votes,58,3,42,13,0,0
Parker,130,"Judge, Court of Criminal Appeals, Place 7",7,,Over Votes,0,0,0,0,0,0
Parker,130,"Judge, Court of Criminal Appeals, Place 8",8,REP,Lee Finley,2392,47,1882,446,1,0
Parker,130,"Judge, Court of Criminal Appeals, Place 8",8,DEM,Chika Anyiam,388,34,288,66,0,0
Parker,130,"Judge, Court of Criminal Appeals, Place 8",8,,Under Votes,68,3,48,17,0,0
Parker,130,"Judge, Court of Criminal Appeals, Place 8",8,,Over Votes,0,0,0,0,0,0
Parker,130,"Member, State Board of Education, District 11",11,REP,Brandon Hall,2324,46,1841,427,1,0
Parker,130,"Member, State Board of Education, District 11",11,DEM,Rayna Glasser,409,35,301,73,0,0
Parker,130,"Member, State Board of Education, District 11",11,GRN,Hunter Crow,49,0,33,16,0,0
Parker,130,"Member, State Board of Education, District 11",11,,Under Votes,66,3,43,13,0,0
Parker,130,"Member, State Board of Education, District 11",11,,Over Votes,0,0,0,0,0,0
Parker,130,State Senate,30,REP,Brent Hagenbuch,2345,47,1858,436,1,0
Parker,130,State Senate,30,DEM,Dale Frey,417,34,309,74,0,0
Parker,130,State Senate,30,,Under Votes,86,3,51,19,0,0
Parker,130,State Senate,30,,Over Votes,0,0,0,0,0,0
Parker,130,"State Representative, District 60",60,REP,Mike Olcott,2499,57,1959,482,1,0
Parker,130,"State Representative, District 60",60,,Under Votes,349,27,259,47,0,0
Parker,130,"State Representative, District 60",60,,Over Votes,0,0,0,0,0,0
Parker,130,"Chief Justice, 2nd Court of Appeals District",,REP,Bonnie Sudderth,2497,58,1951,481,1,0
Parker,130,"Chief Justice, 2nd Court of Appeals District",,,Under Votes,351,26,267,48,0,0
Parker,130,"Chief Justice, 2nd Court of Appeals District",,,Over Votes,0,0,0,0,0,0
Parker,130,"Justice, 2nd Court of Appeals District, Place 4",4,REP,Wade Birdwell,2488,58,1945,479,1,0
Parker,130,"Justice, 2nd Court of Appeals District, Place 4",4,,Under Votes,360,26,273,50,0,0
Parker,130,"Justice, 2nd Court of Appeals District, Place 4",4,,Over Votes,0,0,0,0,0,0
Parker,130,"Justice, 2nd Court of Appeals District, Place 5",5,REP,Dabney Bassel,2479,58,1937,477,1,0
Parker,130,"Justice, 2nd Court of Appeals District, Place 5",5,,Under Votes,369,26,281,52,0,0
Parker,130,"Justice, 2nd Court of Appeals District, Place 5",5,,Over Votes,0,0,0,0,0,0
Parker,130,"Justice, 2nd Court of Appeals District, Place 6",6,REP,Mike Wallach,2476,57,1935,478,1,0
Parker,130,"Justice, 2nd Court of Appeals District, Place 6",6,,Under Votes,372,27,283,51,0,0
Parker,130,"Justice, 2nd Court of Appeals District, Place 6",6,,Over Votes,0,0,0,0,0,0
Parker,130,"District Judge, 43rd Judicial District",,REP,S. Craig Towson,2477,58,1942,476,1,0
Parker,130,"District Judge, 43rd Judicial District",,,Under Votes,371,26,276,53,0,0
Parker,130,"District Judge, 43rd Judicial District",,,Over Votes,0,0,0,0,0,0
Parker,130,"District Judge, 415th Judicial District",,REP,Graham Quisenberry,2459,60,1930,468,1,0
Parker,130,"District Judge, 415th Judicial District",,,Under Votes,389,24,288,61,0,0
Parker,130,"District Judge, 415th Judicial District",,,Over Votes,0,0,0,0,0,0
Parker,130,"District Attorney, 43rd Judicial District",,REP,Jeff Swain,2461,58,1929,473,1,0
Parker,130,"District Attorney, 43rd Judicial District",,,Under Votes,387,26,289,56,0,0
Parker,130,"District Attorney, 43rd Judicial District",,,Over Votes,0,0,0,0,0,0
Parker,130,"Judge, County Court-at-Law No. 2",,REP,Lynn Marie Johnson,2460,57,1929,473,1,0
Parker,130,"Judge, County Court-at-Law No. 2",,,Under Votes,388,27,289,56,0,0
Parker,130,"Judge, County Court-at-Law No. 2",,,Over Votes,0,0,0,0,0,0
Parker,130,County Attorney,,REP,John Forrest Jr,2469,59,1937,472,1,0
Parker,130,County Attorney,,,Under Votes,379,25,281,57,0,0
Parker,130,County Attorney,,,Over Votes,0,0,0,0,0,0
Parker,130,Sheriff,,REP,Russ Authier,2475,59,1945,470,1,0
Parker,130,Sheriff,,,Under Votes,373,25,273,59,0,0
Parker,130,Sheriff,,,Over Votes,0,0,0,0,0,0
Parker,130,County Tax Assessor-Collector,,REP,"Jennifer ""Jenny"" Gentry",2484,62,1945,476,1,0
Parker,130,County Tax Assessor-Collector,,,Under Votes,364,22,273,53,0,0
Parker,130,County Tax Assessor-Collector,,,Over Votes,0,0,0,0,0,0
Parker,130,"County Commissioner, Precinct 1",,REP,George Conley,2461,60,1932,468,1,0
Parker,130,"County Commissioner, Precinct 1",,,Under Votes,387,24,286,61,0,0
Parker,130,"County Commissioner, Precinct 1",,,Over Votes,0,0,0,0,0,0
Parker,130,"Constable, Precinct 1",,REP,Ray Wright,2472,61,1938,472,1,0
Parker,130,"Constable, Precinct 1",,,Under Votes,376,23,280,57,0,0
Parker,130,"Constable, Precinct 1",,,Over Votes,0,0,0,0,0,0
Parker,130,"PARKER COUNTY HOSPITAL DISTRICT Board of Directors, Precinct 1 - Vote for none or one",,,Chad Lee,2263,55,1760,444,1,0
Parker,130,"PARKER COUNTY HOSPITAL DISTRICT Board of Directors, Precinct 1 - Vote for none or one",,,Under Votes,585,29,458,85,0,0
Parker,130,"PARKER COUNTY HOSPITAL DISTRICT Board of Directors, Precinct 1 - Vote for none or one",,,Over Votes,0,0,0,0,0,0
Parker,135,Registered Voters,,,,2376,,,,,
Parker,135,Ballots Cast,,,,1718,,,,,
Parker,135,President,,REP,Donald J. Trump JD Vance,1448,26,1099,314,1,0
Parker,135,President,,DEM,Kamala D. Harris Tim Walz,246,13,166,66,0,0
Parker,135,President,,LIB,Chase Oliver Mike ter Maat,10,1,6,3,0,0
Parker,135,President,,GRN,Jill Stein Rudolph Ware,5,0,2,3,0,0
Parker,135,President,,,Cherunda Fox/Harlan McVay,0,0,0,0,0,0
Parker,135,President,,,Claudia De La Cruz/Karina Garcia,0,0,0,0,0,0
Parker,135,President,,,Cornel West/Melina Abdullah,0,0,0,0,0,0
Parker,135,President,,,Jessie Cuellar/Wesley Lasley,0,0,0,0,0,0
Parker,135,President,,,Peter Sonski/Lauren Onak,0,0,0,0,0,0
Parker,135,President,,,Shiva Ayyadurai/Crystal Ellis,0,0,0,0,0,0
Parker,135,President,,,Under Votes,9,1,5,3,0,0
Parker,135,President,,,Over Votes,0,0,0,0,0,0
Parker,135,U.S. Senate,,REP,Ted Cruz,1402,27,1078,288,1,0
Parker,135,U.S. Senate,,DEM,Colin Allred,271,13,178,79,0,0
Parker,135,U.S. Senate,,LIB,Ted Brown,36,0,18,18,0,0
Parker,135,U.S. Senate,,,Analisa Roche,0,0,0,0,0,0
Parker,135,U.S. Senate,,,Tracy Andrus,0,0,0,0,0,0
Parker,135,U.S. Senate,,,Under Votes,9,1,4,4,0,0
Parker,135,U.S. Senate,,,Over Votes,0,0,0,0,0,0
Parker,135,U.S. House,12,REP,Craig Goldman,1449,27,1104,315,1,0
Parker,135,U.S. House,12,DEM,Trey J. Hunt,236,13,152,70,0,0
Parker,135,U.S. House,12,,Under Votes,33,1,22,4,0,0
Parker,135,U.S. House,12,,Over Votes,0,0,0,0,0,0
Parker,135,Railroad Commissioner,,REP,Christi Craddick,1394,25,1072,290,1,0
Parker,135,Railroad Commissioner,,DEM,Katherine Culbert,216,10,147,57,0,0
Parker,135,Railroad Commissioner,,LIB,Hawk Dunlap,54,2,31,20,0,0
Parker,135,Railroad Commissioner,,GRN,Eddie Espinoza,21,0,7,14,0,0
Parker,135,Railroad Commissioner,,,Richard McKibbin,0,0,0,0,0,0
Parker,135,Railroad Commissioner,,,Under Votes,30,1,21,8,0,0
Parker,135,Railroad Commissioner,,,Over Votes,0,0,0,0,0,0
Parker,135,"Justice, Supreme Court, Place 2",2,REP,Jimmy Blacklock,1453,25,1106,313,1,0
Parker,135,"Justice, Supreme Court, Place 2",2,DEM,DaSean Jones,236,12,155,68,0,0
Parker,135,"Justice, Supreme Court, Place 2",2,,Under Votes,26,1,17,8,0,0
Parker,135,"Justice, Supreme Court, Place 2",2,,Over Votes,0,0,0,0,0,0
Parker,135,"Justice, Supreme Court, Place 4",4,REP,John Devine,1441,26,1101,305,1,0
Parker,135,"Justice, Supreme Court, Place 4",4,DEM,Christine Vinh Weems,246,11,158,76,0,0
Parker,135,"Justice, Supreme Court, Place 4",4,,Under Votes,28,1,19,8,0,0
Parker,135,"Justice, Supreme Court, Place 4",4,,Over Votes,0,0,0,0,0,0
Parker,135,"Justice, Supreme Court, Place 6",6,REP,Jane Bland,1408,23,1076,301,1,0
Parker,135,"Justice, Supreme Court, Place 6",6,DEM,Bonnie Lee Goldstein,220,11,146,61,0,0
Parker,135,"Justice, Supreme Court, Place 6",6,LIB,J. David Roberson,54,3,31,20,0,0
Parker,135,"Justice, Supreme Court, Place 6",6,,Under Votes,33,1,25,7,0,0
Parker,135,"Justice, Supreme Court, Place 6",6,,Over Votes,0,0,0,0,0,0
Parker,135,"Presiding Judge, Court of Criminal Appeals",,REP,David J. Schenck,1446,25,1097,315,1,0
Parker,135,"Presiding Judge, Court of Criminal Appeals",,DEM,Holly Taylor,238,12,157,68,0,0
Parker,135,"Presiding Judge, Court of Criminal Appeals",,,Under Votes,31,1,24,6,0,0
Parker,135,"Presiding Judge, Court of Criminal Appeals",,,Over Votes,0,0,0,0,0,0
Parker,135,"Judge, Court of Criminal Appeals, Place 7",7,REP,Gina Parker,1454,27,1102,317,1,0
Parker,135,"Judge, Court of Criminal Appeals, Place 7",7,DEM,Nancy Mulder,228,10,151,65,0,0
Parker,135,"Judge, Court of Criminal Appeals, Place 7",7,,Under Votes,33,1,25,7,0,0
Parker,135,"Judge, Court of Criminal Appeals, Place 7",7,,Over Votes,0,0,0,0,0,0
Parker,135,"Judge, Court of Criminal Appeals, Place 8",8,REP,Lee Finley,1458,27,1104,319,1,0
Parker,135,"Judge, Court of Criminal Appeals, Place 8",8,DEM,Chika Anyiam,220,10,149,60,0,0
Parker,135,"Judge, Court of Criminal Appeals, Place 8",8,,Under Votes,37,1,25,10,0,0
Parker,135,"Judge, Court of Criminal Appeals, Place 8",8,,Over Votes,0,0,0,0,0,0
Parker,135,"Member, State Board of Education, District 11",11,REP,Brandon Hall,1405,26,1075,301,1,0
Parker,135,"Member, State Board of Education, District 11",11,DEM,Rayna Glasser,226,10,153,62,0,0
Parker,135,"Member, State Board of Education, District 11",11,GRN,Hunter Crow,33,1,18,14,0,0
Parker,135,"Member, State Board of Education, District 11",11,,Under Votes,51,1,32,12,0,0
Parker,135,"Member, State Board of Education, District 11",11,,Over Votes,0,0,0,0,0,0
Parker,135,State Senate,30,REP,Brent Hagenbuch,1431,27,1094,309,1,0
Parker,135,State Senate,30,DEM,Dale Frey,233,10,155,67,0,0
Parker,135,State Senate,30,,Under Votes,51,1,29,13,0,0
Parker,135,State Senate,30,,Over Votes,0,0,0,0,0,0
Parker,135,"State Representative, District 60",60,REP,Mike Olcott,1523,26,1155,339,1,0
Parker,135,"State Representative, District 60",60,,Under Votes,192,12,123,50,0,0
Parker,135,"State Representative, District 60",60,,Over Votes,0,0,0,0,0,0
Parker,135,"Chief Justice, 2nd Court of Appeals District",,REP,Bonnie Sudderth,1514,27,1148,336,1,0
Parker,135,"Chief Justice, 2nd Court of Appeals District",,,Under Votes,201,11,130,53,0,0
Parker,135,"Chief Justice, 2nd Court of Appeals District",,,Over Votes,0,0,0,0,0,0
Parker,135,"Justice, 2nd Court of Appeals District, Place 4",4,REP,Wade Birdwell,1516,26,1154,333,1,0
Parker,135,"Justice, 2nd Court of Appeals District, Place 4",4,,Under Votes,199,12,124,56,0,0
Parker,135,"Justice, 2nd Court of Appeals District, Place 4",4,,Over Votes,0,0,0,0,0,0
Parker,135,"Justice, 2nd Court of Appeals District, Place 5",5,REP,Dabney Bassel,1507,27,1144,334,1,0
Parker,135,"Justice, 2nd Court of Appeals District, Place 5",5,,Under Votes,208,11,134,55,0,0
Parker,135,"Justice, 2nd Court of Appeals District, Place 5",5,,Over Votes,0,0,0,0,0,0
Parker,135,"Justice, 2nd Court of Appeals District, Place 6",6,REP,Mike Wallach,1502,26,1143,331,1,0
Parker,135,"Justice, 2nd Court of Appeals District, Place 6",6,,Under Votes,213,12,135,58,0,0
Parker,135,"Justice, 2nd Court of Appeals District, Place 6",6,,Over Votes,0,0,0,0,0,0
Parker,135,"District Judge, 43rd Judicial District",,REP,S. Craig Towson,1503,26,1142,334,1,0
Parker,135,"District Judge, 43rd Judicial District",,,Under Votes,212,12,136,55,0,0
Parker,135,"District Judge, 43rd Judicial District",,,Over Votes,0,0,0,0,0,0
Parker,135,"District Judge, 415th Judicial District",,REP,Graham Quisenberry,1502,26,1142,333,1,0
Parker,135,"District Judge, 415th Judicial District",,,Under Votes,213,12,136,56,0,0
Parker,135,"District Judge, 415th Judicial District",,,Over Votes,0,0,0,0,0,0
Parker,135,"District Attorney, 43rd Judicial District",,REP,Jeff Swain,1498,26,1136,335,1,0
Parker,135,"District Attorney, 43rd Judicial District",,,Under Votes,217,12,142,54,0,0
Parker,135,"District Attorney, 43rd Judicial District",,,Over Votes,0,0,0,0,0,0
Parker,135,"Judge, County Court-at-Law No. 2",,REP,Lynn Marie Johnson,1495,26,1135,333,1,0
Parker,135,"Judge, County Court-at-Law No. 2",,,Under Votes,220,12,143,56,0,0
Parker,135,"Judge, County Court-at-Law No. 2",,,Over Votes,0,0,0,0,0,0
Parker,135,County Attorney,,REP,John Forrest Jr,1500,26,1141,332,1,0
Parker,135,County Attorney,,,Under Votes,215,12,137,57,0,0
Parker,135,County Attorney,,,Over Votes,0,0,0,0,0,0
Parker,135,Sheriff,,REP,Russ Authier,1497,25,1137,334,1,0
Parker,135,Sheriff,,,Under Votes,218,13,141,55,0,0
Parker,135,Sheriff,,,Over Votes,0,0,0,0,0,0
Parker,135,County Tax Assessor-Collector,,REP,"Jennifer ""Jenny"" Gentry",1507,27,1142,337,1,0
Parker,135,County Tax Assessor-Collector,,,Under Votes,208,11,136,52,0,0
Parker,135,County Tax Assessor-Collector,,,Over Votes,0,0,0,0,0,0
Parker,135,"County Commissioner, Precinct 1",,REP,George Conley,1498,25,1138,334,1,0
Parker,135,"County Commissioner, Precinct 1",,,Under Votes,217,13,140,55,0,0
Parker,135,"County Commissioner, Precinct 1",,,Over Votes,0,0,0,0,0,0
Parker,135,"Constable, Precinct 1",,REP,Ray Wright,1500,25,1142,332,1,0
Parker,135,"Constable, Precinct 1",,,Under Votes,215,13,136,57,0,0
Parker,135,"Constable, Precinct 1",,,Over Votes,0,0,0,0,0,0
Parker,135,"PARKER COUNTY HOSPITAL DISTRICT Board of Directors, Precinct 1 - Vote for none or one",,,Chad Lee,1397,27,1044,324,1,0
Parker,135,"PARKER COUNTY HOSPITAL DISTRICT Board of Directors, Precinct 1 - Vote for none or one",,,Under Votes,318,11,234,65,0,0
Parker,135,"PARKER COUNTY HOSPITAL DISTRICT Board of Directors, Precinct 1 - Vote for none or one",,,Over Votes,0,0,0,0,0,0
Parker,140,Registered Voters,,,,1879,,,,,
Parker,140,Ballots Cast,,,,1263,,,,,
Parker,140,President,,REP,Donald J. Trump JD Vance,1079,19,888,169,0,0
Parker,140,President,,DEM,Kamala D. Harris Tim Walz,172,7,128,37,0,0
Parker,140,President,,LIB,Chase Oliver Mike ter Maat,6,0,4,2,0,0
Parker,140,President,,GRN,Jill Stein Rudolph Ware,2,0,2,0,0,0
Parker,140,President,,,Cherunda Fox/Harlan McVay,0,0,0,0,0,0
Parker,140,President,,,Claudia De La Cruz/Karina Garcia,0,0,0,0,0,0
Parker,140,President,,,Cornel West/Melina Abdullah,0,0,0,0,0,0
Parker,140,President,,,Jessie Cuellar/Wesley Lasley,0,0,0,0,0,0
Parker,140,President,,,Peter Sonski/Lauren Onak,0,0,0,0,0,0
Parker,140,President,,,Shiva Ayyadurai/Crystal Ellis,0,0,0,0,0,0
Parker,140,President,,,Under Votes,4,0,4,0,0,0
Parker,140,President,,,Over Votes,0,0,0,0,0,0
Parker,140,U.S. Senate,,REP,Ted Cruz,1037,19,864,151,0,0
Parker,140,U.S. Senate,,DEM,Colin Allred,193,7,141,45,0,0
Parker,140,U.S. Senate,,LIB,Ted Brown,24,0,16,8,0,0
Parker,140,U.S. Senate,,,Analisa Roche,0,0,0,0,0,0
Parker,140,U.S. Senate,,,Tracy Andrus,0,0,0,0,0,0
Parker,140,U.S. Senate,,,Under Votes,9,0,5,4,0,0
Parker,140,U.S. Senate,,,Over Votes,0,0,0,0,0,0
Parker,140,U.S. House,12,REP,Craig Goldman,1059,19,880,159,0,0
Parker,140,U.S. House,12,DEM,Trey J. Hunt,173,6,124,43,0,0
Parker,140,U.S. House,12,,Under Votes,31,1,22,6,0,0
Parker,140,U.S. House,12,,Over Votes,0,0,0,0,0,0
Parker,140,Railroad Commissioner,,REP,Christi Craddick,1023,19,851,150,0,0
Parker,140,Railroad Commissioner,,DEM,Katherine Culbert,149,5,110,34,0,0
Parker,140,Railroad Commissioner,,LIB,Hawk Dunlap,46,0,35,11,0,0
Parker,140,Railroad Commissioner,,GRN,Eddie Espinoza,12,0,6,6,0,0
Parker,140,Railroad Commissioner,,,Richard McKibbin,0,0,0,0,0,0
Parker,140,Railroad Commissioner,,,Under Votes,31,0,24,7,0,0
Parker,140,Railroad Commissioner,,,Over Votes,0,0,0,0,0,0
Parker,140,"Justice, Supreme Court, Place 2",2,REP,Jimmy Blacklock,1065,19,879,164,0,0
Parker,140,"Justice, Supreme Court, Place 2",2,DEM,DaSean Jones,168,5,124,39,0,0
Parker,140,"Justice, Supreme Court, Place 2",2,,Under Votes,28,0,23,5,0,0
Parker,140,"Justice, Supreme Court, Place 2",2,,Over Votes,0,0,0,0,0,0
Parker,140,"Justice, Supreme Court, Place 4",4,REP,John Devine,1059,19,878,159,0,0
Parker,140,"Justice, Supreme Court, Place 4",4,DEM,Christine Vinh Weems,170,5,123,42,0,0
Parker,140,"Justice, Supreme Court, Place 4",4,,Under Votes,32,0,25,7,0,0
Parker,140,"Justice, Supreme Court, Place 4",4,,Over Votes,0,0,0,0,0,0
Parker,140,"Justice, Supreme Court, Place 6",6,REP,Jane Bland,1031,19,858,151,0,0
Parker,140,"Justice, Supreme Court, Place 6",6,DEM,Bonnie Lee Goldstein,159,5,117,37,0,0
Parker,140,"Justice, Supreme Court, Place 6",6,LIB,J. David Roberson,39,0,28,11,0,0
Parker,140,"Justice, Supreme Court, Place 6",6,,Under Votes,32,0,23,9,0,0
Parker,140,"Justice, Supreme Court, Place 6",6,,Over Votes,0,0,0,0,0,0
Parker,140,"Presiding Judge, Court of Criminal Appeals",,REP,David J. Schenck,1058,19,880,156,0,0
Parker,140,"Presiding Judge, Court of Criminal Appeals",,DEM,Holly Taylor,169,5,121,43,0,0
Parker,140,"Presiding Judge, Court of Criminal Appeals",,,Under Votes,34,0,25,9,0,0
Parker,140,"Presiding Judge, Court of Criminal Appeals",,,Over Votes,0,0,0,0,0,0
Parker,140,"Judge, Court of Criminal Appeals, Place 7",7,REP,Gina Parker,1062,19,879,161,0,0
Parker,140,"Judge, Court of Criminal Appeals, Place 7",7,DEM,Nancy Mulder,161,4,118,39,0,0
Parker,140,"Judge, Court of Criminal Appeals, Place 7",7,,Under Votes,38,1,29,8,0,0
Parker,140,"Judge, Court of Criminal Appeals, Place 7",7,,Over Votes,0,0,0,0,0,0
Parker,140,"Judge, Court of Criminal Appeals, Place 8",8,REP,Lee Finley,1066,21,882,160,0,0
Parker,140,"Judge, Court of Criminal Appeals, Place 8",8,DEM,Chika Anyiam,155,3,115,37,0,0
Parker,140,"Judge, Court of Criminal Appeals, Place 8",8,,Under Votes,40,0,29,11,0,0
Parker,140,"Judge, Court of Criminal Appeals, Place 8",8,,Over Votes,0,0,0,0,0,0
Parker,140,"Member, State Board of Education, District 11",11,REP,Brandon Hall,1043,19,868,155,0,0
Parker,140,"Member, State Board of Education, District 11",11,DEM,Rayna Glasser,161,5,121,35,0,0
Parker,140,"Member, State Board of Education, District 11",11,GRN,Hunter Crow,23,0,13,10,0,0
Parker,140,"Member, State Board of Education, District 11",11,,Under Votes,34,0,24,8,0,0
Parker,140,"Member, State Board of Education, District 11",11,,Over Votes,0,0,0,0,0,0
Parker,140,State Senate,30,REP,Brent Hagenbuch,1062,20,880,162,0,0
Parker,140,State Senate,30,DEM,Dale Frey,162,4,121,37,0,0
Parker,140,State Senate,30,,Under Votes,37,0,25,9,0,0
Parker,140,State Senate,30,,Over Votes,0,0,0,0,0,0
Parker,140,"State Representative, District 60",60,REP,Mike Olcott,1124,21,922,181,0,0
Parker,140,"State Representative, District 60",60,,Under Votes,137,3,104,27,0,0
Parker,140,"State Representative, District 60",60,,Over Votes,0,0,0,0,0,0
Parker,140,"Chief Justice, 2nd Court of Appeals District",,REP,Bonnie Sudderth,1115,20,916,179,0,0
Parker,140,"Chief Justice, 2nd Court of Appeals District",,,Under Votes,146,4,110,29,0,0
Parker,140,"Chief Justice, 2nd Court of Appeals District",,,Over Votes,0,0,0,0,0,0
Parker,140,"Justice, 2nd Court of Appeals District, Place 4",4,REP,Wade Birdwell,1111,21,912,178,0,0
Parker,140,"Justice, 2nd Court of Appeals District, Place 4",4,,Under Votes,150,3,114,30,0,0
Parker,140,"Justice, 2nd Court of Appeals District, Place 4",4,,Over Votes,0,0,0,0,0,0
Parker,140,"Justice, 2nd Court of Appeals District, Place 5",5,REP,Dabney Bassel,1110,21,910,179,0,0
Parker,140,"Justice, 2nd Court of Appeals District, Place 5",5,,Under Votes,151,3,116,29,0,0
Parker,140,"Justice, 2nd Court of Appeals District, Place 5",5,,Over Votes,0,0,0,0,0,0
Parker,140,"Justice, 2nd Court of Appeals District, Place 6",6,REP,Mike Wallach,1111,21,911,179,0,0
Parker,140,"Justice, 2nd Court of Appeals District, Place 6",6,,Under Votes,150,3,115,29,0,0
Parker,140,"Justice, 2nd Court of Appeals District, Place 6",6,,Over Votes,0,0,0,0,0,0
Parker,140,"District Judge, 43rd Judicial District",,REP,S. Craig Towson,1110,21,910,179,0,0
Parker,140,"District Judge, 43rd Judicial District",,,Under Votes,151,3,116,29,0,0
Parker,140,"District Judge, 43rd Judicial District",,,Over Votes,0,0,0,0,0,0
Parker,140,"District Judge, 415th Judicial District",,REP,Graham Quisenberry,1108,21,910,177,0,0
Parker,140,"District Judge, 415th Judicial District",,,Under Votes,153,3,116,31,0,0
Parker,140,"District Judge, 415th Judicial District",,,Over Votes,0,0,0,0,0,0
Parker,140,"District Attorney, 43rd Judicial District",,REP,Jeff Swain,1101,21,906,174,0,0
Parker,140,"District Attorney, 43rd Judicial District",,,Under Votes,160,3,120,34,0,0
Parker,140,"District Attorney, 43rd Judicial District",,,Over Votes,0,0,0,0,0,0
Parker,140,"Judge, County Court-at-Law No. 2",,REP,Lynn Marie Johnson,1104,21,908,175,0,0
Parker,140,"Judge, County Court-at-Law No. 2",,,Under Votes,157,3,118,33,0,0
Parker,140,"Judge, County Court-at-Law No. 2",,,Over Votes,0,0,0,0,0,0
Parker,140,County Attorney,,REP,John Forrest Jr,1109,21,910,178,0,0
Parker,140,County Attorney,,,Under Votes,152,3,116,30,0,0
Parker,140,County Attorney,,,Over Votes,0,0,0,0,0,0
Parker,140,Sheriff,,REP,Russ Authier,1106,21,910,175,0,0
Parker,140,Sheriff,,,Under Votes,155,3,116,33,0,0
Parker,140,Sheriff,,,Over Votes,0,0,0,0,0,0
Parker,140,County Tax Assessor-Collector,,REP,"Jennifer ""Jenny"" Gentry",1111,21,913,177,0,0
Parker,140,County Tax Assessor-Collector,,,Under Votes,150,3,113,31,0,0
Parker,140,County Tax Assessor-Collector,,,Over Votes,0,0,0,0,0,0
Parker,140,"County Commissioner, Precinct 1",,REP,George Conley,1114,21,916,177,0,0
Parker,140,"County Commissioner, Precinct 1",,,Under Votes,147,3,110,31,0,0
Parker,140,"County Commissioner, Precinct 1",,,Over Votes,0,0,0,0,0,0
Parker,140,"Constable, Precinct 1",,REP,Ray Wright,1108,21,911,176,0,0
Parker,140,"Constable, Precinct 1",,,Under Votes,153,3,115,32,0,0
Parker,140,"Constable, Precinct 1",,,Over Votes,0,0,0,0,0,0
Parker,140,"POOLVILLE INDEPENDENT SCHOOL DISTRICT Board of Trustee, Place 4 - Vote for none or one",4,,Doug Gammill,25,0,21,4,0,0
Parker,140,"POOLVILLE INDEPENDENT SCHOOL DISTRICT Board of Trustee, Place 4 - Vote for none or one",4,,Under Votes,8,0,8,0,0,0
Parker,140,"POOLVILLE INDEPENDENT SCHOOL DISTRICT Board of Trustee, Place 4 - Vote for none or one",4,,Over Votes,0,0,0,0,0,0
Parker,140,"POOLVILLE INDEPENDENT SCHOOL DISTRICT Board of Trustee, Place 5 - Vote for none or one",5,,David Mansell,23,0,19,4,0,0
Parker,140,"POOLVILLE INDEPENDENT SCHOOL DISTRICT Board of Trustee, Place 5 - Vote for none or one",5,,Under Votes,10,0,10,0,0,0
Parker,140,"POOLVILLE INDEPENDENT SCHOOL DISTRICT Board of Trustee, Place 5 - Vote for none or one",5,,Over Votes,0,0,0,0,0,0
Parker,140,"POOLVILLE INDEPENDENT SCHOOL DISTRICT Board of Trustee, Place 6 - Vote for none or one",6,,Linda Harris,14,0,13,1,0,0
Parker,140,"POOLVILLE INDEPENDENT SCHOOL DISTRICT Board of Trustee, Place 6 - Vote for none or one",6,,Ben Haecker,10,0,7,3,0,0
Parker,140,"POOLVILLE INDEPENDENT SCHOOL DISTRICT Board of Trustee, Place 6 - Vote for none or one",6,,Under Votes,9,0,9,0,0,0
Parker,140,"POOLVILLE INDEPENDENT SCHOOL DISTRICT Board of Trustee, Place 6 - Vote for none or one",6,,Over Votes,0,0,0,0,0,0
Parker,140,"POOLVILLE INDEPENDENT SCHOOL DISTRICT Board of Trustee, Place 7 - Vote for none or one",7,,Kelli Boyd,18,0,15,3,0,0
Parker,140,"POOLVILLE INDEPENDENT SCHOOL DISTRICT Board of Trustee, Place 7 - Vote for none or one",7,,Misti Johnson,1,0,1,0,0,0
Parker,140,"POOLVILLE INDEPENDENT SCHOOL DISTRICT Board of Trustee, Place 7 - Vote for none or one",7,,Krayton Kirkpatrick,3,0,3,0,0,0
Parker,140,"POOLVILLE INDEPENDENT SCHOOL DISTRICT Board of Trustee, Place 7 - Vote for none or one",7,,Under Votes,11,0,10,1,0,0
Parker,140,"POOLVILLE INDEPENDENT SCHOOL DISTRICT Board of Trustee, Place 7 - Vote for none or one",7,,Over Votes,0,0,0,0,0,0
Parker,140,"PARKER COUNTY HOSPITAL DISTRICT Board of Directors, Precinct 1 - Vote for none or one",,,Chad Lee,1025,14,831,180,0,0
Parker,140,"PARKER COUNTY HOSPITAL DISTRICT Board of Directors, Precinct 1 - Vote for none or one",,,Under Votes,236,10,195,28,0,0
Parker,140,"PARKER COUNTY HOSPITAL DISTRICT Board of Directors, Precinct 1 - Vote for none or one",,,Over Votes,0,0,0,0,0,0
Parker,315,Registered Voters,,,,4623,,,,,
Parker,315,Ballots Cast,,,,3155,,,,,
Parker,315,President,,REP,Donald J. Trump JD Vance,2478,82,1986,392,1,0
Parker,315,President,,DEM,Kamala D. Harris Tim Walz,611,54,456,97,1,0
Parker,315,President,,LIB,Chase Oliver Mike ter Maat,22,1,17,4,0,0
Parker,315,President,,GRN,Jill Stein Rudolph Ware,15,2,7,6,0,0
Parker,315,President,,,Cherunda Fox/Harlan McVay,0,0,0,0,0,0
Parker,315,President,,,Claudia De La Cruz/Karina Garcia,0,0,0,0,0,0
Parker,315,President,,,Cornel West/Melina Abdullah,0,0,0,0,0,0
Parker,315,President,,,Jessie Cuellar/Wesley Lasley,0,0,0,0,0,0
Parker,315,President,,,Peter Sonski/Lauren Onak,1,0,0,1,0,0
Parker,315,President,,,Shiva Ayyadurai/Crystal Ellis,0,0,0,0,0,0
Parker,315,President,,,Under Votes,28,1,23,4,0,0
Parker,315,President,,,Over Votes,0,0,0,0,0,0
Parker,315,U.S. Senate,,REP,Ted Cruz,2364,84,1908,355,1,0
Parker,315,U.S. Senate,,DEM,Colin Allred,667,53,495,115,1,0
Parker,315,U.S. Senate,,LIB,Ted Brown,96,1,66,28,0,0
Parker,315,U.S. Senate,,,Analisa Roche,1,0,0,1,0,0
Parker,315,U.S. Senate,,,Tracy Andrus,0,0,0,0,0,0
Parker,315,U.S. Senate,,,Under Votes,27,2,20,5,0,0
Parker,315,U.S. Senate,,,Over Votes,0,0,0,0,0,0
Parker,315,U.S. House,12,REP,Craig Goldman,2517,86,2025,396,2,0
Parker,315,U.S. House,12,DEM,Trey J. Hunt,557,50,412,95,0,0
Parker,315,U.S. House,12,,Under Votes,81,4,52,13,0,0
Parker,315,U.S. House,12,,Over Votes,0,0,0,0,0,0
Parker,315,Railroad Commissioner,,REP,Christi Craddick,2416,84,1957,359,2,0
Parker,315,Railroad Commissioner,,DEM,Katherine Culbert,508,49,376,80,0,0
Parker,315,Railroad Commissioner,,LIB,Hawk Dunlap,107,0,69,37,0,0
Parker,315,Railroad Commissioner,,GRN,Eddie Espinoza,39,2,20,16,0,0
Parker,315,Railroad Commissioner,,,Richard McKibbin,0,0,0,0,0,0
Parker,315,Railroad Commissioner,,,Under Votes,83,3,67,12,0,0
Parker,315,Railroad Commissioner,,,Over Votes,0,0,0,0,0,0
Parker,315,"Justice, Supreme Court, Place 2",2,REP,Jimmy Blacklock,2500,79,2010,393,2,0
Parker,315,"Justice, Supreme Court, Place 2",2,DEM,DaSean Jones,572,54,417,98,0,0
Parker,315,"Justice, Supreme Court, Place 2",2,,Under Votes,81,5,62,13,0,0
Parker,315,"Justice, Supreme Court, Place 2",2,,Over Votes,0,0,0,0,0,0
Parker,315,"Justice, Supreme Court, Place 4",4,REP,John Devine,2486,79,2002,387,2,0
Parker,315,"Justice, Supreme Court, Place 4",4,DEM,Christine Vinh Weems,574,52,419,100,0,0
Parker,315,"Justice, Supreme Court, Place 4",4,,Under Votes,93,7,68,17,0,0
Parker,315,"Justice, Supreme Court, Place 4",4,,Over Votes,0,0,0,0,0,0
Parker,315,"Justice, Supreme Court, Place 6",6,REP,Jane Bland,2420,80,1958,365,2,0
Parker,315,"Justice, Supreme Court, Place 6",6,DEM,Bonnie Lee Goldstein,541,52,398,88,0,0
Parker,315,"Justice, Supreme Court, Place 6",6,LIB,J. David Roberson,103,1,67,34,0,0
Parker,315,"Justice, Supreme Court, Place 6",6,,Under Votes,89,5,66,17,0,0
Parker,315,"Justice, Supreme Court, Place 6",6,,Over Votes,0,0,0,0,0,0
Parker,315,"Presiding Judge, Court of Criminal Appeals",,REP,David J. Schenck,2493,81,2005,389,2,0
Parker,315,"Presiding Judge, Court of Criminal Appeals",,DEM,Holly Taylor,570,51,419,97,0,0
Parker,315,"Presiding Judge, Court of Criminal Appeals",,,Under Votes,90,6,65,18,0,0
Parker,315,"Presiding Judge, Court of Criminal Appeals",,,Over Votes,0,0,0,0,0,0
Parker,315,"Judge, Court of Criminal Appeals, Place 7",7,REP,Gina Parker,2496,82,2006,390,2,0
Parker,315,"Judge, Court of Criminal Appeals, Place 7",7,DEM,Nancy Mulder,564,50,415,96,0,0
Parker,315,"Judge, Court of Criminal Appeals, Place 7",7,,Under Votes,93,6,68,18,0,0
Parker,315,"Judge, Court of Criminal Appeals, Place 7",7,,Over Votes,0,0,0,0,0,0
Parker,315,"Judge, Court of Criminal Appeals, Place 8",8,REP,Lee Finley,2504,80,2017,389,2,0
Parker,315,"Judge, Court of Criminal Appeals, Place 8",8,DEM,Chika Anyiam,549,52,397,97,0,0
Parker,315,"Judge, Court of Criminal Appeals, Place 8",8,,Under Votes,100,6,75,18,0,0
Parker,315,"Judge, Court of Criminal Appeals, Place 8",8,,Over Votes,0,0,0,0,0,0
Parker,315,"Member, State Board of Education, District 11",11,REP,Brandon Hall,2438,77,1971,379,2,0
Parker,315,"Member, State Board of Education, District 11",11,DEM,Rayna Glasser,548,52,415,81,0,0
Parker,315,"Member, State Board of Education, District 11",11,GRN,Hunter Crow,63,2,34,26,0,0
Parker,315,"Member, State Board of Education, District 11",11,,Under Votes,104,7,69,18,0,0
Parker,315,"Member, State Board of Education, District 11",11,,Over Votes,0,0,0,0,0,0
Parker,315,State Senate,10,REP,Phil King,2503,85,2016,396,2,0
Parker,315,State Senate,10,DEM,Andy Morris,559,51,417,91,0,0
Parker,315,State Senate,10,,Under Votes,91,2,56,17,0,0
Parker,315,State Senate,10,,Over Votes,0,0,0,0,0,0
Parker,315,"State Representative, District 60",60,REP,Mike Olcott,2655,89,2123,440,1,0
Parker,315,"State Representative, District 60",60,,Under Votes,498,49,366,64,1,0
Parker,315,"State Representative, District 60",60,,Over Votes,0,0,0,0,0,0
Parker,315,"Chief Justice, 2nd Court of Appeals District",,REP,Bonnie Sudderth,2651,85,2123,435,1,0
Parker,315,"Chief Justice, 2nd Court of Appeals District",,,Under Votes,502,53,366,69,1,0
Parker,315,"Chief Justice, 2nd Court of Appeals District",,,Over Votes,0,0,0,0,0,0
Parker,315,"Justice, 2nd Court of Appeals District, Place 4",4,REP,Wade Birdwell,2627,89,2101,433,1,0
Parker,315,"Justice, 2nd Court of Appeals District, Place 4",4,,Under Votes,526,49,388,71,1,0
Parker,315,"Justice, 2nd Court of Appeals District, Place 4",4,,Over Votes,0,0,0,0,0,0
Parker,315,"Justice, 2nd Court of Appeals District, Place 5",5,REP,Dabney Bassel,2613,88,2090,430,1,0
Parker,315,"Justice, 2nd Court of Appeals District, Place 5",5,,Under Votes,540,50,399,74,1,0
Parker,315,"Justice, 2nd Court of Appeals District, Place 5",5,,Over Votes,0,0,0,0,0,0
Parker,315,"Justice, 2nd Court of Appeals District, Place 6",6,REP,Mike Wallach,2610,88,2087,430,1,0
Parker,315,"Justice, 2nd Court of Appeals District, Place 6",6,,Under Votes,543,50,402,74,1,0
Parker,315,"Justice, 2nd Court of Appeals District, Place 6",6,,Over Votes,0,0,0,0,0,0
Parker,315,"District Judge, 43rd Judicial District",,REP,S. Craig Towson,2637,91,2115,430,1,0
Parker,315,"District Judge, 43rd Judicial District",,,Under Votes,516,47,374,74,1,0
Parker,315,"District Judge, 43rd Judicial District",,,Over Votes,0,0,0,0,0,0
Parker,315,"District Judge, 415th Judicial District",,REP,Graham Quisenberry,2628,90,2109,428,1,0
Parker,315,"District Judge, 415th Judicial District",,,Under Votes,525,48,380,76,1,0
Parker,315,"District Judge, 415th Judicial District",,,Over Votes,0,0,0,0,0,0
Parker,315,"District Attorney, 43rd Judicial District",,REP,Jeff Swain,2629,91,2111,426,1,0
Parker,315,"District Attorney, 43rd Judicial District",,,Under Votes,524,47,378,78,1,0
Parker,315,"District Attorney, 43rd Judicial District",,,Over Votes,0,0,0,0,0,0
Parker,315,"Judge, County Court-at-Law No. 2",,REP,Lynn Marie Johnson,2613,90,2092,430,1,0
Parker,315,"Judge, County Court-at-Law No. 2",,,Under Votes,540,48,397,74,1,0
Parker,315,"Judge, County Court-at-Law No. 2",,,Over Votes,0,0,0,0,0,0
Parker,315,County Attorney,,REP,John Forrest Jr,2648,90,2129,428,1,0
Parker,315,County Attorney,,,Under Votes,505,48,360,76,1,0
Parker,315,County Attorney,,,Over Votes,0,0,0,0,0,0
Parker,315,Sheriff,,REP,Russ Authier,2633,90,2115,427,1,0
Parker,315,Sheriff,,,Under Votes,520,48,374,77,1,0
Parker,315,Sheriff,,,Over Votes,0,0,0,0,0,0
Parker,315,County Tax Assessor-Collector,,REP,"Jennifer ""Jenny"" Gentry",2639,93,2117,428,1,0
Parker,315,County Tax Assessor-Collector,,,Under Votes,514,45,372,76,1,0
Parker,315,County Tax Assessor-Collector,,,Over Votes,0,0,0,0,0,0
Parker,315,"County Commissioner, Precinct 3",,REP,Larry Walden,2619,89,2102,427,1,0
Parker,315,"County Commissioner, Precinct 3",,,Under Votes,534,49,387,77,1,0
Parker,315,"County Commissioner, Precinct 3",,,Over Votes,0,0,0,0,0,0
Parker,315,"Constable, Precinct 3",,REP,Glen D. Praytor,2620,90,2103,426,1,0
Parker,315,"Constable, Precinct 3",,,Under Votes,533,48,386,78,1,0
Parker,315,"Constable, Precinct 3",,,Over Votes,0,0,0,0,0,0
Parker,315,"PARKER COUNTY HOSPITAL DISTRICT Board of Directors, Precinct 3 - Vote for none or one",,,Sharon Hayes,1764,49,1416,299,0,0
Parker,315,"PARKER COUNTY HOSPITAL DISTRICT Board of Directors, Precinct 3 - Vote for none or one",,,David Milhollon,513,26,409,78,0,0
Parker,315,"PARKER COUNTY HOSPITAL DISTRICT Board of Directors, Precinct 3 - Vote for none or one",,,Under Votes,876,63,664,127,2,0
Parker,315,"PARKER COUNTY HOSPITAL DISTRICT Board of Directors, Precinct 3 - Vote for none or one",,,Over Votes,0,0,0,0,0,0
Parker,315,PARKER COUNTY JP3 LOCAL OPTION ELECTION PROPOSITION A,,,FOR,2271,75,1787,409,0,0
Parker,315,PARKER COUNTY JP3 LOCAL OPTION ELECTION PROPOSITION A,,,AGAINST,688,39,580,68,1,0
Parker,315,PARKER COUNTY JP3 LOCAL OPTION ELECTION PROPOSITION A,,,Under Votes,194,24,122,27,1,0
Parker,315,PARKER COUNTY JP3 LOCAL OPTION ELECTION PROPOSITION A,,,Over Votes,0,0,0,0,0,0
Parker,320,Registered Voters,,,,2517,,,,,
Parker,320,Ballots Cast,,,,1775,,,,,
Parker,320,President,,REP,Donald J. Trump JD Vance,1572,19,1110,435,0,0
Parker,320,President,,DEM,Kamala D. Harris Tim Walz,192,25,122,44,1,0
Parker,320,President,,LIB,Chase Oliver Mike ter Maat,6,0,3,3,0,0
Parker,320,President,,GRN,Jill Stein Rudolph Ware,2,0,1,1,0,0
Parker,320,President,,,Cherunda Fox/Harlan McVay,0,0,0,0,0,0
Parker,320,President,,,Claudia De La Cruz/Karina Garcia,0,0,0,0,0,0
Parker,320,President,,,Cornel West/Melina Abdullah,0,0,0,0,0,0
Parker,320,President,,,Jessie Cuellar/Wesley Lasley,0,0,0,0,0,0
Parker,320,President,,,Peter Sonski/Lauren Onak,0,0,0,0,0,0
Parker,320,President,,,Shiva Ayyadurai/Crystal Ellis,0,0,0,0,0,0
Parker,320,President,,,Under Votes,2,0,1,1,0,0
Parker,320,President,,,Over Votes,1,1,0,0,0,0
Parker,320,U.S. Senate,,REP,Ted Cruz,1523,18,1082,418,0,0
Parker,320,U.S. Senate,,DEM,Colin Allred,218,25,136,55,1,0
Parker,320,U.S. Senate,,LIB,Ted Brown,23,1,12,9,0,0
Parker,320,U.S. Senate,,,Analisa Roche,0,0,0,0,0,0
Parker,320,U.S. Senate,,,Tracy Andrus,0,0,0,0,0,0
Parker,320,U.S. Senate,,,Under Votes,11,1,7,2,0,0
Parker,320,U.S. Senate,,,Over Votes,0,0,0,0,0,0
Parker,320,U.S. House,12,REP,Craig Goldman,1561,20,1109,430,0,0
Parker,320,U.S. House,12,DEM,Trey J. Hunt,173,24,108,40,1,0
Parker,320,U.S. House,12,,Under Votes,41,1,20,14,0,0
Parker,320,U.S. House,12,,Over Votes,0,0,0,0,0,0
Parker,320,Railroad Commissioner,,REP,Christi Craddick,1512,21,1083,403,0,0
Parker,320,Railroad Commissioner,,DEM,Katherine Culbert,161,22,99,38,1,0
Parker,320,Railroad Commissioner,,LIB,Hawk Dunlap,47,0,23,24,0,0
Parker,320,Railroad Commissioner,,GRN,Eddie Espinoza,8,0,6,2,0,0
Parker,320,Railroad Commissioner,,,Richard McKibbin,0,0,0,0,0,0
Parker,320,Railroad Commissioner,,,Under Votes,47,2,26,17,0,0
Parker,320,Railroad Commissioner,,,Over Votes,0,0,0,0,0,0
Parker,320,"Justice, Supreme Court, Place 2",2,REP,Jimmy Blacklock,1561,19,1115,422,0,0
Parker,320,"Justice, Supreme Court, Place 2",2,DEM,DaSean Jones,164,24,96,42,1,0
Parker,320,"Justice, Supreme Court, Place 2",2,,Under Votes,50,2,26,20,0,0
Parker,320,"Justice, Supreme Court, Place 2",2,,Over Votes,0,0,0,0,0,0
Parker,320,"Justice, Supreme Court, Place 4",4,REP,John Devine,1550,20,1104,421,0,0
Parker,320,"Justice, Supreme Court, Place 4",4,DEM,Christine Vinh Weems,169,23,102,42,1,0
Parker,320,"Justice, Supreme Court, Place 4",4,,Under Votes,56,2,31,21,0,0
Parker,320,"Justice, Supreme Court, Place 4",4,,Over Votes,0,0,0,0,0,0
Parker,320,"Justice, Supreme Court, Place 6",6,REP,Jane Bland,1518,22,1087,404,0,0
Parker,320,"Justice, Supreme Court, Place 6",6,DEM,Bonnie Lee Goldstein,161,19,98,42,1,0
Parker,320,"Justice, Supreme Court, Place 6",6,LIB,J. David Roberson,38,1,22,15,0,0
Parker,320,"Justice, Supreme Court, Place 6",6,,Under Votes,58,3,30,23,0,0
Parker,320,"Justice, Supreme Court, Place 6",6,,Over Votes,0,0,0,0,0,0
Parker,320,"Presiding Judge, Court of Criminal Appeals",,REP,David J. Schenck,1545,20,1103,417,0,0
Parker,320,"Presiding Judge, Court of Criminal Appeals",,DEM,Holly Taylor,173,22,105,44,1,0
Parker,320,"Presiding Judge, Court of Criminal Appeals",,,Under Votes,57,3,29,23,0,0
Parker,320,"Presiding Judge, Court of Criminal Appeals",,,Over Votes,0,0,0,0,0,0
Parker,320,"Judge, Court of Criminal Appeals, Place 7",7,REP,Gina Parker,1549,20,1108,416,0,0
Parker,320,"Judge, Court of Criminal Appeals, Place 7",7,DEM,Nancy Mulder,164,22,101,39,1,0
Parker,320,"Judge, Court of Criminal Appeals, Place 7",7,,Under Votes,62,3,28,29,0,0
Parker,320,"Judge, Court of Criminal Appeals, Place 7",7,,Over Votes,0,0,0,0,0,0
Parker,320,"Judge, Court of Criminal Appeals, Place 8",8,REP,Lee Finley,1558,20,1114,419,0,0
Parker,320,"Judge, Court of Criminal Appeals, Place 8",8,DEM,Chika Anyiam,150,22,91,35,1,0
Parker,320,"Judge, Court of Criminal Appeals, Place 8",8,,Under Votes,67,3,32,30,0,0
Parker,320,"Judge, Court of Criminal Appeals, Place 8",8,,Over Votes,0,0,0,0,0,0
Parker,320,"Member, State Board of Education, District 11",11,REP,Brandon Hall,1517,20,1080,414,0,0
Parker,320,"Member, State Board of Education, District 11",11,DEM,Rayna Glasser,171,22,107,41,1,0
Parker,320,"Member, State Board of Education, District 11",11,GRN,Hunter Crow,19,1,12,6,0,0
Parker,320,"Member, State Board of Education, District 11",11,,Under Votes,68,2,38,23,0,0
Parker,320,"Member, State Board of Education, District 11",11,,Over Votes,0,0,0,0,0,0
Parker,320,State Senate,10,REP,Phil King,1541,21,1091,428,0,0
Parker,320,State Senate,10,DEM,Andy Morris,183,24,118,40,1,0
Parker,320,State Senate,10,,Under Votes,51,0,28,16,0,0
Parker,320,State Senate,10,,Over Votes,0,0,0,0,0,0
Parker,320,"State Representative, District 60",60,REP,Mike Olcott,1557,22,1098,437,0,0
Parker,320,"State Representative, District 60",60,,Under Votes,218,23,139,47,1,0
Parker,320,"State Representative, District 60",60,,Over Votes,0,0,0,0,0,0
Parker,320,"Chief Justice, 2nd Court of Appeals District",,REP,Bonnie Sudderth,1581,23,1123,431,0,0
Parker,320,"Chief Justice, 2nd Court of Appeals District",,,Under Votes,194,22,114,53,1,0
Parker,320,"Chief Justice, 2nd Court of Appeals District",,,Over Votes,0,0,0,0,0,0
Parker,320,"Justice, 2nd Court of Appeals District, Place 4",4,REP,Wade Birdwell,1568,23,1114,428,0,0
Parker,320,"Justice, 2nd Court of Appeals District, Place 4",4,,Under Votes,207,22,123,56,1,0
Parker,320,"Justice, 2nd Court of Appeals District, Place 4",4,,Over Votes,0,0,0,0,0,0
Parker,320,"Justice, 2nd Court of Appeals District, Place 5",5,REP,Dabney Bassel,1563,23,1113,424,0,0
Parker,320,"Justice, 2nd Court of Appeals District, Place 5",5,,Under Votes,212,22,124,60,1,0
Parker,320,"Justice, 2nd Court of Appeals District, Place 5",5,,Over Votes,0,0,0,0,0,0
Parker,320,"Justice, 2nd Court of Appeals District, Place 6",6,REP,Mike Wallach,1556,22,1109,422,0,0
Parker,320,"Justice, 2nd Court of Appeals District, Place 6",6,,Under Votes,219,23,128,62,1,0
Parker,320,"Justice, 2nd Court of Appeals District, Place 6",6,,Over Votes,0,0,0,0,0,0
Parker,320,"District Judge, 43rd Judicial District",,REP,S. Craig Towson,1561,22,1111,428,0,0
Parker,320,"District Judge, 43rd Judicial District",,,Under Votes,214,23,126,56,1,0
Parker,320,"District Judge, 43rd Judicial District",,,Over Votes,0,0,0,0,0,0
Parker,320,"District Judge, 415th Judicial District",,REP,Graham Quisenberry,1545,21,1098,426,0,0
Parker,320,"District Judge, 415th Judicial District",,,Under Votes,230,24,139,58,1,0
Parker,320,"District Judge, 415th Judicial District",,,Over Votes,0,0,0,0,0,0
Parker,320,"District Attorney, 43rd Judicial District",,REP,Jeff Swain,1558,23,1108,427,0,0
Parker,320,"District Attorney, 43rd Judicial District",,,Under Votes,217,22,129,57,1,0
Parker,320,"District Attorney, 43rd Judicial District",,,Over Votes,0,0,0,0,0,0
Parker,320,"Judge, County Court-at-Law No. 2",,REP,Lynn Marie Johnson,1555,22,1108,425,0,0
Parker,320,"Judge, County Court-at-Law No. 2",,,Under Votes,220,23,129,59,1,0
Parker,320,"Judge, County Court-at-Law No. 2",,,Over Votes,0,0,0,0,0,0
Parker,320,County Attorney,,REP,John Forrest Jr,1565,23,1114,428,0,0
Parker,320,County Attorney,,,Under Votes,210,22,123,56,1,0
Parker,320,County Attorney,,,Over Votes,0,0,0,0,0,0
Parker,320,Sheriff,,REP,Russ Authier,1555,25,1099,431,0,0
Parker,320,Sheriff,,,Under Votes,220,20,138,53,1,0
Parker,320,Sheriff,,,Over Votes,0,0,0,0,0,0
Parker,320,County Tax Assessor-Collector,,REP,"Jennifer ""Jenny"" Gentry",1572,25,1114,433,0,0
Parker,320,County Tax Assessor-Collector,,,Under Votes,203,20,123,51,1,0
Parker,320,County Tax Assessor-Collector,,,Over Votes,0,0,0,0,0,0
Parker,320,"County Commissioner, Precinct 3",,REP,Larry Walden,1514,21,1070,423,0,0
Parker,320,"County Commissioner, Precinct 3",,,Under Votes,261,24,167,61,1,0
Parker,320,"County Commissioner, Precinct 3",,,Over Votes,0,0,0,0,0,0
Parker,320,"Constable, Precinct 3",,REP,Glen D. Praytor,1563,25,1113,425,0,0
Parker,320,"Constable, Precinct 3",,,Under Votes,212,20,124,59,1,0
Parker,320,"Constable, Precinct 3",,,Over Votes,0,0,0,0,0,0
Parker,320,"BROCK INDEPENDENT SCHOOL DISTRICT Trustee, Place 1 - Vote for none or one",1,,Garrett Wales,41,0,33,8,0,0
Parker,320,"BROCK INDEPENDENT SCHOOL DISTRICT Trustee, Place 1 - Vote for none or one",1,,Cassie Payton,12,0,10,2,0,0
Parker,320,"BROCK INDEPENDENT SCHOOL DISTRICT Trustee, Place 1 - Vote for none or one",1,,Katarina Lindley,22,0,21,1,0,0
Parker,320,"BROCK INDEPENDENT SCHOOL DISTRICT Trustee, Place 1 - Vote for none or one",1,,Under Votes,38,0,29,8,0,0
Parker,320,"BROCK INDEPENDENT SCHOOL DISTRICT Trustee, Place 1 - Vote for none or one",1,,Over Votes,0,0,0,0,0,0
Parker,320,"BROCK INDEPENDENT SCHOOL DISTRICT Trustee, Place 2 - Vote for none or one",2,,Joshua Cunio,23,0,20,3,0,0
Parker,320,"BROCK INDEPENDENT SCHOOL DISTRICT Trustee, Place 2 - Vote for none or one",2,,Tommy Hays,49,0,43,6,0,0
Parker,320,"BROCK INDEPENDENT SCHOOL DISTRICT Trustee, Place 2 - Vote for none or one",2,,Under Votes,41,0,30,10,0,0
Parker,320,"BROCK INDEPENDENT SCHOOL DISTRICT Trustee, Place 2 - Vote for none or one",2,,Over Votes,0,0,0,0,0,0
Parker,320,"BROCK INDEPENDENT SCHOOL DISTRICT Trustee, Place 5 - Vote for none or one",5,,Earl Bilbrey,32,0,29,3,0,0
Parker,320,"BROCK INDEPENDENT SCHOOL DISTRICT Trustee, Place 5 - Vote for none or one",5,,Lacy Kimball,42,0,34,8,0,0
Parker,320,"BROCK INDEPENDENT SCHOOL DISTRICT Trustee, Place 5 - Vote for none or one",5,,Under Votes,39,0,30,8,0,0
Parker,320,"BROCK INDEPENDENT SCHOOL DISTRICT Trustee, Place 5 - Vote for none or one",5,,Over Votes,0,0,0,0,0,0
Parker,320,"BROCK INDEPENDENT SCHOOL DISTRICT Trustee, Place 7 - Vote for none or one",7,,Toby Farmer,51,0,43,8,0,0
Parker,320,"BROCK INDEPENDENT SCHOOL DISTRICT Trustee, Place 7 - Vote for none or one",7,,Chad Martin,17,0,16,1,0,0
Parker,320,"BROCK INDEPENDENT SCHOOL DISTRICT Trustee, Place 7 - Vote for none or one",7,,Under Votes,45,0,34,10,0,0
Parker,320,"BROCK INDEPENDENT SCHOOL DISTRICT Trustee, Place 7 - Vote for none or one",7,,Over Votes,0,0,0,0,0,0
Parker,320,"PARKER COUNTY HOSPITAL DISTRICT Board of Directors, Precinct 3 - Vote for none or one",,,Sharon Hayes,985,21,704,260,0,0
Parker,320,"PARKER COUNTY HOSPITAL DISTRICT Board of Directors, Precinct 3 - Vote for none or one",,,David Milhollon,262,3,181,78,0,0
Parker,320,"PARKER COUNTY HOSPITAL DISTRICT Board of Directors, Precinct 3 - Vote for none or one",,,Under Votes,528,21,352,146,1,0
Parker,320,"PARKER COUNTY HOSPITAL DISTRICT Board of Directors, Precinct 3 - Vote for none or one",,,Over Votes,0,0,0,0,0,0
Parker,320,PARKER COUNTY JP3 LOCAL OPTION ELECTION PROPOSITION A,,,FOR,1298,29,904,364,1,0
Parker,320,PARKER COUNTY JP3 LOCAL OPTION ELECTION PROPOSITION A,,,AGAINST,353,10,255,88,0,0
Parker,320,PARKER COUNTY JP3 LOCAL OPTION ELECTION PROPOSITION A,,,Under Votes,124,6,78,32,0,0
Parker,320,PARKER COUNTY JP3 LOCAL OPTION ELECTION PROPOSITION A,,,Over Votes,0,0,0,0,0,0
Parker,350,Registered Voters,,,,2891,,,,,
Parker,350,Ballots Cast,,,,2072,,,,,
Parker,350,President,,REP,Donald J. Trump JD Vance,1798,26,1425,346,0,0
Parker,350,President,,DEM,Kamala D. Harris Tim Walz,248,20,174,53,0,0
Parker,350,President,,LIB,Chase Oliver Mike ter Maat,10,0,6,4,0,0
Parker,350,President,,GRN,Jill Stein Rudolph Ware,3,0,2,1,0,0
Parker,350,President,,,Cherunda Fox/Harlan McVay,0,0,0,0,0,0
Parker,350,President,,,Claudia De La Cruz/Karina Garcia,0,0,0,0,0,0
Parker,350,President,,,Cornel West/Melina Abdullah,0,0,0,0,0,0
Parker,350,President,,,Jessie Cuellar/Wesley Lasley,0,0,0,0,0,0
Parker,350,President,,,Peter Sonski/Lauren Onak,0,0,0,0,0,0
Parker,350,President,,,Shiva Ayyadurai/Crystal Ellis,1,0,1,0,0,0
Parker,350,President,,,Under Votes,12,1,8,3,0,0
Parker,350,President,,,Over Votes,0,0,0,0,0,0
Parker,350,U.S. Senate,,REP,Ted Cruz,1736,27,1388,320,0,0
Parker,350,U.S. Senate,,DEM,Colin Allred,285,18,197,69,0,0
Parker,350,U.S. Senate,,LIB,Ted Brown,33,0,23,10,0,0
Parker,350,U.S. Senate,,,Analisa Roche,0,0,0,0,0,0
Parker,350,U.S. Senate,,,Tracy Andrus,0,0,0,0,0,0
Parker,350,U.S. Senate,,,Under Votes,18,2,8,8,0,0
Parker,350,U.S. Senate,,,Over Votes,0,0,0,0,0,0
Parker,350,U.S. House,12,REP,Craig Goldman,1816,28,1442,346,0,0
Parker,350,U.S. House,12,DEM,Trey J. Hunt,216,16,153,47,0,0
Parker,350,U.S. House,12,,Under Votes,40,3,21,14,0,0
Parker,350,U.S. House,12,,Over Votes,0,0,0,0,0,0
Parker,350,Railroad Commissioner,,REP,Christi Craddick,1751,27,1403,320,0,0
Parker,350,Railroad Commissioner,,DEM,Katherine Culbert,197,17,140,40,0,0
Parker,350,Railroad Commissioner,,LIB,Hawk Dunlap,61,1,35,25,0,0
Parker,350,Railroad Commissioner,,GRN,Eddie Espinoza,27,1,15,10,0,0
Parker,350,Railroad Commissioner,,,Richard McKibbin,0,0,0,0,0,0
Parker,350,Railroad Commissioner,,,Under Votes,36,1,23,12,0,0
Parker,350,Railroad Commissioner,,,Over Votes,0,0,0,0,0,0
Parker,350,"Justice, Supreme Court, Place 2",2,REP,Jimmy Blacklock,1800,30,1424,345,0,0
Parker,350,"Justice, Supreme Court, Place 2",2,DEM,DaSean Jones,226,16,161,48,0,0
Parker,350,"Justice, Supreme Court, Place 2",2,,Under Votes,46,1,31,14,0,0
Parker,350,"Justice, Supreme Court, Place 2",2,,Over Votes,0,0,0,0,0,0
Parker,350,"Justice, Supreme Court, Place 4",4,REP,John Devine,1794,29,1421,343,0,0
Parker,350,"Justice, Supreme Court, Place 4",4,DEM,Christine Vinh Weems,234,16,167,50,0,0
Parker,350,"Justice, Supreme Court, Place 4",4,,Under Votes,44,2,28,14,0,0
Parker,350,"Justice, Supreme Court, Place 4",4,,Over Votes,0,0,0,0,0,0
Parker,350,"Justice, Supreme Court, Place 6",6,REP,Jane Bland,1743,28,1389,325,0,0
Parker,350,"Justice, Supreme Court, Place 6",6,DEM,Bonnie Lee Goldstein,210,17,149,43,0,0
Parker,350,"Justice, Supreme Court, Place 6",6,LIB,J. David Roberson,70,1,45,24,0,0
Parker,350,"Justice, Supreme Court, Place 6",6,,Under Votes,49,1,33,15,0,0
Parker,350,"Justice, Supreme Court, Place 6",6,,Over Votes,0,0,0,0,0,0
Parker,350,"Presiding Judge, Court of Criminal Appeals",,REP,David J. Schenck,1792,28,1425,338,0,0
Parker,350,"Presiding Judge, Court of Criminal Appeals",,DEM,Holly Taylor,230,18,159,52,0,0
Parker,350,"Presiding Judge, Court of Criminal Appeals",,,Under Votes,50,1,32,17,0,0
Parker,350,"Presiding Judge, Court of Criminal Appeals",,,Over Votes,0,0,0,0,0,0
Parker,350,"Judge, Court of Criminal Appeals, Place 7",7,REP,Gina Parker,1803,29,1434,339,0,0
Parker,350,"Judge, Court of Criminal Appeals, Place 7",7,DEM,Nancy Mulder,215,17,150,47,0,0
Parker,350,"Judge, Court of Criminal Appeals, Place 7",7,,Under Votes,54,1,32,21,0,0
Parker,350,"Judge, Court of Criminal Appeals, Place 7",7,,Over Votes,0,0,0,0,0,0
Parker,350,"Judge, Court of Criminal Appeals, Place 8",8,REP,Lee Finley,1812,28,1438,345,0,0
Parker,350,"Judge, Court of Criminal Appeals, Place 8",8,DEM,Chika Anyiam,206,18,143,44,0,0
Parker,350,"Judge, Court of Criminal Appeals, Place 8",8,,Under Votes,54,1,35,18,0,0
Parker,350,"Judge, Court of Criminal Appeals, Place 8",8,,Over Votes,0,0,0,0,0,0
Parker,350,"Member, State Board of Education, District 11",11,REP,Brandon Hall,1770,29,1401,340,0,0
Parker,350,"Member, State Board of Education, District 11",11,DEM,Rayna Glasser,213,18,157,38,0,0
Parker,350,"Member, State Board of Education, District 11",11,GRN,Hunter Crow,43,0,29,14,0,0
Parker,350,"Member, State Board of Education, District 11",11,,Under Votes,46,0,29,15,0,0
Parker,350,"Member, State Board of Education, District 11",11,,Over Votes,0,0,0,0,0,0
Parker,350,State Senate,10,REP,Phil King,1801,32,1425,344,0,0
Parker,350,State Senate,10,DEM,Andy Morris,226,14,160,52,0,0
Parker,350,State Senate,10,,Under Votes,45,1,31,11,0,0
Parker,350,State Senate,10,,Over Votes,0,0,0,0,0,0
Parker,350,"State Representative, District 60",60,REP,Mike Olcott,1856,33,1454,369,0,0
Parker,350,"State Representative, District 60",60,,Under Votes,216,14,162,38,0,0
Parker,350,"State Representative, District 60",60,,Over Votes,0,0,0,0,0,0
Parker,350,"Chief Justice, 2nd Court of Appeals District",,REP,Bonnie Sudderth,1847,33,1448,366,0,0
Parker,350,"Chief Justice, 2nd Court of Appeals District",,,Under Votes,225,14,168,41,0,0
Parker,350,"Chief Justice, 2nd Court of Appeals District",,,Over Votes,0,0,0,0,0,0
Parker,350,"Justice, 2nd Court of Appeals District, Place 4",4,REP,Wade Birdwell,1845,33,1447,365,0,0
Parker,350,"Justice, 2nd Court of Appeals District, Place 4",4,,Under Votes,227,14,169,42,0,0
Parker,350,"Justice, 2nd Court of Appeals District, Place 4",4,,Over Votes,0,0,0,0,0,0
Parker,350,"Justice, 2nd Court of Appeals District, Place 5",5,REP,Dabney Bassel,1837,33,1438,366,0,0
Parker,350,"Justice, 2nd Court of Appeals District, Place 5",5,,Under Votes,235,14,178,41,0,0
Parker,350,"Justice, 2nd Court of Appeals District, Place 5",5,,Over Votes,0,0,0,0,0,0
Parker,350,"Justice, 2nd Court of Appeals District, Place 6",6,REP,Mike Wallach,1830,32,1436,362,0,0
Parker,350,"Justice, 2nd Court of Appeals District, Place 6",6,,Under Votes,242,15,180,45,0,0
Parker,350,"Justice, 2nd Court of Appeals District, Place 6",6,,Over Votes,0,0,0,0,0,0
Parker,350,"District Judge, 43rd Judicial District",,REP,S. Craig Towson,1838,34,1440,364,0,0
Parker,350,"District Judge, 43rd Judicial District",,,Under Votes,234,13,176,43,0,0
Parker,350,"District Judge, 43rd Judicial District",,,Over Votes,0,0,0,0,0,0
Parker,350,"District Judge, 415th Judicial District",,REP,Graham Quisenberry,1814,31,1423,360,0,0
Parker,350,"District Judge, 415th Judicial District",,,Under Votes,258,16,193,47,0,0
Parker,350,"District Judge, 415th Judicial District",,,Over Votes,0,0,0,0,0,0
Parker,350,"District Attorney, 43rd Judicial District",,REP,Jeff Swain,1835,34,1436,365,0,0
Parker,350,"District Attorney, 43rd Judicial District",,,Under Votes,237,13,180,42,0,0
Parker,350,"District Attorney, 43rd Judicial District",,,Over Votes,0,0,0,0,0,0
Parker,350,"Judge, County Court-at-Law No. 2",,REP,Lynn Marie Johnson,1820,32,1428,360,0,0
Parker,350,"Judge, County Court-at-Law No. 2",,,Under Votes,252,15,188,47,0,0
Parker,350,"Judge, County Court-at-Law No. 2",,,Over Votes,0,0,0,0,0,0
Parker,350,County Attorney,,REP,John Forrest Jr,1840,34,1440,366,0,0
Parker,350,County Attorney,,,Under Votes,232,13,176,41,0,0
Parker,350,County Attorney,,,Over Votes,0,0,0,0,0,0
Parker,350,Sheriff,,REP,Russ Authier,1826,35,1424,367,0,0
Parker,350,Sheriff,,,Under Votes,246,12,192,40,0,0
Parker,350,Sheriff,,,Over Votes,0,0,0,0,0,0
Parker,350,County Tax Assessor-Collector,,REP,"Jennifer ""Jenny"" Gentry",1837,34,1440,363,0,0
Parker,350,County Tax Assessor-Collector,,,Under Votes,235,13,176,44,0,0
Parker,350,County Tax Assessor-Collector,,,Over Votes,0,0,0,0,0,0
Parker,350,"County Commissioner, Precinct 3",,REP,Larry Walden,1760,32,1384,344,0,0
Parker,350,"County Commissioner, Precinct 3",,,Under Votes,312,15,232,63,0,0
Parker,350,"County Commissioner, Precinct 3",,,Over Votes,0,0,0,0,0,0
Parker,350,"Constable, Precinct 3",,REP,Glen D. Praytor,1837,34,1437,366,0,0
Parker,350,"Constable, Precinct 3",,,Under Votes,235,13,179,41,0,0
Parker,350,"Constable, Precinct 3",,,Over Votes,0,0,0,0,0,0
Parker,350,"BROCK INDEPENDENT SCHOOL DISTRICT Trustee, Place 1 - Vote for none or one",1,,Garrett Wales,123,1,99,23,0,0
Parker,350,"BROCK INDEPENDENT SCHOOL DISTRICT Trustee, Place 1 - Vote for none or one",1,,Cassie Payton,53,1,39,13,0,0
Parker,350,"BROCK INDEPENDENT SCHOOL DISTRICT Trustee, Place 1 - Vote for none or one",1,,Katarina Lindley,80,2,66,12,0,0
Parker,350,"BROCK INDEPENDENT SCHOOL DISTRICT Trustee, Place 1 - Vote for none or one",1,,Under Votes,102,5,76,21,0,0
Parker,350,"BROCK INDEPENDENT SCHOOL DISTRICT Trustee, Place 1 - Vote for none or one",1,,Over Votes,0,0,0,0,0,0
Parker,350,"BROCK INDEPENDENT SCHOOL DISTRICT Trustee, Place 2 - Vote for none or one",2,,Joshua Cunio,48,0,35,13,0,0
Parker,350,"BROCK INDEPENDENT SCHOOL DISTRICT Trustee, Place 2 - Vote for none or one",2,,Tommy Hays,203,4,168,31,0,0
Parker,350,"BROCK INDEPENDENT SCHOOL DISTRICT Trustee, Place 2 - Vote for none or one",2,,Under Votes,107,5,77,25,0,0
Parker,350,"BROCK INDEPENDENT SCHOOL DISTRICT Trustee, Place 2 - Vote for none or one",2,,Over Votes,0,0,0,0,0,0
Parker,350,"BROCK INDEPENDENT SCHOOL DISTRICT Trustee, Place 5 - Vote for none or one",5,,Earl Bilbrey,126,0,104,22,0,0
Parker,350,"BROCK INDEPENDENT SCHOOL DISTRICT Trustee, Place 5 - Vote for none or one",5,,Lacy Kimball,123,4,96,23,0,0
Parker,350,"BROCK INDEPENDENT SCHOOL DISTRICT Trustee, Place 5 - Vote for none or one",5,,Under Votes,109,5,80,24,0,0
Parker,350,"BROCK INDEPENDENT SCHOOL DISTRICT Trustee, Place 5 - Vote for none or one",5,,Over Votes,0,0,0,0,0,0
Parker,350,"BROCK INDEPENDENT SCHOOL DISTRICT Trustee, Place 7 - Vote for none or one",7,,Toby Farmer,168,4,139,25,0,0
Parker,350,"BROCK INDEPENDENT SCHOOL DISTRICT Trustee, Place 7 - Vote for none or one",7,,Chad Martin,85,0,65,20,0,0
Parker,350,"BROCK INDEPENDENT SCHOOL DISTRICT Trustee, Place 7 - Vote for none or one",7,,Under Votes,105,5,76,24,0,0
Parker,350,"BROCK INDEPENDENT SCHOOL DISTRICT Trustee, Place 7 - Vote for none or one",7,,Over Votes,0,0,0,0,0,0
Parker,350,"PARKER COUNTY HOSPITAL DISTRICT Board of Directors, Precinct 3 - Vote for none or one",,,Sharon Hayes,1131,24,894,213,0,0
Parker,350,"PARKER COUNTY HOSPITAL DISTRICT Board of Directors, Precinct 3 - Vote for none or one",,,David Milhollon,332,6,258,68,0,0
Parker,350,"PARKER COUNTY HOSPITAL DISTRICT Board of Directors, Precinct 3 - Vote for none or one",,,Under Votes,609,17,464,126,0,0
Parker,350,"PARKER COUNTY HOSPITAL DISTRICT Board of Directors, Precinct 3 - Vote for none or one",,,Over Votes,0,0,0,0,0,0
Parker,350,PARKER COUNTY JP3 LOCAL OPTION ELECTION PROPOSITION A,,,FOR,1485,22,1145,318,0,0
Parker,350,PARKER COUNTY JP3 LOCAL OPTION ELECTION PROPOSITION A,,,AGAINST,435,17,358,60,0,0
Parker,350,PARKER COUNTY JP3 LOCAL OPTION ELECTION PROPOSITION A,,,Under Votes,152,8,113,29,0,0
Parker,350,PARKER COUNTY JP3 LOCAL OPTION ELECTION PROPOSITION A,,,Over Votes,0,0,0,0,0,0
Parker,325,Registered Voters,,,,2306,,,,,
Parker,325,Ballots Cast,,,,1692,,,,,
Parker,325,President,,REP,Donald J. Trump JD Vance,1447,33,1077,326,0,0
Parker,325,President,,DEM,Kamala D. Harris Tim Walz,223,21,143,54,0,0
Parker,325,President,,LIB,Chase Oliver Mike ter Maat,8,0,6,2,0,0
Parker,325,President,,GRN,Jill Stein Rudolph Ware,5,0,5,0,0,0
Parker,325,President,,,Cherunda Fox/Harlan McVay,0,0,0,0,0,0
Parker,325,President,,,Claudia De La Cruz/Karina Garcia,0,0,0,0,0,0
Parker,325,President,,,Cornel West/Melina Abdullah,0,0,0,0,0,0
Parker,325,President,,,Jessie Cuellar/Wesley Lasley,0,0,0,0,0,0
Parker,325,President,,,Peter Sonski/Lauren Onak,1,0,0,1,0,0
Parker,325,President,,,Shiva Ayyadurai/Crystal Ellis,0,0,0,0,0,0
Parker,325,President,,,Under Votes,8,2,6,0,0,0
Parker,325,President,,,Over Votes,0,0,0,0,0,0
Parker,325,U.S. Senate,,REP,Ted Cruz,1406,32,1047,317,0,0
Parker,325,U.S. Senate,,DEM,Colin Allred,245,21,164,55,0,0
Parker,325,U.S. Senate,,LIB,Ted Brown,29,0,19,9,0,0
Parker,325,U.S. Senate,,,Analisa Roche,0,0,0,0,0,0
Parker,325,U.S. Senate,,,Tracy Andrus,0,0,0,0,0,0
Parker,325,U.S. Senate,,,Under Votes,12,3,7,2,0,0
Parker,325,U.S. Senate,,,Over Votes,0,0,0,0,0,0
Parker,325,U.S. House,25,REP,Roger Williams,1522,40,1133,344,0,0
Parker,325,U.S. House,25,,Chad Hagg,5,3,1,1,0,0
Parker,325,U.S. House,25,,Under Votes,165,13,103,38,0,0
Parker,325,U.S. House,25,,Over Votes,0,0,0,0,0,0
Parker,325,Railroad Commissioner,,REP,Christi Craddick,1405,29,1051,317,0,0
Parker,325,Railroad Commissioner,,DEM,Katherine Culbert,184,18,121,41,0,0
Parker,325,Railroad Commissioner,,LIB,Hawk Dunlap,36,1,25,8,0,0
Parker,325,Railroad Commissioner,,GRN,Eddie Espinoza,15,0,5,9,0,0
Parker,325,Railroad Commissioner,,,Richard McKibbin,0,0,0,0,0,0
Parker,325,Railroad Commissioner,,,Under Votes,47,3,35,8,0,0
Parker,325,Railroad Commissioner,,,Over Votes,0,0,0,0,0,0
Parker,325,"Justice, Supreme Court, Place 2",2,REP,Jimmy Blacklock,1454,32,1086,326,0,0
Parker,325,"Justice, Supreme Court, Place 2",2,DEM,DaSean Jones,191,16,121,49,0,0
Parker,325,"Justice, Supreme Court, Place 2",2,,Under Votes,42,3,30,8,0,0
Parker,325,"Justice, Supreme Court, Place 2",2,,Over Votes,0,0,0,0,0,0
Parker,325,"Justice, Supreme Court, Place 4",4,REP,John Devine,1440,30,1077,323,0,0
Parker,325,"Justice, Supreme Court, Place 4",4,DEM,Christine Vinh Weems,200,18,126,51,0,0
Parker,325,"Justice, Supreme Court, Place 4",4,,Under Votes,47,3,34,9,0,0
Parker,325,"Justice, Supreme Court, Place 4",4,,Over Votes,0,0,0,0,0,0
Parker,325,"Justice, Supreme Court, Place 6",6,REP,Jane Bland,1410,29,1055,318,0,0
Parker,325,"Justice, Supreme Court, Place 6",6,DEM,Bonnie Lee Goldstein,188,18,122,43,0,0
Parker,325,"Justice, Supreme Court, Place 6",6,LIB,J. David Roberson,38,0,26,11,0,0
Parker,325,"Justice, Supreme Court, Place 6",6,,Under Votes,51,4,34,11,0,0
Parker,325,"Justice, Supreme Court, Place 6",6,,Over Votes,0,0,0,0,0,0
Parker,325,"Presiding Judge, Court of Criminal Appeals",,REP,David J. Schenck,1437,30,1075,322,0,0
Parker,325,"Presiding Judge, Court of Criminal Appeals",,DEM,Holly Taylor,202,17,131,49,0,0
Parker,325,"Presiding Judge, Court of Criminal Appeals",,,Under Votes,48,4,31,12,0,0
Parker,325,"Presiding Judge, Court of Criminal Appeals",,,Over Votes,0,0,0,0,0,0
Parker,325,"Judge, Court of Criminal Appeals, Place 7",7,REP,Gina Parker,1447,28,1085,325,0,0
Parker,325,"Judge, Court of Criminal Appeals, Place 7",7,DEM,Nancy Mulder,188,19,124,40,0,0
Parker,325,"Judge, Court of Criminal Appeals, Place 7",7,,Under Votes,52,4,28,18,0,0
Parker,325,"Judge, Court of Criminal Appeals, Place 7",7,,Over Votes,0,0,0,0,0,0
Parker,325,"Judge, Court of Criminal Appeals, Place 8",8,REP,Lee Finley,1446,29,1081,326,0,0
Parker,325,"Judge, Court of Criminal Appeals, Place 8",8,DEM,Chika Anyiam,181,18,115,43,0,0
Parker,325,"Judge, Court of Criminal Appeals, Place 8",8,,Under Votes,60,4,41,14,0,0
Parker,325,"Judge, Court of Criminal Appeals, Place 8",8,,Over Votes,0,0,0,0,0,0
Parker,325,"Member, State Board of Education, District 11",11,REP,Brandon Hall,1407,28,1056,319,0,0
Parker,325,"Member, State Board of Education, District 11",11,DEM,Rayna Glasser,190,19,126,44,0,0
Parker,325,"Member, State Board of Education, District 11",11,GRN,Hunter Crow,30,0,21,8,0,0
Parker,325,"Member, State Board of Education, District 11",11,,Under Votes,60,4,34,12,0,0
Parker,325,"Member, State Board of Education, District 11",11,,Over Votes,0,0,0,0,0,0
Parker,325,State Senate,10,REP,Phil King,1441,31,1080,329,0,0
Parker,325,State Senate,10,DEM,Andy Morris,196,17,131,48,0,0
Parker,325,State Senate,10,,Under Votes,50,3,26,6,0,0
Parker,325,State Senate,10,,Over Votes,0,0,0,0,0,0
Parker,325,"State Representative, District 60",60,REP,Mike Olcott,1488,36,1112,340,0,0
Parker,325,"State Representative, District 60",60,,Under Votes,199,15,125,43,0,0
Parker,325,"State Representative, District 60",60,,Over Votes,0,0,0,0,0,0
Parker,325,"Chief Justice, 2nd Court of Appeals District",,REP,Bonnie Sudderth,1478,33,1105,337,0,0
Parker,325,"Chief Justice, 2nd Court of Appeals District",,,Under Votes,209,18,132,46,0,0
Parker,325,"Chief Justice, 2nd Court of Appeals District",,,Over Votes,0,0,0,0,0,0
Parker,325,"Justice, 2nd Court of Appeals District, Place 4",4,REP,Wade Birdwell,1475,33,1105,336,0,0
Parker,325,"Justice, 2nd Court of Appeals District, Place 4",4,,Under Votes,212,18,132,47,0,0
Parker,325,"Justice, 2nd Court of Appeals District, Place 4",4,,Over Votes,0,0,0,0,0,0
Parker,325,"Justice, 2nd Court of Appeals District, Place 5",5,REP,Dabney Bassel,1466,33,1101,331,0,0
Parker,325,"Justice, 2nd Court of Appeals District, Place 5",5,,Under Votes,221,18,136,52,0,0
Parker,325,"Justice, 2nd Court of Appeals District, Place 5",5,,Over Votes,0,0,0,0,0,0
Parker,325,"Justice, 2nd Court of Appeals District, Place 6",6,REP,Mike Wallach,1469,33,1102,333,0,0
Parker,325,"Justice, 2nd Court of Appeals District, Place 6",6,,Under Votes,218,18,135,50,0,0
Parker,325,"Justice, 2nd Court of Appeals District, Place 6",6,,Over Votes,0,0,0,0,0,0
Parker,325,"District Judge, 43rd Judicial District",,REP,S. Craig Towson,1473,33,1105,335,0,0
Parker,325,"District Judge, 43rd Judicial District",,,Under Votes,214,18,132,48,0,0
Parker,325,"District Judge, 43rd Judicial District",,,Over Votes,0,0,0,0,0,0
Parker,325,"District Judge, 415th Judicial District",,REP,Graham Quisenberry,1467,34,1099,334,0,0
Parker,325,"District Judge, 415th Judicial District",,,Under Votes,220,17,138,49,0,0
Parker,325,"District Judge, 415th Judicial District",,,Over Votes,0,0,0,0,0,0
Parker,325,"District Attorney, 43rd Judicial District",,REP,Jeff Swain,1474,34,1102,338,0,0
Parker,325,"District Attorney, 43rd Judicial District",,,Under Votes,213,17,135,45,0,0
Parker,325,"District Attorney, 43rd Judicial District",,,Over Votes,0,0,0,0,0,0
Parker,325,"Judge, County Court-at-Law No. 2",,REP,Lynn Marie Johnson,1469,33,1098,338,0,0
Parker,325,"Judge, County Court-at-Law No. 2",,,Under Votes,218,18,139,45,0,0
Parker,325,"Judge, County Court-at-Law No. 2",,,Over Votes,0,0,0,0,0,0
Parker,325,County Attorney,,REP,John Forrest Jr,1479,36,1103,340,0,0
Parker,325,County Attorney,,,Under Votes,208,15,134,43,0,0
Parker,325,County Attorney,,,Over Votes,0,0,0,0,0,0
Parker,325,Sheriff,,REP,Russ Authier,1464,34,1093,337,0,0
Parker,325,Sheriff,,,Under Votes,223,17,144,46,0,0
Parker,325,Sheriff,,,Over Votes,0,0,0,0,0,0
Parker,325,County Tax Assessor-Collector,,REP,"Jennifer ""Jenny"" Gentry",1484,37,1108,339,0,0
Parker,325,County Tax Assessor-Collector,,,Under Votes,203,14,129,44,0,0
Parker,325,County Tax Assessor-Collector,,,Over Votes,0,0,0,0,0,0
Parker,325,"County Commissioner, Precinct 3",,REP,Larry Walden,1462,36,1092,334,0,0
Parker,325,"County Commissioner, Precinct 3",,,Under Votes,225,15,145,49,0,0
Parker,325,"County Commissioner, Precinct 3",,,Over Votes,0,0,0,0,0,0
Parker,325,"Constable, Precinct 3",,REP,Glen D. Praytor,1478,37,1105,336,0,0
Parker,325,"Constable, Precinct 3",,,Under Votes,209,14,132,47,0,0
Parker,325,"Constable, Precinct 3",,,Over Votes,0,0,0,0,0,0
Parker,325,"PARKER COUNTY HOSPITAL DISTRICT Board of Directors, Precinct 3 - Vote for none or one",,,Sharon Hayes,970,23,729,218,0,0
Parker,325,"PARKER COUNTY HOSPITAL DISTRICT Board of Directors, Precinct 3 - Vote for none or one",,,David Milhollon,249,9,181,57,0,0
Parker,325,"PARKER COUNTY HOSPITAL DISTRICT Board of Directors, Precinct 3 - Vote for none or one",,,Under Votes,467,18,327,108,0,0
Parker,325,"PARKER COUNTY HOSPITAL DISTRICT Board of Directors, Precinct 3 - Vote for none or one",,,Over Votes,1,1,0,0,0,0
Parker,325,PARKER COUNTY JP3 LOCAL OPTION ELECTION PROPOSITION A,,,FOR,1211,30,901,279,0,0
Parker,325,PARKER COUNTY JP3 LOCAL OPTION ELECTION PROPOSITION A,,,AGAINST,382,13,279,89,0,0
Parker,325,PARKER COUNTY JP3 LOCAL OPTION ELECTION PROPOSITION A,,,Under Votes,94,8,57,15,0,0
Parker,325,PARKER COUNTY JP3 LOCAL OPTION ELECTION PROPOSITION A,,,Over Votes,0,0,0,0,0,0
Parker,330,Registered Voters,,,,2375,,,,,
Parker,330,Ballots Cast,,,,1436,,,,,
Parker,330,President,,REP,Donald J. Trump JD Vance,1216,24,876,307,1,0
Parker,330,President,,DEM,Kamala D. Harris Tim Walz,210,17,133,57,0,0
Parker,330,President,,LIB,Chase Oliver Mike ter Maat,4,0,3,1,0,0
Parker,330,President,,GRN,Jill Stein Rudolph Ware,2,0,2,0,0,0
Parker,330,President,,,Cherunda Fox/Harlan McVay,0,0,0,0,0,0
Parker,330,President,,,Claudia De La Cruz/Karina Garcia,1,0,1,0,0,0
Parker,330,President,,,Cornel West/Melina Abdullah,0,0,0,0,0,0
Parker,330,President,,,Jessie Cuellar/Wesley Lasley,0,0,0,0,0,0
Parker,330,President,,,Peter Sonski/Lauren Onak,0,0,0,0,0,0
Parker,330,President,,,Shiva Ayyadurai/Crystal Ellis,0,0,0,0,0,0
Parker,330,President,,,Under Votes,2,0,1,1,0,0
Parker,330,President,,,Over Votes,1,1,0,0,0,0
Parker,330,U.S. Senate,,REP,Ted Cruz,1156,25,837,286,1,0
Parker,330,U.S. Senate,,DEM,Colin Allred,234,16,151,65,0,0
Parker,330,U.S. Senate,,LIB,Ted Brown,32,0,19,12,0,0
Parker,330,U.S. Senate,,,Analisa Roche,0,0,0,0,0,0
Parker,330,U.S. Senate,,,Tracy Andrus,0,0,0,0,0,0
Parker,330,U.S. Senate,,,Under Votes,14,1,9,3,0,0
Parker,330,U.S. Senate,,,Over Votes,0,0,0,0,0,0
Parker,330,U.S. House,25,REP,Roger Williams,1286,33,921,328,1,0
Parker,330,U.S. House,25,,Chad Hagg,1,1,0,0,0,0
Parker,330,U.S. House,25,,Under Votes,149,8,95,38,0,0
Parker,330,U.S. House,25,,Over Votes,0,0,0,0,0,0
Parker,330,Railroad Commissioner,,REP,Christi Craddick,1159,25,835,290,1,0
Parker,330,Railroad Commissioner,,DEM,Katherine Culbert,182,15,119,46,0,0
Parker,330,Railroad Commissioner,,LIB,Hawk Dunlap,39,0,29,10,0,0
Parker,330,Railroad Commissioner,,GRN,Eddie Espinoza,11,0,6,5,0,0
Parker,330,Railroad Commissioner,,,Richard McKibbin,0,0,0,0,0,0
Parker,330,Railroad Commissioner,,,Under Votes,43,0,27,15,0,0
Parker,330,Railroad Commissioner,,,Over Votes,0,0,0,0,0,0
Parker,330,"Justice, Supreme Court, Place 2",2,REP,Jimmy Blacklock,1188,24,856,299,1,0
Parker,330,"Justice, Supreme Court, Place 2",2,DEM,DaSean Jones,204,16,131,55,0,0
Parker,330,"Justice, Supreme Court, Place 2",2,,Under Votes,42,0,29,12,0,0
Parker,330,"Justice, Supreme Court, Place 2",2,,Over Votes,0,0,0,0,0,0
Parker,330,"Justice, Supreme Court, Place 4",4,REP,John Devine,1184,24,854,297,1,0
Parker,330,"Justice, Supreme Court, Place 4",4,DEM,Christine Vinh Weems,204,16,129,57,0,0
Parker,330,"Justice, Supreme Court, Place 4",4,,Under Votes,46,0,33,12,0,0
Parker,330,"Justice, Supreme Court, Place 4",4,,Over Votes,0,0,0,0,0,0
Parker,330,"Justice, Supreme Court, Place 6",6,REP,Jane Bland,1159,24,837,290,1,0
Parker,330,"Justice, Supreme Court, Place 6",6,DEM,Bonnie Lee Goldstein,197,16,123,56,0,0
Parker,330,"Justice, Supreme Court, Place 6",6,LIB,J. David Roberson,38,0,28,9,0,0
Parker,330,"Justice, Supreme Court, Place 6",6,,Under Votes,40,0,28,11,0,0
Parker,330,"Justice, Supreme Court, Place 6",6,,Over Votes,0,0,0,0,0,0
Parker,330,"Presiding Judge, Court of Criminal Appeals",,REP,David J. Schenck,1185,23,858,295,1,0
Parker,330,"Presiding Judge, Court of Criminal Appeals",,DEM,Holly Taylor,206,16,131,57,0,0
Parker,330,"Presiding Judge, Court of Criminal Appeals",,,Under Votes,43,1,27,14,0,0
Parker,330,"Presiding Judge, Court of Criminal Appeals",,,Over Votes,0,0,0,0,0,0
Parker,330,"Judge, Court of Criminal Appeals, Place 7",7,REP,Gina Parker,1194,24,861,300,1,0
Parker,330,"Judge, Court of Criminal Appeals, Place 7",7,DEM,Nancy Mulder,193,16,126,50,0,0
Parker,330,"Judge, Court of Criminal Appeals, Place 7",7,,Under Votes,47,0,29,16,0,0
Parker,330,"Judge, Court of Criminal Appeals, Place 7",7,,Over Votes,0,0,0,0,0,0
Parker,330,"Judge, Court of Criminal Appeals, Place 8",8,REP,Lee Finley,1196,25,865,298,1,0
Parker,330,"Judge, Court of Criminal Appeals, Place 8",8,DEM,Chika Anyiam,189,15,121,51,0,0
Parker,330,"Judge, Court of Criminal Appeals, Place 8",8,,Under Votes,49,0,30,17,0,0
Parker,330,"Judge, Court of Criminal Appeals, Place 8",8,,Over Votes,0,0,0,0,0,0
Parker,330,"Member, State Board of Education, District 11",11,REP,Brandon Hall,1164,24,851,285,1,0
Parker,330,"Member, State Board of Education, District 11",11,DEM,Rayna Glasser,185,16,116,52,0,0
Parker,330,"Member, State Board of Education, District 11",11,GRN,Hunter Crow,24,0,13,10,0,0
Parker,330,"Member, State Board of Education, District 11",11,,Under Votes,61,0,36,19,0,0
Parker,330,"Member, State Board of Education, District 11",11,,Over Votes,0,0,0,0,0,0
Parker,330,State Senate,10,REP,Phil King,1193,27,861,302,1,0
Parker,330,State Senate,10,DEM,Andy Morris,189,13,127,49,0,0
Parker,330,State Senate,10,,Under Votes,52,0,28,15,0,0
Parker,330,State Senate,10,,Over Votes,0,0,0,0,0,0
Parker,330,"State Representative, District 60",60,REP,Mike Olcott,1248,30,903,314,1,0
Parker,330,"State Representative, District 60",60,,Under Votes,186,10,113,52,0,0
Parker,330,"State Representative, District 60",60,,Over Votes,0,0,0,0,0,0
Parker,330,"Chief Justice, 2nd Court of Appeals District",,REP,Bonnie Sudderth,1256,31,903,318,1,0
Parker,330,"Chief Justice, 2nd Court of Appeals District",,,Under Votes,178,9,113,48,0,0
Parker,330,"Chief Justice, 2nd Court of Appeals District",,,Over Votes,0,0,0,0,0,0
Parker,330,"Justice, 2nd Court of Appeals District, Place 4",4,REP,Wade Birdwell,1253,30,902,317,1,0
Parker,330,"Justice, 2nd Court of Appeals District, Place 4",4,,Under Votes,181,10,114,49,0,0
Parker,330,"Justice, 2nd Court of Appeals District, Place 4",4,,Over Votes,0,0,0,0,0,0
Parker,330,"Justice, 2nd Court of Appeals District, Place 5",5,REP,Dabney Bassel,1239,29,893,313,1,0
Parker,330,"Justice, 2nd Court of Appeals District, Place 5",5,,Under Votes,195,11,123,53,0,0
Parker,330,"Justice, 2nd Court of Appeals District, Place 5",5,,Over Votes,0,0,0,0,0,0
Parker,330,"Justice, 2nd Court of Appeals District, Place 6",6,REP,Mike Wallach,1240,30,892,314,1,0
Parker,330,"Justice, 2nd Court of Appeals District, Place 6",6,,Under Votes,194,10,124,52,0,0
Parker,330,"Justice, 2nd Court of Appeals District, Place 6",6,,Over Votes,0,0,0,0,0,0
Parker,330,"District Judge, 43rd Judicial District",,REP,S. Craig Towson,1245,30,901,313,1,0
Parker,330,"District Judge, 43rd Judicial District",,,Under Votes,189,10,115,53,0,0
Parker,330,"District Judge, 43rd Judicial District",,,Over Votes,0,0,0,0,0,0
Parker,330,"District Judge, 415th Judicial District",,REP,Graham Quisenberry,1226,30,889,306,1,0
Parker,330,"District Judge, 415th Judicial District",,,Under Votes,208,10,127,60,0,0
Parker,330,"District Judge, 415th Judicial District",,,Over Votes,0,0,0,0,0,0
Parker,330,"District Attorney, 43rd Judicial District",,REP,Jeff Swain,1235,30,892,312,1,0
Parker,330,"District Attorney, 43rd Judicial District",,,Under Votes,199,10,124,54,0,0
Parker,330,"District Attorney, 43rd Judicial District",,,Over Votes,0,0,0,0,0,0
Parker,330,"Judge, County Court-at-Law No. 2",,REP,Lynn Marie Johnson,1237,30,894,312,1,0
Parker,330,"Judge, County Court-at-Law No. 2",,,Under Votes,197,10,122,54,0,0
Parker,330,"Judge, County Court-at-Law No. 2",,,Over Votes,0,0,0,0,0,0
Parker,330,County Attorney,,REP,John Forrest Jr,1241,30,894,316,1,0
Parker,330,County Attorney,,,Under Votes,193,10,122,50,0,0
Parker,330,County Attorney,,,Over Votes,0,0,0,0,0,0
Parker,330,Sheriff,,REP,Russ Authier,1240,28,896,315,1,0
Parker,330,Sheriff,,,Under Votes,194,12,120,51,0,0
Parker,330,Sheriff,,,Over Votes,0,0,0,0,0,0
Parker,330,County Tax Assessor-Collector,,REP,"Jennifer ""Jenny"" Gentry",1245,30,900,314,1,0
Parker,330,County Tax Assessor-Collector,,,Under Votes,189,10,116,52,0,0
Parker,330,County Tax Assessor-Collector,,,Over Votes,0,0,0,0,0,0
Parker,330,"County Commissioner, Precinct 3",,REP,Larry Walden,1232,29,892,310,1,0
Parker,330,"County Commissioner, Precinct 3",,,Under Votes,202,11,124,56,0,0
Parker,330,"County Commissioner, Precinct 3",,,Over Votes,0,0,0,0,0,0
Parker,330,"Constable, Precinct 3",,REP,Glen D. Praytor,1243,31,898,313,1,0
Parker,330,"Constable, Precinct 3",,,Under Votes,191,9,118,53,0,0
Parker,330,"Constable, Precinct 3",,,Over Votes,0,0,0,0,0,0
Parker,330,"BROCK INDEPENDENT SCHOOL DISTRICT Trustee, Place 1 - Vote for none or one",1,,Garrett Wales,33,0,31,2,0,0
Parker,330,"BROCK INDEPENDENT SCHOOL DISTRICT Trustee, Place 1 - Vote for none or one",1,,Cassie Payton,3,0,3,0,0,0
Parker,330,"BROCK INDEPENDENT SCHOOL DISTRICT Trustee, Place 1 - Vote for none or one",1,,Katarina Lindley,27,1,23,3,0,0
Parker,330,"BROCK INDEPENDENT SCHOOL DISTRICT Trustee, Place 1 - Vote for none or one",1,,Under Votes,12,0,9,3,0,0
Parker,330,"BROCK INDEPENDENT SCHOOL DISTRICT Trustee, Place 1 - Vote for none or one",1,,Over Votes,0,0,0,0,0,0
Parker,330,"BROCK INDEPENDENT SCHOOL DISTRICT Trustee, Place 2 - Vote for none or one",2,,Joshua Cunio,11,0,11,0,0,0
Parker,330,"BROCK INDEPENDENT SCHOOL DISTRICT Trustee, Place 2 - Vote for none or one",2,,Tommy Hays,50,1,44,5,0,0
Parker,330,"BROCK INDEPENDENT SCHOOL DISTRICT Trustee, Place 2 - Vote for none or one",2,,Under Votes,14,0,11,3,0,0
Parker,330,"BROCK INDEPENDENT SCHOOL DISTRICT Trustee, Place 2 - Vote for none or one",2,,Over Votes,0,0,0,0,0,0
Parker,330,"BROCK INDEPENDENT SCHOOL DISTRICT Trustee, Place 5 - Vote for none or one",5,,Earl Bilbrey,18,0,15,3,0,0
Parker,330,"BROCK INDEPENDENT SCHOOL DISTRICT Trustee, Place 5 - Vote for none or one",5,,Lacy Kimball,40,1,37,2,0,0
Parker,330,"BROCK INDEPENDENT SCHOOL DISTRICT Trustee, Place 5 - Vote for none or one",5,,Under Votes,17,0,14,3,0,0
Parker,330,"BROCK INDEPENDENT SCHOOL DISTRICT Trustee, Place 5 - Vote for none or one",5,,Over Votes,0,0,0,0,0,0
Parker,330,"BROCK INDEPENDENT SCHOOL DISTRICT Trustee, Place 7 - Vote for none or one",7,,Toby Farmer,48,1,43,4,0,0
Parker,330,"BROCK INDEPENDENT SCHOOL DISTRICT Trustee, Place 7 - Vote for none or one",7,,Chad Martin,13,0,12,1,0,0
Parker,330,"BROCK INDEPENDENT SCHOOL DISTRICT Trustee, Place 7 - Vote for none or one",7,,Under Votes,14,0,11,3,0,0
Parker,330,"BROCK INDEPENDENT SCHOOL DISTRICT Trustee, Place 7 - Vote for none or one",7,,Over Votes,0,0,0,0,0,0
Parker,330,"PARKER COUNTY HOSPITAL DISTRICT Board of Directors, Precinct 3 - Vote for none or one",,,Sharon Hayes,809,19,585,204,1,0
Parker,330,"PARKER COUNTY HOSPITAL DISTRICT Board of Directors, Precinct 3 - Vote for none or one",,,David Milhollon,237,6,165,66,0,0
Parker,330,"PARKER COUNTY HOSPITAL DISTRICT Board of Directors, Precinct 3 - Vote for none or one",,,Under Votes,388,15,266,96,0,0
Parker,330,"PARKER COUNTY HOSPITAL DISTRICT Board of Directors, Precinct 3 - Vote for none or one",,,Over Votes,0,0,0,0,0,0
Parker,330,PARKER COUNTY JP3 LOCAL OPTION ELECTION PROPOSITION A,,,FOR,1062,23,748,290,1,0
Parker,330,PARKER COUNTY JP3 LOCAL OPTION ELECTION PROPOSITION A,,,AGAINST,285,15,207,63,0,0
Parker,330,PARKER COUNTY JP3 LOCAL OPTION ELECTION PROPOSITION A,,,Under Votes,87,2,61,13,0,0
Parker,330,PARKER COUNTY JP3 LOCAL OPTION ELECTION PROPOSITION A,,,Over Votes,0,0,0,0,0,0
Parker,335,Registered Voters,,,,5233,,,,,
Parker,335,Ballots Cast,,,,4183,,,,,
Parker,335,President,,REP,Donald J. Trump JD Vance,3764,61,3276,405,1,0
Parker,335,President,,DEM,Kamala D. Harris Tim Walz,377,25,311,40,0,0
Parker,335,President,,LIB,Chase Oliver Mike ter Maat,20,1,16,3,0,0
Parker,335,President,,GRN,Jill Stein Rudolph Ware,6,0,5,1,0,0
Parker,335,President,,,Cherunda Fox/Harlan McVay,0,0,0,0,0,0
Parker,335,President,,,Claudia De La Cruz/Karina Garcia,0,0,0,0,0,0
Parker,335,President,,,Cornel West/Melina Abdullah,0,0,0,0,0,0
Parker,335,President,,,Jessie Cuellar/Wesley Lasley,0,0,0,0,0,0
Parker,335,President,,,Peter Sonski/Lauren Onak,0,0,0,0,0,0
Parker,335,President,,,Shiva Ayyadurai/Crystal Ellis,0,0,0,0,0,0
Parker,335,President,,,Under Votes,16,1,14,1,0,0
Parker,335,President,,,Over Votes,0,0,0,0,0,0
Parker,335,U.S. Senate,,REP,Ted Cruz,3663,62,3216,364,1,0
Parker,335,U.S. Senate,,DEM,Colin Allred,444,24,357,62,0,0
Parker,335,U.S. Senate,,LIB,Ted Brown,57,2,35,19,0,0
Parker,335,U.S. Senate,,,Analisa Roche,0,0,0,0,0,0
Parker,335,U.S. Senate,,,Tracy Andrus,0,0,0,0,0,0
Parker,335,U.S. Senate,,,Under Votes,19,0,14,5,0,0
Parker,335,U.S. Senate,,,Over Votes,0,0,0,0,0,0
Parker,335,U.S. House,25,REP,Roger Williams,3896,69,3408,413,1,0
Parker,335,U.S. House,25,,Chad Hagg,1,0,1,0,0,0
Parker,335,U.S. House,25,,Under Votes,286,19,213,37,0,0
Parker,335,U.S. House,25,,Over Votes,0,0,0,0,0,0
Parker,335,Railroad Commissioner,,REP,Christi Craddick,3640,58,3194,367,1,0
Parker,335,Railroad Commissioner,,DEM,Katherine Culbert,317,22,256,38,0,0
Parker,335,Railroad Commissioner,,LIB,Hawk Dunlap,94,3,70,20,0,0
Parker,335,Railroad Commissioner,,GRN,Eddie Espinoza,16,0,13,3,0,0
Parker,335,Railroad Commissioner,,,Richard McKibbin,0,0,0,0,0,0
Parker,335,Railroad Commissioner,,,Under Votes,114,3,89,22,0,0
Parker,335,Railroad Commissioner,,,Over Votes,0,0,0,0,0,0
Parker,335,"Justice, Supreme Court, Place 2",2,REP,Jimmy Blacklock,3748,59,3280,387,1,0
Parker,335,"Justice, Supreme Court, Place 2",2,DEM,DaSean Jones,341,22,274,44,0,0
Parker,335,"Justice, Supreme Court, Place 2",2,,Under Votes,92,5,68,19,0,0
Parker,335,"Justice, Supreme Court, Place 2",2,,Over Votes,0,0,0,0,0,0
Parker,335,"Justice, Supreme Court, Place 4",4,REP,John Devine,3734,58,3273,381,1,0
Parker,335,"Justice, Supreme Court, Place 4",4,DEM,Christine Vinh Weems,356,22,284,49,0,0
Parker,335,"Justice, Supreme Court, Place 4",4,,Under Votes,91,6,65,20,0,0
Parker,335,"Justice, Supreme Court, Place 4",4,,Over Votes,0,0,0,0,0,0
Parker,335,"Justice, Supreme Court, Place 6",6,REP,Jane Bland,3659,56,3220,362,1,0
Parker,335,"Justice, Supreme Court, Place 6",6,DEM,Bonnie Lee Goldstein,331,20,271,39,0,0
Parker,335,"Justice, Supreme Court, Place 6",6,LIB,J. David Roberson,96,2,65,28,0,0
Parker,335,"Justice, Supreme Court, Place 6",6,,Under Votes,95,8,66,21,0,0
Parker,335,"Justice, Supreme Court, Place 6",6,,Over Votes,0,0,0,0,0,0
Parker,335,"Presiding Judge, Court of Criminal Appeals",,REP,David J. Schenck,3742,60,3278,382,1,0
Parker,335,"Presiding Judge, Court of Criminal Appeals",,DEM,Holly Taylor,358,21,287,49,0,0
Parker,335,"Presiding Judge, Court of Criminal Appeals",,,Under Votes,81,5,57,19,0,0
Parker,335,"Presiding Judge, Court of Criminal Appeals",,,Over Votes,0,0,0,0,0,0
Parker,335,"Judge, Court of Criminal Appeals, Place 7",7,REP,Gina Parker,3739,58,3275,384,1,0
Parker,335,"Judge, Court of Criminal Appeals, Place 7",7,DEM,Nancy Mulder,343,21,278,43,0,0
Parker,335,"Judge, Court of Criminal Appeals, Place 7",7,,Under Votes,99,7,69,23,0,0
Parker,335,"Judge, Court of Criminal Appeals, Place 7",7,,Over Votes,0,0,0,0,0,0
Parker,335,"Judge, Court of Criminal Appeals, Place 8",8,REP,Lee Finley,3747,59,3280,388,1,0
Parker,335,"Judge, Court of Criminal Appeals, Place 8",8,DEM,Chika Anyiam,329,21,268,39,0,0
Parker,335,"Judge, Court of Criminal Appeals, Place 8",8,,Under Votes,105,6,74,23,0,0
Parker,335,"Judge, Court of Criminal Appeals, Place 8",8,,Over Votes,0,0,0,0,0,0
Parker,335,"Member, State Board of Education, District 11",11,REP,Brandon Hall,3674,58,3234,374,1,0
Parker,335,"Member, State Board of Education, District 11",11,DEM,Rayna Glasser,355,21,291,43,0,0
Parker,335,"Member, State Board of Education, District 11",11,GRN,Hunter Crow,36,1,24,10,0,0
Parker,335,"Member, State Board of Education, District 11",11,,Under Votes,116,6,73,23,0,0
Parker,335,"Member, State Board of Education, District 11",11,,Over Votes,0,0,0,0,0,0
Parker,335,State Senate,10,REP,Phil King,3723,60,3279,379,1,0
Parker,335,State Senate,10,DEM,Andy Morris,358,21,287,50,0,0
Parker,335,State Senate,10,,Under Votes,100,5,56,21,0,0
Parker,335,State Senate,10,,Over Votes,0,0,0,0,0,0
Parker,335,"State Representative, District 60",60,REP,Mike Olcott,3820,65,3346,407,1,0
Parker,335,"State Representative, District 60",60,,Under Votes,361,21,276,43,0,0
Parker,335,"State Representative, District 60",60,,Over Votes,0,0,0,0,0,0
Parker,335,"Chief Justice, 2nd Court of Appeals District",,REP,Bonnie Sudderth,3818,64,3341,405,1,0
Parker,335,"Chief Justice, 2nd Court of Appeals District",,,Under Votes,363,22,281,45,0,0
Parker,335,"Chief Justice, 2nd Court of Appeals District",,,Over Votes,0,0,0,0,0,0
Parker,335,"Justice, 2nd Court of Appeals District, Place 4",4,REP,Wade Birdwell,3818,64,3339,406,1,0
Parker,335,"Justice, 2nd Court of Appeals District, Place 4",4,,Under Votes,363,22,283,44,0,0
Parker,335,"Justice, 2nd Court of Appeals District, Place 4",4,,Over Votes,0,0,0,0,0,0
Parker,335,"Justice, 2nd Court of Appeals District, Place 5",5,REP,Dabney Bassel,3800,64,3323,405,1,0
Parker,335,"Justice, 2nd Court of Appeals District, Place 5",5,,Under Votes,381,22,299,45,0,0
Parker,335,"Justice, 2nd Court of Appeals District, Place 5",5,,Over Votes,0,0,0,0,0,0
Parker,335,"Justice, 2nd Court of Appeals District, Place 6",6,REP,Mike Wallach,3798,63,3323,404,1,0
Parker,335,"Justice, 2nd Court of Appeals District, Place 6",6,,Under Votes,383,23,299,46,0,0
Parker,335,"Justice, 2nd Court of Appeals District, Place 6",6,,Over Votes,0,0,0,0,0,0
Parker,335,"District Judge, 43rd Judicial District",,REP,S. Craig Towson,3792,59,3328,403,1,0
Parker,335,"District Judge, 43rd Judicial District",,,Under Votes,389,27,294,47,0,0
Parker,335,"District Judge, 43rd Judicial District",,,Over Votes,0,0,0,0,0,0
Parker,335,"District Judge, 415th Judicial District",,REP,Graham Quisenberry,3759,61,3294,402,1,0
Parker,335,"District Judge, 415th Judicial District",,,Under Votes,422,25,328,48,0,0
Parker,335,"District Judge, 415th Judicial District",,,Over Votes,0,0,0,0,0,0
Parker,335,"District Attorney, 43rd Judicial District",,REP,Jeff Swain,3786,62,3317,405,1,0
Parker,335,"District Attorney, 43rd Judicial District",,,Under Votes,395,24,305,45,0,0
Parker,335,"District Attorney, 43rd Judicial District",,,Over Votes,0,0,0,0,0,0
Parker,335,"Judge, County Court-at-Law No. 2",,REP,Lynn Marie Johnson,3775,61,3309,403,1,0
Parker,335,"Judge, County Court-at-Law No. 2",,,Under Votes,406,25,313,47,0,0
Parker,335,"Judge, County Court-at-Law No. 2",,,Over Votes,0,0,0,0,0,0
Parker,335,County Attorney,,REP,John Forrest Jr,3794,62,3321,409,1,0
Parker,335,County Attorney,,,Under Votes,387,24,301,41,0,0
Parker,335,County Attorney,,,Over Votes,0,0,0,0,0,0
Parker,335,Sheriff,,REP,Russ Authier,3773,62,3303,406,1,0
Parker,335,Sheriff,,,Under Votes,408,24,319,44,0,0
Parker,335,Sheriff,,,Over Votes,0,0,0,0,0,0
Parker,335,County Tax Assessor-Collector,,REP,"Jennifer ""Jenny"" Gentry",3805,61,3338,404,1,0
Parker,335,County Tax Assessor-Collector,,,Under Votes,376,25,284,46,0,0
Parker,335,County Tax Assessor-Collector,,,Over Votes,0,0,0,0,0,0
Parker,335,"County Commissioner, Precinct 3",,REP,Larry Walden,3718,61,3253,402,1,0
Parker,335,"County Commissioner, Precinct 3",,,Under Votes,463,25,369,48,0,0
Parker,335,"County Commissioner, Precinct 3",,,Over Votes,0,0,0,0,0,0
Parker,335,"Constable, Precinct 3",,REP,Glen D. Praytor,3775,60,3310,403,1,0
Parker,335,"Constable, Precinct 3",,,Under Votes,406,26,312,47,0,0
Parker,335,"Constable, Precinct 3",,,Over Votes,0,0,0,0,0,0
Parker,335,"BROCK INDEPENDENT SCHOOL DISTRICT Trustee, Place 1 - Vote for none or one",1,,Garrett Wales,1240,14,1088,138,0,0
Parker,335,"BROCK INDEPENDENT SCHOOL DISTRICT Trustee, Place 1 - Vote for none or one",1,,Cassie Payton,702,8,610,84,0,0
Parker,335,"BROCK INDEPENDENT SCHOOL DISTRICT Trustee, Place 1 - Vote for none or one",1,,Katarina Lindley,1391,24,1232,133,0,0
Parker,335,"BROCK INDEPENDENT SCHOOL DISTRICT Trustee, Place 1 - Vote for none or one",1,,Under Votes,580,33,466,60,1,0
Parker,335,"BROCK INDEPENDENT SCHOOL DISTRICT Trustee, Place 1 - Vote for none or one",1,,Over Votes,0,0,0,0,0,0
Parker,335,"BROCK INDEPENDENT SCHOOL DISTRICT Trustee, Place 2 - Vote for none or one",2,,Joshua Cunio,497,11,418,68,0,0
Parker,335,"BROCK INDEPENDENT SCHOOL DISTRICT Trustee, Place 2 - Vote for none or one",2,,Tommy Hays,2710,36,2393,278,0,0
Parker,335,"BROCK INDEPENDENT SCHOOL DISTRICT Trustee, Place 2 - Vote for none or one",2,,Under Votes,706,32,585,69,1,0
Parker,335,"BROCK INDEPENDENT SCHOOL DISTRICT Trustee, Place 2 - Vote for none or one",2,,Over Votes,0,0,0,0,0,0
Parker,335,"BROCK INDEPENDENT SCHOOL DISTRICT Trustee, Place 5 - Vote for none or one",5,,Earl Bilbrey,1462,15,1279,168,0,0
Parker,335,"BROCK INDEPENDENT SCHOOL DISTRICT Trustee, Place 5 - Vote for none or one",5,,Lacy Kimball,1654,27,1456,169,0,0
Parker,335,"BROCK INDEPENDENT SCHOOL DISTRICT Trustee, Place 5 - Vote for none or one",5,,Under Votes,797,37,661,78,1,0
Parker,335,"BROCK INDEPENDENT SCHOOL DISTRICT Trustee, Place 5 - Vote for none or one",5,,Over Votes,0,0,0,0,0,0
Parker,335,"BROCK INDEPENDENT SCHOOL DISTRICT Trustee, Place 7 - Vote for none or one",7,,Toby Farmer,2181,35,1915,230,0,0
Parker,335,"BROCK INDEPENDENT SCHOOL DISTRICT Trustee, Place 7 - Vote for none or one",7,,Chad Martin,995,11,874,109,0,0
Parker,335,"BROCK INDEPENDENT SCHOOL DISTRICT Trustee, Place 7 - Vote for none or one",7,,Under Votes,737,33,607,76,1,0
Parker,335,"BROCK INDEPENDENT SCHOOL DISTRICT Trustee, Place 7 - Vote for none or one",7,,Over Votes,0,0,0,0,0,0
Parker,335,"PARKER COUNTY HOSPITAL DISTRICT Board of Directors, Precinct 3 - Vote for none or one",,,Sharon Hayes,2457,36,2153,268,0,0
Parker,335,"PARKER COUNTY HOSPITAL DISTRICT Board of Directors, Precinct 3 - Vote for none or one",,,David Milhollon,570,7,500,61,0,0
Parker,335,"PARKER COUNTY HOSPITAL DISTRICT Board of Directors, Precinct 3 - Vote for none or one",,,Under Votes,1154,43,969,121,1,0
Parker,335,"PARKER COUNTY HOSPITAL DISTRICT Board of Directors, Precinct 3 - Vote for none or one",,,Over Votes,0,0,0,0,0,0
Parker,335,PARKER COUNTY JP3 LOCAL OPTION ELECTION PROPOSITION A,,,FOR,3090,48,2684,358,0,0
Parker,335,PARKER COUNTY JP3 LOCAL OPTION ELECTION PROPOSITION A,,,AGAINST,908,22,807,75,1,0
Parker,335,PARKER COUNTY JP3 LOCAL OPTION ELECTION PROPOSITION A,,,Under Votes,183,16,131,17,0,0
Parker,335,PARKER COUNTY JP3 LOCAL OPTION ELECTION PROPOSITION A,,,Over Votes,0,0,0,0,0,0
Parker,340,Registered Voters,,,,1145,,,,,
Parker,340,Ballots Cast,,,,939,,,,,
Parker,340,President,,REP,Donald J. Trump JD Vance,853,8,701,141,2,0
Parker,340,President,,DEM,Kamala D. Harris Tim Walz,74,3,59,12,0,0
Parker,340,President,,LIB,Chase Oliver Mike ter Maat,7,0,2,5,0,0
Parker,340,President,,GRN,Jill Stein Rudolph Ware,0,0,0,0,0,0
Parker,340,President,,,Cherunda Fox/Harlan McVay,0,0,0,0,0,0
Parker,340,President,,,Claudia De La Cruz/Karina Garcia,1,0,1,0,0,0
Parker,340,President,,,Cornel West/Melina Abdullah,0,0,0,0,0,0
Parker,340,President,,,Jessie Cuellar/Wesley Lasley,0,0,0,0,0,0
Parker,340,President,,,Peter Sonski/Lauren Onak,0,0,0,0,0,0
Parker,340,President,,,Shiva Ayyadurai/Crystal Ellis,0,0,0,0,0,0
Parker,340,President,,,Under Votes,4,0,3,1,0,0
Parker,340,President,,,Over Votes,0,0,0,0,0,0
Parker,340,U.S. Senate,,REP,Ted Cruz,832,8,678,143,2,0
Parker,340,U.S. Senate,,DEM,Colin Allred,87,3,70,14,0,0
Parker,340,U.S. Senate,,LIB,Ted Brown,14,0,12,2,0,0
Parker,340,U.S. Senate,,,Analisa Roche,1,0,1,0,0,0
Parker,340,U.S. Senate,,,Tracy Andrus,0,0,0,0,0,0
Parker,340,U.S. Senate,,,Under Votes,5,0,5,0,0,0
Parker,340,U.S. Senate,,,Over Votes,0,0,0,0,0,0
Parker,340,U.S. House,25,REP,Roger Williams,877,8,716,150,2,0
Parker,340,U.S. House,25,,Chad Hagg,2,0,1,1,0,0
Parker,340,U.S. House,25,,Under Votes,60,3,49,8,0,0
Parker,340,U.S. House,25,,Over Votes,0,0,0,0,0,0
Parker,340,Railroad Commissioner,,REP,Christi Craddick,821,8,675,135,2,0
Parker,340,Railroad Commissioner,,DEM,Katherine Culbert,55,1,47,7,0,0
Parker,340,Railroad Commissioner,,LIB,Hawk Dunlap,26,0,15,11,0,0
Parker,340,Railroad Commissioner,,GRN,Eddie Espinoza,4,1,2,1,0,0
Parker,340,Railroad Commissioner,,,Richard McKibbin,0,0,0,0,0,0
Parker,340,Railroad Commissioner,,,Under Votes,33,1,27,5,0,0
Parker,340,Railroad Commissioner,,,Over Votes,0,0,0,0,0,0
Parker,340,"Justice, Supreme Court, Place 2",2,REP,Jimmy Blacklock,846,8,692,143,2,0
Parker,340,"Justice, Supreme Court, Place 2",2,DEM,DaSean Jones,66,3,52,11,0,0
Parker,340,"Justice, Supreme Court, Place 2",2,,Under Votes,27,0,22,5,0,0
Parker,340,"Justice, Supreme Court, Place 2",2,,Over Votes,0,0,0,0,0,0
Parker,340,"Justice, Supreme Court, Place 4",4,REP,John Devine,842,8,690,141,2,0
Parker,340,"Justice, Supreme Court, Place 4",4,DEM,Christine Vinh Weems,68,3,54,11,0,0
Parker,340,"Justice, Supreme Court, Place 4",4,,Under Votes,29,0,22,7,0,0
Parker,340,"Justice, Supreme Court, Place 4",4,,Over Votes,0,0,0,0,0,0
Parker,340,"Justice, Supreme Court, Place 6",6,REP,Jane Bland,828,8,681,136,2,0
Parker,340,"Justice, Supreme Court, Place 6",6,DEM,Bonnie Lee Goldstein,68,3,56,9,0,0
Parker,340,"Justice, Supreme Court, Place 6",6,LIB,J. David Roberson,17,0,9,8,0,0
Parker,340,"Justice, Supreme Court, Place 6",6,,Under Votes,26,0,20,6,0,0
Parker,340,"Justice, Supreme Court, Place 6",6,,Over Votes,0,0,0,0,0,0
Parker,340,"Presiding Judge, Court of Criminal Appeals",,REP,David J. Schenck,845,8,690,144,2,0
Parker,340,"Presiding Judge, Court of Criminal Appeals",,DEM,Holly Taylor,66,2,55,9,0,0
Parker,340,"Presiding Judge, Court of Criminal Appeals",,,Under Votes,28,1,21,6,0,0
Parker,340,"Presiding Judge, Court of Criminal Appeals",,,Over Votes,0,0,0,0,0,0
Parker,340,"Judge, Court of Criminal Appeals, Place 7",7,REP,Gina Parker,848,8,693,144,2,0
Parker,340,"Judge, Court of Criminal Appeals, Place 7",7,DEM,Nancy Mulder,60,2,49,9,0,0
Parker,340,"Judge, Court of Criminal Appeals, Place 7",7,,Under Votes,31,1,24,6,0,0
Parker,340,"Judge, Court of Criminal Appeals, Place 7",7,,Over Votes,0,0,0,0,0,0
Parker,340,"Judge, Court of Criminal Appeals, Place 8",8,REP,Lee Finley,847,8,692,144,2,0
Parker,340,"Judge, Court of Criminal Appeals, Place 8",8,DEM,Chika Anyiam,61,2,50,9,0,0
Parker,340,"Judge, Court of Criminal Appeals, Place 8",8,,Under Votes,31,1,24,6,0,0
Parker,340,"Judge, Court of Criminal Appeals, Place 8",8,,Over Votes,0,0,0,0,0,0
Parker,340,"Member, State Board of Education, District 11",11,REP,Brandon Hall,824,7,676,138,2,0
Parker,340,"Member, State Board of Education, District 11",11,DEM,Rayna Glasser,66,1,57,8,0,0
Parker,340,"Member, State Board of Education, District 11",11,GRN,Hunter Crow,13,2,7,4,0,0
Parker,340,"Member, State Board of Education, District 11",11,,Under Votes,36,1,26,9,0,0
Parker,340,"Member, State Board of Education, District 11",11,,Over Votes,0,0,0,0,0,0
Parker,340,State Senate,10,REP,Phil King,839,8,687,142,2,0
Parker,340,State Senate,10,DEM,Andy Morris,69,2,57,10,0,0
Parker,340,State Senate,10,,Under Votes,31,1,22,7,0,0
Parker,340,State Senate,10,,Over Votes,0,0,0,0,0,0
Parker,340,"State Representative, District 60",60,REP,Mike Olcott,855,8,698,147,2,0
Parker,340,"State Representative, District 60",60,,Under Votes,84,3,68,12,0,0
Parker,340,"State Representative, District 60",60,,Over Votes,0,0,0,0,0,0
Parker,340,"Chief Justice, 2nd Court of Appeals District",,REP,Bonnie Sudderth,854,9,696,146,2,0
Parker,340,"Chief Justice, 2nd Court of Appeals District",,,Under Votes,85,2,70,13,0,0
Parker,340,"Chief Justice, 2nd Court of Appeals District",,,Over Votes,0,0,0,0,0,0
Parker,340,"Justice, 2nd Court of Appeals District, Place 4",4,REP,Wade Birdwell,847,7,692,145,2,0
Parker,340,"Justice, 2nd Court of Appeals District, Place 4",4,,Under Votes,92,4,74,14,0,0
Parker,340,"Justice, 2nd Court of Appeals District, Place 4",4,,Over Votes,0,0,0,0,0,0
Parker,340,"Justice, 2nd Court of Appeals District, Place 5",5,REP,Dabney Bassel,846,8,690,145,2,0
Parker,340,"Justice, 2nd Court of Appeals District, Place 5",5,,Under Votes,93,3,76,14,0,0
Parker,340,"Justice, 2nd Court of Appeals District, Place 5",5,,Over Votes,0,0,0,0,0,0
Parker,340,"Justice, 2nd Court of Appeals District, Place 6",6,REP,Mike Wallach,844,8,688,145,2,0
Parker,340,"Justice, 2nd Court of Appeals District, Place 6",6,,Under Votes,95,3,78,14,0,0
Parker,340,"Justice, 2nd Court of Appeals District, Place 6",6,,Over Votes,0,0,0,0,0,0
Parker,340,"District Judge, 43rd Judicial District",,REP,S. Craig Towson,840,8,684,146,2,0
Parker,340,"District Judge, 43rd Judicial District",,,Under Votes,99,3,82,13,0,0
Parker,340,"District Judge, 43rd Judicial District",,,Over Votes,0,0,0,0,0,0
Parker,340,"District Judge, 415th Judicial District",,REP,Graham Quisenberry,836,8,682,144,2,0
Parker,340,"District Judge, 415th Judicial District",,,Under Votes,103,3,84,15,0,0
Parker,340,"District Judge, 415th Judicial District",,,Over Votes,0,0,0,0,0,0
Parker,340,"District Attorney, 43rd Judicial District",,REP,Jeff Swain,845,8,690,145,2,0
Parker,340,"District Attorney, 43rd Judicial District",,,Under Votes,94,3,76,14,0,0
Parker,340,"District Attorney, 43rd Judicial District",,,Over Votes,0,0,0,0,0,0
Parker,340,"Judge, County Court-at-Law No. 2",,REP,Lynn Marie Johnson,843,8,687,146,2,0
Parker,340,"Judge, County Court-at-Law No. 2",,,Under Votes,96,3,79,13,0,0
Parker,340,"Judge, County Court-at-Law No. 2",,,Over Votes,0,0,0,0,0,0
Parker,340,County Attorney,,REP,John Forrest Jr,840,7,686,145,2,0
Parker,340,County Attorney,,,Under Votes,99,4,80,14,0,0
Parker,340,County Attorney,,,Over Votes,0,0,0,0,0,0
Parker,340,Sheriff,,REP,Russ Authier,839,8,683,146,2,0
Parker,340,Sheriff,,,Under Votes,100,3,83,13,0,0
Parker,340,Sheriff,,,Over Votes,0,0,0,0,0,0
Parker,340,County Tax Assessor-Collector,,REP,"Jennifer ""Jenny"" Gentry",843,7,688,146,2,0
Parker,340,County Tax Assessor-Collector,,,Under Votes,96,4,78,13,0,0
Parker,340,County Tax Assessor-Collector,,,Over Votes,0,0,0,0,0,0
Parker,340,"County Commissioner, Precinct 3",,REP,Larry Walden,835,8,682,143,2,0
Parker,340,"County Commissioner, Precinct 3",,,Under Votes,104,3,84,16,0,0
Parker,340,"County Commissioner, Precinct 3",,,Over Votes,0,0,0,0,0,0
Parker,340,"Constable, Precinct 3",,REP,Glen D. Praytor,834,7,680,145,2,0
Parker,340,"Constable, Precinct 3",,,Under Votes,105,4,86,14,0,0
Parker,340,"Constable, Precinct 3",,,Over Votes,0,0,0,0,0,0
Parker,340,"BROCK INDEPENDENT SCHOOL DISTRICT Trustee, Place 1 - Vote for none or one",1,,Garrett Wales,302,1,239,62,0,0
Parker,340,"BROCK INDEPENDENT SCHOOL DISTRICT Trustee, Place 1 - Vote for none or one",1,,Cassie Payton,159,1,132,26,0,0
Parker,340,"BROCK INDEPENDENT SCHOOL DISTRICT Trustee, Place 1 - Vote for none or one",1,,Katarina Lindley,312,2,272,36,2,0
Parker,340,"BROCK INDEPENDENT SCHOOL DISTRICT Trustee, Place 1 - Vote for none or one",1,,Under Votes,152,7,112,32,0,0
Parker,340,"BROCK INDEPENDENT SCHOOL DISTRICT Trustee, Place 1 - Vote for none or one",1,,Over Votes,0,0,0,0,0,0
Parker,340,"BROCK INDEPENDENT SCHOOL DISTRICT Trustee, Place 2 - Vote for none or one",2,,Joshua Cunio,125,0,101,23,1,0
Parker,340,"BROCK INDEPENDENT SCHOOL DISTRICT Trustee, Place 2 - Vote for none or one",2,,Tommy Hays,608,4,508,94,1,0
Parker,340,"BROCK INDEPENDENT SCHOOL DISTRICT Trustee, Place 2 - Vote for none or one",2,,Under Votes,192,7,146,39,0,0
Parker,340,"BROCK INDEPENDENT SCHOOL DISTRICT Trustee, Place 2 - Vote for none or one",2,,Over Votes,0,0,0,0,0,0
Parker,340,"BROCK INDEPENDENT SCHOOL DISTRICT Trustee, Place 5 - Vote for none or one",5,,Earl Bilbrey,409,5,335,69,0,0
Parker,340,"BROCK INDEPENDENT SCHOOL DISTRICT Trustee, Place 5 - Vote for none or one",5,,Lacy Kimball,330,1,283,43,2,0
Parker,340,"BROCK INDEPENDENT SCHOOL DISTRICT Trustee, Place 5 - Vote for none or one",5,,Under Votes,186,5,137,44,0,0
Parker,340,"BROCK INDEPENDENT SCHOOL DISTRICT Trustee, Place 5 - Vote for none or one",5,,Over Votes,0,0,0,0,0,0
Parker,340,"BROCK INDEPENDENT SCHOOL DISTRICT Trustee, Place 7 - Vote for none or one",7,,Toby Farmer,437,4,363,69,1,0
Parker,340,"BROCK INDEPENDENT SCHOOL DISTRICT Trustee, Place 7 - Vote for none or one",7,,Chad Martin,287,0,239,47,1,0
Parker,340,"BROCK INDEPENDENT SCHOOL DISTRICT Trustee, Place 7 - Vote for none or one",7,,Under Votes,201,7,153,40,0,0
Parker,340,"BROCK INDEPENDENT SCHOOL DISTRICT Trustee, Place 7 - Vote for none or one",7,,Over Votes,0,0,0,0,0,0
Parker,340,"PARKER COUNTY HOSPITAL DISTRICT Board of Directors, Precinct 3 - Vote for none or one",,,Sharon Hayes,503,4,422,75,2,0
Parker,340,"PARKER COUNTY HOSPITAL DISTRICT Board of Directors, Precinct 3 - Vote for none or one",,,David Milhollon,134,0,110,23,0,0
Parker,340,"PARKER COUNTY HOSPITAL DISTRICT Board of Directors, Precinct 3 - Vote for none or one",,,Under Votes,302,7,234,61,0,0
Parker,340,"PARKER COUNTY HOSPITAL DISTRICT Board of Directors, Precinct 3 - Vote for none or one",,,Over Votes,0,0,0,0,0,0
Parker,340,PARKER COUNTY JP3 LOCAL OPTION ELECTION PROPOSITION A,,,FOR,723,3,592,128,0,0
Parker,340,PARKER COUNTY JP3 LOCAL OPTION ELECTION PROPOSITION A,,,AGAINST,177,6,139,29,2,0
Parker,340,PARKER COUNTY JP3 LOCAL OPTION ELECTION PROPOSITION A,,,Under Votes,39,2,35,2,0,0
Parker,340,PARKER COUNTY JP3 LOCAL OPTION ELECTION PROPOSITION A,,,Over Votes,0,0,0,0,0,0
Parker,345,Registered Voters,,,,2933,,,,,
Parker,345,Ballots Cast,,,,2098,,,,,
Parker,345,President,,REP,Donald J. Trump JD Vance,1804,48,1259,485,1,0
Parker,345,President,,DEM,Kamala D. Harris Tim Walz,266,13,181,72,0,0
Parker,345,President,,LIB,Chase Oliver Mike ter Maat,13,2,7,4,0,0
Parker,345,President,,GRN,Jill Stein Rudolph Ware,5,0,5,0,0,0
Parker,345,President,,,Cherunda Fox/Harlan McVay,0,0,0,0,0,0
Parker,345,President,,,Claudia De La Cruz/Karina Garcia,0,0,0,0,0,0
Parker,345,President,,,Cornel West/Melina Abdullah,0,0,0,0,0,0
Parker,345,President,,,Jessie Cuellar/Wesley Lasley,0,0,0,0,0,0
Parker,345,President,,,Peter Sonski/Lauren Onak,0,0,0,0,0,0
Parker,345,President,,,Shiva Ayyadurai/Crystal Ellis,0,0,0,0,0,0
Parker,345,President,,,Under Votes,9,1,7,1,0,0
Parker,345,President,,,Over Votes,1,1,0,0,0,0
Parker,345,U.S. Senate,,REP,Ted Cruz,1748,47,1227,462,1,0
Parker,345,U.S. Senate,,DEM,Colin Allred,289,16,194,79,0,0
Parker,345,U.S. Senate,,LIB,Ted Brown,44,1,26,17,0,0
Parker,345,U.S. Senate,,,Analisa Roche,0,0,0,0,0,0
Parker,345,U.S. Senate,,,Tracy Andrus,1,0,1,0,0,0
Parker,345,U.S. Senate,,,Under Votes,16,1,11,4,0,0
Parker,345,U.S. Senate,,,Over Votes,0,0,0,0,0,0
Parker,345,U.S. House,25,REP,Roger Williams,1910,47,1332,528,1,0
Parker,345,U.S. House,25,,Chad Hagg,4,2,2,0,0,0
Parker,345,U.S. House,25,,Under Votes,184,16,125,34,0,0
Parker,345,U.S. House,25,,Over Votes,0,0,0,0,0,0
Parker,345,Railroad Commissioner,,REP,Christi Craddick,1752,49,1217,475,1,0
Parker,345,Railroad Commissioner,,DEM,Katherine Culbert,219,12,153,54,0,0
Parker,345,Railroad Commissioner,,LIB,Hawk Dunlap,57,0,38,18,0,0
Parker,345,Railroad Commissioner,,GRN,Eddie Espinoza,11,0,9,2,0,0
Parker,345,Railroad Commissioner,,,Richard McKibbin,0,0,0,0,0,0
Parker,345,Railroad Commissioner,,,Under Votes,59,4,42,13,0,0
Parker,345,Railroad Commissioner,,,Over Votes,0,0,0,0,0,0
Parker,345,"Justice, Supreme Court, Place 2",2,REP,Jimmy Blacklock,1795,47,1250,486,1,0
Parker,345,"Justice, Supreme Court, Place 2",2,DEM,DaSean Jones,252,14,174,64,0,0
Parker,345,"Justice, Supreme Court, Place 2",2,,Under Votes,51,4,35,12,0,0
Parker,345,"Justice, Supreme Court, Place 2",2,,Over Votes,0,0,0,0,0,0
Parker,345,"Justice, Supreme Court, Place 4",4,REP,John Devine,1780,48,1241,479,1,0
Parker,345,"Justice, Supreme Court, Place 4",4,DEM,Christine Vinh Weems,261,13,179,69,0,0
Parker,345,"Justice, Supreme Court, Place 4",4,,Under Votes,57,4,39,14,0,0
Parker,345,"Justice, Supreme Court, Place 4",4,,Over Votes,0,0,0,0,0,0
Parker,345,"Justice, Supreme Court, Place 6",6,REP,Jane Bland,1751,49,1228,462,1,0
Parker,345,"Justice, Supreme Court, Place 6",6,DEM,Bonnie Lee Goldstein,238,12,165,61,0,0
Parker,345,"Justice, Supreme Court, Place 6",6,LIB,J. David Roberson,56,0,32,24,0,0
Parker,345,"Justice, Supreme Court, Place 6",6,,Under Votes,53,4,34,15,0,0
Parker,345,"Justice, Supreme Court, Place 6",6,,Over Votes,0,0,0,0,0,0
Parker,345,"Presiding Judge, Court of Criminal Appeals",,REP,David J. Schenck,1791,49,1251,479,1,0
Parker,345,"Presiding Judge, Court of Criminal Appeals",,DEM,Holly Taylor,254,12,172,70,0,0
Parker,345,"Presiding Judge, Court of Criminal Appeals",,,Under Votes,53,4,36,13,0,0
Parker,345,"Presiding Judge, Court of Criminal Appeals",,,Over Votes,0,0,0,0,0,0
Parker,345,"Judge, Court of Criminal Appeals, Place 7",7,REP,Gina Parker,1791,49,1251,479,1,0
Parker,345,"Judge, Court of Criminal Appeals, Place 7",7,DEM,Nancy Mulder,248,12,167,69,0,0
Parker,345,"Judge, Court of Criminal Appeals, Place 7",7,,Under Votes,59,4,41,14,0,0
Parker,345,"Judge, Court of Criminal Appeals, Place 7",7,,Over Votes,0,0,0,0,0,0
Parker,345,"Judge, Court of Criminal Appeals, Place 8",8,REP,Lee Finley,1801,47,1254,489,1,0
Parker,345,"Judge, Court of Criminal Appeals, Place 8",8,DEM,Chika Anyiam,235,14,162,59,0,0
Parker,345,"Judge, Court of Criminal Appeals, Place 8",8,,Under Votes,62,4,43,14,0,0
Parker,345,"Judge, Court of Criminal Appeals, Place 8",8,,Over Votes,0,0,0,0,0,0
Parker,345,"Member, State Board of Education, District 11",11,REP,Brandon Hall,1777,47,1238,485,1,0
Parker,345,"Member, State Board of Education, District 11",11,DEM,Rayna Glasser,239,14,168,57,0,0
Parker,345,"Member, State Board of Education, District 11",11,GRN,Hunter Crow,31,0,18,13,0,0
Parker,345,"Member, State Board of Education, District 11",11,,Under Votes,51,4,35,7,0,0
Parker,345,"Member, State Board of Education, District 11",11,,Over Votes,0,0,0,0,0,0
Parker,345,State Senate,10,REP,Phil King,1802,49,1262,489,1,0
Parker,345,State Senate,10,DEM,Andy Morris,240,12,167,61,0,0
Parker,345,State Senate,10,,Under Votes,56,4,30,12,0,0
Parker,345,State Senate,10,,Over Votes,0,0,0,0,0,0
Parker,345,"State Representative, District 60",60,REP,Mike Olcott,1871,48,1306,516,1,0
Parker,345,"State Representative, District 60",60,,Under Votes,227,17,153,46,0,0
Parker,345,"State Representative, District 60",60,,Over Votes,0,0,0,0,0,0
Parker,345,"Chief Justice, 2nd Court of Appeals District",,REP,Bonnie Sudderth,1870,47,1303,514,1,0
Parker,345,"Chief Justice, 2nd Court of Appeals District",,,Under Votes,228,18,156,48,0,0
Parker,345,"Chief Justice, 2nd Court of Appeals District",,,Over Votes,0,0,0,0,0,0
Parker,345,"Justice, 2nd Court of Appeals District, Place 4",4,REP,Wade Birdwell,1862,47,1296,516,1,0
Parker,345,"Justice, 2nd Court of Appeals District, Place 4",4,,Under Votes,236,18,163,46,0,0
Parker,345,"Justice, 2nd Court of Appeals District, Place 4",4,,Over Votes,0,0,0,0,0,0
Parker,345,"Justice, 2nd Court of Appeals District, Place 5",5,REP,Dabney Bassel,1856,46,1294,512,1,0
Parker,345,"Justice, 2nd Court of Appeals District, Place 5",5,,Under Votes,242,19,165,50,0,0
Parker,345,"Justice, 2nd Court of Appeals District, Place 5",5,,Over Votes,0,0,0,0,0,0
Parker,345,"Justice, 2nd Court of Appeals District, Place 6",6,REP,Mike Wallach,1859,46,1295,514,1,0
Parker,345,"Justice, 2nd Court of Appeals District, Place 6",6,,Under Votes,239,19,164,48,0,0
Parker,345,"Justice, 2nd Court of Appeals District, Place 6",6,,Over Votes,0,0,0,0,0,0
Parker,345,"District Judge, 43rd Judicial District",,REP,S. Craig Towson,1859,47,1302,509,1,0
Parker,345,"District Judge, 43rd Judicial District",,,Under Votes,239,18,157,53,0,0
Parker,345,"District Judge, 43rd Judicial District",,,Over Votes,0,0,0,0,0,0
Parker,345,"District Judge, 415th Judicial District",,REP,Graham Quisenberry,1857,47,1300,509,1,0
Parker,345,"District Judge, 415th Judicial District",,,Under Votes,241,18,159,53,0,0
Parker,345,"District Judge, 415th Judicial District",,,Over Votes,0,0,0,0,0,0
Parker,345,"District Attorney, 43rd Judicial District",,REP,Jeff Swain,1852,46,1296,509,1,0
Parker,345,"District Attorney, 43rd Judicial District",,,Under Votes,246,19,163,53,0,0
Parker,345,"District Attorney, 43rd Judicial District",,,Over Votes,0,0,0,0,0,0
Parker,345,"Judge, County Court-at-Law No. 2",,REP,Lynn Marie Johnson,1850,46,1293,510,1,0
Parker,345,"Judge, County Court-at-Law No. 2",,,Under Votes,248,19,166,52,0,0
Parker,345,"Judge, County Court-at-Law No. 2",,,Over Votes,0,0,0,0,0,0
Parker,345,County Attorney,,REP,John Forrest Jr,1861,45,1300,515,1,0
Parker,345,County Attorney,,,Under Votes,237,20,159,47,0,0
Parker,345,County Attorney,,,Over Votes,0,0,0,0,0,0
Parker,345,Sheriff,,REP,Russ Authier,1854,46,1296,511,1,0
Parker,345,Sheriff,,,Under Votes,244,19,163,51,0,0
Parker,345,Sheriff,,,Over Votes,0,0,0,0,0,0
Parker,345,County Tax Assessor-Collector,,REP,"Jennifer ""Jenny"" Gentry",1854,47,1293,513,1,0
Parker,345,County Tax Assessor-Collector,,,Under Votes,244,18,166,49,0,0
Parker,345,County Tax Assessor-Collector,,,Over Votes,0,0,0,0,0,0
Parker,345,"County Commissioner, Precinct 3",,REP,Larry Walden,1840,47,1287,505,1,0
Parker,345,"County Commissioner, Precinct 3",,,Under Votes,258,18,172,57,0,0
Parker,345,"County Commissioner, Precinct 3",,,Over Votes,0,0,0,0,0,0
Parker,345,"Constable, Precinct 3",,REP,Glen D. Praytor,1859,47,1299,512,1,0
Parker,345,"Constable, Precinct 3",,,Under Votes,239,18,160,50,0,0
Parker,345,"Constable, Precinct 3",,,Over Votes,0,0,0,0,0,0
Parker,345,"PARKER COUNTY HOSPITAL DISTRICT Board of Directors, Precinct 3 - Vote for none or one",,,Sharon Hayes,1126,29,780,316,1,0
Parker,345,"PARKER COUNTY HOSPITAL DISTRICT Board of Directors, Precinct 3 - Vote for none or one",,,David Milhollon,339,12,236,89,0,0
Parker,345,"PARKER COUNTY HOSPITAL DISTRICT Board of Directors, Precinct 3 - Vote for none or one",,,Under Votes,633,24,443,157,0,0
Parker,345,"PARKER COUNTY HOSPITAL DISTRICT Board of Directors, Precinct 3 - Vote for none or one",,,Over Votes,0,0,0,0,0,0
Parker,345,PARKER COUNTY JP3 LOCAL OPTION ELECTION PROPOSITION A,,,FOR,1614,37,1132,444,1,0
Parker,345,PARKER COUNTY JP3 LOCAL OPTION ELECTION PROPOSITION A,,,AGAINST,359,21,250,87,0,0
Parker,345,PARKER COUNTY JP3 LOCAL OPTION ELECTION PROPOSITION A,,,Under Votes,124,7,77,31,0,0
Parker,345,PARKER COUNTY JP3 LOCAL OPTION ELECTION PROPOSITION A,,,Over Votes,1,0,0,0,0,0
Parker,300,Registered Voters,,,,1844,,,,,
Parker,300,Ballots Cast,,,,1250,,,,,
Parker,300,President,,REP,Donald J. Trump JD Vance,928,23,719,180,0,0
Parker,300,President,,DEM,Kamala D. Harris Tim Walz,300,17,212,70,0,0
Parker,300,President,,LIB,Chase Oliver Mike ter Maat,11,0,9,2,0,0
Parker,300,President,,GRN,Jill Stein Rudolph Ware,4,0,2,2,0,0
Parker,300,President,,,Cherunda Fox/Harlan McVay,0,0,0,0,0,0
Parker,300,President,,,Claudia De La Cruz/Karina Garcia,0,0,0,0,0,0
Parker,300,President,,,Cornel West/Melina Abdullah,0,0,0,0,0,0
Parker,300,President,,,Jessie Cuellar/Wesley Lasley,0,0,0,0,0,0
Parker,300,President,,,Peter Sonski/Lauren Onak,0,0,0,0,0,0
Parker,300,President,,,Shiva Ayyadurai/Crystal Ellis,0,0,0,0,0,0
Parker,300,President,,,Under Votes,7,1,4,1,0,0
Parker,300,President,,,Over Votes,0,0,0,0,0,0
Parker,300,U.S. Senate,,REP,Ted Cruz,888,23,691,169,0,0
Parker,300,U.S. Senate,,DEM,Colin Allred,327,16,234,76,0,0
Parker,300,U.S. Senate,,LIB,Ted Brown,29,2,16,10,0,0
Parker,300,U.S. Senate,,,Analisa Roche,0,0,0,0,0,0
Parker,300,U.S. Senate,,,Tracy Andrus,0,0,0,0,0,0
Parker,300,U.S. Senate,,,Under Votes,6,0,5,0,0,0
Parker,300,U.S. Senate,,,Over Votes,0,0,0,0,0,0
Parker,300,U.S. House,12,REP,Craig Goldman,939,24,730,183,0,0
Parker,300,U.S. House,12,DEM,Trey J. Hunt,286,17,201,67,0,0
Parker,300,U.S. House,12,,Under Votes,25,0,15,5,0,0
Parker,300,U.S. House,12,,Over Votes,0,0,0,0,0,0
Parker,300,Railroad Commissioner,,REP,Christi Craddick,911,23,708,175,0,0
Parker,300,Railroad Commissioner,,DEM,Katherine Culbert,269,16,191,60,0,0
Parker,300,Railroad Commissioner,,LIB,Hawk Dunlap,31,0,22,9,0,0
Parker,300,Railroad Commissioner,,GRN,Eddie Espinoza,16,0,8,8,0,0
Parker,300,Railroad Commissioner,,,Richard McKibbin,0,0,0,0,0,0
Parker,300,Railroad Commissioner,,,Under Votes,21,0,17,3,0,0
Parker,300,Railroad Commissioner,,,Over Votes,0,0,0,0,0,0
Parker,300,"Justice, Supreme Court, Place 2",2,REP,Jimmy Blacklock,937,22,726,184,0,0
Parker,300,"Justice, Supreme Court, Place 2",2,DEM,DaSean Jones,290,16,206,66,0,0
Parker,300,"Justice, Supreme Court, Place 2",2,,Under Votes,21,1,14,5,0,0
Parker,300,"Justice, Supreme Court, Place 2",2,,Over Votes,0,0,0,0,0,0
Parker,300,"Justice, Supreme Court, Place 4",4,REP,John Devine,926,22,720,180,0,0
Parker,300,"Justice, Supreme Court, Place 4",4,DEM,Christine Vinh Weems,294,15,206,70,0,0
Parker,300,"Justice, Supreme Court, Place 4",4,,Under Votes,28,2,20,5,0,0
Parker,300,"Justice, Supreme Court, Place 4",4,,Over Votes,0,0,0,0,0,0
Parker,300,"Justice, Supreme Court, Place 6",6,REP,Jane Bland,901,22,703,171,0,0
Parker,300,"Justice, Supreme Court, Place 6",6,DEM,Bonnie Lee Goldstein,276,16,192,67,0,0
Parker,300,"Justice, Supreme Court, Place 6",6,LIB,J. David Roberson,45,0,32,12,0,0
Parker,300,"Justice, Supreme Court, Place 6",6,,Under Votes,26,1,19,5,0,0
Parker,300,"Justice, Supreme Court, Place 6",6,,Over Votes,0,0,0,0,0,0
Parker,300,"Presiding Judge, Court of Criminal Appeals",,REP,David J. Schenck,924,23,715,181,0,0
Parker,300,"Presiding Judge, Court of Criminal Appeals",,DEM,Holly Taylor,300,15,213,70,0,0
Parker,300,"Presiding Judge, Court of Criminal Appeals",,,Under Votes,24,1,18,4,0,0
Parker,300,"Presiding Judge, Court of Criminal Appeals",,,Over Votes,0,0,0,0,0,0
Parker,300,"Judge, Court of Criminal Appeals, Place 7",7,REP,Gina Parker,934,23,721,186,0,0
Parker,300,"Judge, Court of Criminal Appeals, Place 7",7,DEM,Nancy Mulder,282,15,199,65,0,0
Parker,300,"Judge, Court of Criminal Appeals, Place 7",7,,Under Votes,32,1,26,4,0,0
Parker,300,"Judge, Court of Criminal Appeals, Place 7",7,,Over Votes,0,0,0,0,0,0
Parker,300,"Judge, Court of Criminal Appeals, Place 8",8,REP,Lee Finley,945,23,730,186,0,0
Parker,300,"Judge, Court of Criminal Appeals, Place 8",8,DEM,Chika Anyiam,274,15,193,65,0,0
Parker,300,"Judge, Court of Criminal Appeals, Place 8",8,,Under Votes,29,1,23,4,0,0
Parker,300,"Judge, Court of Criminal Appeals, Place 8",8,,Over Votes,0,0,0,0,0,0
Parker,300,"Member, State Board of Education, District 11",11,REP,Brandon Hall,913,23,707,182,0,0
Parker,300,"Member, State Board of Education, District 11",11,DEM,Rayna Glasser,273,16,198,58,0,0
Parker,300,"Member, State Board of Education, District 11",11,GRN,Hunter Crow,30,0,19,10,0,0
Parker,300,"Member, State Board of Education, District 11",11,,Under Votes,32,0,22,5,0,0
Parker,300,"Member, State Board of Education, District 11",11,,Over Votes,0,0,0,0,0,0
Parker,300,State Senate,30,REP,Brent Hagenbuch,921,22,718,181,0,0
Parker,300,State Senate,30,DEM,Dale Frey,295,17,209,69,0,0
Parker,300,State Senate,30,,Under Votes,32,0,19,5,0,0
Parker,300,State Senate,30,,Over Votes,0,0,0,0,0,0
Parker,300,"State Representative, District 60",60,REP,Mike Olcott,997,25,769,203,0,0
Parker,300,"State Representative, District 60",60,,Under Votes,251,14,177,52,0,0
Parker,300,"State Representative, District 60",60,,Over Votes,0,0,0,0,0,0
Parker,300,"Chief Justice, 2nd Court of Appeals District",,REP,Bonnie Sudderth,1011,26,778,206,0,0
Parker,300,"Chief Justice, 2nd Court of Appeals District",,,Under Votes,237,13,168,49,0,0
Parker,300,"Chief Justice, 2nd Court of Appeals District",,,Over Votes,0,0,0,0,0,0
Parker,300,"Justice, 2nd Court of Appeals District, Place 4",4,REP,Wade Birdwell,999,26,767,205,0,0
Parker,300,"Justice, 2nd Court of Appeals District, Place 4",4,,Under Votes,249,13,179,50,0,0
Parker,300,"Justice, 2nd Court of Appeals District, Place 4",4,,Over Votes,0,0,0,0,0,0
Parker,300,"Justice, 2nd Court of Appeals District, Place 5",5,REP,Dabney Bassel,997,26,766,204,0,0
Parker,300,"Justice, 2nd Court of Appeals District, Place 5",5,,Under Votes,251,13,180,51,0,0
Parker,300,"Justice, 2nd Court of Appeals District, Place 5",5,,Over Votes,0,0,0,0,0,0
Parker,300,"Justice, 2nd Court of Appeals District, Place 6",6,REP,Mike Wallach,999,26,768,204,0,0
Parker,300,"Justice, 2nd Court of Appeals District, Place 6",6,,Under Votes,249,13,178,51,0,0
Parker,300,"Justice, 2nd Court of Appeals District, Place 6",6,,Over Votes,0,0,0,0,0,0
Parker,300,"District Judge, 43rd Judicial District",,REP,S. Craig Towson,1005,25,777,203,0,0
Parker,300,"District Judge, 43rd Judicial District",,,Under Votes,243,14,169,52,0,0
Parker,300,"District Judge, 43rd Judicial District",,,Over Votes,0,0,0,0,0,0
Parker,300,"District Judge, 415th Judicial District",,REP,Graham Quisenberry,1002,27,776,199,0,0
Parker,300,"District Judge, 415th Judicial District",,,Under Votes,246,12,170,56,0,0
Parker,300,"District Judge, 415th Judicial District",,,Over Votes,0,0,0,0,0,0
Parker,300,"District Attorney, 43rd Judicial District",,REP,Jeff Swain,1006,25,775,206,0,0
Parker,300,"District Attorney, 43rd Judicial District",,,Under Votes,242,14,171,49,0,0
Parker,300,"District Attorney, 43rd Judicial District",,,Over Votes,0,0,0,0,0,0
Parker,300,"Judge, County Court-at-Law No. 2",,REP,Lynn Marie Johnson,993,25,766,202,0,0
Parker,300,"Judge, County Court-at-Law No. 2",,,Under Votes,255,14,180,53,0,0
Parker,300,"Judge, County Court-at-Law No. 2",,,Over Votes,0,0,0,0,0,0
Parker,300,County Attorney,,REP,John Forrest Jr,1021,26,791,204,0,0
Parker,300,County Attorney,,,Under Votes,227,13,155,51,0,0
Parker,300,County Attorney,,,Over Votes,0,0,0,0,0,0
Parker,300,Sheriff,,REP,Russ Authier,1008,26,779,203,0,0
Parker,300,Sheriff,,,Under Votes,240,13,167,52,0,0
Parker,300,Sheriff,,,Over Votes,0,0,0,0,0,0
Parker,300,County Tax Assessor-Collector,,REP,"Jennifer ""Jenny"" Gentry",1015,26,784,205,0,0
Parker,300,County Tax Assessor-Collector,,,Under Votes,233,13,162,50,0,0
Parker,300,County Tax Assessor-Collector,,,Over Votes,0,0,0,0,0,0
Parker,300,"County Commissioner, Precinct 3",,REP,Larry Walden,988,26,761,201,0,0
Parker,300,"County Commissioner, Precinct 3",,,Under Votes,260,13,185,54,0,0
Parker,300,"County Commissioner, Precinct 3",,,Over Votes,0,0,0,0,0,0
Parker,300,"Constable, Precinct 3",,REP,Glen D. Praytor,1002,25,770,207,0,0
Parker,300,"Constable, Precinct 3",,,Under Votes,246,14,176,48,0,0
Parker,300,"Constable, Precinct 3",,,Over Votes,0,0,0,0,0,0
Parker,300,"PARKER COUNTY HOSPITAL DISTRICT Board of Directors, Precinct 3 - Vote for none or one",,,Sharon Hayes,745,19,571,155,0,0
Parker,300,"PARKER COUNTY HOSPITAL DISTRICT Board of Directors, Precinct 3 - Vote for none or one",,,David Milhollon,192,5,142,44,0,0
Parker,300,"PARKER COUNTY HOSPITAL DISTRICT Board of Directors, Precinct 3 - Vote for none or one",,,Under Votes,311,15,233,56,0,0
Parker,300,"PARKER COUNTY HOSPITAL DISTRICT Board of Directors, Precinct 3 - Vote for none or one",,,Over Votes,0,0,0,0,0,0
Parker,300,PARKER COUNTY JP3 LOCAL OPTION ELECTION PROPOSITION A,,,FOR,907,20,682,205,0,0
Parker,300,PARKER COUNTY JP3 LOCAL OPTION ELECTION PROPOSITION A,,,AGAINST,260,11,211,38,0,0
Parker,300,PARKER COUNTY JP3 LOCAL OPTION ELECTION PROPOSITION A,,,Under Votes,81,8,53,12,0,0
Parker,300,PARKER COUNTY JP3 LOCAL OPTION ELECTION PROPOSITION A,,,Over Votes,0,0,0,0,0,0
Parker,305,Registered Voters,,,,3847,,,,,
Parker,305,Ballots Cast,,,,2606,,,,,
Parker,305,President,,REP,Donald J. Trump JD Vance,2071,67,1621,363,2,0
Parker,305,President,,DEM,Kamala D. Harris Tim Walz,506,33,381,86,0,0
Parker,305,President,,LIB,Chase Oliver Mike ter Maat,14,0,11,3,0,0
Parker,305,President,,GRN,Jill Stein Rudolph Ware,3,0,1,2,0,0
Parker,305,President,,,Cherunda Fox/Harlan McVay,0,0,0,0,0,0
Parker,305,President,,,Claudia De La Cruz/Karina Garcia,0,0,0,0,0,0
Parker,305,President,,,Cornel West/Melina Abdullah,1,0,1,0,0,0
Parker,305,President,,,Jessie Cuellar/Wesley Lasley,0,0,0,0,0,0
Parker,305,President,,,Peter Sonski/Lauren Onak,0,0,0,0,0,0
Parker,305,President,,,Shiva Ayyadurai/Crystal Ellis,0,0,0,0,0,0
Parker,305,President,,,Under Votes,11,2,4,5,0,0
Parker,305,President,,,Over Votes,0,0,0,0,0,0
Parker,305,U.S. Senate,,REP,Ted Cruz,1995,68,1564,343,2,0
Parker,305,U.S. Senate,,DEM,Colin Allred,540,33,403,98,0,0
Parker,305,U.S. Senate,,LIB,Ted Brown,57,0,41,16,0,0
Parker,305,U.S. Senate,,,Analisa Roche,0,0,0,0,0,0
Parker,305,U.S. Senate,,,Tracy Andrus,0,0,0,0,0,0
Parker,305,U.S. Senate,,,Under Votes,14,1,11,2,0,0
Parker,305,U.S. Senate,,,Over Votes,0,0,0,0,0,0
Parker,305,U.S. House,12,REP,Craig Goldman,2084,71,1633,372,2,0
Parker,305,U.S. House,12,DEM,Trey J. Hunt,457,29,354,74,0,0
Parker,305,U.S. House,12,,Under Votes,65,2,32,13,0,0
Parker,305,U.S. House,12,,Over Votes,0,0,0,0,0,0
Parker,305,Railroad Commissioner,,REP,Christi Craddick,2000,67,1570,343,2,0
Parker,305,Railroad Commissioner,,DEM,Katherine Culbert,421,28,318,70,0,0
Parker,305,Railroad Commissioner,,LIB,Hawk Dunlap,79,2,58,19,0,0
Parker,305,Railroad Commissioner,,GRN,Eddie Espinoza,28,0,19,9,0,0
Parker,305,Railroad Commissioner,,,Richard McKibbin,0,0,0,0,0,0
Parker,305,Railroad Commissioner,,,Under Votes,75,2,54,18,0,0
Parker,305,Railroad Commissioner,,,Over Votes,0,0,0,0,0,0
Parker,305,"Justice, Supreme Court, Place 2",2,REP,Jimmy Blacklock,2067,67,1617,364,2,0
Parker,305,"Justice, Supreme Court, Place 2",2,DEM,DaSean Jones,474,29,359,80,0,0
Parker,305,"Justice, Supreme Court, Place 2",2,,Under Votes,62,3,43,15,0,0
Parker,305,"Justice, Supreme Court, Place 2",2,,Over Votes,0,0,0,0,0,0
Parker,305,"Justice, Supreme Court, Place 4",4,REP,John Devine,2048,67,1601,361,2,0
Parker,305,"Justice, Supreme Court, Place 4",4,DEM,Christine Vinh Weems,482,28,365,83,0,0
Parker,305,"Justice, Supreme Court, Place 4",4,,Under Votes,73,4,53,15,0,0
Parker,305,"Justice, Supreme Court, Place 4",4,,Over Votes,0,0,0,0,0,0
Parker,305,"Justice, Supreme Court, Place 6",6,REP,Jane Bland,1994,65,1568,342,2,0
Parker,305,"Justice, Supreme Court, Place 6",6,DEM,Bonnie Lee Goldstein,454,29,344,75,0,0
Parker,305,"Justice, Supreme Court, Place 6",6,LIB,J. David Roberson,85,1,59,25,0,0
Parker,305,"Justice, Supreme Court, Place 6",6,,Under Votes,70,4,48,17,0,0
Parker,305,"Justice, Supreme Court, Place 6",6,,Over Votes,0,0,0,0,0,0
Parker,305,"Presiding Judge, Court of Criminal Appeals",,REP,David J. Schenck,2046,65,1607,357,2,0
Parker,305,"Presiding Judge, Court of Criminal Appeals",,DEM,Holly Taylor,480,30,359,85,0,0
Parker,305,"Presiding Judge, Court of Criminal Appeals",,,Under Votes,77,4,53,17,0,0
Parker,305,"Presiding Judge, Court of Criminal Appeals",,,Over Votes,0,0,0,0,0,0
Parker,305,"Judge, Court of Criminal Appeals, Place 7",7,REP,Gina Parker,2072,66,1623,366,2,0
Parker,305,"Judge, Court of Criminal Appeals, Place 7",7,DEM,Nancy Mulder,452,29,341,76,0,0
Parker,305,"Judge, Court of Criminal Appeals, Place 7",7,,Under Votes,79,4,55,17,0,0
Parker,305,"Judge, Court of Criminal Appeals, Place 7",7,,Over Votes,0,0,0,0,0,0
Parker,305,"Judge, Court of Criminal Appeals, Place 8",8,REP,Lee Finley,2062,66,1615,367,2,0
Parker,305,"Judge, Court of Criminal Appeals, Place 8",8,DEM,Chika Anyiam,443,28,339,70,0,0
Parker,305,"Judge, Court of Criminal Appeals, Place 8",8,,Under Votes,98,5,65,22,0,0
Parker,305,"Judge, Court of Criminal Appeals, Place 8",8,,Over Votes,0,0,0,0,0,0
Parker,305,"Member, State Board of Education, District 11",11,REP,Brandon Hall,2006,68,1578,352,2,0
Parker,305,"Member, State Board of Education, District 11",11,DEM,Rayna Glasser,458,28,353,77,0,0
Parker,305,"Member, State Board of Education, District 11",11,GRN,Hunter Crow,47,0,35,11,0,0
Parker,305,"Member, State Board of Education, District 11",11,,Under Votes,92,3,53,19,0,0
Parker,305,"Member, State Board of Education, District 11",11,,Over Votes,0,0,0,0,0,0
Parker,305,State Senate,30,REP,Brent Hagenbuch,2032,66,1605,359,2,0
Parker,305,State Senate,30,DEM,Dale Frey,471,30,359,78,0,0
Parker,305,State Senate,30,,Under Votes,100,3,55,22,0,0
Parker,305,State Senate,30,,Over Votes,0,0,0,0,0,0
Parker,305,"State Representative, District 60",60,REP,Mike Olcott,2176,72,1714,388,2,0
Parker,305,"State Representative, District 60",60,,Under Votes,427,27,305,71,0,0
Parker,305,"State Representative, District 60",60,,Over Votes,0,0,0,0,0,0
Parker,305,"Chief Justice, 2nd Court of Appeals District",,REP,Bonnie Sudderth,2174,72,1707,390,2,0
Parker,305,"Chief Justice, 2nd Court of Appeals District",,,Under Votes,429,27,312,69,0,0
Parker,305,"Chief Justice, 2nd Court of Appeals District",,,Over Votes,0,0,0,0,0,0
Parker,305,"Justice, 2nd Court of Appeals District, Place 4",4,REP,Wade Birdwell,2158,71,1696,387,2,0
Parker,305,"Justice, 2nd Court of Appeals District, Place 4",4,,Under Votes,445,28,323,72,0,0
Parker,305,"Justice, 2nd Court of Appeals District, Place 4",4,,Over Votes,0,0,0,0,0,0
Parker,305,"Justice, 2nd Court of Appeals District, Place 5",5,REP,Dabney Bassel,2146,70,1688,384,2,0
Parker,305,"Justice, 2nd Court of Appeals District, Place 5",5,,Under Votes,457,29,331,75,0,0
Parker,305,"Justice, 2nd Court of Appeals District, Place 5",5,,Over Votes,0,0,0,0,0,0
Parker,305,"Justice, 2nd Court of Appeals District, Place 6",6,REP,Mike Wallach,2143,71,1681,387,2,0
Parker,305,"Justice, 2nd Court of Appeals District, Place 6",6,,Under Votes,460,28,338,72,0,0
Parker,305,"Justice, 2nd Court of Appeals District, Place 6",6,,Over Votes,0,0,0,0,0,0
Parker,305,"District Judge, 43rd Judicial District",,REP,S. Craig Towson,2149,75,1690,382,2,0
Parker,305,"District Judge, 43rd Judicial District",,,Under Votes,454,24,329,77,0,0
Parker,305,"District Judge, 43rd Judicial District",,,Over Votes,0,0,0,0,0,0
Parker,305,"District Judge, 415th Judicial District",,REP,Graham Quisenberry,2118,74,1665,377,2,0
Parker,305,"District Judge, 415th Judicial District",,,Under Votes,485,25,354,82,0,0
Parker,305,"District Judge, 415th Judicial District",,,Over Votes,0,0,0,0,0,0
Parker,305,"District Attorney, 43rd Judicial District",,REP,Jeff Swain,2148,74,1687,385,2,0
Parker,305,"District Attorney, 43rd Judicial District",,,Under Votes,455,25,332,74,0,0
Parker,305,"District Attorney, 43rd Judicial District",,,Over Votes,0,0,0,0,0,0
Parker,305,"Judge, County Court-at-Law No. 2",,REP,Lynn Marie Johnson,2141,73,1684,382,2,0
Parker,305,"Judge, County Court-at-Law No. 2",,,Under Votes,462,26,335,77,0,0
Parker,305,"Judge, County Court-at-Law No. 2",,,Over Votes,0,0,0,0,0,0
Parker,305,County Attorney,,REP,John Forrest Jr,2153,75,1690,386,2,0
Parker,305,County Attorney,,,Under Votes,450,24,329,73,0,0
Parker,305,County Attorney,,,Over Votes,0,0,0,0,0,0
Parker,305,Sheriff,,REP,Russ Authier,2164,75,1701,386,2,0
Parker,305,Sheriff,,,Under Votes,439,24,318,73,0,0
Parker,305,Sheriff,,,Over Votes,0,0,0,0,0,0
Parker,305,County Tax Assessor-Collector,,REP,"Jennifer ""Jenny"" Gentry",2168,76,1703,387,2,0
Parker,305,County Tax Assessor-Collector,,,Under Votes,435,23,316,72,0,0
Parker,305,County Tax Assessor-Collector,,,Over Votes,0,0,0,0,0,0
Parker,305,"County Commissioner, Precinct 3",,REP,Larry Walden,2150,76,1690,382,2,0
Parker,305,"County Commissioner, Precinct 3",,,Under Votes,453,23,329,77,0,0
Parker,305,"County Commissioner, Precinct 3",,,Over Votes,0,0,0,0,0,0
Parker,305,"Constable, Precinct 3",,REP,Glen D. Praytor,2147,76,1684,385,2,0
Parker,305,"Constable, Precinct 3",,,Under Votes,456,23,335,74,0,0
Parker,305,"Constable, Precinct 3",,,Over Votes,0,0,0,0,0,0
Parker,305,"PARKER COUNTY HOSPITAL DISTRICT Board of Directors, Precinct 3 - Vote for none or one",,,Sharon Hayes,1442,50,1128,264,0,0
Parker,305,"PARKER COUNTY HOSPITAL DISTRICT Board of Directors, Precinct 3 - Vote for none or one",,,David Milhollon,425,13,322,83,2,0
Parker,305,"PARKER COUNTY HOSPITAL DISTRICT Board of Directors, Precinct 3 - Vote for none or one",,,Under Votes,736,36,569,112,0,0
Parker,305,"PARKER COUNTY HOSPITAL DISTRICT Board of Directors, Precinct 3 - Vote for none or one",,,Over Votes,0,0,0,0,0,0
Parker,305,PARKER COUNTY JP3 LOCAL OPTION ELECTION PROPOSITION A,,,FOR,1901,58,1457,384,1,0
Parker,305,PARKER COUNTY JP3 LOCAL OPTION ELECTION PROPOSITION A,,,AGAINST,532,29,447,52,1,0
Parker,305,PARKER COUNTY JP3 LOCAL OPTION ELECTION PROPOSITION A,,,Under Votes,170,12,115,23,0,0
Parker,305,PARKER COUNTY JP3 LOCAL OPTION ELECTION PROPOSITION A,,,Over Votes,0,0,0,0,0,0
Parker,310,Registered Voters,,,,2084,,,,,
Parker,310,Ballots Cast,,,,1280,,,,,
Parker,310,President,,REP,Donald J. Trump JD Vance,930,60,689,168,0,0
Parker,310,President,,DEM,Kamala D. Harris Tim Walz,327,20,247,59,0,0
Parker,310,President,,LIB,Chase Oliver Mike ter Maat,9,0,7,2,0,0
Parker,310,President,,GRN,Jill Stein Rudolph Ware,5,0,5,0,0,0
Parker,310,President,,,Cherunda Fox/Harlan McVay,0,0,0,0,0,0
Parker,310,President,,,Claudia De La Cruz/Karina Garcia,0,0,0,0,0,0
Parker,310,President,,,Cornel West/Melina Abdullah,0,0,0,0,0,0
Parker,310,President,,,Jessie Cuellar/Wesley Lasley,0,0,0,0,0,0
Parker,310,President,,,Peter Sonski/Lauren Onak,0,0,0,0,0,0
Parker,310,President,,,Shiva Ayyadurai/Crystal Ellis,0,0,0,0,0,0
Parker,310,President,,,Under Votes,9,3,3,3,0,0
Parker,310,President,,,Over Votes,0,0,0,0,0,0
Parker,310,U.S. Senate,,REP,Ted Cruz,876,55,653,155,0,0
Parker,310,U.S. Senate,,DEM,Colin Allred,347,26,257,63,0,0
Parker,310,U.S. Senate,,LIB,Ted Brown,44,1,32,11,0,0
Parker,310,U.S. Senate,,,Analisa Roche,0,0,0,0,0,0
Parker,310,U.S. Senate,,,Tracy Andrus,0,0,0,0,0,0
Parker,310,U.S. Senate,,,Under Votes,13,1,9,3,0,0
Parker,310,U.S. Senate,,,Over Votes,0,0,0,0,0,0
Parker,310,U.S. House,12,REP,Craig Goldman,921,63,688,169,0,0
Parker,310,U.S. House,12,DEM,Trey J. Hunt,306,18,230,58,0,0
Parker,310,U.S. House,12,,Under Votes,53,2,33,5,0,0
Parker,310,U.S. House,12,,Over Votes,0,0,0,0,0,0
Parker,310,Railroad Commissioner,,REP,Christi Craddick,901,57,673,159,0,0
Parker,310,Railroad Commissioner,,DEM,Katherine Culbert,288,20,216,52,0,0
Parker,310,Railroad Commissioner,,LIB,Hawk Dunlap,37,1,25,11,0,0
Parker,310,Railroad Commissioner,,GRN,Eddie Espinoza,13,1,8,3,0,0
Parker,310,Railroad Commissioner,,,Richard McKibbin,0,0,0,0,0,0
Parker,310,Railroad Commissioner,,,Under Votes,40,3,29,7,0,0
Parker,310,Railroad Commissioner,,,Over Votes,0,0,0,0,0,0
Parker,310,"Justice, Supreme Court, Place 2",2,REP,Jimmy Blacklock,925,60,686,167,0,0
Parker,310,"Justice, Supreme Court, Place 2",2,DEM,DaSean Jones,310,18,232,59,0,0
Parker,310,"Justice, Supreme Court, Place 2",2,,Under Votes,44,4,33,6,0,0
Parker,310,"Justice, Supreme Court, Place 2",2,,Over Votes,0,0,0,0,0,0
Parker,310,"Justice, Supreme Court, Place 4",4,REP,John Devine,913,56,679,166,0,0
Parker,310,"Justice, Supreme Court, Place 4",4,DEM,Christine Vinh Weems,317,22,235,59,0,0
Parker,310,"Justice, Supreme Court, Place 4",4,,Under Votes,49,4,37,7,0,0
Parker,310,"Justice, Supreme Court, Place 4",4,,Over Votes,0,0,0,0,0,0
Parker,310,"Justice, Supreme Court, Place 6",6,REP,Jane Bland,882,56,655,159,0,0
Parker,310,"Justice, Supreme Court, Place 6",6,DEM,Bonnie Lee Goldstein,302,20,229,52,0,0
Parker,310,"Justice, Supreme Court, Place 6",6,LIB,J. David Roberson,45,2,30,13,0,0
Parker,310,"Justice, Supreme Court, Place 6",6,,Under Votes,50,4,37,8,0,0
Parker,310,"Justice, Supreme Court, Place 6",6,,Over Votes,0,0,0,0,0,0
Parker,310,"Presiding Judge, Court of Criminal Appeals",,REP,David J. Schenck,909,60,674,163,0,0
Parker,310,"Presiding Judge, Court of Criminal Appeals",,DEM,Holly Taylor,315,17,238,59,0,0
Parker,310,"Presiding Judge, Court of Criminal Appeals",,,Under Votes,55,5,39,10,0,0
Parker,310,"Presiding Judge, Court of Criminal Appeals",,,Over Votes,0,0,0,0,0,0
Parker,310,"Judge, Court of Criminal Appeals, Place 7",7,REP,Gina Parker,926,62,685,167,0,0
Parker,310,"Judge, Court of Criminal Appeals, Place 7",7,DEM,Nancy Mulder,295,16,223,55,0,0
Parker,310,"Judge, Court of Criminal Appeals, Place 7",7,,Under Votes,58,4,43,10,0,0
Parker,310,"Judge, Court of Criminal Appeals, Place 7",7,,Over Votes,0,0,0,0,0,0
Parker,310,"Judge, Court of Criminal Appeals, Place 8",8,REP,Lee Finley,927,60,690,165,0,0
Parker,310,"Judge, Court of Criminal Appeals, Place 8",8,DEM,Chika Anyiam,293,18,218,56,0,0
Parker,310,"Judge, Court of Criminal Appeals, Place 8",8,,Under Votes,59,4,43,11,0,0
Parker,310,"Judge, Court of Criminal Appeals, Place 8",8,,Over Votes,0,0,0,0,0,0
Parker,310,"Member, State Board of Education, District 11",11,REP,Brandon Hall,880,60,657,161,0,0
Parker,310,"Member, State Board of Education, District 11",11,DEM,Rayna Glasser,302,18,228,55,0,0
Parker,310,"Member, State Board of Education, District 11",11,GRN,Hunter Crow,33,0,26,7,0,0
Parker,310,"Member, State Board of Education, District 11",11,,Under Votes,64,4,40,9,0,0
Parker,310,"Member, State Board of Education, District 11",11,,Over Votes,0,0,0,0,0,0
Parker,310,State Senate,30,REP,Brent Hagenbuch,901,59,676,166,0,0
Parker,310,State Senate,30,DEM,Dale Frey,303,18,230,55,0,0
Parker,310,State Senate,30,,Under Votes,75,5,45,11,0,0
Parker,310,State Senate,30,,Over Votes,0,0,0,0,0,0
Parker,310,"State Representative, District 60",60,REP,Mike Olcott,1015,66,761,188,0,0
Parker,310,"State Representative, District 60",60,,Under Votes,264,16,190,44,0,0
Parker,310,"State Representative, District 60",60,,Over Votes,0,0,0,0,0,0
Parker,310,"Chief Justice, 2nd Court of Appeals District",,REP,Bonnie Sudderth,1002,63,748,190,0,0
Parker,310,"Chief Justice, 2nd Court of Appeals District",,,Under Votes,277,19,203,42,0,0
Parker,310,"Chief Justice, 2nd Court of Appeals District",,,Over Votes,0,0,0,0,0,0
Parker,310,"Justice, 2nd Court of Appeals District, Place 4",4,REP,Wade Birdwell,994,63,742,187,0,0
Parker,310,"Justice, 2nd Court of Appeals District, Place 4",4,,Under Votes,285,19,209,45,0,0
Parker,310,"Justice, 2nd Court of Appeals District, Place 4",4,,Over Votes,0,0,0,0,0,0
Parker,310,"Justice, 2nd Court of Appeals District, Place 5",5,REP,Dabney Bassel,985,63,732,188,0,0
Parker,310,"Justice, 2nd Court of Appeals District, Place 5",5,,Under Votes,294,19,219,44,0,0
Parker,310,"Justice, 2nd Court of Appeals District, Place 5",5,,Over Votes,0,0,0,0,0,0
Parker,310,"Justice, 2nd Court of Appeals District, Place 6",6,REP,Mike Wallach,986,64,734,186,0,0
Parker,310,"Justice, 2nd Court of Appeals District, Place 6",6,,Under Votes,293,18,217,46,0,0
Parker,310,"Justice, 2nd Court of Appeals District, Place 6",6,,Over Votes,0,0,0,0,0,0
Parker,310,"District Judge, 43rd Judicial District",,REP,S. Craig Towson,991,66,737,188,0,0
Parker,310,"District Judge, 43rd Judicial District",,,Under Votes,288,16,214,44,0,0
Parker,310,"District Judge, 43rd Judicial District",,,Over Votes,0,0,0,0,0,0
Parker,310,"District Judge, 415th Judicial District",,REP,Graham Quisenberry,985,65,735,185,0,0
Parker,310,"District Judge, 415th Judicial District",,,Under Votes,294,17,216,47,0,0
Parker,310,"District Judge, 415th Judicial District",,,Over Votes,0,0,0,0,0,0
Parker,310,"District Attorney, 43rd Judicial District",,REP,Jeff Swain,997,67,742,188,0,0
Parker,310,"District Attorney, 43rd Judicial District",,,Under Votes,282,15,209,44,0,0
Parker,310,"District Attorney, 43rd Judicial District",,,Over Votes,0,0,0,0,0,0
Parker,310,"Judge, County Court-at-Law No. 2",,REP,Lynn Marie Johnson,990,66,737,187,0,0
Parker,310,"Judge, County Court-at-Law No. 2",,,Under Votes,289,16,214,45,0,0
Parker,310,"Judge, County Court-at-Law No. 2",,,Over Votes,0,0,0,0,0,0
Parker,310,County Attorney,,REP,John Forrest Jr,1012,64,756,192,0,0
Parker,310,County Attorney,,,Under Votes,267,18,195,40,0,0
Parker,310,County Attorney,,,Over Votes,0,0,0,0,0,0
Parker,310,Sheriff,,REP,Russ Authier,1003,65,748,190,0,0
Parker,310,Sheriff,,,Under Votes,276,17,203,42,0,0
Parker,310,Sheriff,,,Over Votes,0,0,0,0,0,0
Parker,310,County Tax Assessor-Collector,,REP,"Jennifer ""Jenny"" Gentry",1011,65,757,189,0,0
Parker,310,County Tax Assessor-Collector,,,Under Votes,268,17,194,43,0,0
Parker,310,County Tax Assessor-Collector,,,Over Votes,0,0,0,0,0,0
Parker,310,"County Commissioner, Precinct 3",,REP,Larry Walden,1001,66,746,189,0,0
Parker,310,"County Commissioner, Precinct 3",,,Under Votes,278,16,205,43,0,0
Parker,310,"County Commissioner, Precinct 3",,,Over Votes,0,0,0,0,0,0
Parker,310,"Constable, Precinct 3",,REP,Glen D. Praytor,1001,66,749,186,0,0
Parker,310,"Constable, Precinct 3",,,Under Votes,278,16,202,46,0,0
Parker,310,"Constable, Precinct 3",,,Over Votes,0,0,0,0,0,0
Parker,310,"PARKER COUNTY HOSPITAL DISTRICT Board of Directors, Precinct 3 - Vote for none or one",,,Sharon Hayes,727,52,528,147,0,0
Parker,310,"PARKER COUNTY HOSPITAL DISTRICT Board of Directors, Precinct 3 - Vote for none or one",,,David Milhollon,179,6,143,29,0,0
Parker,310,"PARKER COUNTY HOSPITAL DISTRICT Board of Directors, Precinct 3 - Vote for none or one",,,Under Votes,372,23,280,56,0,0
Parker,310,"PARKER COUNTY HOSPITAL DISTRICT Board of Directors, Precinct 3 - Vote for none or one",,,Over Votes,1,1,0,0,0,0
Parker,310,PARKER COUNTY JP3 LOCAL OPTION ELECTION PROPOSITION A,,,FOR,899,41,680,178,0,0
Parker,310,PARKER COUNTY JP3 LOCAL OPTION ELECTION PROPOSITION A,,,AGAINST,273,30,202,40,0,0
Parker,310,PARKER COUNTY JP3 LOCAL OPTION ELECTION PROPOSITION A,,,Under Votes,107,11,69,14,0,0
Parker,310,PARKER COUNTY JP3 LOCAL OPTION ELECTION PROPOSITION A,,,Over Votes,0,0,0,0,0,0
Parker,215,Registered Voters,,,,4738,,,,,
Parker,215,Ballots Cast,,,,3488,,,,,
Parker,215,President,,REP,Donald J. Trump JD Vance,3084,48,2634,375,2,0
Parker,215,President,,DEM,Kamala D. Harris Tim Walz,380,18,296,64,1,0
Parker,215,President,,LIB,Chase Oliver Mike ter Maat,10,0,10,0,0,0
Parker,215,President,,GRN,Jill Stein Rudolph Ware,7,0,5,2,0,0
Parker,215,President,,,Cherunda Fox/Harlan McVay,0,0,0,0,0,0
Parker,215,President,,,Claudia De La Cruz/Karina Garcia,0,0,0,0,0,0
Parker,215,President,,,Cornel West/Melina Abdullah,1,1,0,0,0,0
Parker,215,President,,,Jessie Cuellar/Wesley Lasley,0,0,0,0,0,0
Parker,215,President,,,Peter Sonski/Lauren Onak,0,0,0,0,0,0
Parker,215,President,,,Shiva Ayyadurai/Crystal Ellis,0,0,0,0,0,0
Parker,215,President,,,Under Votes,6,0,4,2,0,0
Parker,215,President,,,Over Votes,0,0,0,0,0,0
Parker,215,U.S. Senate,,REP,Ted Cruz,2997,47,2578,345,2,0
Parker,215,U.S. Senate,,DEM,Colin Allred,417,18,322,75,1,0
Parker,215,U.S. Senate,,LIB,Ted Brown,55,0,39,16,0,0
Parker,215,U.S. Senate,,,Analisa Roche,0,0,0,0,0,0
Parker,215,U.S. Senate,,,Tracy Andrus,0,0,0,0,0,0
Parker,215,U.S. Senate,,,Under Votes,19,2,10,7,0,0
Parker,215,U.S. Senate,,,Over Votes,0,0,0,0,0,0
Parker,215,U.S. House,12,REP,Craig Goldman,3071,48,2645,365,2,0
Parker,215,U.S. House,12,DEM,Trey J. Hunt,353,17,271,64,1,0
Parker,215,U.S. House,12,,Under Votes,64,2,33,14,0,0
Parker,215,U.S. House,12,,Over Votes,0,0,0,0,0,0
Parker,215,Railroad Commissioner,,REP,Christi Craddick,2992,47,2575,346,2,0
Parker,215,Railroad Commissioner,,DEM,Katherine Culbert,312,15,247,48,1,0
Parker,215,Railroad Commissioner,,LIB,Hawk Dunlap,93,1,68,23,0,0
Parker,215,Railroad Commissioner,,GRN,Eddie Espinoza,27,0,18,8,0,0
Parker,215,Railroad Commissioner,,,Richard McKibbin,0,0,0,0,0,0
Parker,215,Railroad Commissioner,,,Under Votes,63,3,41,18,0,0
Parker,215,Railroad Commissioner,,,Over Votes,0,0,0,0,0,0
Parker,215,"Justice, Supreme Court, Place 2",2,REP,Jimmy Blacklock,3074,47,2643,357,2,0
Parker,215,"Justice, Supreme Court, Place 2",2,DEM,DaSean Jones,343,17,261,63,1,0
Parker,215,"Justice, Supreme Court, Place 2",2,,Under Votes,70,2,45,23,0,0
Parker,215,"Justice, Supreme Court, Place 2",2,,Over Votes,0,0,0,0,0,0
Parker,215,"Justice, Supreme Court, Place 4",4,REP,John Devine,3055,47,2624,357,2,0
Parker,215,"Justice, Supreme Court, Place 4",4,DEM,Christine Vinh Weems,359,16,276,65,1,0
Parker,215,"Justice, Supreme Court, Place 4",4,,Under Votes,73,3,49,21,0,0
Parker,215,"Justice, Supreme Court, Place 4",4,,Over Votes,0,0,0,0,0,0
Parker,215,"Justice, Supreme Court, Place 6",6,REP,Jane Bland,3004,47,2585,346,2,0
Parker,215,"Justice, Supreme Court, Place 6",6,DEM,Bonnie Lee Goldstein,327,17,252,56,1,0
Parker,215,"Justice, Supreme Court, Place 6",6,LIB,J. David Roberson,86,0,66,19,0,0
Parker,215,"Justice, Supreme Court, Place 6",6,,Under Votes,70,2,46,22,0,0
Parker,215,"Justice, Supreme Court, Place 6",6,,Over Votes,0,0,0,0,0,0
Parker,215,"Presiding Judge, Court of Criminal Appeals",,REP,David J. Schenck,3063,46,2635,355,2,0
Parker,215,"Presiding Judge, Court of Criminal Appeals",,DEM,Holly Taylor,350,17,266,65,1,0
Parker,215,"Presiding Judge, Court of Criminal Appeals",,,Under Votes,74,3,48,23,0,0
Parker,215,"Presiding Judge, Court of Criminal Appeals",,,Over Votes,0,0,0,0,0,0
Parker,215,"Judge, Court of Criminal Appeals, Place 7",7,REP,Gina Parker,3073,46,2642,358,2,0
Parker,215,"Judge, Court of Criminal Appeals, Place 7",7,DEM,Nancy Mulder,333,17,254,60,1,0
Parker,215,"Judge, Court of Criminal Appeals, Place 7",7,,Under Votes,81,3,53,25,0,0
Parker,215,"Judge, Court of Criminal Appeals, Place 7",7,,Over Votes,0,0,0,0,0,0
Parker,215,"Judge, Court of Criminal Appeals, Place 8",8,REP,Lee Finley,3074,47,2642,359,2,0
Parker,215,"Judge, Court of Criminal Appeals, Place 8",8,DEM,Chika Anyiam,326,16,249,59,1,0
Parker,215,"Judge, Court of Criminal Appeals, Place 8",8,,Under Votes,87,3,58,25,0,0
Parker,215,"Judge, Court of Criminal Appeals, Place 8",8,,Over Votes,0,0,0,0,0,0
Parker,215,"Member, State Board of Education, District 11",11,REP,Brandon Hall,3010,48,2600,351,2,0
Parker,215,"Member, State Board of Education, District 11",11,DEM,Rayna Glasser,332,15,261,55,1,0
Parker,215,"Member, State Board of Education, District 11",11,GRN,Hunter Crow,44,0,33,11,0,0
Parker,215,"Member, State Board of Education, District 11",11,,Under Votes,101,3,55,26,0,0
Parker,215,"Member, State Board of Education, District 11",11,,Over Votes,0,0,0,0,0,0
Parker,215,State Senate,10,REP,Phil King,3071,51,2645,366,2,0
Parker,215,State Senate,10,DEM,Andy Morris,330,14,257,58,1,0
Parker,215,State Senate,10,,Under Votes,86,1,47,19,0,0
Parker,215,State Senate,10,,Over Votes,0,0,0,0,0,0
Parker,215,"State Representative, District 60",60,REP,Mike Olcott,3145,49,2691,400,2,0
Parker,215,"State Representative, District 60",60,,Under Votes,342,17,258,43,1,0
Parker,215,"State Representative, District 60",60,,Over Votes,0,0,0,0,0,0
Parker,215,"Chief Justice, 2nd Court of Appeals District",,REP,Bonnie Sudderth,3135,47,2683,393,2,0
Parker,215,"Chief Justice, 2nd Court of Appeals District",,,Under Votes,352,19,266,50,1,0
Parker,215,"Chief Justice, 2nd Court of Appeals District",,,Over Votes,0,0,0,0,0,0
Parker,215,"Justice, 2nd Court of Appeals District, Place 4",4,REP,Wade Birdwell,3124,47,2675,394,2,0
Parker,215,"Justice, 2nd Court of Appeals District, Place 4",4,,Under Votes,363,19,274,49,1,0
Parker,215,"Justice, 2nd Court of Appeals District, Place 4",4,,Over Votes,0,0,0,0,0,0
Parker,215,"Justice, 2nd Court of Appeals District, Place 5",5,REP,Dabney Bassel,3116,47,2671,391,2,0
Parker,215,"Justice, 2nd Court of Appeals District, Place 5",5,,Under Votes,371,19,278,52,1,0
Parker,215,"Justice, 2nd Court of Appeals District, Place 5",5,,Over Votes,0,0,0,0,0,0
Parker,215,"Justice, 2nd Court of Appeals District, Place 6",6,REP,Mike Wallach,3110,47,2660,394,2,0
Parker,215,"Justice, 2nd Court of Appeals District, Place 6",6,,Under Votes,377,19,289,49,1,0
Parker,215,"Justice, 2nd Court of Appeals District, Place 6",6,,Over Votes,0,0,0,0,0,0
Parker,215,"District Judge, 43rd Judicial District",,REP,S. Craig Towson,3121,46,2679,393,2,0
Parker,215,"District Judge, 43rd Judicial District",,,Under Votes,366,20,270,50,1,0
Parker,215,"District Judge, 43rd Judicial District",,,Over Votes,0,0,0,0,0,0
Parker,215,"District Judge, 415th Judicial District",,REP,Graham Quisenberry,3108,45,2673,387,2,0
Parker,215,"District Judge, 415th Judicial District",,,Under Votes,379,21,276,56,1,0
Parker,215,"District Judge, 415th Judicial District",,,Over Votes,0,0,0,0,0,0
Parker,215,"District Attorney, 43rd Judicial District",,REP,Jeff Swain,3122,46,2683,391,2,0
Parker,215,"District Attorney, 43rd Judicial District",,,Under Votes,365,20,266,52,1,0
Parker,215,"District Attorney, 43rd Judicial District",,,Over Votes,0,0,0,0,0,0
Parker,215,"Judge, County Court-at-Law No. 2",,REP,Lynn Marie Johnson,3110,46,2672,390,2,0
Parker,215,"Judge, County Court-at-Law No. 2",,,Under Votes,377,20,277,53,1,0
Parker,215,"Judge, County Court-at-Law No. 2",,,Over Votes,0,0,0,0,0,0
Parker,215,County Attorney,,REP,John Forrest Jr,3122,46,2683,391,2,0
Parker,215,County Attorney,,,Under Votes,365,20,266,52,1,0
Parker,215,County Attorney,,,Over Votes,0,0,0,0,0,0
Parker,215,Sheriff,,REP,Russ Authier,3106,48,2663,393,2,0
Parker,215,Sheriff,,,Under Votes,381,18,286,50,1,0
Parker,215,Sheriff,,,Over Votes,0,0,0,0,0,0
Parker,215,County Tax Assessor-Collector,,REP,"Jennifer ""Jenny"" Gentry",3117,46,2674,394,2,0
Parker,215,County Tax Assessor-Collector,,,Under Votes,370,20,275,49,1,0
Parker,215,County Tax Assessor-Collector,,,Over Votes,0,0,0,0,0,0
Parker,215,"Constable, Precinct 2",,REP,Joe Harris Jr,3113,44,2677,390,2,0
Parker,215,"Constable, Precinct 2",,,Under Votes,374,22,272,53,1,0
Parker,215,"Constable, Precinct 2",,,Over Votes,0,0,0,0,0,0
Parker,215,"POOLVILLE INDEPENDENT SCHOOL DISTRICT Board of Trustee, Place 4 - Vote for none or one",4,,Doug Gammill,11,0,11,0,0,0
Parker,215,"POOLVILLE INDEPENDENT SCHOOL DISTRICT Board of Trustee, Place 4 - Vote for none or one",4,,Under Votes,2,0,2,0,0,0
Parker,215,"POOLVILLE INDEPENDENT SCHOOL DISTRICT Board of Trustee, Place 4 - Vote for none or one",4,,Over Votes,0,0,0,0,0,0
Parker,215,"POOLVILLE INDEPENDENT SCHOOL DISTRICT Board of Trustee, Place 5 - Vote for none or one",5,,David Mansell,11,0,11,0,0,0
Parker,215,"POOLVILLE INDEPENDENT SCHOOL DISTRICT Board of Trustee, Place 5 - Vote for none or one",5,,Under Votes,2,0,2,0,0,0
Parker,215,"POOLVILLE INDEPENDENT SCHOOL DISTRICT Board of Trustee, Place 5 - Vote for none or one",5,,Over Votes,0,0,0,0,0,0
Parker,215,"POOLVILLE INDEPENDENT SCHOOL DISTRICT Board of Trustee, Place 6 - Vote for none or one",6,,Linda Harris,10,0,10,0,0,0
Parker,215,"POOLVILLE INDEPENDENT SCHOOL DISTRICT Board of Trustee, Place 6 - Vote for none or one",6,,Ben Haecker,2,0,2,0,0,0
Parker,215,"POOLVILLE INDEPENDENT SCHOOL DISTRICT Board of Trustee, Place 6 - Vote for none or one",6,,Under Votes,1,0,1,0,0,0
Parker,215,"POOLVILLE INDEPENDENT SCHOOL DISTRICT Board of Trustee, Place 6 - Vote for none or one",6,,Over Votes,0,0,0,0,0,0
Parker,215,"POOLVILLE INDEPENDENT SCHOOL DISTRICT Board of Trustee, Place 7 - Vote for none or one",7,,Kelli Boyd,5,0,5,0,0,0
Parker,215,"POOLVILLE INDEPENDENT SCHOOL DISTRICT Board of Trustee, Place 7 - Vote for none or one",7,,Misti Johnson,2,0,2,0,0,0
Parker,215,"POOLVILLE INDEPENDENT SCHOOL DISTRICT Board of Trustee, Place 7 - Vote for none or one",7,,Krayton Kirkpatrick,4,0,4,0,0,0
Parker,215,"POOLVILLE INDEPENDENT SCHOOL DISTRICT Board of Trustee, Place 7 - Vote for none or one",7,,Under Votes,2,0,2,0,0,0
Parker,215,"POOLVILLE INDEPENDENT SCHOOL DISTRICT Board of Trustee, Place 7 - Vote for none or one",7,,Over Votes,0,0,0,0,0,0
Parker,215,"GARNER INDEPENDENT SCHOOL DISTRICT School Trustee - Vote for none, one, two, three or four",,,Brandi Horton,73,1,60,11,1,0
Parker,215,"GARNER INDEPENDENT SCHOOL DISTRICT School Trustee - Vote for none, one, two, three or four",,,John Bradberry,57,0,47,10,0,0
Parker,215,"GARNER INDEPENDENT SCHOOL DISTRICT School Trustee - Vote for none, one, two, three or four",,,Sherry Cook,39,1,30,7,1,0
Parker,215,"GARNER INDEPENDENT SCHOOL DISTRICT School Trustee - Vote for none, one, two, three or four",,,Jeremy Lionberger,49,1,40,7,1,0
Parker,215,"GARNER INDEPENDENT SCHOOL DISTRICT School Trustee - Vote for none, one, two, three or four",,,DeeNae Simmons,24,1,21,2,0,0
Parker,215,"GARNER INDEPENDENT SCHOOL DISTRICT School Trustee - Vote for none, one, two, three or four",,,Karen Jackman,29,1,23,4,1,0
Parker,215,"GARNER INDEPENDENT SCHOOL DISTRICT School Trustee - Vote for none, one, two, three or four",,,Under Votes,549,11,435,103,0,0
Parker,215,"GARNER INDEPENDENT SCHOOL DISTRICT School Trustee - Vote for none, one, two, three or four",,,Over Votes,0,0,0,0,0,0
Parker,215,"PARKER COUNTY HOSPITAL DISTRICT Board of Directors, Precinct 2 - Vote for none or one",,,Debbie Barnett,2756,39,2350,359,2,0
Parker,215,"PARKER COUNTY HOSPITAL DISTRICT Board of Directors, Precinct 2 - Vote for none or one",,,Under Votes,731,27,599,84,1,0
Parker,215,"PARKER COUNTY HOSPITAL DISTRICT Board of Directors, Precinct 2 - Vote for none or one",,,Over Votes,0,0,0,0,0,0
Parker,215,PEASTER INDEPENDENT SCHOOL DISTRICT PROPOSITION A - Vote for none or one,,,FOR,1204,25,1020,154,1,0
Parker,215,PEASTER INDEPENDENT SCHOOL DISTRICT PROPOSITION A - Vote for none or one,,,AGAINST,1666,24,1439,201,1,0
Parker,215,PEASTER INDEPENDENT SCHOOL DISTRICT PROPOSITION A - Vote for none or one,,,Under Votes,210,9,154,26,0,0
Parker,215,PEASTER INDEPENDENT SCHOOL DISTRICT PROPOSITION A - Vote for none or one,,,Over Votes,0,0,0,0,0,0
Parker,225,Registered Voters,,,,1812,,,,,
Parker,225,Ballots Cast,,,,1297,,,,,
Parker,225,President,,REP,Donald J. Trump JD Vance,1167,35,779,349,3,0
Parker,225,President,,DEM,Kamala D. Harris Tim Walz,122,8,80,33,0,0
Parker,225,President,,LIB,Chase Oliver Mike ter Maat,3,0,1,2,0,0
Parker,225,President,,GRN,Jill Stein Rudolph Ware,1,0,1,0,0,0
Parker,225,President,,,Cherunda Fox/Harlan McVay,0,0,0,0,0,0
Parker,225,President,,,Claudia De La Cruz/Karina Garcia,0,0,0,0,0,0
Parker,225,President,,,Cornel West/Melina Abdullah,0,0,0,0,0,0
Parker,225,President,,,Jessie Cuellar/Wesley Lasley,0,0,0,0,0,0
Parker,225,President,,,Peter Sonski/Lauren Onak,0,0,0,0,0,0
Parker,225,President,,,Shiva Ayyadurai/Crystal Ellis,0,0,0,0,0,0
Parker,225,President,,,Under Votes,4,0,4,0,0,0
Parker,225,President,,,Over Votes,0,0,0,0,0,0
Parker,225,U.S. Senate,,REP,Ted Cruz,1124,34,759,327,3,0
Parker,225,U.S. Senate,,DEM,Colin Allred,141,8,90,43,0,0
Parker,225,U.S. Senate,,LIB,Ted Brown,23,1,12,10,0,0
Parker,225,U.S. Senate,,,Analisa Roche,0,0,0,0,0,0
Parker,225,U.S. Senate,,,Tracy Andrus,0,0,0,0,0,0
Parker,225,U.S. Senate,,,Under Votes,9,0,4,4,0,0
Parker,225,U.S. Senate,,,Over Votes,0,0,0,0,0,0
Parker,225,U.S. House,12,REP,Craig Goldman,1167,36,783,345,3,0
Parker,225,U.S. House,12,DEM,Trey J. Hunt,112,7,72,33,0,0
Parker,225,U.S. House,12,,Under Votes,18,0,10,6,0,0
Parker,225,U.S. House,12,,Over Votes,0,0,0,0,0,0
Parker,225,Railroad Commissioner,,REP,Christi Craddick,1130,35,755,336,3,0
Parker,225,Railroad Commissioner,,DEM,Katherine Culbert,99,6,61,31,0,0
Parker,225,Railroad Commissioner,,LIB,Hawk Dunlap,35,0,27,8,0,0
Parker,225,Railroad Commissioner,,GRN,Eddie Espinoza,6,0,3,3,0,0
Parker,225,Railroad Commissioner,,,Richard McKibbin,0,0,0,0,0,0
Parker,225,Railroad Commissioner,,,Under Votes,26,1,19,6,0,0
Parker,225,Railroad Commissioner,,,Over Votes,0,0,0,0,0,0
Parker,225,"Justice, Supreme Court, Place 2",2,REP,Jimmy Blacklock,1154,34,774,342,3,0
Parker,225,"Justice, Supreme Court, Place 2",2,DEM,DaSean Jones,113,7,72,34,0,0
Parker,225,"Justice, Supreme Court, Place 2",2,,Under Votes,29,1,19,8,0,0
Parker,225,"Justice, Supreme Court, Place 2",2,,Over Votes,0,0,0,0,0,0
Parker,225,"Justice, Supreme Court, Place 4",4,REP,John Devine,1155,34,776,341,3,0
Parker,225,"Justice, Supreme Court, Place 4",4,DEM,Christine Vinh Weems,117,7,74,36,0,0
Parker,225,"Justice, Supreme Court, Place 4",4,,Under Votes,24,1,15,7,0,0
Parker,225,"Justice, Supreme Court, Place 4",4,,Over Votes,0,0,0,0,0,0
Parker,225,"Justice, Supreme Court, Place 6",6,REP,Jane Bland,1126,34,753,335,3,0
Parker,225,"Justice, Supreme Court, Place 6",6,DEM,Bonnie Lee Goldstein,107,7,69,31,0,0
Parker,225,"Justice, Supreme Court, Place 6",6,LIB,J. David Roberson,32,0,21,11,0,0
Parker,225,"Justice, Supreme Court, Place 6",6,,Under Votes,31,1,22,7,0,0
Parker,225,"Justice, Supreme Court, Place 6",6,,Over Votes,0,0,0,0,0,0
Parker,225,"Presiding Judge, Court of Criminal Appeals",,REP,David J. Schenck,1150,34,771,341,3,0
Parker,225,"Presiding Judge, Court of Criminal Appeals",,DEM,Holly Taylor,116,7,71,37,0,0
Parker,225,"Presiding Judge, Court of Criminal Appeals",,,Under Votes,30,1,23,6,0,0
Parker,225,"Presiding Judge, Court of Criminal Appeals",,,Over Votes,0,0,0,0,0,0
Parker,225,"Judge, Court of Criminal Appeals, Place 7",7,REP,Gina Parker,1154,34,773,343,3,0
Parker,225,"Judge, Court of Criminal Appeals, Place 7",7,DEM,Nancy Mulder,109,7,68,33,0,0
Parker,225,"Judge, Court of Criminal Appeals, Place 7",7,,Under Votes,33,1,24,8,0,0
Parker,225,"Judge, Court of Criminal Appeals, Place 7",7,,Over Votes,0,0,0,0,0,0
Parker,225,"Judge, Court of Criminal Appeals, Place 8",8,REP,Lee Finley,1158,35,773,346,3,0
Parker,225,"Judge, Court of Criminal Appeals, Place 8",8,DEM,Chika Anyiam,107,6,69,31,0,0
Parker,225,"Judge, Court of Criminal Appeals, Place 8",8,,Under Votes,31,1,23,7,0,0
Parker,225,"Judge, Court of Criminal Appeals, Place 8",8,,Over Votes,0,0,0,0,0,0
Parker,225,"Member, State Board of Education, District 11",11,REP,Brandon Hall,1135,33,760,339,3,0
Parker,225,"Member, State Board of Education, District 11",11,DEM,Rayna Glasser,115,7,74,33,0,0
Parker,225,"Member, State Board of Education, District 11",11,GRN,Hunter Crow,18,0,12,6,0,0
Parker,225,"Member, State Board of Education, District 11",11,,Under Votes,28,2,19,6,0,0
Parker,225,"Member, State Board of Education, District 11",11,,Over Votes,0,0,0,0,0,0
Parker,225,State Senate,10,REP,Phil King,1166,35,784,344,3,0
Parker,225,State Senate,10,DEM,Andy Morris,102,6,63,32,0,0
Parker,225,State Senate,10,,Under Votes,28,1,18,8,0,0
Parker,225,State Senate,10,,Over Votes,0,0,0,0,0,0
Parker,225,"State Representative, District 60",60,REP,Mike Olcott,1175,35,784,353,3,0
Parker,225,"State Representative, District 60",60,,Under Votes,121,7,81,31,0,0
Parker,225,"State Representative, District 60",60,,Over Votes,0,0,0,0,0,0
Parker,225,"Chief Justice, 2nd Court of Appeals District",,REP,Bonnie Sudderth,1180,37,785,355,3,0
Parker,225,"Chief Justice, 2nd Court of Appeals District",,,Under Votes,116,5,80,29,0,0
Parker,225,"Chief Justice, 2nd Court of Appeals District",,,Over Votes,0,0,0,0,0,0
Parker,225,"Justice, 2nd Court of Appeals District, Place 4",4,REP,Wade Birdwell,1179,36,786,354,3,0
Parker,225,"Justice, 2nd Court of Appeals District, Place 4",4,,Under Votes,117,6,79,30,0,0
Parker,225,"Justice, 2nd Court of Appeals District, Place 4",4,,Over Votes,0,0,0,0,0,0
Parker,225,"Justice, 2nd Court of Appeals District, Place 5",5,REP,Dabney Bassel,1178,36,786,353,3,0
Parker,225,"Justice, 2nd Court of Appeals District, Place 5",5,,Under Votes,118,6,79,31,0,0
Parker,225,"Justice, 2nd Court of Appeals District, Place 5",5,,Over Votes,0,0,0,0,0,0
Parker,225,"Justice, 2nd Court of Appeals District, Place 6",6,REP,Mike Wallach,1173,36,782,352,3,0
Parker,225,"Justice, 2nd Court of Appeals District, Place 6",6,,Under Votes,123,6,83,32,0,0
Parker,225,"Justice, 2nd Court of Appeals District, Place 6",6,,Over Votes,0,0,0,0,0,0
Parker,225,"District Judge, 43rd Judicial District",,REP,S. Craig Towson,1172,34,779,356,3,0
Parker,225,"District Judge, 43rd Judicial District",,,Under Votes,124,8,86,28,0,0
Parker,225,"District Judge, 43rd Judicial District",,,Over Votes,0,0,0,0,0,0
Parker,225,"District Judge, 415th Judicial District",,REP,Graham Quisenberry,1161,34,773,351,3,0
Parker,225,"District Judge, 415th Judicial District",,,Under Votes,135,8,92,33,0,0
Parker,225,"District Judge, 415th Judicial District",,,Over Votes,0,0,0,0,0,0
Parker,225,"District Attorney, 43rd Judicial District",,REP,Jeff Swain,1169,34,780,352,3,0
Parker,225,"District Attorney, 43rd Judicial District",,,Under Votes,127,8,85,32,0,0
Parker,225,"District Attorney, 43rd Judicial District",,,Over Votes,0,0,0,0,0,0
Parker,225,"Judge, County Court-at-Law No. 2",,REP,Lynn Marie Johnson,1174,33,783,355,3,0
Parker,225,"Judge, County Court-at-Law No. 2",,,Under Votes,122,9,82,29,0,0
Parker,225,"Judge, County Court-at-Law No. 2",,,Over Votes,0,0,0,0,0,0
Parker,225,County Attorney,,REP,John Forrest Jr,1171,34,781,353,3,0
Parker,225,County Attorney,,,Under Votes,125,8,84,31,0,0
Parker,225,County Attorney,,,Over Votes,0,0,0,0,0,0
Parker,225,Sheriff,,REP,Russ Authier,1170,33,778,356,3,0
Parker,225,Sheriff,,,Under Votes,126,9,87,28,0,0
Parker,225,Sheriff,,,Over Votes,0,0,0,0,0,0
Parker,225,County Tax Assessor-Collector,,REP,"Jennifer ""Jenny"" Gentry",1178,34,784,357,3,0
Parker,225,County Tax Assessor-Collector,,,Under Votes,118,8,81,27,0,0
Parker,225,County Tax Assessor-Collector,,,Over Votes,0,0,0,0,0,0
Parker,225,"Constable, Precinct 2",,REP,Joe Harris Jr,1181,33,787,358,3,0
Parker,225,"Constable, Precinct 2",,,Under Votes,115,9,78,26,0,0
Parker,225,"Constable, Precinct 2",,,Over Votes,0,0,0,0,0,0
Parker,225,"GARNER INDEPENDENT SCHOOL DISTRICT School Trustee - Vote for none, one, two, three or four",,,Brandi Horton,297,4,196,97,0,0
Parker,225,"GARNER INDEPENDENT SCHOOL DISTRICT School Trustee - Vote for none, one, two, three or four",,,John Bradberry,249,4,162,83,0,0
Parker,225,"GARNER INDEPENDENT SCHOOL DISTRICT School Trustee - Vote for none, one, two, three or four",,,Sherry Cook,199,4,124,70,1,0
Parker,225,"GARNER INDEPENDENT SCHOOL DISTRICT School Trustee - Vote for none, one, two, three or four",,,Jeremy Lionberger,285,3,184,98,0,0
Parker,225,"GARNER INDEPENDENT SCHOOL DISTRICT School Trustee - Vote for none, one, two, three or four",,,DeeNae Simmons,87,1,57,29,0,0
Parker,225,"GARNER INDEPENDENT SCHOOL DISTRICT School Trustee - Vote for none, one, two, three or four",,,Karen Jackman,145,5,92,47,0,0
Parker,225,"GARNER INDEPENDENT SCHOOL DISTRICT School Trustee - Vote for none, one, two, three or four",,,Under Votes,2106,95,1409,592,3,0
Parker,225,"GARNER INDEPENDENT SCHOOL DISTRICT School Trustee - Vote for none, one, two, three or four",,,Over Votes,1,1,0,0,0,0
Parker,225,"PARKER COUNTY HOSPITAL DISTRICT Board of Directors, Precinct 2 - Vote for none or one",,,Debbie Barnett,1006,24,664,315,3,0
Parker,225,"PARKER COUNTY HOSPITAL DISTRICT Board of Directors, Precinct 2 - Vote for none or one",,,Under Votes,290,18,201,69,0,0
Parker,225,"PARKER COUNTY HOSPITAL DISTRICT Board of Directors, Precinct 2 - Vote for none or one",,,Over Votes,0,0,0,0,0,0
Parker,225,PEASTER INDEPENDENT SCHOOL DISTRICT PROPOSITION A - Vote for none or one,,,FOR,8,0,7,1,0,0
Parker,225,PEASTER INDEPENDENT SCHOOL DISTRICT PROPOSITION A - Vote for none or one,,,AGAINST,9,0,8,1,0,0
Parker,225,PEASTER INDEPENDENT SCHOOL DISTRICT PROPOSITION A - Vote for none or one,,,Under Votes,0,0,0,0,0,0
Parker,225,PEASTER INDEPENDENT SCHOOL DISTRICT PROPOSITION A - Vote for none or one,,,Over Votes,0,0,0,0,0,0
Parker,230,Registered Voters,,,,2077,,,,,
Parker,230,Ballots Cast,,,,1468,,,,,
Parker,230,President,,REP,Donald J. Trump JD Vance,1234,33,968,227,2,0
Parker,230,President,,DEM,Kamala D. Harris Tim Walz,226,13,150,63,0,0
Parker,230,President,,LIB,Chase Oliver Mike ter Maat,6,0,4,2,0,0
Parker,230,President,,GRN,Jill Stein Rudolph Ware,0,0,0,0,0,0
Parker,230,President,,,Cherunda Fox/Harlan McVay,0,0,0,0,0,0
Parker,230,President,,,Claudia De La Cruz/Karina Garcia,0,0,0,0,0,0
Parker,230,President,,,Cornel West/Melina Abdullah,0,0,0,0,0,0
Parker,230,President,,,Jessie Cuellar/Wesley Lasley,0,0,0,0,0,0
Parker,230,President,,,Peter Sonski/Lauren Onak,0,0,0,0,0,0
Parker,230,President,,,Shiva Ayyadurai/Crystal Ellis,0,0,0,0,0,0
Parker,230,President,,,Under Votes,2,1,1,0,0,0
Parker,230,President,,,Over Votes,0,0,0,0,0,0
Parker,230,U.S. Senate,,REP,Ted Cruz,1189,34,935,215,2,0
Parker,230,U.S. Senate,,DEM,Colin Allred,241,13,163,64,0,0
Parker,230,U.S. Senate,,LIB,Ted Brown,32,0,21,11,0,0
Parker,230,U.S. Senate,,,Analisa Roche,0,0,0,0,0,0
Parker,230,U.S. Senate,,,Tracy Andrus,0,0,0,0,0,0
Parker,230,U.S. Senate,,,Under Votes,6,0,4,2,0,0
Parker,230,U.S. Senate,,,Over Votes,0,0,0,0,0,0
Parker,230,U.S. House,12,REP,Craig Goldman,1230,34,966,228,2,0
Parker,230,U.S. House,12,DEM,Trey J. Hunt,215,13,144,58,0,0
Parker,230,U.S. House,12,,Under Votes,23,0,13,6,0,0
Parker,230,U.S. House,12,,Over Votes,0,0,0,0,0,0
Parker,230,Railroad Commissioner,,REP,Christi Craddick,1190,32,937,215,2,0
Parker,230,Railroad Commissioner,,DEM,Katherine Culbert,191,13,130,48,0,0
Parker,230,Railroad Commissioner,,LIB,Hawk Dunlap,47,0,31,16,0,0
Parker,230,Railroad Commissioner,,GRN,Eddie Espinoza,11,0,6,5,0,0
Parker,230,Railroad Commissioner,,,Richard McKibbin,0,0,0,0,0,0
Parker,230,Railroad Commissioner,,,Under Votes,29,2,19,8,0,0
Parker,230,Railroad Commissioner,,,Over Votes,0,0,0,0,0,0
Parker,230,"Justice, Supreme Court, Place 2",2,REP,Jimmy Blacklock,1219,31,957,225,2,0
Parker,230,"Justice, Supreme Court, Place 2",2,DEM,DaSean Jones,215,13,142,60,0,0
Parker,230,"Justice, Supreme Court, Place 2",2,,Under Votes,34,3,24,7,0,0
Parker,230,"Justice, Supreme Court, Place 2",2,,Over Votes,0,0,0,0,0,0
Parker,230,"Justice, Supreme Court, Place 4",4,REP,John Devine,1211,30,949,226,2,0
Parker,230,"Justice, Supreme Court, Place 4",4,DEM,Christine Vinh Weems,216,13,147,56,0,0
Parker,230,"Justice, Supreme Court, Place 4",4,,Under Votes,41,4,27,10,0,0
Parker,230,"Justice, Supreme Court, Place 4",4,,Over Votes,0,0,0,0,0,0
Parker,230,"Justice, Supreme Court, Place 6",6,REP,Jane Bland,1188,32,934,217,2,0
Parker,230,"Justice, Supreme Court, Place 6",6,DEM,Bonnie Lee Goldstein,206,13,140,52,0,0
Parker,230,"Justice, Supreme Court, Place 6",6,LIB,J. David Roberson,39,0,25,14,0,0
Parker,230,"Justice, Supreme Court, Place 6",6,,Under Votes,35,2,24,9,0,0
Parker,230,"Justice, Supreme Court, Place 6",6,,Over Votes,0,0,0,0,0,0
Parker,230,"Presiding Judge, Court of Criminal Appeals",,REP,David J. Schenck,1215,31,950,229,2,0
Parker,230,"Presiding Judge, Court of Criminal Appeals",,DEM,Holly Taylor,210,14,143,52,0,0
Parker,230,"Presiding Judge, Court of Criminal Appeals",,,Under Votes,43,2,30,11,0,0
Parker,230,"Presiding Judge, Court of Criminal Appeals",,,Over Votes,0,0,0,0,0,0
Parker,230,"Judge, Court of Criminal Appeals, Place 7",7,REP,Gina Parker,1218,32,952,228,2,0
Parker,230,"Judge, Court of Criminal Appeals, Place 7",7,DEM,Nancy Mulder,203,13,138,52,0,0
Parker,230,"Judge, Court of Criminal Appeals, Place 7",7,,Under Votes,47,2,33,12,0,0
Parker,230,"Judge, Court of Criminal Appeals, Place 7",7,,Over Votes,0,0,0,0,0,0
Parker,230,"Judge, Court of Criminal Appeals, Place 8",8,REP,Lee Finley,1220,31,952,231,2,0
Parker,230,"Judge, Court of Criminal Appeals, Place 8",8,DEM,Chika Anyiam,201,14,136,51,0,0
Parker,230,"Judge, Court of Criminal Appeals, Place 8",8,,Under Votes,47,2,35,10,0,0
Parker,230,"Judge, Court of Criminal Appeals, Place 8",8,,Over Votes,0,0,0,0,0,0
Parker,230,"Member, State Board of Education, District 11",11,REP,Brandon Hall,1192,32,942,215,2,0
Parker,230,"Member, State Board of Education, District 11",11,DEM,Rayna Glasser,210,13,142,55,0,0
Parker,230,"Member, State Board of Education, District 11",11,GRN,Hunter Crow,27,0,14,13,0,0
Parker,230,"Member, State Board of Education, District 11",11,,Under Votes,39,2,25,9,0,0
Parker,230,"Member, State Board of Education, District 11",11,,Over Votes,0,0,0,0,0,0
Parker,230,State Senate,10,REP,Phil King,1226,32,964,227,2,0
Parker,230,State Senate,10,DEM,Andy Morris,208,13,138,57,0,0
Parker,230,State Senate,10,,Under Votes,34,2,21,8,0,0
Parker,230,State Senate,10,,Over Votes,0,0,0,0,0,0
Parker,230,"State Representative, District 60",60,REP,Mike Olcott,1281,32,992,255,2,0
Parker,230,"State Representative, District 60",60,,Under Votes,187,15,131,37,0,0
Parker,230,"State Representative, District 60",60,,Over Votes,0,0,0,0,0,0
Parker,230,"Chief Justice, 2nd Court of Appeals District",,REP,Bonnie Sudderth,1283,34,996,250,2,0
Parker,230,"Chief Justice, 2nd Court of Appeals District",,,Under Votes,185,13,127,42,0,0
Parker,230,"Chief Justice, 2nd Court of Appeals District",,,Over Votes,0,0,0,0,0,0
Parker,230,"Justice, 2nd Court of Appeals District, Place 4",4,REP,Wade Birdwell,1277,34,990,250,2,0
Parker,230,"Justice, 2nd Court of Appeals District, Place 4",4,,Under Votes,191,13,133,42,0,0
Parker,230,"Justice, 2nd Court of Appeals District, Place 4",4,,Over Votes,0,0,0,0,0,0
Parker,230,"Justice, 2nd Court of Appeals District, Place 5",5,REP,Dabney Bassel,1271,34,984,250,2,0
Parker,230,"Justice, 2nd Court of Appeals District, Place 5",5,,Under Votes,197,13,139,42,0,0
Parker,230,"Justice, 2nd Court of Appeals District, Place 5",5,,Over Votes,0,0,0,0,0,0
Parker,230,"Justice, 2nd Court of Appeals District, Place 6",6,REP,Mike Wallach,1270,34,986,247,2,0
Parker,230,"Justice, 2nd Court of Appeals District, Place 6",6,,Under Votes,198,13,137,45,0,0
Parker,230,"Justice, 2nd Court of Appeals District, Place 6",6,,Over Votes,0,0,0,0,0,0
Parker,230,"District Judge, 43rd Judicial District",,REP,S. Craig Towson,1272,34,990,246,2,0
Parker,230,"District Judge, 43rd Judicial District",,,Under Votes,196,13,133,46,0,0
Parker,230,"District Judge, 43rd Judicial District",,,Over Votes,0,0,0,0,0,0
Parker,230,"District Judge, 415th Judicial District",,REP,Graham Quisenberry,1256,34,980,240,2,0
Parker,230,"District Judge, 415th Judicial District",,,Under Votes,212,13,143,52,0,0
Parker,230,"District Judge, 415th Judicial District",,,Over Votes,0,0,0,0,0,0
Parker,230,"District Attorney, 43rd Judicial District",,REP,Jeff Swain,1273,34,991,246,2,0
Parker,230,"District Attorney, 43rd Judicial District",,,Under Votes,195,13,132,46,0,0
Parker,230,"District Attorney, 43rd Judicial District",,,Over Votes,0,0,0,0,0,0
Parker,230,"Judge, County Court-at-Law No. 2",,REP,Lynn Marie Johnson,1263,34,982,245,2,0
Parker,230,"Judge, County Court-at-Law No. 2",,,Under Votes,205,13,141,47,0,0
Parker,230,"Judge, County Court-at-Law No. 2",,,Over Votes,0,0,0,0,0,0
Parker,230,County Attorney,,REP,John Forrest Jr,1276,32,993,249,2,0
Parker,230,County Attorney,,,Under Votes,192,15,130,43,0,0
Parker,230,County Attorney,,,Over Votes,0,0,0,0,0,0
Parker,230,Sheriff,,REP,Russ Authier,1265,34,983,246,2,0
Parker,230,Sheriff,,,Under Votes,203,13,140,46,0,0
Parker,230,Sheriff,,,Over Votes,0,0,0,0,0,0
Parker,230,County Tax Assessor-Collector,,REP,"Jennifer ""Jenny"" Gentry",1279,34,992,251,2,0
Parker,230,County Tax Assessor-Collector,,,Under Votes,189,13,131,41,0,0
Parker,230,County Tax Assessor-Collector,,,Over Votes,0,0,0,0,0,0
Parker,230,"Constable, Precinct 2",,REP,Joe Harris Jr,1271,34,987,248,2,0
Parker,230,"Constable, Precinct 2",,,Under Votes,197,13,136,44,0,0
Parker,230,"Constable, Precinct 2",,,Over Votes,0,0,0,0,0,0
Parker,230,"PARKER COUNTY HOSPITAL DISTRICT Board of Directors, Precinct 2 - Vote for none or one",,,Debbie Barnett,1151,26,884,240,1,0
Parker,230,"PARKER COUNTY HOSPITAL DISTRICT Board of Directors, Precinct 2 - Vote for none or one",,,Under Votes,317,21,239,52,1,0
Parker,230,"PARKER COUNTY HOSPITAL DISTRICT Board of Directors, Precinct 2 - Vote for none or one",,,Over Votes,0,0,0,0,0,0
Parker,230,PEASTER INDEPENDENT SCHOOL DISTRICT PROPOSITION A - Vote for none or one,,,FOR,6,0,6,0,0,0
Parker,230,PEASTER INDEPENDENT SCHOOL DISTRICT PROPOSITION A - Vote for none or one,,,AGAINST,0,0,0,0,0,0
Parker,230,PEASTER INDEPENDENT SCHOOL DISTRICT PROPOSITION A - Vote for none or one,,,Under Votes,0,0,0,0,0,0
Parker,230,PEASTER INDEPENDENT SCHOOL DISTRICT PROPOSITION A - Vote for none or one,,,Over Votes,0,0,0,0,0,0
Parker,235,Registered Voters,,,,1375,,,,,
Parker,235,Ballots Cast,,,,1011,,,,,
Parker,235,President,,REP,Donald J. Trump JD Vance,873,26,629,212,3,0
Parker,235,President,,DEM,Kamala D. Harris Tim Walz,121,10,80,31,0,0
Parker,235,President,,LIB,Chase Oliver Mike ter Maat,7,0,3,4,0,0
Parker,235,President,,GRN,Jill Stein Rudolph Ware,6,1,2,3,0,0
Parker,235,President,,,Cherunda Fox/Harlan McVay,0,0,0,0,0,0
Parker,235,President,,,Claudia De La Cruz/Karina Garcia,0,0,0,0,0,0
Parker,235,President,,,Cornel West/Melina Abdullah,0,0,0,0,0,0
Parker,235,President,,,Jessie Cuellar/Wesley Lasley,0,0,0,0,0,0
Parker,235,President,,,Peter Sonski/Lauren Onak,0,0,0,0,0,0
Parker,235,President,,,Shiva Ayyadurai/Crystal Ellis,0,0,0,0,0,0
Parker,235,President,,,Under Votes,4,0,3,1,0,0
Parker,235,President,,,Over Votes,0,0,0,0,0,0
Parker,235,U.S. Senate,,REP,Ted Cruz,847,26,617,198,3,0
Parker,235,U.S. Senate,,DEM,Colin Allred,134,9,90,35,0,0
Parker,235,U.S. Senate,,LIB,Ted Brown,26,2,9,15,0,0
Parker,235,U.S. Senate,,,Analisa Roche,0,0,0,0,0,0
Parker,235,U.S. Senate,,,Tracy Andrus,0,0,0,0,0,0
Parker,235,U.S. Senate,,,Under Votes,4,0,1,3,0,0
Parker,235,U.S. Senate,,,Over Votes,0,0,0,0,0,0
Parker,235,U.S. House,12,REP,Craig Goldman,878,24,631,219,3,0
Parker,235,U.S. House,12,DEM,Trey J. Hunt,112,9,75,28,0,0
Parker,235,U.S. House,12,,Under Votes,21,4,11,4,0,0
Parker,235,U.S. House,12,,Over Votes,0,0,0,0,0,0
Parker,235,Railroad Commissioner,,REP,Christi Craddick,846,24,611,206,3,0
Parker,235,Railroad Commissioner,,DEM,Katherine Culbert,96,7,68,21,0,0
Parker,235,Railroad Commissioner,,LIB,Hawk Dunlap,38,2,20,16,0,0
Parker,235,Railroad Commissioner,,GRN,Eddie Espinoza,8,0,4,4,0,0
Parker,235,Railroad Commissioner,,,Richard McKibbin,0,0,0,0,0,0
Parker,235,Railroad Commissioner,,,Under Votes,23,4,14,4,0,0
Parker,235,Railroad Commissioner,,,Over Votes,0,0,0,0,0,0
Parker,235,"Justice, Supreme Court, Place 2",2,REP,Jimmy Blacklock,880,26,631,218,3,0
Parker,235,"Justice, Supreme Court, Place 2",2,DEM,DaSean Jones,112,8,76,28,0,0
Parker,235,"Justice, Supreme Court, Place 2",2,,Under Votes,19,3,10,5,0,0
Parker,235,"Justice, Supreme Court, Place 2",2,,Over Votes,0,0,0,0,0,0
Parker,235,"Justice, Supreme Court, Place 4",4,REP,John Devine,879,25,630,219,3,0
Parker,235,"Justice, Supreme Court, Place 4",4,DEM,Christine Vinh Weems,112,9,75,28,0,0
Parker,235,"Justice, Supreme Court, Place 4",4,,Under Votes,20,3,12,4,0,0
Parker,235,"Justice, Supreme Court, Place 4",4,,Over Votes,0,0,0,0,0,0
Parker,235,"Justice, Supreme Court, Place 6",6,REP,Jane Bland,854,26,615,208,3,0
Parker,235,"Justice, Supreme Court, Place 6",6,DEM,Bonnie Lee Goldstein,106,7,77,22,0,0
Parker,235,"Justice, Supreme Court, Place 6",6,LIB,J. David Roberson,28,1,11,16,0,0
Parker,235,"Justice, Supreme Court, Place 6",6,,Under Votes,23,3,14,5,0,0
Parker,235,"Justice, Supreme Court, Place 6",6,,Over Votes,0,0,0,0,0,0
Parker,235,"Presiding Judge, Court of Criminal Appeals",,REP,David J. Schenck,877,23,632,217,3,0
Parker,235,"Presiding Judge, Court of Criminal Appeals",,DEM,Holly Taylor,110,9,72,29,0,0
Parker,235,"Presiding Judge, Court of Criminal Appeals",,,Under Votes,24,5,13,5,0,0
Parker,235,"Presiding Judge, Court of Criminal Appeals",,,Over Votes,0,0,0,0,0,0
Parker,235,"Judge, Court of Criminal Appeals, Place 7",7,REP,Gina Parker,875,24,628,218,3,0
Parker,235,"Judge, Court of Criminal Appeals, Place 7",7,DEM,Nancy Mulder,112,8,75,29,0,0
Parker,235,"Judge, Court of Criminal Appeals, Place 7",7,,Under Votes,24,5,14,4,0,0
Parker,235,"Judge, Court of Criminal Appeals, Place 7",7,,Over Votes,0,0,0,0,0,0
Parker,235,"Judge, Court of Criminal Appeals, Place 8",8,REP,Lee Finley,885,26,631,223,3,0
Parker,235,"Judge, Court of Criminal Appeals, Place 8",8,DEM,Chika Anyiam,101,8,69,24,0,0
Parker,235,"Judge, Court of Criminal Appeals, Place 8",8,,Under Votes,25,3,17,4,0,0
Parker,235,"Judge, Court of Criminal Appeals, Place 8",8,,Over Votes,0,0,0,0,0,0
Parker,235,"Member, State Board of Education, District 11",11,REP,Brandon Hall,867,25,624,214,3,0
Parker,235,"Member, State Board of Education, District 11",11,DEM,Rayna Glasser,106,7,72,27,0,0
Parker,235,"Member, State Board of Education, District 11",11,GRN,Hunter Crow,13,2,5,6,0,0
Parker,235,"Member, State Board of Education, District 11",11,,Under Votes,25,3,16,4,0,0
Parker,235,"Member, State Board of Education, District 11",11,,Over Votes,0,0,0,0,0,0
Parker,235,State Senate,10,REP,Phil King,884,25,631,224,3,0
Parker,235,State Senate,10,DEM,Andy Morris,107,9,74,24,0,0
Parker,235,State Senate,10,,Under Votes,20,3,12,3,0,0
Parker,235,State Senate,10,,Over Votes,0,0,0,0,0,0
Parker,235,"State Representative, District 60",60,REP,Mike Olcott,919,28,654,233,3,0
Parker,235,"State Representative, District 60",60,,Under Votes,92,9,63,18,0,0
Parker,235,"State Representative, District 60",60,,Over Votes,0,0,0,0,0,0
Parker,235,"Chief Justice, 2nd Court of Appeals District",,REP,Bonnie Sudderth,923,28,655,236,3,0
Parker,235,"Chief Justice, 2nd Court of Appeals District",,,Under Votes,88,9,62,15,0,0
Parker,235,"Chief Justice, 2nd Court of Appeals District",,,Over Votes,0,0,0,0,0,0
Parker,235,"Justice, 2nd Court of Appeals District, Place 4",4,REP,Wade Birdwell,913,27,650,232,3,0
Parker,235,"Justice, 2nd Court of Appeals District, Place 4",4,,Under Votes,98,10,67,19,0,0
Parker,235,"Justice, 2nd Court of Appeals District, Place 4",4,,Over Votes,0,0,0,0,0,0
Parker,235,"Justice, 2nd Court of Appeals District, Place 5",5,REP,Dabney Bassel,911,26,650,231,3,0
Parker,235,"Justice, 2nd Court of Appeals District, Place 5",5,,Under Votes,100,11,67,20,0,0
Parker,235,"Justice, 2nd Court of Appeals District, Place 5",5,,Over Votes,0,0,0,0,0,0
Parker,235,"Justice, 2nd Court of Appeals District, Place 6",6,REP,Mike Wallach,911,26,649,232,3,0
Parker,235,"Justice, 2nd Court of Appeals District, Place 6",6,,Under Votes,100,11,68,19,0,0
Parker,235,"Justice, 2nd Court of Appeals District, Place 6",6,,Over Votes,0,0,0,0,0,0
Parker,235,"District Judge, 43rd Judicial District",,REP,S. Craig Towson,911,28,648,232,3,0
Parker,235,"District Judge, 43rd Judicial District",,,Under Votes,100,9,69,19,0,0
Parker,235,"District Judge, 43rd Judicial District",,,Over Votes,0,0,0,0,0,0
Parker,235,"District Judge, 415th Judicial District",,REP,Graham Quisenberry,894,27,635,229,3,0
Parker,235,"District Judge, 415th Judicial District",,,Under Votes,117,10,82,22,0,0
Parker,235,"District Judge, 415th Judicial District",,,Over Votes,0,0,0,0,0,0
Parker,235,"District Attorney, 43rd Judicial District",,REP,Jeff Swain,907,28,645,231,3,0
Parker,235,"District Attorney, 43rd Judicial District",,,Under Votes,104,9,72,20,0,0
Parker,235,"District Attorney, 43rd Judicial District",,,Over Votes,0,0,0,0,0,0
Parker,235,"Judge, County Court-at-Law No. 2",,REP,Lynn Marie Johnson,902,28,642,229,3,0
Parker,235,"Judge, County Court-at-Law No. 2",,,Under Votes,109,9,75,22,0,0
Parker,235,"Judge, County Court-at-Law No. 2",,,Over Votes,0,0,0,0,0,0
Parker,235,County Attorney,,REP,John Forrest Jr,909,28,646,232,3,0
Parker,235,County Attorney,,,Under Votes,102,9,71,19,0,0
Parker,235,County Attorney,,,Over Votes,0,0,0,0,0,0
Parker,235,Sheriff,,REP,Russ Authier,906,28,642,233,3,0
Parker,235,Sheriff,,,Under Votes,105,9,75,18,0,0
Parker,235,Sheriff,,,Over Votes,0,0,0,0,0,0
Parker,235,County Tax Assessor-Collector,,REP,"Jennifer ""Jenny"" Gentry",908,28,646,231,3,0
Parker,235,County Tax Assessor-Collector,,,Under Votes,103,9,71,20,0,0
Parker,235,County Tax Assessor-Collector,,,Over Votes,0,0,0,0,0,0
Parker,235,"Constable, Precinct 2",,REP,Joe Harris Jr,902,26,645,228,3,0
Parker,235,"Constable, Precinct 2",,,Under Votes,109,11,72,23,0,0
Parker,235,"Constable, Precinct 2",,,Over Votes,0,0,0,0,0,0
Parker,235,"GARNER INDEPENDENT SCHOOL DISTRICT School Trustee - Vote for none, one, two, three or four",,,Brandi Horton,22,0,17,5,0,0
Parker,235,"GARNER INDEPENDENT SCHOOL DISTRICT School Trustee - Vote for none, one, two, three or four",,,John Bradberry,8,0,5,3,0,0
Parker,235,"GARNER INDEPENDENT SCHOOL DISTRICT School Trustee - Vote for none, one, two, three or four",,,Sherry Cook,12,0,8,4,0,0
Parker,235,"GARNER INDEPENDENT SCHOOL DISTRICT School Trustee - Vote for none, one, two, three or four",,,Jeremy Lionberger,9,0,6,2,1,0
Parker,235,"GARNER INDEPENDENT SCHOOL DISTRICT School Trustee - Vote for none, one, two, three or four",,,DeeNae Simmons,7,0,6,1,0,0
Parker,235,"GARNER INDEPENDENT SCHOOL DISTRICT School Trustee - Vote for none, one, two, three or four",,,Karen Jackman,7,0,6,1,0,0
Parker,235,"GARNER INDEPENDENT SCHOOL DISTRICT School Trustee - Vote for none, one, two, three or four",,,Under Votes,179,4,144,28,3,0
Parker,235,"GARNER INDEPENDENT SCHOOL DISTRICT School Trustee - Vote for none, one, two, three or four",,,Over Votes,0,0,0,0,0,0
Parker,235,"PARKER COUNTY HOSPITAL DISTRICT Board of Directors, Precinct 2 - Vote for none or one",,,Debbie Barnett,811,25,576,206,3,0
Parker,235,"PARKER COUNTY HOSPITAL DISTRICT Board of Directors, Precinct 2 - Vote for none or one",,,Under Votes,200,12,141,45,0,0
Parker,235,"PARKER COUNTY HOSPITAL DISTRICT Board of Directors, Precinct 2 - Vote for none or one",,,Over Votes,0,0,0,0,0,0
Parker,235,PEASTER INDEPENDENT SCHOOL DISTRICT PROPOSITION A - Vote for none or one,,,FOR,9,0,7,2,0,0
Parker,235,PEASTER INDEPENDENT SCHOOL DISTRICT PROPOSITION A - Vote for none or one,,,AGAINST,23,0,17,6,0,0
Parker,235,PEASTER INDEPENDENT SCHOOL DISTRICT PROPOSITION A - Vote for none or one,,,Under Votes,1,0,0,0,0,0
Parker,235,PEASTER INDEPENDENT SCHOOL DISTRICT PROPOSITION A - Vote for none or one,,,Over Votes,0,0,0,0,0,0
Parker,255,Registered Voters,,,,2075,,,,,
Parker,255,Ballots Cast,,,,1342,,,,,
Parker,255,President,,REP,Donald J. Trump JD Vance,1056,29,845,177,2,0
Parker,255,President,,DEM,Kamala D. Harris Tim Walz,268,23,179,64,0,0
Parker,255,President,,LIB,Chase Oliver Mike ter Maat,10,0,6,4,0,0
Parker,255,President,,GRN,Jill Stein Rudolph Ware,3,0,2,1,0,0
Parker,255,President,,,Cherunda Fox/Harlan McVay,0,0,0,0,0,0
Parker,255,President,,,Claudia De La Cruz/Karina Garcia,0,0,0,0,0,0
Parker,255,President,,,Cornel West/Melina Abdullah,0,0,0,0,0,0
Parker,255,President,,,Jessie Cuellar/Wesley Lasley,0,0,0,0,0,0
Parker,255,President,,,Peter Sonski/Lauren Onak,1,0,0,1,0,0
Parker,255,President,,,Shiva Ayyadurai/Crystal Ellis,0,0,0,0,0,0
Parker,255,President,,,Under Votes,4,1,3,0,0,0
Parker,255,President,,,Over Votes,0,0,0,0,0,0
Parker,255,U.S. Senate,,REP,Ted Cruz,996,29,813,149,2,0
Parker,255,U.S. Senate,,DEM,Colin Allred,290,21,188,79,0,0
Parker,255,U.S. Senate,,LIB,Ted Brown,40,2,24,14,0,0
Parker,255,U.S. Senate,,,Analisa Roche,1,0,0,1,0,0
Parker,255,U.S. Senate,,,Tracy Andrus,0,0,0,0,0,0
Parker,255,U.S. Senate,,,Under Votes,15,1,10,4,0,0
Parker,255,U.S. Senate,,,Over Votes,0,0,0,0,0,0
Parker,255,U.S. House,12,REP,Craig Goldman,1062,31,858,170,1,0
Parker,255,U.S. House,12,DEM,Trey J. Hunt,249,20,159,70,0,0
Parker,255,U.S. House,12,,Under Votes,31,2,18,7,1,0
Parker,255,U.S. House,12,,Over Votes,0,0,0,0,0,0
Parker,255,Railroad Commissioner,,REP,Christi Craddick,1030,30,827,168,2,0
Parker,255,Railroad Commissioner,,DEM,Katherine Culbert,226,19,153,52,0,0
Parker,255,Railroad Commissioner,,LIB,Hawk Dunlap,39,0,26,13,0,0
Parker,255,Railroad Commissioner,,GRN,Eddie Espinoza,12,0,5,7,0,0
Parker,255,Railroad Commissioner,,,Richard McKibbin,0,0,0,0,0,0
Parker,255,Railroad Commissioner,,,Under Votes,32,1,24,7,0,0
Parker,255,Railroad Commissioner,,,Over Votes,0,0,0,0,0,0
Parker,255,"Justice, Supreme Court, Place 2",2,REP,Jimmy Blacklock,1060,30,849,176,2,0
Parker,255,"Justice, Supreme Court, Place 2",2,DEM,DaSean Jones,243,18,160,63,0,0
Parker,255,"Justice, Supreme Court, Place 2",2,,Under Votes,36,2,26,8,0,0
Parker,255,"Justice, Supreme Court, Place 2",2,,Over Votes,0,0,0,0,0,0
Parker,255,"Justice, Supreme Court, Place 4",4,REP,John Devine,1046,30,837,174,2,0
Parker,255,"Justice, Supreme Court, Place 4",4,DEM,Christine Vinh Weems,250,18,165,65,0,0
Parker,255,"Justice, Supreme Court, Place 4",4,,Under Votes,43,2,33,8,0,0
Parker,255,"Justice, Supreme Court, Place 4",4,,Over Votes,0,0,0,0,0,0
Parker,255,"Justice, Supreme Court, Place 6",6,REP,Jane Bland,1028,30,832,161,2,0
Parker,255,"Justice, Supreme Court, Place 6",6,DEM,Bonnie Lee Goldstein,234,18,152,62,0,0
Parker,255,"Justice, Supreme Court, Place 6",6,LIB,J. David Roberson,35,0,21,14,0,0
Parker,255,"Justice, Supreme Court, Place 6",6,,Under Votes,42,2,30,10,0,0
Parker,255,"Justice, Supreme Court, Place 6",6,,Over Votes,0,0,0,0,0,0
Parker,255,"Presiding Judge, Court of Criminal Appeals",,REP,David J. Schenck,1051,29,845,172,2,0
Parker,255,"Presiding Judge, Court of Criminal Appeals",,DEM,Holly Taylor,247,19,160,66,0,0
Parker,255,"Presiding Judge, Court of Criminal Appeals",,,Under Votes,41,2,30,9,0,0
Parker,255,"Presiding Judge, Court of Criminal Appeals",,,Over Votes,0,0,0,0,0,0
Parker,255,"Judge, Court of Criminal Appeals, Place 7",7,REP,Gina Parker,1059,30,849,175,2,0
Parker,255,"Judge, Court of Criminal Appeals, Place 7",7,DEM,Nancy Mulder,237,18,156,61,0,0
Parker,255,"Judge, Court of Criminal Appeals, Place 7",7,,Under Votes,43,2,30,11,0,0
Parker,255,"Judge, Court of Criminal Appeals, Place 7",7,,Over Votes,0,0,0,0,0,0
Parker,255,"Judge, Court of Criminal Appeals, Place 8",8,REP,Lee Finley,1066,29,855,178,1,0
Parker,255,"Judge, Court of Criminal Appeals, Place 8",8,DEM,Chika Anyiam,227,19,148,58,0,0
Parker,255,"Judge, Court of Criminal Appeals, Place 8",8,,Under Votes,46,2,32,11,1,0
Parker,255,"Judge, Court of Criminal Appeals, Place 8",8,,Over Votes,0,0,0,0,0,0
Parker,255,"Member, State Board of Education, District 11",11,REP,Brandon Hall,1042,29,836,173,2,0
Parker,255,"Member, State Board of Education, District 11",11,DEM,Rayna Glasser,226,19,153,54,0,0
Parker,255,"Member, State Board of Education, District 11",11,GRN,Hunter Crow,28,0,16,12,0,0
Parker,255,"Member, State Board of Education, District 11",11,,Under Votes,43,2,30,8,0,0
Parker,255,"Member, State Board of Education, District 11",11,,Over Votes,0,0,0,0,0,0
Parker,255,State Senate,10,REP,Phil King,1057,31,844,179,2,0
Parker,255,State Senate,10,DEM,Andy Morris,247,18,166,63,0,0
Parker,255,State Senate,10,,Under Votes,35,1,25,5,0,0
Parker,255,State Senate,10,,Over Votes,0,0,0,0,0,0
Parker,255,"State Representative, District 60",60,REP,Mike Olcott,1127,34,886,205,2,0
Parker,255,"State Representative, District 60",60,,Under Votes,212,16,149,42,0,0
Parker,255,"State Representative, District 60",60,,Over Votes,0,0,0,0,0,0
Parker,255,"Chief Justice, 2nd Court of Appeals District",,REP,Bonnie Sudderth,1123,34,880,206,2,0
Parker,255,"Chief Justice, 2nd Court of Appeals District",,,Under Votes,216,16,155,41,0,0
Parker,255,"Chief Justice, 2nd Court of Appeals District",,,Over Votes,0,0,0,0,0,0
Parker,255,"Justice, 2nd Court of Appeals District, Place 4",4,REP,Wade Birdwell,1121,34,882,203,2,0
Parker,255,"Justice, 2nd Court of Appeals District, Place 4",4,,Under Votes,218,16,153,44,0,0
Parker,255,"Justice, 2nd Court of Appeals District, Place 4",4,,Over Votes,0,0,0,0,0,0
Parker,255,"Justice, 2nd Court of Appeals District, Place 5",5,REP,Dabney Bassel,1108,33,872,201,2,0
Parker,255,"Justice, 2nd Court of Appeals District, Place 5",5,,Under Votes,231,17,163,46,0,0
Parker,255,"Justice, 2nd Court of Appeals District, Place 5",5,,Over Votes,0,0,0,0,0,0
Parker,255,"Justice, 2nd Court of Appeals District, Place 6",6,REP,Mike Wallach,1106,33,870,201,2,0
Parker,255,"Justice, 2nd Court of Appeals District, Place 6",6,,Under Votes,233,17,165,46,0,0
Parker,255,"Justice, 2nd Court of Appeals District, Place 6",6,,Over Votes,0,0,0,0,0,0
Parker,255,"District Judge, 43rd Judicial District",,REP,S. Craig Towson,1122,36,882,202,2,0
Parker,255,"District Judge, 43rd Judicial District",,,Under Votes,217,14,153,45,0,0
Parker,255,"District Judge, 43rd Judicial District",,,Over Votes,0,0,0,0,0,0
Parker,255,"District Judge, 415th Judicial District",,REP,Graham Quisenberry,1106,35,871,198,2,0
Parker,255,"District Judge, 415th Judicial District",,,Under Votes,233,15,164,49,0,0
Parker,255,"District Judge, 415th Judicial District",,,Over Votes,0,0,0,0,0,0
Parker,255,"District Attorney, 43rd Judicial District",,REP,Jeff Swain,1118,36,882,198,2,0
Parker,255,"District Attorney, 43rd Judicial District",,,Under Votes,221,14,153,49,0,0
Parker,255,"District Attorney, 43rd Judicial District",,,Over Votes,0,0,0,0,0,0
Parker,255,"Judge, County Court-at-Law No. 2",,REP,Lynn Marie Johnson,1113,35,876,200,2,0
Parker,255,"Judge, County Court-at-Law No. 2",,,Under Votes,226,15,159,47,0,0
Parker,255,"Judge, County Court-at-Law No. 2",,,Over Votes,0,0,0,0,0,0
Parker,255,County Attorney,,REP,John Forrest Jr,1124,36,884,202,2,0
Parker,255,County Attorney,,,Under Votes,215,14,151,45,0,0
Parker,255,County Attorney,,,Over Votes,0,0,0,0,0,0
Parker,255,Sheriff,,REP,Russ Authier,1123,36,884,201,2,0
Parker,255,Sheriff,,,Under Votes,216,14,151,46,0,0
Parker,255,Sheriff,,,Over Votes,0,0,0,0,0,0
Parker,255,County Tax Assessor-Collector,,REP,"Jennifer ""Jenny"" Gentry",1125,36,883,204,2,0
Parker,255,County Tax Assessor-Collector,,,Under Votes,214,14,152,43,0,0
Parker,255,County Tax Assessor-Collector,,,Over Votes,0,0,0,0,0,0
Parker,255,"Constable, Precinct 2",,REP,Joe Harris Jr,1114,35,877,200,2,0
Parker,255,"Constable, Precinct 2",,,Under Votes,225,15,158,47,0,0
Parker,255,"Constable, Precinct 2",,,Over Votes,0,0,0,0,0,0
Parker,255,"PARKER COUNTY HOSPITAL DISTRICT Board of Directors, Precinct 2 - Vote for none or one",,,Debbie Barnett,1074,36,834,202,2,0
Parker,255,"PARKER COUNTY HOSPITAL DISTRICT Board of Directors, Precinct 2 - Vote for none or one",,,Under Votes,265,14,201,45,0,0
Parker,255,"PARKER COUNTY HOSPITAL DISTRICT Board of Directors, Precinct 2 - Vote for none or one",,,Over Votes,0,0,0,0,0,0
Parker,200,Registered Voters,,,,2005,,,,,
Parker,200,Ballots Cast,,,,1136,,,,,
Parker,200,President,,REP,Donald J. Trump JD Vance,893,16,678,191,1,0
Parker,200,President,,DEM,Kamala D. Harris Tim Walz,229,12,143,74,0,0
Parker,200,President,,LIB,Chase Oliver Mike ter Maat,5,0,3,2,0,0
Parker,200,President,,GRN,Jill Stein Rudolph Ware,5,0,3,2,0,0
Parker,200,President,,,Cherunda Fox/Harlan McVay,0,0,0,0,0,0
Parker,200,President,,,Claudia De La Cruz/Karina Garcia,0,0,0,0,0,0
Parker,200,President,,,Cornel West/Melina Abdullah,0,0,0,0,0,0
Parker,200,President,,,Jessie Cuellar/Wesley Lasley,0,0,0,0,0,0
Parker,200,President,,,Peter Sonski/Lauren Onak,0,0,0,0,0,0
Parker,200,President,,,Shiva Ayyadurai/Crystal Ellis,0,0,0,0,0,0
Parker,200,President,,,Under Votes,4,0,3,1,0,0
Parker,200,President,,,Over Votes,0,0,0,0,0,0
Parker,200,U.S. Senate,,REP,Ted Cruz,845,16,651,170,1,0
Parker,200,U.S. Senate,,DEM,Colin Allred,253,12,158,83,0,0
Parker,200,U.S. Senate,,LIB,Ted Brown,32,0,19,13,0,0
Parker,200,U.S. Senate,,,Analisa Roche,0,0,0,0,0,0
Parker,200,U.S. Senate,,,Tracy Andrus,0,0,0,0,0,0
Parker,200,U.S. Senate,,,Under Votes,6,0,2,4,0,0
Parker,200,U.S. Senate,,,Over Votes,0,0,0,0,0,0
Parker,200,U.S. House,12,REP,Craig Goldman,894,16,683,190,1,0
Parker,200,U.S. House,12,DEM,Trey J. Hunt,214,12,135,67,0,0
Parker,200,U.S. House,12,,Under Votes,28,0,12,13,0,0
Parker,200,U.S. House,12,,Over Votes,0,0,0,0,0,0
Parker,200,Railroad Commissioner,,REP,Christi Craddick,859,17,658,176,1,0
Parker,200,Railroad Commissioner,,DEM,Katherine Culbert,187,11,118,58,0,0
Parker,200,Railroad Commissioner,,LIB,Hawk Dunlap,33,0,20,13,0,0
Parker,200,Railroad Commissioner,,GRN,Eddie Espinoza,25,0,14,11,0,0
Parker,200,Railroad Commissioner,,,Richard McKibbin,0,0,0,0,0,0
Parker,200,Railroad Commissioner,,,Under Votes,32,0,20,12,0,0
Parker,200,Railroad Commissioner,,,Over Votes,0,0,0,0,0,0
Parker,200,"Justice, Supreme Court, Place 2",2,REP,Jimmy Blacklock,900,17,684,191,1,0
Parker,200,"Justice, Supreme Court, Place 2",2,DEM,DaSean Jones,210,11,133,66,0,0
Parker,200,"Justice, Supreme Court, Place 2",2,,Under Votes,26,0,13,13,0,0
Parker,200,"Justice, Supreme Court, Place 2",2,,Over Votes,0,0,0,0,0,0
Parker,200,"Justice, Supreme Court, Place 4",4,REP,John Devine,886,16,679,183,1,0
Parker,200,"Justice, Supreme Court, Place 4",4,DEM,Christine Vinh Weems,219,12,135,72,0,0
Parker,200,"Justice, Supreme Court, Place 4",4,,Under Votes,31,0,16,15,0,0
Parker,200,"Justice, Supreme Court, Place 4",4,,Over Votes,0,0,0,0,0,0
Parker,200,"Justice, Supreme Court, Place 6",6,REP,Jane Bland,854,16,654,176,1,0
Parker,200,"Justice, Supreme Court, Place 6",6,DEM,Bonnie Lee Goldstein,198,12,124,62,0,0
Parker,200,"Justice, Supreme Court, Place 6",6,LIB,J. David Roberson,55,0,35,20,0,0
Parker,200,"Justice, Supreme Court, Place 6",6,,Under Votes,29,0,17,12,0,0
Parker,200,"Justice, Supreme Court, Place 6",6,,Over Votes,0,0,0,0,0,0
Parker,200,"Presiding Judge, Court of Criminal Appeals",,REP,David J. Schenck,886,16,677,185,1,0
Parker,200,"Presiding Judge, Court of Criminal Appeals",,DEM,Holly Taylor,219,12,136,71,0,0
Parker,200,"Presiding Judge, Court of Criminal Appeals",,,Under Votes,31,0,17,14,0,0
Parker,200,"Presiding Judge, Court of Criminal Appeals",,,Over Votes,0,0,0,0,0,0
Parker,200,"Judge, Court of Criminal Appeals, Place 7",7,REP,Gina Parker,898,16,683,191,1,0
Parker,200,"Judge, Court of Criminal Appeals, Place 7",7,DEM,Nancy Mulder,211,12,133,66,0,0
Parker,200,"Judge, Court of Criminal Appeals, Place 7",7,,Under Votes,27,0,14,13,0,0
Parker,200,"Judge, Court of Criminal Appeals, Place 7",7,,Over Votes,0,0,0,0,0,0
Parker,200,"Judge, Court of Criminal Appeals, Place 8",8,REP,Lee Finley,899,16,686,190,0,0
Parker,200,"Judge, Court of Criminal Appeals, Place 8",8,DEM,Chika Anyiam,203,12,127,64,0,0
Parker,200,"Judge, Court of Criminal Appeals, Place 8",8,,Under Votes,34,0,17,16,1,0
Parker,200,"Judge, Court of Criminal Appeals, Place 8",8,,Over Votes,0,0,0,0,0,0
Parker,200,"Member, State Board of Education, District 11",11,REP,Brandon Hall,858,16,656,180,1,0
Parker,200,"Member, State Board of Education, District 11",11,DEM,Rayna Glasser,211,12,131,68,0,0
Parker,200,"Member, State Board of Education, District 11",11,GRN,Hunter Crow,29,0,21,8,0,0
Parker,200,"Member, State Board of Education, District 11",11,,Under Votes,38,0,22,14,0,0
Parker,200,"Member, State Board of Education, District 11",11,,Over Votes,0,0,0,0,0,0
Parker,200,State Senate,30,REP,Brent Hagenbuch,883,16,677,187,1,0
Parker,200,State Senate,30,DEM,Dale Frey,212,12,132,68,0,0
Parker,200,State Senate,30,,Under Votes,41,0,21,15,0,0
Parker,200,State Senate,30,,Over Votes,0,0,0,0,0,0
Parker,200,"State Representative, District 60",60,REP,Mike Olcott,967,17,729,218,1,0
Parker,200,"State Representative, District 60",60,,Under Votes,169,11,101,52,0,0
Parker,200,"State Representative, District 60",60,,Over Votes,0,0,0,0,0,0
Parker,200,"Chief Justice, 2nd Court of Appeals District",,REP,Bonnie Sudderth,971,18,730,218,0,0
Parker,200,"Chief Justice, 2nd Court of Appeals District",,,Under Votes,165,10,100,52,1,0
Parker,200,"Chief Justice, 2nd Court of Appeals District",,,Over Votes,0,0,0,0,0,0
Parker,200,"Justice, 2nd Court of Appeals District, Place 4",4,REP,Wade Birdwell,962,16,725,216,1,0
Parker,200,"Justice, 2nd Court of Appeals District, Place 4",4,,Under Votes,174,12,105,54,0,0
Parker,200,"Justice, 2nd Court of Appeals District, Place 4",4,,Over Votes,0,0,0,0,0,0
Parker,200,"Justice, 2nd Court of Appeals District, Place 5",5,REP,Dabney Bassel,955,17,721,214,1,0
Parker,200,"Justice, 2nd Court of Appeals District, Place 5",5,,Under Votes,181,11,109,56,0,0
Parker,200,"Justice, 2nd Court of Appeals District, Place 5",5,,Over Votes,0,0,0,0,0,0
Parker,200,"Justice, 2nd Court of Appeals District, Place 6",6,REP,Mike Wallach,959,17,724,214,1,0
Parker,200,"Justice, 2nd Court of Appeals District, Place 6",6,,Under Votes,177,11,106,56,0,0
Parker,200,"Justice, 2nd Court of Appeals District, Place 6",6,,Over Votes,0,0,0,0,0,0
Parker,200,"District Judge, 43rd Judicial District",,REP,S. Craig Towson,962,17,731,213,1,0
Parker,200,"District Judge, 43rd Judicial District",,,Under Votes,174,11,99,57,0,0
Parker,200,"District Judge, 43rd Judicial District",,,Over Votes,0,0,0,0,0,0
Parker,200,"District Judge, 415th Judicial District",,REP,Graham Quisenberry,950,17,722,211,0,0
Parker,200,"District Judge, 415th Judicial District",,,Under Votes,186,11,108,59,1,0
Parker,200,"District Judge, 415th Judicial District",,,Over Votes,0,0,0,0,0,0
Parker,200,"District Attorney, 43rd Judicial District",,REP,Jeff Swain,955,17,724,213,1,0
Parker,200,"District Attorney, 43rd Judicial District",,,Under Votes,181,11,106,57,0,0
Parker,200,"District Attorney, 43rd Judicial District",,,Over Votes,0,0,0,0,0,0
Parker,200,"Judge, County Court-at-Law No. 2",,REP,Lynn Marie Johnson,961,18,729,213,1,0
Parker,200,"Judge, County Court-at-Law No. 2",,,Under Votes,175,10,101,57,0,0
Parker,200,"Judge, County Court-at-Law No. 2",,,Over Votes,0,0,0,0,0,0
Parker,200,County Attorney,,REP,John Forrest Jr,964,17,734,212,1,0
Parker,200,County Attorney,,,Under Votes,172,11,96,58,0,0
Parker,200,County Attorney,,,Over Votes,0,0,0,0,0,0
Parker,200,Sheriff,,REP,Russ Authier,963,18,729,215,1,0
Parker,200,Sheriff,,,Under Votes,173,10,101,55,0,0
Parker,200,Sheriff,,,Over Votes,0,0,0,0,0,0
Parker,200,County Tax Assessor-Collector,,REP,"Jennifer ""Jenny"" Gentry",963,17,735,210,1,0
Parker,200,County Tax Assessor-Collector,,,Under Votes,173,11,95,60,0,0
Parker,200,County Tax Assessor-Collector,,,Over Votes,0,0,0,0,0,0
Parker,200,"Constable, Precinct 2",,REP,Joe Harris Jr,962,16,732,213,1,0
Parker,200,"Constable, Precinct 2",,,Under Votes,174,12,98,57,0,0
Parker,200,"Constable, Precinct 2",,,Over Votes,0,0,0,0,0,0
Parker,200,"PARKER COUNTY HOSPITAL DISTRICT Board of Directors, Precinct 2 - Vote for none or one",,,Debbie Barnett,927,18,693,215,1,0
Parker,200,"PARKER COUNTY HOSPITAL DISTRICT Board of Directors, Precinct 2 - Vote for none or one",,,Under Votes,209,10,137,55,0,0
Parker,200,"PARKER COUNTY HOSPITAL DISTRICT Board of Directors, Precinct 2 - Vote for none or one",,,Over Votes,0,0,0,0,0,0
Parker,205,Registered Voters,,,,2081,,,,,
Parker,205,Ballots Cast,,,,1256,,,,,
Parker,205,President,,REP,Donald J. Trump JD Vance,974,32,703,231,0,0
Parker,205,President,,DEM,Kamala D. Harris Tim Walz,254,12,160,80,0,0
Parker,205,President,,LIB,Chase Oliver Mike ter Maat,9,1,4,4,0,0
Parker,205,President,,GRN,Jill Stein Rudolph Ware,11,1,6,4,0,0
Parker,205,President,,,Cherunda Fox/Harlan McVay,0,0,0,0,0,0
Parker,205,President,,,Claudia De La Cruz/Karina Garcia,0,0,0,0,0,0
Parker,205,President,,,Cornel West/Melina Abdullah,0,0,0,0,0,0
Parker,205,President,,,Jessie Cuellar/Wesley Lasley,0,0,0,0,0,0
Parker,205,President,,,Peter Sonski/Lauren Onak,1,0,1,0,0,0
Parker,205,President,,,Shiva Ayyadurai/Crystal Ellis,0,0,0,0,0,0
Parker,205,President,,,Under Votes,7,0,5,2,0,0
Parker,205,President,,,Over Votes,0,0,0,0,0,0
Parker,205,U.S. Senate,,REP,Ted Cruz,936,33,682,213,0,0
Parker,205,U.S. Senate,,DEM,Colin Allred,284,12,180,91,0,0
Parker,205,U.S. Senate,,LIB,Ted Brown,31,1,15,14,0,0
Parker,205,U.S. Senate,,,Analisa Roche,0,0,0,0,0,0
Parker,205,U.S. Senate,,,Tracy Andrus,0,0,0,0,0,0
Parker,205,U.S. Senate,,,Under Votes,5,0,2,3,0,0
Parker,205,U.S. Senate,,,Over Votes,0,0,0,0,0,0
Parker,205,U.S. House,12,REP,Craig Goldman,977,31,711,234,0,0
Parker,205,U.S. House,12,DEM,Trey J. Hunt,242,13,148,81,0,0
Parker,205,U.S. House,12,,Under Votes,37,2,20,6,0,0
Parker,205,U.S. House,12,,Over Votes,0,0,0,0,0,0
Parker,205,Railroad Commissioner,,REP,Christi Craddick,932,30,678,216,0,0
Parker,205,Railroad Commissioner,,DEM,Katherine Culbert,216,11,130,75,0,0
Parker,205,Railroad Commissioner,,LIB,Hawk Dunlap,54,3,34,17,0,0
Parker,205,Railroad Commissioner,,GRN,Eddie Espinoza,20,0,14,4,0,0
Parker,205,Railroad Commissioner,,,Richard McKibbin,0,0,0,0,0,0
Parker,205,Railroad Commissioner,,,Under Votes,32,0,23,9,0,0
Parker,205,Railroad Commissioner,,,Over Votes,0,0,0,0,0,0
Parker,205,"Justice, Supreme Court, Place 2",2,REP,Jimmy Blacklock,982,32,713,229,0,0
Parker,205,"Justice, Supreme Court, Place 2",2,DEM,DaSean Jones,246,12,148,84,0,0
Parker,205,"Justice, Supreme Court, Place 2",2,,Under Votes,26,0,18,8,0,0
Parker,205,"Justice, Supreme Court, Place 2",2,,Over Votes,0,0,0,0,0,0
Parker,205,"Justice, Supreme Court, Place 4",4,REP,John Devine,976,32,702,234,0,0
Parker,205,"Justice, Supreme Court, Place 4",4,DEM,Christine Vinh Weems,247,11,156,78,0,0
Parker,205,"Justice, Supreme Court, Place 4",4,,Under Votes,31,1,21,9,0,0
Parker,205,"Justice, Supreme Court, Place 4",4,,Over Votes,0,0,0,0,0,0
Parker,205,"Justice, Supreme Court, Place 6",6,REP,Jane Bland,941,32,681,220,0,0
Parker,205,"Justice, Supreme Court, Place 6",6,DEM,Bonnie Lee Goldstein,222,11,138,72,0,0
Parker,205,"Justice, Supreme Court, Place 6",6,LIB,J. David Roberson,56,1,35,19,0,0
Parker,205,"Justice, Supreme Court, Place 6",6,,Under Votes,35,0,25,10,0,0
Parker,205,"Justice, Supreme Court, Place 6",6,,Over Votes,0,0,0,0,0,0
Parker,205,"Presiding Judge, Court of Criminal Appeals",,REP,David J. Schenck,970,31,703,227,0,0
Parker,205,"Presiding Judge, Court of Criminal Appeals",,DEM,Holly Taylor,251,13,153,84,0,0
Parker,205,"Presiding Judge, Court of Criminal Appeals",,,Under Votes,33,0,23,10,0,0
Parker,205,"Presiding Judge, Court of Criminal Appeals",,,Over Votes,0,0,0,0,0,0
Parker,205,"Judge, Court of Criminal Appeals, Place 7",7,REP,Gina Parker,976,32,706,230,0,0
Parker,205,"Judge, Court of Criminal Appeals, Place 7",7,DEM,Nancy Mulder,242,12,147,81,0,0
Parker,205,"Judge, Court of Criminal Appeals, Place 7",7,,Under Votes,36,0,26,10,0,0
Parker,205,"Judge, Court of Criminal Appeals, Place 7",7,,Over Votes,0,0,0,0,0,0
Parker,205,"Judge, Court of Criminal Appeals, Place 8",8,REP,Lee Finley,981,33,706,234,0,0
Parker,205,"Judge, Court of Criminal Appeals, Place 8",8,DEM,Chika Anyiam,234,11,144,77,0,0
Parker,205,"Judge, Court of Criminal Appeals, Place 8",8,,Under Votes,39,0,29,10,0,0
Parker,205,"Judge, Court of Criminal Appeals, Place 8",8,,Over Votes,0,0,0,0,0,0
Parker,205,"Member, State Board of Education, District 11",11,REP,Brandon Hall,938,30,688,220,0,0
Parker,205,"Member, State Board of Education, District 11",11,DEM,Rayna Glasser,231,13,145,73,0,0
Parker,205,"Member, State Board of Education, District 11",11,GRN,Hunter Crow,45,1,26,18,0,0
Parker,205,"Member, State Board of Education, District 11",11,,Under Votes,40,0,20,10,0,0
Parker,205,"Member, State Board of Education, District 11",11,,Over Votes,0,0,0,0,0,0
Parker,205,State Senate,30,REP,Brent Hagenbuch,959,32,695,232,0,0
Parker,205,State Senate,30,DEM,Dale Frey,253,12,160,81,0,0
Parker,205,State Senate,30,,Under Votes,42,0,24,8,0,0
Parker,205,State Senate,30,,Over Votes,0,0,0,0,0,0
Parker,205,"State Representative, District 60",60,REP,Mike Olcott,1043,35,740,268,0,0
Parker,205,"State Representative, District 60",60,,Under Votes,211,9,139,53,0,0
Parker,205,"State Representative, District 60",60,,Over Votes,0,0,0,0,0,0
Parker,205,"Chief Justice, 2nd Court of Appeals District",,REP,Bonnie Sudderth,1043,35,739,269,0,0
Parker,205,"Chief Justice, 2nd Court of Appeals District",,,Under Votes,211,9,140,52,0,0
Parker,205,"Chief Justice, 2nd Court of Appeals District",,,Over Votes,0,0,0,0,0,0
Parker,205,"Justice, 2nd Court of Appeals District, Place 4",4,REP,Wade Birdwell,1034,34,734,266,0,0
Parker,205,"Justice, 2nd Court of Appeals District, Place 4",4,,Under Votes,220,10,145,55,0,0
Parker,205,"Justice, 2nd Court of Appeals District, Place 4",4,,Over Votes,0,0,0,0,0,0
Parker,205,"Justice, 2nd Court of Appeals District, Place 5",5,REP,Dabney Bassel,1032,35,732,265,0,0
Parker,205,"Justice, 2nd Court of Appeals District, Place 5",5,,Under Votes,222,9,147,56,0,0
Parker,205,"Justice, 2nd Court of Appeals District, Place 5",5,,Over Votes,0,0,0,0,0,0
Parker,205,"Justice, 2nd Court of Appeals District, Place 6",6,REP,Mike Wallach,1030,34,731,265,0,0
Parker,205,"Justice, 2nd Court of Appeals District, Place 6",6,,Under Votes,224,10,148,56,0,0
Parker,205,"Justice, 2nd Court of Appeals District, Place 6",6,,Over Votes,0,0,0,0,0,0
Parker,205,"District Judge, 43rd Judicial District",,REP,S. Craig Towson,1036,34,738,264,0,0
Parker,205,"District Judge, 43rd Judicial District",,,Under Votes,218,10,141,57,0,0
Parker,205,"District Judge, 43rd Judicial District",,,Over Votes,0,0,0,0,0,0
Parker,205,"District Judge, 415th Judicial District",,REP,Graham Quisenberry,1023,33,728,262,0,0
Parker,205,"District Judge, 415th Judicial District",,,Under Votes,231,11,151,59,0,0
Parker,205,"District Judge, 415th Judicial District",,,Over Votes,0,0,0,0,0,0
Parker,205,"District Attorney, 43rd Judicial District",,REP,Jeff Swain,1032,34,732,266,0,0
Parker,205,"District Attorney, 43rd Judicial District",,,Under Votes,222,10,147,55,0,0
Parker,205,"District Attorney, 43rd Judicial District",,,Over Votes,0,0,0,0,0,0
Parker,205,"Judge, County Court-at-Law No. 2",,REP,Lynn Marie Johnson,1030,35,730,265,0,0
Parker,205,"Judge, County Court-at-Law No. 2",,,Under Votes,224,9,149,56,0,0
Parker,205,"Judge, County Court-at-Law No. 2",,,Over Votes,0,0,0,0,0,0
Parker,205,County Attorney,,REP,John Forrest Jr,1040,34,740,266,0,0
Parker,205,County Attorney,,,Under Votes,214,10,139,55,0,0
Parker,205,County Attorney,,,Over Votes,0,0,0,0,0,0
Parker,205,Sheriff,,REP,Russ Authier,1025,34,727,264,0,0
Parker,205,Sheriff,,,Under Votes,229,10,152,57,0,0
Parker,205,Sheriff,,,Over Votes,0,0,0,0,0,0
Parker,205,County Tax Assessor-Collector,,REP,"Jennifer ""Jenny"" Gentry",1042,35,740,267,0,0
Parker,205,County Tax Assessor-Collector,,,Under Votes,212,9,139,54,0,0
Parker,205,County Tax Assessor-Collector,,,Over Votes,0,0,0,0,0,0
Parker,205,"Constable, Precinct 2",,REP,Joe Harris Jr,1037,34,738,265,0,0
Parker,205,"Constable, Precinct 2",,,Under Votes,217,10,141,56,0,0
Parker,205,"Constable, Precinct 2",,,Over Votes,0,0,0,0,0,0
Parker,205,"PARKER COUNTY HOSPITAL DISTRICT Board of Directors, Precinct 2 - Vote for none or one",,,Debbie Barnett,994,34,698,262,0,0
Parker,205,"PARKER COUNTY HOSPITAL DISTRICT Board of Directors, Precinct 2 - Vote for none or one",,,Under Votes,260,10,181,59,0,0
Parker,205,"PARKER COUNTY HOSPITAL DISTRICT Board of Directors, Precinct 2 - Vote for none or one",,,Over Votes,0,0,0,0,0,0
Parker,205,PEASTER INDEPENDENT SCHOOL DISTRICT PROPOSITION A - Vote for none or one,,,FOR,24,2,18,4,0,0
Parker,205,PEASTER INDEPENDENT SCHOOL DISTRICT PROPOSITION A - Vote for none or one,,,AGAINST,46,3,36,7,0,0
Parker,205,PEASTER INDEPENDENT SCHOOL DISTRICT PROPOSITION A - Vote for none or one,,,Under Votes,3,0,0,1,0,0
Parker,205,PEASTER INDEPENDENT SCHOOL DISTRICT PROPOSITION A - Vote for none or one,,,Over Votes,0,0,0,0,0,0
Parker,210,Registered Voters,,,,3258,,,,,
Parker,210,Ballots Cast,,,,2520,,,,,
Parker,210,President,,REP,Donald J. Trump JD Vance,2249,51,1796,390,0,0
Parker,210,President,,DEM,Kamala D. Harris Tim Walz,240,20,167,53,0,0
Parker,210,President,,LIB,Chase Oliver Mike ter Maat,13,0,7,6,0,0
Parker,210,President,,GRN,Jill Stein Rudolph Ware,8,0,6,2,0,0
Parker,210,President,,,Cherunda Fox/Harlan McVay,0,0,0,0,0,0
Parker,210,President,,,Claudia De La Cruz/Karina Garcia,0,0,0,0,0,0
Parker,210,President,,,Cornel West/Melina Abdullah,0,0,0,0,0,0
Parker,210,President,,,Jessie Cuellar/Wesley Lasley,0,0,0,0,0,0
Parker,210,President,,,Peter Sonski/Lauren Onak,0,0,0,0,0,0
Parker,210,President,,,Shiva Ayyadurai/Crystal Ellis,0,0,0,0,0,0
Parker,210,President,,,Under Votes,10,0,10,0,0,0
Parker,210,President,,,Over Votes,0,0,0,0,0,0
Parker,210,U.S. Senate,,REP,Ted Cruz,2190,50,1764,365,0,0
Parker,210,U.S. Senate,,DEM,Colin Allred,268,20,183,65,0,0
Parker,210,U.S. Senate,,LIB,Ted Brown,43,0,25,18,0,0
Parker,210,U.S. Senate,,,Analisa Roche,0,0,0,0,0,0
Parker,210,U.S. Senate,,,Tracy Andrus,0,0,0,0,0,0
Parker,210,U.S. Senate,,,Under Votes,19,1,14,3,0,0
Parker,210,U.S. Senate,,,Over Votes,0,0,0,0,0,0
Parker,210,U.S. House,12,REP,Craig Goldman,2232,51,1795,381,0,0
Parker,210,U.S. House,12,DEM,Trey J. Hunt,238,20,158,60,0,0
Parker,210,U.S. House,12,,Under Votes,50,0,33,10,0,0
Parker,210,U.S. House,12,,Over Votes,0,0,0,0,0,0
Parker,210,Railroad Commissioner,,REP,Christi Craddick,2152,51,1742,350,0,0
Parker,210,Railroad Commissioner,,DEM,Katherine Culbert,218,19,151,48,0,0
Parker,210,Railroad Commissioner,,LIB,Hawk Dunlap,69,0,39,28,0,0
Parker,210,Railroad Commissioner,,GRN,Eddie Espinoza,22,0,12,10,0,0
Parker,210,Railroad Commissioner,,,Richard McKibbin,0,0,0,0,0,0
Parker,210,Railroad Commissioner,,,Under Votes,59,1,42,15,0,0
Parker,210,Railroad Commissioner,,,Over Votes,0,0,0,0,0,0
Parker,210,"Justice, Supreme Court, Place 2",2,REP,Jimmy Blacklock,2236,51,1788,388,0,0
Parker,210,"Justice, Supreme Court, Place 2",2,DEM,DaSean Jones,229,19,157,52,0,0
Parker,210,"Justice, Supreme Court, Place 2",2,,Under Votes,55,1,41,11,0,0
Parker,210,"Justice, Supreme Court, Place 2",2,,Over Votes,0,0,0,0,0,0
Parker,210,"Justice, Supreme Court, Place 4",4,REP,John Devine,2217,51,1775,381,0,0
Parker,210,"Justice, Supreme Court, Place 4",4,DEM,Christine Vinh Weems,242,19,168,55,0,0
Parker,210,"Justice, Supreme Court, Place 4",4,,Under Votes,61,1,43,15,0,0
Parker,210,"Justice, Supreme Court, Place 4",4,,Over Votes,0,0,0,0,0,0
Parker,210,"Justice, Supreme Court, Place 6",6,REP,Jane Bland,2169,51,1749,360,0,0
Parker,210,"Justice, Supreme Court, Place 6",6,DEM,Bonnie Lee Goldstein,223,19,154,50,0,0
Parker,210,"Justice, Supreme Court, Place 6",6,LIB,J. David Roberson,68,0,40,27,0,0
Parker,210,"Justice, Supreme Court, Place 6",6,,Under Votes,60,1,43,14,0,0
Parker,210,"Justice, Supreme Court, Place 6",6,,Over Votes,0,0,0,0,0,0
Parker,210,"Presiding Judge, Court of Criminal Appeals",,REP,David J. Schenck,2217,51,1775,381,0,0
Parker,210,"Presiding Judge, Court of Criminal Appeals",,DEM,Holly Taylor,240,19,166,55,0,0
Parker,210,"Presiding Judge, Court of Criminal Appeals",,,Under Votes,63,1,45,15,0,0
Parker,210,"Presiding Judge, Court of Criminal Appeals",,,Over Votes,0,0,0,0,0,0
Parker,210,"Judge, Court of Criminal Appeals, Place 7",7,REP,Gina Parker,2224,51,1781,384,0,0
Parker,210,"Judge, Court of Criminal Appeals, Place 7",7,DEM,Nancy Mulder,228,19,154,54,0,0
Parker,210,"Judge, Court of Criminal Appeals, Place 7",7,,Under Votes,68,1,51,13,0,0
Parker,210,"Judge, Court of Criminal Appeals, Place 7",7,,Over Votes,0,0,0,0,0,0
Parker,210,"Judge, Court of Criminal Appeals, Place 8",8,REP,Lee Finley,2222,51,1783,379,0,0
Parker,210,"Judge, Court of Criminal Appeals, Place 8",8,DEM,Chika Anyiam,225,19,152,53,0,0
Parker,210,"Judge, Court of Criminal Appeals, Place 8",8,,Under Votes,73,1,51,19,0,0
Parker,210,"Judge, Court of Criminal Appeals, Place 8",8,,Over Votes,0,0,0,0,0,0
Parker,210,"Member, State Board of Education, District 11",11,REP,Brandon Hall,2184,51,1755,374,0,0
Parker,210,"Member, State Board of Education, District 11",11,DEM,Rayna Glasser,232,18,165,49,0,0
Parker,210,"Member, State Board of Education, District 11",11,GRN,Hunter Crow,34,1,20,12,0,0
Parker,210,"Member, State Board of Education, District 11",11,,Under Votes,70,1,46,16,0,0
Parker,210,"Member, State Board of Education, District 11",11,,Over Votes,0,0,0,0,0,0
Parker,210,State Senate,30,REP,Brent Hagenbuch,2214,51,1782,381,0,0
Parker,210,State Senate,30,DEM,Dale Frey,237,18,164,55,0,0
Parker,210,State Senate,30,,Under Votes,69,2,40,15,0,0
Parker,210,State Senate,30,,Over Votes,0,0,0,0,0,0
Parker,210,"State Representative, District 60",60,REP,Mike Olcott,2296,50,1839,407,0,0
Parker,210,"State Representative, District 60",60,,Under Votes,224,21,147,44,0,0
Parker,210,"State Representative, District 60",60,,Over Votes,0,0,0,0,0,0
Parker,210,"Chief Justice, 2nd Court of Appeals District",,REP,Bonnie Sudderth,2292,50,1836,402,0,0
Parker,210,"Chief Justice, 2nd Court of Appeals District",,,Under Votes,228,21,150,49,0,0
Parker,210,"Chief Justice, 2nd Court of Appeals District",,,Over Votes,0,0,0,0,0,0
Parker,210,"Justice, 2nd Court of Appeals District, Place 4",4,REP,Wade Birdwell,2267,50,1816,399,0,0
Parker,210,"Justice, 2nd Court of Appeals District, Place 4",4,,Under Votes,253,21,170,52,0,0
Parker,210,"Justice, 2nd Court of Appeals District, Place 4",4,,Over Votes,0,0,0,0,0,0
Parker,210,"Justice, 2nd Court of Appeals District, Place 5",5,REP,Dabney Bassel,2260,50,1809,398,0,0
Parker,210,"Justice, 2nd Court of Appeals District, Place 5",5,,Under Votes,260,21,177,53,0,0
Parker,210,"Justice, 2nd Court of Appeals District, Place 5",5,,Over Votes,0,0,0,0,0,0
Parker,210,"Justice, 2nd Court of Appeals District, Place 6",6,REP,Mike Wallach,2263,50,1813,398,0,0
Parker,210,"Justice, 2nd Court of Appeals District, Place 6",6,,Under Votes,257,21,173,53,0,0
Parker,210,"Justice, 2nd Court of Appeals District, Place 6",6,,Over Votes,0,0,0,0,0,0
Parker,210,"District Judge, 43rd Judicial District",,REP,S. Craig Towson,2260,49,1812,399,0,0
Parker,210,"District Judge, 43rd Judicial District",,,Under Votes,260,22,174,52,0,0
Parker,210,"District Judge, 43rd Judicial District",,,Over Votes,0,0,0,0,0,0
Parker,210,"District Judge, 415th Judicial District",,REP,Graham Quisenberry,2259,49,1809,401,0,0
Parker,210,"District Judge, 415th Judicial District",,,Under Votes,261,22,177,50,0,0
Parker,210,"District Judge, 415th Judicial District",,,Over Votes,0,0,0,0,0,0
Parker,210,"District Attorney, 43rd Judicial District",,REP,Jeff Swain,2268,49,1818,401,0,0
Parker,210,"District Attorney, 43rd Judicial District",,,Under Votes,252,22,168,50,0,0
Parker,210,"District Attorney, 43rd Judicial District",,,Over Votes,0,0,0,0,0,0
Parker,210,"Judge, County Court-at-Law No. 2",,REP,Lynn Marie Johnson,2253,49,1805,399,0,0
Parker,210,"Judge, County Court-at-Law No. 2",,,Under Votes,267,22,181,52,0,0
Parker,210,"Judge, County Court-at-Law No. 2",,,Over Votes,0,0,0,0,0,0
Parker,210,County Attorney,,REP,John Forrest Jr,2266,50,1820,396,0,0
Parker,210,County Attorney,,,Under Votes,254,21,166,55,0,0
Parker,210,County Attorney,,,Over Votes,0,0,0,0,0,0
Parker,210,Sheriff,,REP,Russ Authier,2251,48,1806,397,0,0
Parker,210,Sheriff,,,Under Votes,269,23,180,54,0,0
Parker,210,Sheriff,,,Over Votes,0,0,0,0,0,0
Parker,210,County Tax Assessor-Collector,,REP,"Jennifer ""Jenny"" Gentry",2273,50,1821,402,0,0
Parker,210,County Tax Assessor-Collector,,,Under Votes,247,21,165,49,0,0
Parker,210,County Tax Assessor-Collector,,,Over Votes,0,0,0,0,0,0
Parker,210,"Constable, Precinct 2",,REP,Joe Harris Jr,2260,49,1818,393,0,0
Parker,210,"Constable, Precinct 2",,,Under Votes,260,22,168,58,0,0
Parker,210,"Constable, Precinct 2",,,Over Votes,0,0,0,0,0,0
Parker,210,"POOLVILLE INDEPENDENT SCHOOL DISTRICT Board of Trustee, Place 4 - Vote for none or one",4,,Doug Gammill,1235,27,947,257,0,0
Parker,210,"POOLVILLE INDEPENDENT SCHOOL DISTRICT Board of Trustee, Place 4 - Vote for none or one",4,,Under Votes,398,21,292,77,0,0
Parker,210,"POOLVILLE INDEPENDENT SCHOOL DISTRICT Board of Trustee, Place 4 - Vote for none or one",4,,Over Votes,0,0,0,0,0,0
Parker,210,"POOLVILLE INDEPENDENT SCHOOL DISTRICT Board of Trustee, Place 5 - Vote for none or one",5,,David Mansell,1202,27,928,244,0,0
Parker,210,"POOLVILLE INDEPENDENT SCHOOL DISTRICT Board of Trustee, Place 5 - Vote for none or one",5,,Under Votes,431,21,311,90,0,0
Parker,210,"POOLVILLE INDEPENDENT SCHOOL DISTRICT Board of Trustee, Place 5 - Vote for none or one",5,,Over Votes,0,0,0,0,0,0
Parker,210,"POOLVILLE INDEPENDENT SCHOOL DISTRICT Board of Trustee, Place 6 - Vote for none or one",6,,Linda Harris,775,18,603,154,0,0
Parker,210,"POOLVILLE INDEPENDENT SCHOOL DISTRICT Board of Trustee, Place 6 - Vote for none or one",6,,Ben Haecker,529,15,393,117,0,0
Parker,210,"POOLVILLE INDEPENDENT SCHOOL DISTRICT Board of Trustee, Place 6 - Vote for none or one",6,,Under Votes,329,15,243,63,0,0
Parker,210,"POOLVILLE INDEPENDENT SCHOOL DISTRICT Board of Trustee, Place 6 - Vote for none or one",6,,Over Votes,0,0,0,0,0,0
Parker,210,"POOLVILLE INDEPENDENT SCHOOL DISTRICT Board of Trustee, Place 7 - Vote for none or one",7,,Kelli Boyd,636,15,493,128,0,0
Parker,210,"POOLVILLE INDEPENDENT SCHOOL DISTRICT Board of Trustee, Place 7 - Vote for none or one",7,,Misti Johnson,218,4,158,56,0,0
Parker,210,"POOLVILLE INDEPENDENT SCHOOL DISTRICT Board of Trustee, Place 7 - Vote for none or one",7,,Krayton Kirkpatrick,424,13,325,80,0,0
Parker,210,"POOLVILLE INDEPENDENT SCHOOL DISTRICT Board of Trustee, Place 7 - Vote for none or one",7,,Under Votes,355,16,263,70,0,0
Parker,210,"POOLVILLE INDEPENDENT SCHOOL DISTRICT Board of Trustee, Place 7 - Vote for none or one",7,,Over Votes,0,0,0,0,0,0
Parker,210,"PARKER COUNTY HOSPITAL DISTRICT Board of Directors, Precinct 2 - Vote for none or one",,,Debbie Barnett,1982,47,1578,354,0,0
Parker,210,"PARKER COUNTY HOSPITAL DISTRICT Board of Directors, Precinct 2 - Vote for none or one",,,Under Votes,538,24,408,97,0,0
Parker,210,"PARKER COUNTY HOSPITAL DISTRICT Board of Directors, Precinct 2 - Vote for none or one",,,Over Votes,0,0,0,0,0,0
Parker,210,PEASTER INDEPENDENT SCHOOL DISTRICT PROPOSITION A - Vote for none or one,,,FOR,264,12,225,27,0,0
Parker,210,PEASTER INDEPENDENT SCHOOL DISTRICT PROPOSITION A - Vote for none or one,,,AGAINST,414,7,350,57,0,0
Parker,210,PEASTER INDEPENDENT SCHOOL DISTRICT PROPOSITION A - Vote for none or one,,,Under Votes,37,1,30,6,0,0
Parker,210,PEASTER INDEPENDENT SCHOOL DISTRICT PROPOSITION A - Vote for none or one,,,Over Votes,0,0,0,0,0,0
Parker,220,Registered Voters,,,,983,,,,,
Parker,220,Ballots Cast,,,,755,,,,,
Parker,220,President,,REP,Donald J. Trump JD Vance,689,3,470,208,1,0
Parker,220,President,,DEM,Kamala D. Harris Tim Walz,56,1,35,20,0,0
Parker,220,President,,LIB,Chase Oliver Mike ter Maat,3,0,3,0,0,0
Parker,220,President,,GRN,Jill Stein Rudolph Ware,1,0,1,0,0,0
Parker,220,President,,,Cherunda Fox/Harlan McVay,0,0,0,0,0,0
Parker,220,President,,,Claudia De La Cruz/Karina Garcia,0,0,0,0,0,0
Parker,220,President,,,Cornel West/Melina Abdullah,0,0,0,0,0,0
Parker,220,President,,,Jessie Cuellar/Wesley Lasley,0,0,0,0,0,0
Parker,220,President,,,Peter Sonski/Lauren Onak,0,0,0,0,0,0
Parker,220,President,,,Shiva Ayyadurai/Crystal Ellis,2,0,0,2,0,0
Parker,220,President,,,Under Votes,4,0,2,2,0,0
Parker,220,President,,,Over Votes,0,0,0,0,0,0
Parker,220,U.S. Senate,,REP,Ted Cruz,682,3,468,203,1,0
Parker,220,U.S. Senate,,DEM,Colin Allred,61,1,35,25,0,0
Parker,220,U.S. Senate,,LIB,Ted Brown,7,0,6,1,0,0
Parker,220,U.S. Senate,,,Analisa Roche,0,0,0,0,0,0
Parker,220,U.S. Senate,,,Tracy Andrus,0,0,0,0,0,0
Parker,220,U.S. Senate,,,Under Votes,5,0,2,3,0,0
Parker,220,U.S. Senate,,,Over Votes,0,0,0,0,0,0
Parker,220,U.S. House,12,REP,Craig Goldman,684,3,470,210,1,0
Parker,220,U.S. House,12,DEM,Trey J. Hunt,54,1,35,18,0,0
Parker,220,U.S. House,12,,Under Votes,17,0,6,4,0,0
Parker,220,U.S. House,12,,Over Votes,0,0,0,0,0,0
Parker,220,Railroad Commissioner,,REP,Christi Craddick,674,3,462,202,1,0
Parker,220,Railroad Commissioner,,DEM,Katherine Culbert,49,1,30,18,0,0
Parker,220,Railroad Commissioner,,LIB,Hawk Dunlap,14,0,8,6,0,0
Parker,220,Railroad Commissioner,,GRN,Eddie Espinoza,4,0,2,2,0,0
Parker,220,Railroad Commissioner,,,Richard McKibbin,0,0,0,0,0,0
Parker,220,Railroad Commissioner,,,Under Votes,14,0,9,4,0,0
Parker,220,Railroad Commissioner,,,Over Votes,0,0,0,0,0,0
Parker,220,"Justice, Supreme Court, Place 2",2,REP,Jimmy Blacklock,687,3,471,206,1,0
Parker,220,"Justice, Supreme Court, Place 2",2,DEM,DaSean Jones,53,1,32,20,0,0
Parker,220,"Justice, Supreme Court, Place 2",2,,Under Votes,15,0,8,6,0,0
Parker,220,"Justice, Supreme Court, Place 2",2,,Over Votes,0,0,0,0,0,0
Parker,220,"Justice, Supreme Court, Place 4",4,REP,John Devine,689,3,471,208,1,0
Parker,220,"Justice, Supreme Court, Place 4",4,DEM,Christine Vinh Weems,50,1,31,18,0,0
Parker,220,"Justice, Supreme Court, Place 4",4,,Under Votes,16,0,9,6,0,0
Parker,220,"Justice, Supreme Court, Place 4",4,,Over Votes,0,0,0,0,0,0
Parker,220,"Justice, Supreme Court, Place 6",6,REP,Jane Bland,683,3,465,208,1,0
Parker,220,"Justice, Supreme Court, Place 6",6,DEM,Bonnie Lee Goldstein,50,1,33,16,0,0
Parker,220,"Justice, Supreme Court, Place 6",6,LIB,J. David Roberson,7,0,5,2,0,0
Parker,220,"Justice, Supreme Court, Place 6",6,,Under Votes,15,0,8,6,0,0
Parker,220,"Justice, Supreme Court, Place 6",6,,Over Votes,0,0,0,0,0,0
Parker,220,"Presiding Judge, Court of Criminal Appeals",,REP,David J. Schenck,682,3,468,204,1,0
Parker,220,"Presiding Judge, Court of Criminal Appeals",,DEM,Holly Taylor,54,1,33,20,0,0
Parker,220,"Presiding Judge, Court of Criminal Appeals",,,Under Votes,19,0,10,8,0,0
Parker,220,"Presiding Judge, Court of Criminal Appeals",,,Over Votes,0,0,0,0,0,0
Parker,220,"Judge, Court of Criminal Appeals, Place 7",7,REP,Gina Parker,683,3,466,207,1,0
Parker,220,"Judge, Court of Criminal Appeals, Place 7",7,DEM,Nancy Mulder,50,1,32,17,0,0
Parker,220,"Judge, Court of Criminal Appeals, Place 7",7,,Under Votes,22,0,13,8,0,0
Parker,220,"Judge, Court of Criminal Appeals, Place 7",7,,Over Votes,0,0,0,0,0,0
Parker,220,"Judge, Court of Criminal Appeals, Place 8",8,REP,Lee Finley,687,3,469,208,1,0
Parker,220,"Judge, Court of Criminal Appeals, Place 8",8,DEM,Chika Anyiam,47,1,32,14,0,0
Parker,220,"Judge, Court of Criminal Appeals, Place 8",8,,Under Votes,21,0,10,10,0,0
Parker,220,"Judge, Court of Criminal Appeals, Place 8",8,,Over Votes,0,0,0,0,0,0
Parker,220,"Member, State Board of Education, District 11",11,REP,Brandon Hall,674,3,470,200,1,0
Parker,220,"Member, State Board of Education, District 11",11,DEM,Rayna Glasser,51,1,32,18,0,0
Parker,220,"Member, State Board of Education, District 11",11,GRN,Hunter Crow,5,0,2,3,0,0
Parker,220,"Member, State Board of Education, District 11",11,,Under Votes,25,0,7,11,0,0
Parker,220,"Member, State Board of Education, District 11",11,,Over Votes,0,0,0,0,0,0
Parker,220,State Senate,30,REP,Brent Hagenbuch,680,3,469,206,1,0
Parker,220,State Senate,30,DEM,Dale Frey,53,1,34,18,0,0
Parker,220,State Senate,30,,Under Votes,22,0,8,8,0,0
Parker,220,State Senate,30,,Over Votes,0,0,0,0,0,0
Parker,220,"State Representative, District 60",60,REP,Mike Olcott,683,3,468,211,1,0
Parker,220,"State Representative, District 60",60,,Under Votes,72,1,43,21,0,0
Parker,220,"State Representative, District 60",60,,Over Votes,0,0,0,0,0,0
Parker,220,"Chief Justice, 2nd Court of Appeals District",,REP,Bonnie Sudderth,687,3,472,211,1,0
Parker,220,"Chief Justice, 2nd Court of Appeals District",,,Under Votes,68,1,39,21,0,0
Parker,220,"Chief Justice, 2nd Court of Appeals District",,,Over Votes,0,0,0,0,0,0
Parker,220,"Justice, 2nd Court of Appeals District, Place 4",4,REP,Wade Birdwell,691,3,475,212,1,0
Parker,220,"Justice, 2nd Court of Appeals District, Place 4",4,,Under Votes,64,1,36,20,0,0
Parker,220,"Justice, 2nd Court of Appeals District, Place 4",4,,Over Votes,0,0,0,0,0,0
Parker,220,"Justice, 2nd Court of Appeals District, Place 5",5,REP,Dabney Bassel,687,3,473,210,1,0
Parker,220,"Justice, 2nd Court of Appeals District, Place 5",5,,Under Votes,68,1,38,22,0,0
Parker,220,"Justice, 2nd Court of Appeals District, Place 5",5,,Over Votes,0,0,0,0,0,0
Parker,220,"Justice, 2nd Court of Appeals District, Place 6",6,REP,Mike Wallach,689,3,474,210,1,0
Parker,220,"Justice, 2nd Court of Appeals District, Place 6",6,,Under Votes,66,1,37,22,0,0
Parker,220,"Justice, 2nd Court of Appeals District, Place 6",6,,Over Votes,0,0,0,0,0,0
Parker,220,"District Judge, 43rd Judicial District",,REP,S. Craig Towson,687,3,476,207,1,0
Parker,220,"District Judge, 43rd Judicial District",,,Under Votes,68,1,35,25,0,0
Parker,220,"District Judge, 43rd Judicial District",,,Over Votes,0,0,0,0,0,0
Parker,220,"District Judge, 415th Judicial District",,REP,Graham Quisenberry,681,2,471,207,1,0
Parker,220,"District Judge, 415th Judicial District",,,Under Votes,74,2,40,25,0,0
Parker,220,"District Judge, 415th Judicial District",,,Over Votes,0,0,0,0,0,0
Parker,220,"District Attorney, 43rd Judicial District",,REP,Jeff Swain,684,3,472,208,1,0
Parker,220,"District Attorney, 43rd Judicial District",,,Under Votes,71,1,39,24,0,0
Parker,220,"District Attorney, 43rd Judicial District",,,Over Votes,0,0,0,0,0,0
Parker,220,"Judge, County Court-at-Law No. 2",,REP,Lynn Marie Johnson,686,3,474,208,1,0
Parker,220,"Judge, County Court-at-Law No. 2",,,Under Votes,69,1,37,24,0,0
Parker,220,"Judge, County Court-at-Law No. 2",,,Over Votes,0,0,0,0,0,0
Parker,220,County Attorney,,REP,John Forrest Jr,688,3,475,209,1,0
Parker,220,County Attorney,,,Under Votes,67,1,36,23,0,0
Parker,220,County Attorney,,,Over Votes,0,0,0,0,0,0
Parker,220,Sheriff,,REP,Russ Authier,684,3,473,207,1,0
Parker,220,Sheriff,,,Under Votes,71,1,38,25,0,0
Parker,220,Sheriff,,,Over Votes,0,0,0,0,0,0
Parker,220,County Tax Assessor-Collector,,REP,"Jennifer ""Jenny"" Gentry",685,3,475,206,1,0
Parker,220,County Tax Assessor-Collector,,,Under Votes,70,1,36,26,0,0
Parker,220,County Tax Assessor-Collector,,,Over Votes,0,0,0,0,0,0
Parker,220,"Constable, Precinct 2",,REP,Joe Harris Jr,680,3,473,203,1,0
Parker,220,"Constable, Precinct 2",,,Under Votes,75,1,38,29,0,0
Parker,220,"Constable, Precinct 2",,,Over Votes,0,0,0,0,0,0
Parker,220,"POOLVILLE INDEPENDENT SCHOOL DISTRICT Board of Trustee, Place 4 - Vote for none or one",4,,Doug Gammill,105,0,82,23,0,0
Parker,220,"POOLVILLE INDEPENDENT SCHOOL DISTRICT Board of Trustee, Place 4 - Vote for none or one",4,,Under Votes,19,1,16,2,0,0
Parker,220,"POOLVILLE INDEPENDENT SCHOOL DISTRICT Board of Trustee, Place 4 - Vote for none or one",4,,Over Votes,0,0,0,0,0,0
Parker,220,"POOLVILLE INDEPENDENT SCHOOL DISTRICT Board of Trustee, Place 5 - Vote for none or one",5,,David Mansell,101,0,77,24,0,0
Parker,220,"POOLVILLE INDEPENDENT SCHOOL DISTRICT Board of Trustee, Place 5 - Vote for none or one",5,,Under Votes,23,1,21,1,0,0
Parker,220,"POOLVILLE INDEPENDENT SCHOOL DISTRICT Board of Trustee, Place 5 - Vote for none or one",5,,Over Votes,0,0,0,0,0,0
Parker,220,"POOLVILLE INDEPENDENT SCHOOL DISTRICT Board of Trustee, Place 6 - Vote for none or one",6,,Linda Harris,49,0,37,12,0,0
Parker,220,"POOLVILLE INDEPENDENT SCHOOL DISTRICT Board of Trustee, Place 6 - Vote for none or one",6,,Ben Haecker,70,1,57,12,0,0
Parker,220,"POOLVILLE INDEPENDENT SCHOOL DISTRICT Board of Trustee, Place 6 - Vote for none or one",6,,Under Votes,5,0,4,1,0,0
Parker,220,"POOLVILLE INDEPENDENT SCHOOL DISTRICT Board of Trustee, Place 6 - Vote for none or one",6,,Over Votes,0,0,0,0,0,0
Parker,220,"POOLVILLE INDEPENDENT SCHOOL DISTRICT Board of Trustee, Place 7 - Vote for none or one",7,,Kelli Boyd,49,0,37,12,0,0
Parker,220,"POOLVILLE INDEPENDENT SCHOOL DISTRICT Board of Trustee, Place 7 - Vote for none or one",7,,Misti Johnson,12,0,9,3,0,0
Parker,220,"POOLVILLE INDEPENDENT SCHOOL DISTRICT Board of Trustee, Place 7 - Vote for none or one",7,,Krayton Kirkpatrick,48,0,40,8,0,0
Parker,220,"POOLVILLE INDEPENDENT SCHOOL DISTRICT Board of Trustee, Place 7 - Vote for none or one",7,,Under Votes,15,1,12,2,0,0
Parker,220,"POOLVILLE INDEPENDENT SCHOOL DISTRICT Board of Trustee, Place 7 - Vote for none or one",7,,Over Votes,0,0,0,0,0,0
Parker,220,"GARNER INDEPENDENT SCHOOL DISTRICT School Trustee - Vote for none, one, two, three or four",,,Brandi Horton,17,0,14,3,0,0
Parker,220,"GARNER INDEPENDENT SCHOOL DISTRICT School Trustee - Vote for none, one, two, three or four",,,John Bradberry,17,0,12,5,0,0
Parker,220,"GARNER INDEPENDENT SCHOOL DISTRICT School Trustee - Vote for none, one, two, three or four",,,Sherry Cook,13,0,7,6,0,0
Parker,220,"GARNER INDEPENDENT SCHOOL DISTRICT School Trustee - Vote for none, one, two, three or four",,,Jeremy Lionberger,14,0,10,4,0,0
Parker,220,"GARNER INDEPENDENT SCHOOL DISTRICT School Trustee - Vote for none, one, two, three or four",,,DeeNae Simmons,9,0,4,5,0,0
Parker,220,"GARNER INDEPENDENT SCHOOL DISTRICT School Trustee - Vote for none, one, two, three or four",,,Karen Jackman,8,0,6,2,0,0
Parker,220,"GARNER INDEPENDENT SCHOOL DISTRICT School Trustee - Vote for none, one, two, three or four",,,Under Votes,142,4,87,39,0,0
Parker,220,"GARNER INDEPENDENT SCHOOL DISTRICT School Trustee - Vote for none, one, two, three or four",,,Over Votes,0,0,0,0,0,0
Parker,220,"PARKER COUNTY HOSPITAL DISTRICT Board of Directors, Precinct 2 - Vote for none or one",,,Debbie Barnett,603,1,415,186,1,0
Parker,220,"PARKER COUNTY HOSPITAL DISTRICT Board of Directors, Precinct 2 - Vote for none or one",,,Under Votes,152,3,96,46,0,0
Parker,220,"PARKER COUNTY HOSPITAL DISTRICT Board of Directors, Precinct 2 - Vote for none or one",,,Over Votes,0,0,0,0,0,0
Parker,220,PEASTER INDEPENDENT SCHOOL DISTRICT PROPOSITION A - Vote for none or one,,,FOR,74,1,70,3,0,0
Parker,220,PEASTER INDEPENDENT SCHOOL DISTRICT PROPOSITION A - Vote for none or one,,,AGAINST,100,0,78,22,0,0
Parker,220,PEASTER INDEPENDENT SCHOOL DISTRICT PROPOSITION A - Vote for none or one,,,Under Votes,12,0,11,1,0,0
Parker,220,PEASTER INDEPENDENT SCHOOL DISTRICT PROPOSITION A - Vote for none or one,,,Over Votes,0,0,0,0,0,0
Parker,240,Registered Voters,,,,2493,,,,,
Parker,240,Ballots Cast,,,,1690,,,,,
Parker,240,President,,REP,Donald J. Trump JD Vance,1481,26,1186,257,1,0
Parker,240,President,,DEM,Kamala D. Harris Tim Walz,192,7,138,47,0,0
Parker,240,President,,LIB,Chase Oliver Mike ter Maat,4,0,1,2,1,0
Parker,240,President,,GRN,Jill Stein Rudolph Ware,4,0,3,1,0,0
Parker,240,President,,,Cherunda Fox/Harlan McVay,0,0,0,0,0,0
Parker,240,President,,,Claudia De La Cruz/Karina Garcia,0,0,0,0,0,0
Parker,240,President,,,Cornel West/Melina Abdullah,0,0,0,0,0,0
Parker,240,President,,,Jessie Cuellar/Wesley Lasley,0,0,0,0,0,0
Parker,240,President,,,Peter Sonski/Lauren Onak,1,0,1,0,0,0
Parker,240,President,,,Shiva Ayyadurai/Crystal Ellis,0,0,0,0,0,0
Parker,240,President,,,Under Votes,8,1,6,0,0,0
Parker,240,President,,,Over Votes,0,0,0,0,0,0
Parker,240,U.S. Senate,,REP,Ted Cruz,1409,25,1142,231,1,0
Parker,240,U.S. Senate,,DEM,Colin Allred,233,7,161,65,0,0
Parker,240,U.S. Senate,,LIB,Ted Brown,35,1,23,9,1,0
Parker,240,U.S. Senate,,,Analisa Roche,1,0,1,0,0,0
Parker,240,U.S. Senate,,,Tracy Andrus,0,0,0,0,0,0
Parker,240,U.S. Senate,,,Under Votes,12,1,8,2,0,0
Parker,240,U.S. Senate,,,Over Votes,0,0,0,0,0,0
Parker,240,U.S. House,12,REP,Craig Goldman,1459,26,1176,253,2,0
Parker,240,U.S. House,12,DEM,Trey J. Hunt,188,8,133,47,0,0
Parker,240,U.S. House,12,,Under Votes,43,0,26,7,0,0
Parker,240,U.S. House,12,,Over Votes,0,0,0,0,0,0
Parker,240,Railroad Commissioner,,REP,Christi Craddick,1414,26,1142,236,1,0
Parker,240,Railroad Commissioner,,DEM,Katherine Culbert,170,7,119,44,0,0
Parker,240,Railroad Commissioner,,LIB,Hawk Dunlap,49,0,32,14,1,0
Parker,240,Railroad Commissioner,,GRN,Eddie Espinoza,17,1,12,4,0,0
Parker,240,Railroad Commissioner,,,Richard McKibbin,0,0,0,0,0,0
Parker,240,Railroad Commissioner,,,Under Votes,40,0,30,9,0,0
Parker,240,Railroad Commissioner,,,Over Votes,0,0,0,0,0,0
Parker,240,"Justice, Supreme Court, Place 2",2,REP,Jimmy Blacklock,1470,26,1177,254,2,0
Parker,240,"Justice, Supreme Court, Place 2",2,DEM,DaSean Jones,184,8,131,45,0,0
Parker,240,"Justice, Supreme Court, Place 2",2,,Under Votes,36,0,27,8,0,0
Parker,240,"Justice, Supreme Court, Place 2",2,,Over Votes,0,0,0,0,0,0
Parker,240,"Justice, Supreme Court, Place 4",4,REP,John Devine,1455,26,1172,245,1,0
Parker,240,"Justice, Supreme Court, Place 4",4,DEM,Christine Vinh Weems,195,8,133,53,1,0
Parker,240,"Justice, Supreme Court, Place 4",4,,Under Votes,40,0,30,9,0,0
Parker,240,"Justice, Supreme Court, Place 4",4,,Over Votes,0,0,0,0,0,0
Parker,240,"Justice, Supreme Court, Place 6",6,REP,Jane Bland,1409,27,1138,234,1,0
Parker,240,"Justice, Supreme Court, Place 6",6,DEM,Bonnie Lee Goldstein,186,7,129,50,0,0
Parker,240,"Justice, Supreme Court, Place 6",6,LIB,J. David Roberson,54,0,37,14,1,0
Parker,240,"Justice, Supreme Court, Place 6",6,,Under Votes,41,0,31,9,0,0
Parker,240,"Justice, Supreme Court, Place 6",6,,Over Votes,0,0,0,0,0,0
Parker,240,"Presiding Judge, Court of Criminal Appeals",,REP,David J. Schenck,1450,26,1169,243,1,0
Parker,240,"Presiding Judge, Court of Criminal Appeals",,DEM,Holly Taylor,197,8,134,54,1,0
Parker,240,"Presiding Judge, Court of Criminal Appeals",,,Under Votes,43,0,32,10,0,0
Parker,240,"Presiding Judge, Court of Criminal Appeals",,,Over Votes,0,0,0,0,0,0
Parker,240,"Judge, Court of Criminal Appeals, Place 7",7,REP,Gina Parker,1465,27,1176,249,2,0
Parker,240,"Judge, Court of Criminal Appeals, Place 7",7,DEM,Nancy Mulder,179,6,125,48,0,0
Parker,240,"Judge, Court of Criminal Appeals, Place 7",7,,Under Votes,46,1,34,10,0,0
Parker,240,"Judge, Court of Criminal Appeals, Place 7",7,,Over Votes,0,0,0,0,0,0
Parker,240,"Judge, Court of Criminal Appeals, Place 8",8,REP,Lee Finley,1467,26,1175,253,2,0
Parker,240,"Judge, Court of Criminal Appeals, Place 8",8,DEM,Chika Anyiam,177,7,127,43,0,0
Parker,240,"Judge, Court of Criminal Appeals, Place 8",8,,Under Votes,46,1,33,11,0,0
Parker,240,"Judge, Court of Criminal Appeals, Place 8",8,,Over Votes,0,0,0,0,0,0
Parker,240,"Member, State Board of Education, District 11",11,REP,Brandon Hall,1414,26,1146,238,1,0
Parker,240,"Member, State Board of Education, District 11",11,DEM,Rayna Glasser,185,7,131,46,1,0
Parker,240,"Member, State Board of Education, District 11",11,GRN,Hunter Crow,38,0,25,13,0,0
Parker,240,"Member, State Board of Education, District 11",11,,Under Votes,53,1,33,10,0,0
Parker,240,"Member, State Board of Education, District 11",11,,Over Votes,0,0,0,0,0,0
Parker,240,State Senate,30,REP,Brent Hagenbuch,1445,25,1166,252,1,0
Parker,240,State Senate,30,DEM,Dale Frey,193,8,139,45,1,0
Parker,240,State Senate,30,,Under Votes,52,1,30,10,0,0
Parker,240,State Senate,30,,Over Votes,0,0,0,0,0,0
Parker,240,"State Representative, District 60",60,REP,Mike Olcott,1521,30,1216,273,2,0
Parker,240,"State Representative, District 60",60,,Under Votes,169,4,119,34,0,0
Parker,240,"State Representative, District 60",60,,Over Votes,0,0,0,0,0,0
Parker,240,"Chief Justice, 2nd Court of Appeals District",,REP,Bonnie Sudderth,1513,32,1205,271,2,0
Parker,240,"Chief Justice, 2nd Court of Appeals District",,,Under Votes,177,2,130,36,0,0
Parker,240,"Chief Justice, 2nd Court of Appeals District",,,Over Votes,0,0,0,0,0,0
Parker,240,"Justice, 2nd Court of Appeals District, Place 4",4,REP,Wade Birdwell,1513,31,1208,269,2,0
Parker,240,"Justice, 2nd Court of Appeals District, Place 4",4,,Under Votes,177,3,127,38,0,0
Parker,240,"Justice, 2nd Court of Appeals District, Place 4",4,,Over Votes,0,0,0,0,0,0
Parker,240,"Justice, 2nd Court of Appeals District, Place 5",5,REP,Dabney Bassel,1507,32,1202,268,2,0
Parker,240,"Justice, 2nd Court of Appeals District, Place 5",5,,Under Votes,183,2,133,39,0,0
Parker,240,"Justice, 2nd Court of Appeals District, Place 5",5,,Over Votes,0,0,0,0,0,0
Parker,240,"Justice, 2nd Court of Appeals District, Place 6",6,REP,Mike Wallach,1507,31,1203,268,2,0
Parker,240,"Justice, 2nd Court of Appeals District, Place 6",6,,Under Votes,183,3,132,39,0,0
Parker,240,"Justice, 2nd Court of Appeals District, Place 6",6,,Over Votes,0,0,0,0,0,0
Parker,240,"District Judge, 43rd Judicial District",,REP,S. Craig Towson,1498,31,1199,266,2,0
Parker,240,"District Judge, 43rd Judicial District",,,Under Votes,192,3,136,41,0,0
Parker,240,"District Judge, 43rd Judicial District",,,Over Votes,0,0,0,0,0,0
Parker,240,"District Judge, 415th Judicial District",,REP,Graham Quisenberry,1494,31,1195,266,2,0
Parker,240,"District Judge, 415th Judicial District",,,Under Votes,196,3,140,41,0,0
Parker,240,"District Judge, 415th Judicial District",,,Over Votes,0,0,0,0,0,0
Parker,240,"District Attorney, 43rd Judicial District",,REP,Jeff Swain,1492,29,1196,265,2,0
Parker,240,"District Attorney, 43rd Judicial District",,,Under Votes,198,5,139,42,0,0
Parker,240,"District Attorney, 43rd Judicial District",,,Over Votes,0,0,0,0,0,0
Parker,240,"Judge, County Court-at-Law No. 2",,REP,Lynn Marie Johnson,1494,31,1196,265,2,0
Parker,240,"Judge, County Court-at-Law No. 2",,,Under Votes,196,3,139,42,0,0
Parker,240,"Judge, County Court-at-Law No. 2",,,Over Votes,0,0,0,0,0,0
Parker,240,County Attorney,,REP,John Forrest Jr,1505,31,1203,269,2,0
Parker,240,County Attorney,,,Under Votes,185,3,132,38,0,0
Parker,240,County Attorney,,,Over Votes,0,0,0,0,0,0
Parker,240,Sheriff,,REP,Russ Authier,1505,31,1203,269,2,0
Parker,240,Sheriff,,,Under Votes,185,3,132,38,0,0
Parker,240,Sheriff,,,Over Votes,0,0,0,0,0,0
Parker,240,County Tax Assessor-Collector,,REP,"Jennifer ""Jenny"" Gentry",1509,31,1205,271,2,0
Parker,240,County Tax Assessor-Collector,,,Under Votes,181,3,130,36,0,0
Parker,240,County Tax Assessor-Collector,,,Over Votes,0,0,0,0,0,0
Parker,240,"Constable, Precinct 2",,REP,Joe Harris Jr,1501,31,1200,268,2,0
Parker,240,"Constable, Precinct 2",,,Under Votes,189,3,135,39,0,0
Parker,240,"Constable, Precinct 2",,,Over Votes,0,0,0,0,0,0
Parker,240,"POOLVILLE INDEPENDENT SCHOOL DISTRICT Board of Trustee, Place 4 - Vote for none or one",4,,Doug Gammill,4,0,4,0,0,0
Parker,240,"POOLVILLE INDEPENDENT SCHOOL DISTRICT Board of Trustee, Place 4 - Vote for none or one",4,,Under Votes,2,0,2,0,0,0
Parker,240,"POOLVILLE INDEPENDENT SCHOOL DISTRICT Board of Trustee, Place 4 - Vote for none or one",4,,Over Votes,0,0,0,0,0,0
Parker,240,"POOLVILLE INDEPENDENT SCHOOL DISTRICT Board of Trustee, Place 5 - Vote for none or one",5,,David Mansell,3,0,3,0,0,0
Parker,240,"POOLVILLE INDEPENDENT SCHOOL DISTRICT Board of Trustee, Place 5 - Vote for none or one",5,,Under Votes,3,0,3,0,0,0
Parker,240,"POOLVILLE INDEPENDENT SCHOOL DISTRICT Board of Trustee, Place 5 - Vote for none or one",5,,Over Votes,0,0,0,0,0,0
Parker,240,"POOLVILLE INDEPENDENT SCHOOL DISTRICT Board of Trustee, Place 6 - Vote for none or one",6,,Linda Harris,6,0,6,0,0,0
Parker,240,"POOLVILLE INDEPENDENT SCHOOL DISTRICT Board of Trustee, Place 6 - Vote for none or one",6,,Ben Haecker,0,0,0,0,0,0
Parker,240,"POOLVILLE INDEPENDENT SCHOOL DISTRICT Board of Trustee, Place 6 - Vote for none or one",6,,Under Votes,0,0,0,0,0,0
Parker,240,"POOLVILLE INDEPENDENT SCHOOL DISTRICT Board of Trustee, Place 6 - Vote for none or one",6,,Over Votes,0,0,0,0,0,0
Parker,240,"POOLVILLE INDEPENDENT SCHOOL DISTRICT Board of Trustee, Place 7 - Vote for none or one",7,,Kelli Boyd,2,0,2,0,0,0
Parker,240,"POOLVILLE INDEPENDENT SCHOOL DISTRICT Board of Trustee, Place 7 - Vote for none or one",7,,Misti Johnson,2,0,2,0,0,0
Parker,240,"POOLVILLE INDEPENDENT SCHOOL DISTRICT Board of Trustee, Place 7 - Vote for none or one",7,,Krayton Kirkpatrick,0,0,0,0,0,0
Parker,240,"POOLVILLE INDEPENDENT SCHOOL DISTRICT Board of Trustee, Place 7 - Vote for none or one",7,,Under Votes,2,0,2,0,0,0
Parker,240,"POOLVILLE INDEPENDENT SCHOOL DISTRICT Board of Trustee, Place 7 - Vote for none or one",7,,Over Votes,0,0,0,0,0,0
Parker,240,"PARKER COUNTY HOSPITAL DISTRICT Board of Directors, Precinct 2 - Vote for none or one",,,Debbie Barnett,1365,24,1081,256,2,0
Parker,240,"PARKER COUNTY HOSPITAL DISTRICT Board of Directors, Precinct 2 - Vote for none or one",,,Under Votes,325,10,254,51,0,0
Parker,240,"PARKER COUNTY HOSPITAL DISTRICT Board of Directors, Precinct 2 - Vote for none or one",,,Over Votes,0,0,0,0,0,0
Parker,245,Registered Voters,,,,1594,,,,,
Parker,245,Ballots Cast,,,,1072,,,,,
Parker,245,President,,REP,Donald J. Trump JD Vance,920,17,766,134,0,0
Parker,245,President,,DEM,Kamala D. Harris Tim Walz,148,15,97,36,0,0
Parker,245,President,,LIB,Chase Oliver Mike ter Maat,0,0,0,0,0,0
Parker,245,President,,GRN,Jill Stein Rudolph Ware,1,0,1,0,0,0
Parker,245,President,,,Cherunda Fox/Harlan McVay,0,0,0,0,0,0
Parker,245,President,,,Claudia De La Cruz/Karina Garcia,0,0,0,0,0,0
Parker,245,President,,,Cornel West/Melina Abdullah,1,0,1,0,0,0
Parker,245,President,,,Jessie Cuellar/Wesley Lasley,0,0,0,0,0,0
Parker,245,President,,,Peter Sonski/Lauren Onak,0,0,0,0,0,0
Parker,245,President,,,Shiva Ayyadurai/Crystal Ellis,0,0,0,0,0,0
Parker,245,President,,,Under Votes,2,0,2,0,0,0
Parker,245,President,,,Over Votes,0,0,0,0,0,0
Parker,245,U.S. Senate,,REP,Ted Cruz,894,17,749,125,0,0
Parker,245,U.S. Senate,,DEM,Colin Allred,158,15,104,39,0,0
Parker,245,U.S. Senate,,LIB,Ted Brown,16,0,10,6,0,0
Parker,245,U.S. Senate,,,Analisa Roche,0,0,0,0,0,0
Parker,245,U.S. Senate,,,Tracy Andrus,0,0,0,0,0,0
Parker,245,U.S. Senate,,,Under Votes,4,0,4,0,0,0
Parker,245,U.S. Senate,,,Over Votes,0,0,0,0,0,0
Parker,245,U.S. House,12,REP,Craig Goldman,919,17,769,131,0,0
Parker,245,U.S. House,12,DEM,Trey J. Hunt,140,15,89,36,0,0
Parker,245,U.S. House,12,,Under Votes,13,0,9,3,0,0
Parker,245,U.S. House,12,,Over Votes,0,0,0,0,0,0
Parker,245,Railroad Commissioner,,REP,Christi Craddick,886,17,743,123,0,0
Parker,245,Railroad Commissioner,,DEM,Katherine Culbert,131,15,87,29,0,0
Parker,245,Railroad Commissioner,,LIB,Hawk Dunlap,23,0,16,7,0,0
Parker,245,Railroad Commissioner,,GRN,Eddie Espinoza,10,0,3,7,0,0
Parker,245,Railroad Commissioner,,,Richard McKibbin,0,0,0,0,0,0
Parker,245,Railroad Commissioner,,,Under Votes,22,0,18,4,0,0
Parker,245,Railroad Commissioner,,,Over Votes,0,0,0,0,0,0
Parker,245,"Justice, Supreme Court, Place 2",2,REP,Jimmy Blacklock,920,17,768,132,0,0
Parker,245,"Justice, Supreme Court, Place 2",2,DEM,DaSean Jones,133,15,84,34,0,0
Parker,245,"Justice, Supreme Court, Place 2",2,,Under Votes,19,0,15,4,0,0
Parker,245,"Justice, Supreme Court, Place 2",2,,Over Votes,0,0,0,0,0,0
Parker,245,"Justice, Supreme Court, Place 4",4,REP,John Devine,911,17,762,129,0,0
Parker,245,"Justice, Supreme Court, Place 4",4,DEM,Christine Vinh Weems,139,15,88,36,0,0
Parker,245,"Justice, Supreme Court, Place 4",4,,Under Votes,22,0,17,5,0,0
Parker,245,"Justice, Supreme Court, Place 4",4,,Over Votes,0,0,0,0,0,0
Parker,245,"Justice, Supreme Court, Place 6",6,REP,Jane Bland,897,17,751,126,0,0
Parker,245,"Justice, Supreme Court, Place 6",6,DEM,Bonnie Lee Goldstein,130,15,83,32,0,0
Parker,245,"Justice, Supreme Court, Place 6",6,LIB,J. David Roberson,23,0,13,10,0,0
Parker,245,"Justice, Supreme Court, Place 6",6,,Under Votes,22,0,20,2,0,0
Parker,245,"Justice, Supreme Court, Place 6",6,,Over Votes,0,0,0,0,0,0
Parker,245,"Presiding Judge, Court of Criminal Appeals",,REP,David J. Schenck,912,17,761,131,0,0
Parker,245,"Presiding Judge, Court of Criminal Appeals",,DEM,Holly Taylor,138,15,88,35,0,0
Parker,245,"Presiding Judge, Court of Criminal Appeals",,,Under Votes,22,0,18,4,0,0
Parker,245,"Presiding Judge, Court of Criminal Appeals",,,Over Votes,0,0,0,0,0,0
Parker,245,"Judge, Court of Criminal Appeals, Place 7",7,REP,Gina Parker,913,17,758,135,0,0
Parker,245,"Judge, Court of Criminal Appeals, Place 7",7,DEM,Nancy Mulder,140,15,93,32,0,0
Parker,245,"Judge, Court of Criminal Appeals, Place 7",7,,Under Votes,19,0,16,3,0,0
Parker,245,"Judge, Court of Criminal Appeals, Place 7",7,,Over Votes,0,0,0,0,0,0
Parker,245,"Judge, Court of Criminal Appeals, Place 8",8,REP,Lee Finley,917,17,762,135,0,0
Parker,245,"Judge, Court of Criminal Appeals, Place 8",8,DEM,Chika Anyiam,129,15,81,33,0,0
Parker,245,"Judge, Court of Criminal Appeals, Place 8",8,,Under Votes,26,0,24,2,0,0
Parker,245,"Judge, Court of Criminal Appeals, Place 8",8,,Over Votes,0,0,0,0,0,0
Parker,245,"Member, State Board of Education, District 11",11,REP,Brandon Hall,897,17,748,130,0,0
Parker,245,"Member, State Board of Education, District 11",11,DEM,Rayna Glasser,129,15,86,28,0,0
Parker,245,"Member, State Board of Education, District 11",11,GRN,Hunter Crow,22,0,12,10,0,0
Parker,245,"Member, State Board of Education, District 11",11,,Under Votes,24,0,21,2,0,0
Parker,245,"Member, State Board of Education, District 11",11,,Over Votes,0,0,0,0,0,0
Parker,245,State Senate,30,REP,Brent Hagenbuch,917,17,763,136,0,0
Parker,245,State Senate,30,DEM,Dale Frey,133,15,86,32,0,0
Parker,245,State Senate,30,,Under Votes,22,0,18,2,0,0
Parker,245,State Senate,30,,Over Votes,0,0,0,0,0,0
Parker,245,"State Representative, District 60",60,REP,Mike Olcott,951,20,777,154,0,0
Parker,245,"State Representative, District 60",60,,Under Votes,121,12,90,16,0,0
Parker,245,"State Representative, District 60",60,,Over Votes,0,0,0,0,0,0
Parker,245,"Chief Justice, 2nd Court of Appeals District",,REP,Bonnie Sudderth,955,20,781,153,0,0
Parker,245,"Chief Justice, 2nd Court of Appeals District",,,Under Votes,117,12,86,17,0,0
Parker,245,"Chief Justice, 2nd Court of Appeals District",,,Over Votes,0,0,0,0,0,0
Parker,245,"Justice, 2nd Court of Appeals District, Place 4",4,REP,Wade Birdwell,953,20,781,151,0,0
Parker,245,"Justice, 2nd Court of Appeals District, Place 4",4,,Under Votes,119,12,86,19,0,0
Parker,245,"Justice, 2nd Court of Appeals District, Place 4",4,,Over Votes,0,0,0,0,0,0
Parker,245,"Justice, 2nd Court of Appeals District, Place 5",5,REP,Dabney Bassel,946,20,776,150,0,0
Parker,245,"Justice, 2nd Court of Appeals District, Place 5",5,,Under Votes,126,12,91,20,0,0
Parker,245,"Justice, 2nd Court of Appeals District, Place 5",5,,Over Votes,0,0,0,0,0,0
Parker,245,"Justice, 2nd Court of Appeals District, Place 6",6,REP,Mike Wallach,948,20,778,150,0,0
Parker,245,"Justice, 2nd Court of Appeals District, Place 6",6,,Under Votes,124,12,89,20,0,0
Parker,245,"Justice, 2nd Court of Appeals District, Place 6",6,,Over Votes,0,0,0,0,0,0
Parker,245,"District Judge, 43rd Judicial District",,REP,S. Craig Towson,953,22,782,149,0,0
Parker,245,"District Judge, 43rd Judicial District",,,Under Votes,119,10,85,21,0,0
Parker,245,"District Judge, 43rd Judicial District",,,Over Votes,0,0,0,0,0,0
Parker,245,"District Judge, 415th Judicial District",,REP,Graham Quisenberry,941,21,773,147,0,0
Parker,245,"District Judge, 415th Judicial District",,,Under Votes,131,11,94,23,0,0
Parker,245,"District Judge, 415th Judicial District",,,Over Votes,0,0,0,0,0,0
Parker,245,"District Attorney, 43rd Judicial District",,REP,Jeff Swain,949,21,779,149,0,0
Parker,245,"District Attorney, 43rd Judicial District",,,Under Votes,123,11,88,21,0,0
Parker,245,"District Attorney, 43rd Judicial District",,,Over Votes,0,0,0,0,0,0
Parker,245,"Judge, County Court-at-Law No. 2",,REP,Lynn Marie Johnson,942,21,774,147,0,0
Parker,245,"Judge, County Court-at-Law No. 2",,,Under Votes,130,11,93,23,0,0
Parker,245,"Judge, County Court-at-Law No. 2",,,Over Votes,0,0,0,0,0,0
Parker,245,County Attorney,,REP,John Forrest Jr,950,22,778,150,0,0
Parker,245,County Attorney,,,Under Votes,122,10,89,20,0,0
Parker,245,County Attorney,,,Over Votes,0,0,0,0,0,0
Parker,245,Sheriff,,REP,Russ Authier,951,20,782,149,0,0
Parker,245,Sheriff,,,Under Votes,121,12,85,21,0,0
Parker,245,Sheriff,,,Over Votes,0,0,0,0,0,0
Parker,245,County Tax Assessor-Collector,,REP,"Jennifer ""Jenny"" Gentry",960,24,786,150,0,0
Parker,245,County Tax Assessor-Collector,,,Under Votes,112,8,81,20,0,0
Parker,245,County Tax Assessor-Collector,,,Over Votes,0,0,0,0,0,0
Parker,245,"Constable, Precinct 2",,REP,Joe Harris Jr,944,22,773,149,0,0
Parker,245,"Constable, Precinct 2",,,Under Votes,128,10,94,21,0,0
Parker,245,"Constable, Precinct 2",,,Over Votes,0,0,0,0,0,0
Parker,245,"PARKER COUNTY HOSPITAL DISTRICT Board of Directors, Precinct 2 - Vote for none or one",,,Debbie Barnett,855,17,695,142,0,0
Parker,245,"PARKER COUNTY HOSPITAL DISTRICT Board of Directors, Precinct 2 - Vote for none or one",,,Under Votes,217,15,172,28,0,0
Parker,245,"PARKER COUNTY HOSPITAL DISTRICT Board of Directors, Precinct 2 - Vote for none or one",,,Over Votes,0,0,0,0,0,0
Parker,250,Registered Voters,,,,1587,,,,,
Parker,250,Ballots Cast,,,,1162,,,,,
Parker,250,President,,REP,Donald J. Trump JD Vance,969,22,845,99,0,0
Parker,250,President,,DEM,Kamala D. Harris Tim Walz,167,22,126,18,0,0
Parker,250,President,,LIB,Chase Oliver Mike ter Maat,17,0,14,3,0,0
Parker,250,President,,GRN,Jill Stein Rudolph Ware,3,0,3,0,0,0
Parker,250,President,,,Cherunda Fox/Harlan McVay,0,0,0,0,0,0
Parker,250,President,,,Claudia De La Cruz/Karina Garcia,0,0,0,0,0,0
Parker,250,President,,,Cornel West/Melina Abdullah,0,0,0,0,0,0
Parker,250,President,,,Jessie Cuellar/Wesley Lasley,0,0,0,0,0,0
Parker,250,President,,,Peter Sonski/Lauren Onak,0,0,0,0,0,0
Parker,250,President,,,Shiva Ayyadurai/Crystal Ellis,0,0,0,0,0,0
Parker,250,President,,,Under Votes,6,0,5,1,0,0
Parker,250,President,,,Over Votes,0,0,0,0,0,0
Parker,250,U.S. Senate,,REP,Ted Cruz,929,22,819,86,0,0
Parker,250,U.S. Senate,,DEM,Colin Allred,192,22,148,20,0,0
Parker,250,U.S. Senate,,LIB,Ted Brown,33,0,20,13,0,0
Parker,250,U.S. Senate,,,Analisa Roche,0,0,0,0,0,0
Parker,250,U.S. Senate,,,Tracy Andrus,0,0,0,0,0,0
Parker,250,U.S. Senate,,,Under Votes,8,0,6,2,0,0
Parker,250,U.S. Senate,,,Over Votes,0,0,0,0,0,0
Parker,250,U.S. House,12,REP,Craig Goldman,982,24,859,99,0,0
Parker,250,U.S. House,12,DEM,Trey J. Hunt,156,20,118,18,0,0
Parker,250,U.S. House,12,,Under Votes,24,0,16,4,0,0
Parker,250,U.S. House,12,,Over Votes,0,0,0,0,0,0
Parker,250,Railroad Commissioner,,REP,Christi Craddick,944,22,826,92,0,0
Parker,250,Railroad Commissioner,,DEM,Katherine Culbert,144,22,112,10,0,0
Parker,250,Railroad Commissioner,,LIB,Hawk Dunlap,43,0,30,13,0,0
Parker,250,Railroad Commissioner,,GRN,Eddie Espinoza,9,0,5,4,0,0
Parker,250,Railroad Commissioner,,,Richard McKibbin,0,0,0,0,0,0
Parker,250,Railroad Commissioner,,,Under Votes,22,0,20,2,0,0
Parker,250,Railroad Commissioner,,,Over Votes,0,0,0,0,0,0
Parker,250,"Justice, Supreme Court, Place 2",2,REP,Jimmy Blacklock,978,22,853,99,0,0
Parker,250,"Justice, Supreme Court, Place 2",2,DEM,DaSean Jones,159,22,121,16,0,0
Parker,250,"Justice, Supreme Court, Place 2",2,,Under Votes,25,0,19,6,0,0
Parker,250,"Justice, Supreme Court, Place 2",2,,Over Votes,0,0,0,0,0,0
Parker,250,"Justice, Supreme Court, Place 4",4,REP,John Devine,971,22,845,100,0,0
Parker,250,"Justice, Supreme Court, Place 4",4,DEM,Christine Vinh Weems,161,21,125,15,0,0
Parker,250,"Justice, Supreme Court, Place 4",4,,Under Votes,30,1,23,6,0,0
Parker,250,"Justice, Supreme Court, Place 4",4,,Over Votes,0,0,0,0,0,0
Parker,250,"Justice, Supreme Court, Place 6",6,REP,Jane Bland,940,22,830,84,0,0
Parker,250,"Justice, Supreme Court, Place 6",6,DEM,Bonnie Lee Goldstein,150,22,114,14,0,0
Parker,250,"Justice, Supreme Court, Place 6",6,LIB,J. David Roberson,42,0,25,17,0,0
Parker,250,"Justice, Supreme Court, Place 6",6,,Under Votes,30,0,24,6,0,0
Parker,250,"Justice, Supreme Court, Place 6",6,,Over Votes,0,0,0,0,0,0
Parker,250,"Presiding Judge, Court of Criminal Appeals",,REP,David J. Schenck,974,22,845,103,0,0
Parker,250,"Presiding Judge, Court of Criminal Appeals",,DEM,Holly Taylor,159,22,123,14,0,0
Parker,250,"Presiding Judge, Court of Criminal Appeals",,,Under Votes,29,0,25,4,0,0
Parker,250,"Presiding Judge, Court of Criminal Appeals",,,Over Votes,0,0,0,0,0,0
Parker,250,"Judge, Court of Criminal Appeals, Place 7",7,REP,Gina Parker,975,22,847,104,0,0
Parker,250,"Judge, Court of Criminal Appeals, Place 7",7,DEM,Nancy Mulder,153,22,119,12,0,0
Parker,250,"Judge, Court of Criminal Appeals, Place 7",7,,Under Votes,34,0,27,5,0,0
Parker,250,"Judge, Court of Criminal Appeals, Place 7",7,,Over Votes,0,0,0,0,0,0
Parker,250,"Judge, Court of Criminal Appeals, Place 8",8,REP,Lee Finley,988,23,856,105,0,0
Parker,250,"Judge, Court of Criminal Appeals, Place 8",8,DEM,Chika Anyiam,142,21,110,11,0,0
Parker,250,"Judge, Court of Criminal Appeals, Place 8",8,,Under Votes,32,0,27,5,0,0
Parker,250,"Judge, Court of Criminal Appeals, Place 8",8,,Over Votes,0,0,0,0,0,0
Parker,250,"Member, State Board of Education, District 11",11,REP,Brandon Hall,953,23,835,94,0,0
Parker,250,"Member, State Board of Education, District 11",11,DEM,Rayna Glasser,157,21,121,15,0,0
Parker,250,"Member, State Board of Education, District 11",11,GRN,Hunter Crow,20,0,14,6,0,0
Parker,250,"Member, State Board of Education, District 11",11,,Under Votes,32,0,23,6,0,0
Parker,250,"Member, State Board of Education, District 11",11,,Over Votes,0,0,0,0,0,0
Parker,250,State Senate,30,REP,Brent Hagenbuch,963,22,844,97,0,0
Parker,250,State Senate,30,DEM,Dale Frey,162,22,121,19,0,0
Parker,250,State Senate,30,,Under Votes,37,0,28,5,0,0
Parker,250,State Senate,30,,Over Votes,0,0,0,0,0,0
Parker,250,"State Representative, District 60",60,REP,Mike Olcott,997,24,868,105,0,0
Parker,250,"State Representative, District 60",60,,Under Votes,165,20,125,16,0,0
Parker,250,"State Representative, District 60",60,,Over Votes,0,0,0,0,0,0
Parker,250,"Chief Justice, 2nd Court of Appeals District",,REP,Bonnie Sudderth,1002,23,873,106,0,0
Parker,250,"Chief Justice, 2nd Court of Appeals District",,,Under Votes,160,21,120,15,0,0
Parker,250,"Chief Justice, 2nd Court of Appeals District",,,Over Votes,0,0,0,0,0,0
Parker,250,"Justice, 2nd Court of Appeals District, Place 4",4,REP,Wade Birdwell,998,23,871,104,0,0
Parker,250,"Justice, 2nd Court of Appeals District, Place 4",4,,Under Votes,164,21,122,17,0,0
Parker,250,"Justice, 2nd Court of Appeals District, Place 4",4,,Over Votes,0,0,0,0,0,0
Parker,250,"Justice, 2nd Court of Appeals District, Place 5",5,REP,Dabney Bassel,992,23,864,105,0,0
Parker,250,"Justice, 2nd Court of Appeals District, Place 5",5,,Under Votes,170,21,129,16,0,0
Parker,250,"Justice, 2nd Court of Appeals District, Place 5",5,,Over Votes,0,0,0,0,0,0
Parker,250,"Justice, 2nd Court of Appeals District, Place 6",6,REP,Mike Wallach,994,23,866,105,0,0
Parker,250,"Justice, 2nd Court of Appeals District, Place 6",6,,Under Votes,168,21,127,16,0,0
Parker,250,"Justice, 2nd Court of Appeals District, Place 6",6,,Over Votes,0,0,0,0,0,0
Parker,250,"District Judge, 43rd Judicial District",,REP,S. Craig Towson,1005,25,874,106,0,0
Parker,250,"District Judge, 43rd Judicial District",,,Under Votes,157,19,119,15,0,0
Parker,250,"District Judge, 43rd Judicial District",,,Over Votes,0,0,0,0,0,0
Parker,250,"District Judge, 415th Judicial District",,REP,Graham Quisenberry,990,25,862,103,0,0
Parker,250,"District Judge, 415th Judicial District",,,Under Votes,172,19,131,18,0,0
Parker,250,"District Judge, 415th Judicial District",,,Over Votes,0,0,0,0,0,0
Parker,250,"District Attorney, 43rd Judicial District",,REP,Jeff Swain,998,23,871,104,0,0
Parker,250,"District Attorney, 43rd Judicial District",,,Under Votes,164,21,122,17,0,0
Parker,250,"District Attorney, 43rd Judicial District",,,Over Votes,0,0,0,0,0,0
Parker,250,"Judge, County Court-at-Law No. 2",,REP,Lynn Marie Johnson,996,22,869,105,0,0
Parker,250,"Judge, County Court-at-Law No. 2",,,Under Votes,166,22,124,16,0,0
Parker,250,"Judge, County Court-at-Law No. 2",,,Over Votes,0,0,0,0,0,0
Parker,250,County Attorney,,REP,John Forrest Jr,999,23,870,106,0,0
Parker,250,County Attorney,,,Under Votes,163,21,123,15,0,0
Parker,250,County Attorney,,,Over Votes,0,0,0,0,0,0
Parker,250,Sheriff,,REP,Russ Authier,997,21,870,106,0,0
Parker,250,Sheriff,,,Under Votes,165,23,123,15,0,0
Parker,250,Sheriff,,,Over Votes,0,0,0,0,0,0
Parker,250,County Tax Assessor-Collector,,REP,"Jennifer ""Jenny"" Gentry",1007,22,879,106,0,0
Parker,250,County Tax Assessor-Collector,,,Under Votes,155,22,114,15,0,0
Parker,250,County Tax Assessor-Collector,,,Over Votes,0,0,0,0,0,0
Parker,250,"Constable, Precinct 2",,REP,Joe Harris Jr,994,23,867,104,0,0
Parker,250,"Constable, Precinct 2",,,Under Votes,168,21,126,17,0,0
Parker,250,"Constable, Precinct 2",,,Over Votes,0,0,0,0,0,0
Parker,250,"PARKER COUNTY HOSPITAL DISTRICT Board of Directors, Precinct 2 - Vote for none or one",,,Debbie Barnett,924,21,802,100,0,0
Parker,250,"PARKER COUNTY HOSPITAL DISTRICT Board of Directors, Precinct 2 - Vote for none or one",,,Under Votes,238,23,191,21,0,0
Parker,250,"PARKER COUNTY HOSPITAL DISTRICT Board of Directors, Precinct 2 - Vote for none or one",,,Over Votes,0,0,0,0,0,0
Parker,260,Registered Voters,,,,4073,,,,,
Parker,260,Ballots Cast,,,,3088,,,,,
Parker,260,President,,REP,Donald J. Trump JD Vance,2485,69,2181,226,2,0
Parker,260,President,,DEM,Kamala D. Harris Tim Walz,562,43,449,68,0,0
Parker,260,President,,LIB,Chase Oliver Mike ter Maat,15,1,6,8,0,0
Parker,260,President,,GRN,Jill Stein Rudolph Ware,8,0,7,1,0,0
Parker,260,President,,,Cherunda Fox/Harlan McVay,0,0,0,0,0,0
Parker,260,President,,,Claudia De La Cruz/Karina Garcia,0,0,0,0,0,0
Parker,260,President,,,Cornel West/Melina Abdullah,0,0,0,0,0,0
Parker,260,President,,,Jessie Cuellar/Wesley Lasley,0,0,0,0,0,0
Parker,260,President,,,Peter Sonski/Lauren Onak,2,0,2,0,0,0
Parker,260,President,,,Shiva Ayyadurai/Crystal Ellis,0,0,0,0,0,0
Parker,260,President,,,Under Votes,16,0,9,7,0,0
Parker,260,President,,,Over Votes,0,0,0,0,0,0
Parker,260,U.S. Senate,,REP,Ted Cruz,2396,64,2117,206,2,0
Parker,260,U.S. Senate,,DEM,Colin Allred,612,44,487,79,0,0
Parker,260,U.S. Senate,,LIB,Ted Brown,62,4,37,21,0,0
Parker,260,U.S. Senate,,,Analisa Roche,0,0,0,0,0,0
Parker,260,U.S. Senate,,,Tracy Andrus,0,0,0,0,0,0
Parker,260,U.S. Senate,,,Under Votes,18,1,13,4,0,0
Parker,260,U.S. Senate,,,Over Votes,0,0,0,0,0,0
Parker,260,U.S. House,12,REP,Craig Goldman,2532,76,2217,234,2,0
Parker,260,U.S. House,12,DEM,Trey J. Hunt,498,36,399,62,0,0
Parker,260,U.S. House,12,,Under Votes,58,1,38,14,0,0
Parker,260,U.S. House,12,,Over Votes,0,0,0,0,0,0
Parker,260,Railroad Commissioner,,REP,Christi Craddick,2470,71,2167,222,2,0
Parker,260,Railroad Commissioner,,DEM,Katherine Culbert,461,34,379,48,0,0
Parker,260,Railroad Commissioner,,LIB,Hawk Dunlap,71,2,50,19,0,0
Parker,260,Railroad Commissioner,,GRN,Eddie Espinoza,21,1,11,8,0,0
Parker,260,Railroad Commissioner,,,Richard McKibbin,0,0,0,0,0,0
Parker,260,Railroad Commissioner,,,Under Votes,62,2,47,13,0,0
Parker,260,Railroad Commissioner,,,Over Votes,0,0,0,0,0,0
Parker,260,"Justice, Supreme Court, Place 2",2,REP,Jimmy Blacklock,2528,72,2214,233,2,0
Parker,260,"Justice, Supreme Court, Place 2",2,DEM,DaSean Jones,496,38,394,62,0,0
Parker,260,"Justice, Supreme Court, Place 2",2,,Under Votes,61,0,46,15,0,0
Parker,260,"Justice, Supreme Court, Place 2",2,,Over Votes,0,0,0,0,0,0
Parker,260,"Justice, Supreme Court, Place 4",4,REP,John Devine,2503,69,2199,226,2,0
Parker,260,"Justice, Supreme Court, Place 4",4,DEM,Christine Vinh Weems,508,40,399,67,0,0
Parker,260,"Justice, Supreme Court, Place 4",4,,Under Votes,74,1,56,17,0,0
Parker,260,"Justice, Supreme Court, Place 4",4,,Over Votes,0,0,0,0,0,0
Parker,260,"Justice, Supreme Court, Place 6",6,REP,Jane Bland,2461,70,2169,213,2,0
Parker,260,"Justice, Supreme Court, Place 6",6,DEM,Bonnie Lee Goldstein,478,36,384,56,0,0
Parker,260,"Justice, Supreme Court, Place 6",6,LIB,J. David Roberson,82,2,54,26,0,0
Parker,260,"Justice, Supreme Court, Place 6",6,,Under Votes,63,1,47,15,0,0
Parker,260,"Justice, Supreme Court, Place 6",6,,Over Votes,1,1,0,0,0,0
Parker,260,"Presiding Judge, Court of Criminal Appeals",,REP,David J. Schenck,2526,74,2204,239,2,0
Parker,260,"Presiding Judge, Court of Criminal Appeals",,DEM,Holly Taylor,491,35,395,59,0,0
Parker,260,"Presiding Judge, Court of Criminal Appeals",,,Under Votes,68,1,55,12,0,0
Parker,260,"Presiding Judge, Court of Criminal Appeals",,,Over Votes,0,0,0,0,0,0
Parker,260,"Judge, Court of Criminal Appeals, Place 7",7,REP,Gina Parker,2526,72,2209,236,2,0
Parker,260,"Judge, Court of Criminal Appeals, Place 7",7,DEM,Nancy Mulder,484,37,383,62,0,0
Parker,260,"Judge, Court of Criminal Appeals, Place 7",7,,Under Votes,75,1,62,12,0,0
Parker,260,"Judge, Court of Criminal Appeals, Place 7",7,,Over Votes,0,0,0,0,0,0
Parker,260,"Judge, Court of Criminal Appeals, Place 8",8,REP,Lee Finley,2539,72,2218,240,2,0
Parker,260,"Judge, Court of Criminal Appeals, Place 8",8,DEM,Chika Anyiam,466,33,375,56,0,0
Parker,260,"Judge, Court of Criminal Appeals, Place 8",8,,Under Votes,80,5,61,14,0,0
Parker,260,"Judge, Court of Criminal Appeals, Place 8",8,,Over Votes,0,0,0,0,0,0
Parker,260,"Member, State Board of Education, District 11",11,REP,Brandon Hall,2472,69,2171,227,2,0
Parker,260,"Member, State Board of Education, District 11",11,DEM,Rayna Glasser,499,37,402,59,0,0
Parker,260,"Member, State Board of Education, District 11",11,GRN,Hunter Crow,39,1,28,10,0,0
Parker,260,"Member, State Board of Education, District 11",11,,Under Votes,75,3,53,14,0,0
Parker,260,"Member, State Board of Education, District 11",11,,Over Votes,0,0,0,0,0,0
Parker,260,State Senate,30,REP,Brent Hagenbuch,2492,71,2183,234,2,0
Parker,260,State Senate,30,DEM,Dale Frey,511,37,411,63,0,0
Parker,260,State Senate,30,,Under Votes,82,2,60,13,0,0
Parker,260,State Senate,30,,Over Votes,0,0,0,0,0,0
Parker,260,"State Representative, District 60",60,REP,Mike Olcott,2648,83,2299,263,2,0
Parker,260,"State Representative, District 60",60,,Under Votes,437,27,355,47,0,0
Parker,260,"State Representative, District 60",60,,Over Votes,0,0,0,0,0,0
Parker,260,"Chief Justice, 2nd Court of Appeals District",,REP,Bonnie Sudderth,2653,81,2307,261,2,0
Parker,260,"Chief Justice, 2nd Court of Appeals District",,,Under Votes,432,29,347,49,0,0
Parker,260,"Chief Justice, 2nd Court of Appeals District",,,Over Votes,0,0,0,0,0,0
Parker,260,"Justice, 2nd Court of Appeals District, Place 4",4,REP,Wade Birdwell,2639,81,2297,257,2,0
Parker,260,"Justice, 2nd Court of Appeals District, Place 4",4,,Under Votes,446,29,357,53,0,0
Parker,260,"Justice, 2nd Court of Appeals District, Place 4",4,,Over Votes,0,0,0,0,0,0
Parker,260,"Justice, 2nd Court of Appeals District, Place 5",5,REP,Dabney Bassel,2625,81,2284,256,2,0
Parker,260,"Justice, 2nd Court of Appeals District, Place 5",5,,Under Votes,460,29,370,54,0,0
Parker,260,"Justice, 2nd Court of Appeals District, Place 5",5,,Over Votes,0,0,0,0,0,0
Parker,260,"Justice, 2nd Court of Appeals District, Place 6",6,REP,Mike Wallach,2635,83,2291,257,2,0
Parker,260,"Justice, 2nd Court of Appeals District, Place 6",6,,Under Votes,450,27,363,53,0,0
Parker,260,"Justice, 2nd Court of Appeals District, Place 6",6,,Over Votes,0,0,0,0,0,0
Parker,260,"District Judge, 43rd Judicial District",,REP,S. Craig Towson,2641,82,2297,260,2,0
Parker,260,"District Judge, 43rd Judicial District",,,Under Votes,444,28,357,50,0,0
Parker,260,"District Judge, 43rd Judicial District",,,Over Votes,0,0,0,0,0,0
Parker,260,"District Judge, 415th Judicial District",,REP,Graham Quisenberry,2622,80,2284,256,2,0
Parker,260,"District Judge, 415th Judicial District",,,Under Votes,463,30,370,54,0,0
Parker,260,"District Judge, 415th Judicial District",,,Over Votes,0,0,0,0,0,0
Parker,260,"District Attorney, 43rd Judicial District",,REP,Jeff Swain,2632,82,2289,259,2,0
Parker,260,"District Attorney, 43rd Judicial District",,,Under Votes,453,28,365,51,0,0
Parker,260,"District Attorney, 43rd Judicial District",,,Over Votes,0,0,0,0,0,0
Parker,260,"Judge, County Court-at-Law No. 2",,REP,Lynn Marie Johnson,2629,84,2286,257,2,0
Parker,260,"Judge, County Court-at-Law No. 2",,,Under Votes,456,26,368,53,0,0
Parker,260,"Judge, County Court-at-Law No. 2",,,Over Votes,0,0,0,0,0,0
Parker,260,County Attorney,,REP,John Forrest Jr,2636,84,2293,257,2,0
Parker,260,County Attorney,,,Under Votes,449,26,361,53,0,0
Parker,260,County Attorney,,,Over Votes,0,0,0,0,0,0
Parker,260,Sheriff,,REP,Russ Authier,2631,84,2288,257,2,0
Parker,260,Sheriff,,,Under Votes,454,26,366,53,0,0
Parker,260,Sheriff,,,Over Votes,0,0,0,0,0,0
Parker,260,County Tax Assessor-Collector,,REP,"Jennifer ""Jenny"" Gentry",2649,85,2301,261,2,0
Parker,260,County Tax Assessor-Collector,,,Under Votes,436,25,353,49,0,0
Parker,260,County Tax Assessor-Collector,,,Over Votes,0,0,0,0,0,0
Parker,260,"Constable, Precinct 2",,REP,Joe Harris Jr,2623,83,2280,258,2,0
Parker,260,"Constable, Precinct 2",,,Under Votes,462,27,374,52,0,0
Parker,260,"Constable, Precinct 2",,,Over Votes,0,0,0,0,0,0
Parker,260,"PARKER COUNTY HOSPITAL DISTRICT Board of Directors, Precinct 2 - Vote for none or one",,,Debbie Barnett,2469,66,2144,253,2,0
Parker,260,"PARKER COUNTY HOSPITAL DISTRICT Board of Directors, Precinct 2 - Vote for none or one",,,Under Votes,616,44,510,57,0,0
Parker,260,"PARKER COUNTY HOSPITAL DISTRICT Board of Directors, Precinct 2 - Vote for none or one",,,Over Votes,0,0,0,0,0,0
Parker,265,Registered Voters,,,,1763,,,,,
Parker,265,Ballots Cast,,,,1262,,,,,
Parker,265,President,,REP,Donald J. Trump JD Vance,1014,27,842,133,0,0
Parker,265,President,,DEM,Kamala D. Harris Tim Walz,232,22,174,35,0,0
Parker,265,President,,LIB,Chase Oliver Mike ter Maat,8,0,7,1,0,0
Parker,265,President,,GRN,Jill Stein Rudolph Ware,4,0,4,0,0,0
Parker,265,President,,,Cherunda Fox/Harlan McVay,0,0,0,0,0,0
Parker,265,President,,,Claudia De La Cruz/Karina Garcia,0,0,0,0,0,0
Parker,265,President,,,Cornel West/Melina Abdullah,0,0,0,0,0,0
Parker,265,President,,,Jessie Cuellar/Wesley Lasley,0,0,0,0,0,0
Parker,265,President,,,Peter Sonski/Lauren Onak,1,0,1,0,0,0
Parker,265,President,,,Shiva Ayyadurai/Crystal Ellis,0,0,0,0,0,0
Parker,265,President,,,Under Votes,3,0,3,0,0,0
Parker,265,President,,,Over Votes,0,0,0,0,0,0
Parker,265,U.S. Senate,,REP,Ted Cruz,974,24,816,123,0,0
Parker,265,U.S. Senate,,DEM,Colin Allred,255,20,194,40,0,0
Parker,265,U.S. Senate,,LIB,Ted Brown,21,4,10,6,0,0
Parker,265,U.S. Senate,,,Analisa Roche,0,0,0,0,0,0
Parker,265,U.S. Senate,,,Tracy Andrus,0,0,0,0,0,0
Parker,265,U.S. Senate,,,Under Votes,12,1,11,0,0,0
Parker,265,U.S. Senate,,,Over Votes,0,0,0,0,0,0
Parker,265,U.S. House,12,REP,Craig Goldman,1012,27,846,135,0,0
Parker,265,U.S. House,12,DEM,Trey J. Hunt,219,22,166,30,0,0
Parker,265,U.S. House,12,,Under Votes,31,0,19,4,0,0
Parker,265,U.S. House,12,,Over Votes,0,0,0,0,0,0
Parker,265,Railroad Commissioner,,REP,Christi Craddick,991,26,827,126,0,0
Parker,265,Railroad Commissioner,,DEM,Katherine Culbert,192,21,143,27,0,0
Parker,265,Railroad Commissioner,,LIB,Hawk Dunlap,25,1,21,3,0,0
Parker,265,Railroad Commissioner,,GRN,Eddie Espinoza,17,1,12,4,0,0
Parker,265,Railroad Commissioner,,,Richard McKibbin,0,0,0,0,0,0
Parker,265,Railroad Commissioner,,,Under Votes,37,0,28,9,0,0
Parker,265,Railroad Commissioner,,,Over Votes,0,0,0,0,0,0
Parker,265,"Justice, Supreme Court, Place 2",2,REP,Jimmy Blacklock,1017,27,846,132,0,0
Parker,265,"Justice, Supreme Court, Place 2",2,DEM,DaSean Jones,213,22,159,31,0,0
Parker,265,"Justice, Supreme Court, Place 2",2,,Under Votes,32,0,26,6,0,0
Parker,265,"Justice, Supreme Court, Place 2",2,,Over Votes,0,0,0,0,0,0
Parker,265,"Justice, Supreme Court, Place 4",4,REP,John Devine,1020,28,848,132,0,0
Parker,265,"Justice, Supreme Court, Place 4",4,DEM,Christine Vinh Weems,209,21,156,31,0,0
Parker,265,"Justice, Supreme Court, Place 4",4,,Under Votes,33,0,27,6,0,0
Parker,265,"Justice, Supreme Court, Place 4",4,,Over Votes,0,0,0,0,0,0
Parker,265,"Justice, Supreme Court, Place 6",6,REP,Jane Bland,991,26,827,126,0,0
Parker,265,"Justice, Supreme Court, Place 6",6,DEM,Bonnie Lee Goldstein,203,21,150,31,0,0
Parker,265,"Justice, Supreme Court, Place 6",6,LIB,J. David Roberson,32,2,25,5,0,0
Parker,265,"Justice, Supreme Court, Place 6",6,,Under Votes,36,0,29,7,0,0
Parker,265,"Justice, Supreme Court, Place 6",6,,Over Votes,0,0,0,0,0,0
Parker,265,"Presiding Judge, Court of Criminal Appeals",,REP,David J. Schenck,1006,27,838,129,0,0
Parker,265,"Presiding Judge, Court of Criminal Appeals",,DEM,Holly Taylor,212,21,158,32,0,0
Parker,265,"Presiding Judge, Court of Criminal Appeals",,,Under Votes,44,1,35,8,0,0
Parker,265,"Presiding Judge, Court of Criminal Appeals",,,Over Votes,0,0,0,0,0,0
Parker,265,"Judge, Court of Criminal Appeals, Place 7",7,REP,Gina Parker,1002,25,835,130,0,0
Parker,265,"Judge, Court of Criminal Appeals, Place 7",7,DEM,Nancy Mulder,210,22,156,31,0,0
Parker,265,"Judge, Court of Criminal Appeals, Place 7",7,,Under Votes,50,2,40,8,0,0
Parker,265,"Judge, Court of Criminal Appeals, Place 7",7,,Over Votes,0,0,0,0,0,0
Parker,265,"Judge, Court of Criminal Appeals, Place 8",8,REP,Lee Finley,1017,26,847,132,0,0
Parker,265,"Judge, Court of Criminal Appeals, Place 8",8,DEM,Chika Anyiam,197,21,148,27,0,0
Parker,265,"Judge, Court of Criminal Appeals, Place 8",8,,Under Votes,48,2,36,10,0,0
Parker,265,"Judge, Court of Criminal Appeals, Place 8",8,,Over Votes,0,0,0,0,0,0
Parker,265,"Member, State Board of Education, District 11",11,REP,Brandon Hall,993,27,831,130,0,0
Parker,265,"Member, State Board of Education, District 11",11,DEM,Rayna Glasser,202,22,152,27,0,0
Parker,265,"Member, State Board of Education, District 11",11,GRN,Hunter Crow,19,0,16,3,0,0
Parker,265,"Member, State Board of Education, District 11",11,,Under Votes,48,0,32,9,0,0
Parker,265,"Member, State Board of Education, District 11",11,,Over Votes,0,0,0,0,0,0
Parker,265,State Senate,30,REP,Brent Hagenbuch,1003,28,840,133,0,0
Parker,265,State Senate,30,DEM,Dale Frey,209,21,160,27,0,0
Parker,265,State Senate,30,,Under Votes,50,0,31,9,0,0
Parker,265,State Senate,30,,Over Votes,0,0,0,0,0,0
Parker,265,"State Representative, District 60",60,REP,Mike Olcott,1071,26,896,149,0,0
Parker,265,"State Representative, District 60",60,,Under Votes,191,23,135,20,0,0
Parker,265,"State Representative, District 60",60,,Over Votes,0,0,0,0,0,0
Parker,265,"Chief Justice, 2nd Court of Appeals District",,REP,Bonnie Sudderth,1070,25,892,147,0,0
Parker,265,"Chief Justice, 2nd Court of Appeals District",,,Under Votes,192,24,139,22,0,0
Parker,265,"Chief Justice, 2nd Court of Appeals District",,,Over Votes,0,0,0,0,0,0
Parker,265,"Justice, 2nd Court of Appeals District, Place 4",4,REP,Wade Birdwell,1064,25,889,145,0,0
Parker,265,"Justice, 2nd Court of Appeals District, Place 4",4,,Under Votes,198,24,142,24,0,0
Parker,265,"Justice, 2nd Court of Appeals District, Place 4",4,,Over Votes,0,0,0,0,0,0
Parker,265,"Justice, 2nd Court of Appeals District, Place 5",5,REP,Dabney Bassel,1053,25,879,144,0,0
Parker,265,"Justice, 2nd Court of Appeals District, Place 5",5,,Under Votes,209,24,152,25,0,0
Parker,265,"Justice, 2nd Court of Appeals District, Place 5",5,,Over Votes,0,0,0,0,0,0
Parker,265,"Justice, 2nd Court of Appeals District, Place 6",6,REP,Mike Wallach,1053,25,880,143,0,0
Parker,265,"Justice, 2nd Court of Appeals District, Place 6",6,,Under Votes,209,24,151,26,0,0
Parker,265,"Justice, 2nd Court of Appeals District, Place 6",6,,Over Votes,0,0,0,0,0,0
Parker,265,"District Judge, 43rd Judicial District",,REP,S. Craig Towson,1052,25,883,144,0,0
Parker,265,"District Judge, 43rd Judicial District",,,Under Votes,210,24,148,25,0,0
Parker,265,"District Judge, 43rd Judicial District",,,Over Votes,0,0,0,0,0,0
Parker,265,"District Judge, 415th Judicial District",,REP,Graham Quisenberry,1035,25,870,140,0,0
Parker,265,"District Judge, 415th Judicial District",,,Under Votes,227,24,161,29,0,0
Parker,265,"District Judge, 415th Judicial District",,,Over Votes,0,0,0,0,0,0
Parker,265,"District Attorney, 43rd Judicial District",,REP,Jeff Swain,1041,26,877,138,0,0
Parker,265,"District Attorney, 43rd Judicial District",,,Under Votes,221,23,154,31,0,0
Parker,265,"District Attorney, 43rd Judicial District",,,Over Votes,0,0,0,0,0,0
Parker,265,"Judge, County Court-at-Law No. 2",,REP,Lynn Marie Johnson,1043,26,877,140,0,0
Parker,265,"Judge, County Court-at-Law No. 2",,,Under Votes,219,23,154,29,0,0
Parker,265,"Judge, County Court-at-Law No. 2",,,Over Votes,0,0,0,0,0,0
Parker,265,County Attorney,,REP,John Forrest Jr,1043,26,875,142,0,0
Parker,265,County Attorney,,,Under Votes,219,23,156,27,0,0
Parker,265,County Attorney,,,Over Votes,0,0,0,0,0,0
Parker,265,Sheriff,,REP,Russ Authier,1041,26,873,142,0,0
Parker,265,Sheriff,,,Under Votes,221,23,158,27,0,0
Parker,265,Sheriff,,,Over Votes,0,0,0,0,0,0
Parker,265,County Tax Assessor-Collector,,REP,"Jennifer ""Jenny"" Gentry",1049,29,877,143,0,0
Parker,265,County Tax Assessor-Collector,,,Under Votes,213,20,154,26,0,0
Parker,265,County Tax Assessor-Collector,,,Over Votes,0,0,0,0,0,0
Parker,265,"Constable, Precinct 2",,REP,Joe Harris Jr,1039,25,873,141,0,0
Parker,265,"Constable, Precinct 2",,,Under Votes,223,24,158,28,0,0
Parker,265,"Constable, Precinct 2",,,Over Votes,0,0,0,0,0,0
Parker,265,"PARKER COUNTY HOSPITAL DISTRICT Board of Directors, Precinct 2 - Vote for none or one",,,Debbie Barnett,988,28,824,135,0,0
Parker,265,"PARKER COUNTY HOSPITAL DISTRICT Board of Directors, Precinct 2 - Vote for none or one",,,Under Votes,274,21,207,34,0,0
Parker,265,"PARKER COUNTY HOSPITAL DISTRICT Board of Directors, Precinct 2 - Vote for none or one",,,Over Votes,0,0,0,0,0,0
Parker,430,Registered Voters,,,,3235,,,,,
Parker,430,Ballots Cast,,,,2401,,,,,
Parker,430,President,,REP,Donald J. Trump JD Vance,1885,45,1602,225,2,0
Parker,430,President,,DEM,Kamala D. Harris Tim Walz,461,21,379,57,0,0
Parker,430,President,,LIB,Chase Oliver Mike ter Maat,23,0,15,8,0,0
Parker,430,President,,GRN,Jill Stein Rudolph Ware,8,0,6,2,0,0
Parker,430,President,,,Cherunda Fox/Harlan McVay,0,0,0,0,0,0
Parker,430,President,,,Claudia De La Cruz/Karina Garcia,0,0,0,0,0,0
Parker,430,President,,,Cornel West/Melina Abdullah,0,0,0,0,0,0
Parker,430,President,,,Jessie Cuellar/Wesley Lasley,0,0,0,0,0,0
Parker,430,President,,,Peter Sonski/Lauren Onak,1,0,1,0,0,0
Parker,430,President,,,Shiva Ayyadurai/Crystal Ellis,0,0,0,0,0,0
Parker,430,President,,,Under Votes,22,0,18,3,0,0
Parker,430,President,,,Over Votes,1,1,0,0,0,0
Parker,430,U.S. Senate,,REP,Ted Cruz,1808,45,1541,209,2,0
Parker,430,U.S. Senate,,DEM,Colin Allred,520,22,428,66,0,0
Parker,430,U.S. Senate,,LIB,Ted Brown,57,0,41,16,0,0
Parker,430,U.S. Senate,,,Analisa Roche,0,0,0,0,0,0
Parker,430,U.S. Senate,,,Tracy Andrus,0,0,0,0,0,0
Parker,430,U.S. Senate,,,Under Votes,16,0,11,4,0,0
Parker,430,U.S. Senate,,,Over Votes,0,0,0,0,0,0
Parker,430,U.S. House,12,REP,Craig Goldman,1931,45,1647,235,2,0
Parker,430,U.S. House,12,DEM,Trey J. Hunt,416,22,343,50,0,0
Parker,430,U.S. House,12,,Under Votes,54,0,31,10,0,0
Parker,430,U.S. House,12,,Over Votes,0,0,0,0,0,0
Parker,430,Railroad Commissioner,,REP,Christi Craddick,1881,43,1606,221,2,0
Parker,430,Railroad Commissioner,,DEM,Katherine Culbert,373,17,311,42,0,0
Parker,430,Railroad Commissioner,,LIB,Hawk Dunlap,59,1,45,11,0,0
Parker,430,Railroad Commissioner,,GRN,Eddie Espinoza,23,3,14,6,0,0
Parker,430,Railroad Commissioner,,,Richard McKibbin,0,0,0,0,0,0
Parker,430,Railroad Commissioner,,,Under Votes,64,2,45,15,0,0
Parker,430,Railroad Commissioner,,,Over Votes,0,0,0,0,0,0
Parker,430,"Justice, Supreme Court, Place 2",2,REP,Jimmy Blacklock,1928,45,1633,237,2,0
Parker,430,"Justice, Supreme Court, Place 2",2,DEM,DaSean Jones,412,19,344,46,0,0
Parker,430,"Justice, Supreme Court, Place 2",2,,Under Votes,60,2,44,12,0,0
Parker,430,"Justice, Supreme Court, Place 2",2,,Over Votes,0,0,0,0,0,0
Parker,430,"Justice, Supreme Court, Place 4",4,REP,John Devine,1923,45,1633,232,2,0
Parker,430,"Justice, Supreme Court, Place 4",4,DEM,Christine Vinh Weems,417,18,346,50,0,0
Parker,430,"Justice, Supreme Court, Place 4",4,,Under Votes,60,3,42,13,0,0
Parker,430,"Justice, Supreme Court, Place 4",4,,Over Votes,0,0,0,0,0,0
Parker,430,"Justice, Supreme Court, Place 6",6,REP,Jane Bland,1869,45,1587,224,2,0
Parker,430,"Justice, Supreme Court, Place 6",6,DEM,Bonnie Lee Goldstein,404,18,337,46,0,0
Parker,430,"Justice, Supreme Court, Place 6",6,LIB,J. David Roberson,66,1,53,12,0,0
Parker,430,"Justice, Supreme Court, Place 6",6,,Under Votes,61,2,44,13,0,0
Parker,430,"Justice, Supreme Court, Place 6",6,,Over Votes,0,0,0,0,0,0
Parker,430,"Presiding Judge, Court of Criminal Appeals",,REP,David J. Schenck,1924,45,1632,234,2,0
Parker,430,"Presiding Judge, Court of Criminal Appeals",,DEM,Holly Taylor,413,18,344,48,0,0
Parker,430,"Presiding Judge, Court of Criminal Appeals",,,Under Votes,63,3,45,13,0,0
Parker,430,"Presiding Judge, Court of Criminal Appeals",,,Over Votes,0,0,0,0,0,0
Parker,430,"Judge, Court of Criminal Appeals, Place 7",7,REP,Gina Parker,1936,45,1641,237,2,0
Parker,430,"Judge, Court of Criminal Appeals, Place 7",7,DEM,Nancy Mulder,400,18,337,42,0,0
Parker,430,"Judge, Court of Criminal Appeals, Place 7",7,,Under Votes,64,3,43,16,0,0
Parker,430,"Judge, Court of Criminal Appeals, Place 7",7,,Over Votes,0,0,0,0,0,0
Parker,430,"Judge, Court of Criminal Appeals, Place 8",8,REP,Lee Finley,1927,45,1635,234,2,0
Parker,430,"Judge, Court of Criminal Appeals, Place 8",8,DEM,Chika Anyiam,397,18,331,45,0,0
Parker,430,"Judge, Court of Criminal Appeals, Place 8",8,,Under Votes,76,3,55,16,0,0
Parker,430,"Judge, Court of Criminal Appeals, Place 8",8,,Over Votes,0,0,0,0,0,0
Parker,430,"Member, State Board of Education, District 11",11,REP,Brandon Hall,1878,45,1600,227,2,0
Parker,430,"Member, State Board of Education, District 11",11,DEM,Rayna Glasser,413,18,352,43,0,0
Parker,430,"Member, State Board of Education, District 11",11,GRN,Hunter Crow,35,0,22,13,0,0
Parker,430,"Member, State Board of Education, District 11",11,,Under Votes,74,3,47,12,0,0
Parker,430,"Member, State Board of Education, District 11",11,,Over Votes,0,0,0,0,0,0
Parker,430,State Senate,10,REP,Phil King,1919,43,1632,240,2,0
Parker,430,State Senate,10,DEM,Andy Morris,413,20,349,44,0,0
Parker,430,State Senate,10,,Under Votes,68,3,40,11,0,0
Parker,430,State Senate,10,,Over Votes,0,0,0,0,0,0
Parker,430,"State Representative, District 60",60,REP,Mike Olcott,2014,50,1699,263,2,0
Parker,430,"State Representative, District 60",60,,Under Votes,386,16,322,32,0,0
Parker,430,"State Representative, District 60",60,,Over Votes,0,0,0,0,0,0
Parker,430,"Chief Justice, 2nd Court of Appeals District",,REP,Bonnie Sudderth,2051,51,1734,262,2,0
Parker,430,"Chief Justice, 2nd Court of Appeals District",,,Under Votes,349,15,287,33,0,0
Parker,430,"Chief Justice, 2nd Court of Appeals District",,,Over Votes,0,0,0,0,0,0
Parker,430,"Justice, 2nd Court of Appeals District, Place 4",4,REP,Wade Birdwell,2050,49,1731,265,2,0
Parker,430,"Justice, 2nd Court of Appeals District, Place 4",4,,Under Votes,350,17,290,30,0,0
Parker,430,"Justice, 2nd Court of Appeals District, Place 4",4,,Over Votes,0,0,0,0,0,0
Parker,430,"Justice, 2nd Court of Appeals District, Place 5",5,REP,Dabney Bassel,2042,50,1722,265,2,0
Parker,430,"Justice, 2nd Court of Appeals District, Place 5",5,,Under Votes,358,16,299,30,0,0
Parker,430,"Justice, 2nd Court of Appeals District, Place 5",5,,Over Votes,0,0,0,0,0,0
Parker,430,"Justice, 2nd Court of Appeals District, Place 6",6,REP,Mike Wallach,2044,50,1727,262,2,0
Parker,430,"Justice, 2nd Court of Appeals District, Place 6",6,,Under Votes,356,16,294,33,0,0
Parker,430,"Justice, 2nd Court of Appeals District, Place 6",6,,Over Votes,0,0,0,0,0,0
Parker,430,"District Judge, 43rd Judicial District",,REP,S. Craig Towson,2040,49,1725,264,2,0
Parker,430,"District Judge, 43rd Judicial District",,,Under Votes,360,17,296,31,0,0
Parker,430,"District Judge, 43rd Judicial District",,,Over Votes,0,0,0,0,0,0
Parker,430,"District Judge, 415th Judicial District",,REP,Graham Quisenberry,2032,49,1721,260,2,0
Parker,430,"District Judge, 415th Judicial District",,,Under Votes,368,17,300,35,0,0
Parker,430,"District Judge, 415th Judicial District",,,Over Votes,0,0,0,0,0,0
Parker,430,"District Attorney, 43rd Judicial District",,REP,Jeff Swain,2032,49,1719,262,2,0
Parker,430,"District Attorney, 43rd Judicial District",,,Under Votes,368,17,302,33,0,0
Parker,430,"District Attorney, 43rd Judicial District",,,Over Votes,0,0,0,0,0,0
Parker,430,"Judge, County Court-at-Law No. 2",,REP,Lynn Marie Johnson,2033,48,1721,262,2,0
Parker,430,"Judge, County Court-at-Law No. 2",,,Under Votes,367,18,300,33,0,0
Parker,430,"Judge, County Court-at-Law No. 2",,,Over Votes,0,0,0,0,0,0
Parker,430,County Attorney,,REP,John Forrest Jr,2037,49,1723,263,2,0
Parker,430,County Attorney,,,Under Votes,363,17,298,32,0,0
Parker,430,County Attorney,,,Over Votes,0,0,0,0,0,0
Parker,430,Sheriff,,REP,Russ Authier,2040,48,1727,262,2,0
Parker,430,Sheriff,,,Under Votes,360,18,294,33,0,0
Parker,430,Sheriff,,,Over Votes,0,0,0,0,0,0
Parker,430,County Tax Assessor-Collector,,REP,"Jennifer ""Jenny"" Gentry",2057,50,1741,264,2,0
Parker,430,County Tax Assessor-Collector,,,Under Votes,343,16,280,31,0,0
Parker,430,County Tax Assessor-Collector,,,Over Votes,0,0,0,0,0,0
Parker,430,"Constable, Precinct 4",,REP,Scott Jones,2040,48,1727,262,2,0
Parker,430,"Constable, Precinct 4",,,Under Votes,360,18,294,33,0,0
Parker,430,"Constable, Precinct 4",,,Over Votes,0,0,0,0,0,0
Parker,430,"PARKER COUNTY HOSPITAL DISTRICT Board of Directors, Precinct 4 - Vote for none or one",,,Justin Lisle,995,13,860,119,2,0
Parker,430,"PARKER COUNTY HOSPITAL DISTRICT Board of Directors, Precinct 4 - Vote for none or one",,,Gloria Gilbert Barron,665,22,556,86,0,0
Parker,430,"PARKER COUNTY HOSPITAL DISTRICT Board of Directors, Precinct 4 - Vote for none or one",,,Under Votes,740,31,605,90,0,0
Parker,430,"PARKER COUNTY HOSPITAL DISTRICT Board of Directors, Precinct 4 - Vote for none or one",,,Over Votes,0,0,0,0,0,0
Parker,440,Registered Voters,,,,4522,,,,,
Parker,440,Ballots Cast,,,,3561,,,,,
Parker,440,President,,REP,Donald J. Trump JD Vance,2904,49,2520,325,1,0
Parker,440,President,,DEM,Kamala D. Harris Tim Walz,582,34,471,75,0,0
Parker,440,President,,LIB,Chase Oliver Mike ter Maat,25,0,17,8,0,0
Parker,440,President,,GRN,Jill Stein Rudolph Ware,8,0,6,2,0,0
Parker,440,President,,,Cherunda Fox/Harlan McVay,0,0,0,0,0,0
Parker,440,President,,,Claudia De La Cruz/Karina Garcia,0,0,0,0,0,0
Parker,440,President,,,Cornel West/Melina Abdullah,4,1,3,0,0,0
Parker,440,President,,,Jessie Cuellar/Wesley Lasley,0,0,0,0,0,0
Parker,440,President,,,Peter Sonski/Lauren Onak,2,0,1,1,0,0
Parker,440,President,,,Shiva Ayyadurai/Crystal Ellis,0,0,0,0,0,0
Parker,440,President,,,Under Votes,36,2,29,5,0,0
Parker,440,President,,,Over Votes,0,0,0,0,0,0
Parker,440,U.S. Senate,,REP,Ted Cruz,2827,51,2453,313,1,0
Parker,440,U.S. Senate,,DEM,Colin Allred,648,33,533,80,0,0
Parker,440,U.S. Senate,,LIB,Ted Brown,63,1,42,20,0,0
Parker,440,U.S. Senate,,,Analisa Roche,3,0,3,0,0,0
Parker,440,U.S. Senate,,,Tracy Andrus,0,0,0,0,0,0
Parker,440,U.S. Senate,,,Under Votes,20,1,16,3,0,0
Parker,440,U.S. Senate,,,Over Votes,0,0,0,0,0,0
Parker,440,U.S. House,12,REP,Craig Goldman,2977,51,2578,343,1,0
Parker,440,U.S. House,12,DEM,Trey J. Hunt,505,31,414,59,0,0
Parker,440,U.S. House,12,,Under Votes,79,4,55,14,0,0
Parker,440,U.S. House,12,,Over Votes,0,0,0,0,0,0
Parker,440,Railroad Commissioner,,REP,Christi Craddick,2874,50,2494,321,0,0
Parker,440,Railroad Commissioner,,DEM,Katherine Culbert,470,30,390,48,0,0
Parker,440,Railroad Commissioner,,LIB,Hawk Dunlap,100,2,72,25,1,0
Parker,440,Railroad Commissioner,,GRN,Eddie Espinoza,23,0,17,6,0,0
Parker,440,Railroad Commissioner,,,Richard McKibbin,1,0,1,0,0,0
Parker,440,Railroad Commissioner,,,Under Votes,92,3,73,16,0,0
Parker,440,Railroad Commissioner,,,Over Votes,0,0,0,0,0,0
Parker,440,"Justice, Supreme Court, Place 2",2,REP,Jimmy Blacklock,2963,52,2561,340,1,0
Parker,440,"Justice, Supreme Court, Place 2",2,DEM,DaSean Jones,509,30,418,59,0,0
Parker,440,"Justice, Supreme Court, Place 2",2,,Under Votes,88,3,68,17,0,0
Parker,440,"Justice, Supreme Court, Place 2",2,,Over Votes,0,0,0,0,0,0
Parker,440,"Justice, Supreme Court, Place 4",4,REP,John Devine,2941,52,2539,340,1,0
Parker,440,"Justice, Supreme Court, Place 4",4,DEM,Christine Vinh Weems,524,30,433,59,0,0
Parker,440,"Justice, Supreme Court, Place 4",4,,Under Votes,95,3,75,17,0,0
Parker,440,"Justice, Supreme Court, Place 4",4,,Over Votes,0,0,0,0,0,0
Parker,440,"Justice, Supreme Court, Place 6",6,REP,Jane Bland,2874,52,2485,328,1,0
Parker,440,"Justice, Supreme Court, Place 6",6,DEM,Bonnie Lee Goldstein,489,29,406,52,0,0
Parker,440,"Justice, Supreme Court, Place 6",6,LIB,J. David Roberson,98,1,76,20,0,0
Parker,440,"Justice, Supreme Court, Place 6",6,,Under Votes,99,3,80,16,0,0
Parker,440,"Justice, Supreme Court, Place 6",6,,Over Votes,0,0,0,0,0,0
Parker,440,"Presiding Judge, Court of Criminal Appeals",,REP,David J. Schenck,2951,49,2554,338,1,0
Parker,440,"Presiding Judge, Court of Criminal Appeals",,DEM,Holly Taylor,501,30,413,57,0,0
Parker,440,"Presiding Judge, Court of Criminal Appeals",,,Under Votes,108,6,80,21,0,0
Parker,440,"Presiding Judge, Court of Criminal Appeals",,,Over Votes,0,0,0,0,0,0
Parker,440,"Judge, Court of Criminal Appeals, Place 7",7,REP,Gina Parker,2960,50,2561,339,1,0
Parker,440,"Judge, Court of Criminal Appeals, Place 7",7,DEM,Nancy Mulder,494,31,406,56,0,0
Parker,440,"Judge, Court of Criminal Appeals, Place 7",7,,Under Votes,106,4,80,21,0,0
Parker,440,"Judge, Court of Criminal Appeals, Place 7",7,,Over Votes,0,0,0,0,0,0
Parker,440,"Judge, Court of Criminal Appeals, Place 8",8,REP,Lee Finley,2966,51,2565,340,1,0
Parker,440,"Judge, Court of Criminal Appeals, Place 8",8,DEM,Chika Anyiam,477,31,391,54,0,0
Parker,440,"Judge, Court of Criminal Appeals, Place 8",8,,Under Votes,117,3,91,22,0,0
Parker,440,"Judge, Court of Criminal Appeals, Place 8",8,,Over Votes,0,0,0,0,0,0
Parker,440,"Member, State Board of Education, District 11",11,REP,Brandon Hall,2889,50,2498,333,1,0
Parker,440,"Member, State Board of Education, District 11",11,DEM,Rayna Glasser,510,31,421,57,0,0
Parker,440,"Member, State Board of Education, District 11",11,GRN,Hunter Crow,58,1,51,6,0,0
Parker,440,"Member, State Board of Education, District 11",11,,Under Votes,103,3,77,20,0,0
Parker,440,"Member, State Board of Education, District 11",11,,Over Votes,0,0,0,0,0,0
Parker,440,State Senate,10,REP,Phil King,2958,52,2562,342,1,0
Parker,440,State Senate,10,DEM,Andy Morris,505,31,415,58,0,0
Parker,440,State Senate,10,,Under Votes,97,2,70,16,0,0
Parker,440,State Senate,10,,Over Votes,0,0,0,0,0,0
Parker,440,"State Representative, District 60",60,REP,Mike Olcott,3018,57,2604,356,1,0
Parker,440,"State Representative, District 60",60,,Under Votes,542,28,443,60,0,0
Parker,440,"State Representative, District 60",60,,Over Votes,0,0,0,0,0,0
Parker,440,"Chief Justice, 2nd Court of Appeals District",,REP,Bonnie Sudderth,3092,54,2670,362,1,0
Parker,440,"Chief Justice, 2nd Court of Appeals District",,,Under Votes,468,31,377,54,0,0
Parker,440,"Chief Justice, 2nd Court of Appeals District",,,Over Votes,0,0,0,0,0,0
Parker,440,"Justice, 2nd Court of Appeals District, Place 4",4,REP,Wade Birdwell,3062,54,2645,359,1,0
Parker,440,"Justice, 2nd Court of Appeals District, Place 4",4,,Under Votes,498,31,402,57,0,0
Parker,440,"Justice, 2nd Court of Appeals District, Place 4",4,,Over Votes,0,0,0,0,0,0
Parker,440,"Justice, 2nd Court of Appeals District, Place 5",5,REP,Dabney Bassel,3051,54,2635,358,1,0
Parker,440,"Justice, 2nd Court of Appeals District, Place 5",5,,Under Votes,509,31,412,58,0,0
Parker,440,"Justice, 2nd Court of Appeals District, Place 5",5,,Over Votes,0,0,0,0,0,0
Parker,440,"Justice, 2nd Court of Appeals District, Place 6",6,REP,Mike Wallach,3051,52,2640,355,1,0
Parker,440,"Justice, 2nd Court of Appeals District, Place 6",6,,Under Votes,509,33,407,61,0,0
Parker,440,"Justice, 2nd Court of Appeals District, Place 6",6,,Over Votes,0,0,0,0,0,0
Parker,440,"District Judge, 43rd Judicial District",,REP,S. Craig Towson,3049,54,2638,356,1,0
Parker,440,"District Judge, 43rd Judicial District",,,Under Votes,511,31,409,60,0,0
Parker,440,"District Judge, 43rd Judicial District",,,Over Votes,0,0,0,0,0,0
Parker,440,"District Judge, 415th Judicial District",,REP,Graham Quisenberry,3045,54,2640,350,1,0
Parker,440,"District Judge, 415th Judicial District",,,Under Votes,515,31,407,66,0,0
Parker,440,"District Judge, 415th Judicial District",,,Over Votes,0,0,0,0,0,0
Parker,440,"District Attorney, 43rd Judicial District",,REP,Jeff Swain,3042,55,2635,351,1,0
Parker,440,"District Attorney, 43rd Judicial District",,,Under Votes,518,30,412,65,0,0
Parker,440,"District Attorney, 43rd Judicial District",,,Over Votes,0,0,0,0,0,0
Parker,440,"Judge, County Court-at-Law No. 2",,REP,Lynn Marie Johnson,3050,54,2642,353,1,0
Parker,440,"Judge, County Court-at-Law No. 2",,,Under Votes,510,31,405,63,0,0
Parker,440,"Judge, County Court-at-Law No. 2",,,Over Votes,0,0,0,0,0,0
Parker,440,County Attorney,,REP,John Forrest Jr,3042,55,2631,355,1,0
Parker,440,County Attorney,,,Under Votes,518,30,416,61,0,0
Parker,440,County Attorney,,,Over Votes,0,0,0,0,0,0
Parker,440,Sheriff,,REP,Russ Authier,3056,55,2645,355,1,0
Parker,440,Sheriff,,,Under Votes,504,30,402,61,0,0
Parker,440,Sheriff,,,Over Votes,0,0,0,0,0,0
Parker,440,County Tax Assessor-Collector,,REP,"Jennifer ""Jenny"" Gentry",3076,55,2663,357,1,0
Parker,440,County Tax Assessor-Collector,,,Under Votes,484,30,384,59,0,0
Parker,440,County Tax Assessor-Collector,,,Over Votes,0,0,0,0,0,0
Parker,440,"Constable, Precinct 4",,REP,Scott Jones,3046,55,2637,353,1,0
Parker,440,"Constable, Precinct 4",,,Under Votes,514,30,410,63,0,0
Parker,440,"Constable, Precinct 4",,,Over Votes,0,0,0,0,0,0
Parker,440,"PARKER COUNTY HOSPITAL DISTRICT Board of Directors, Precinct 4 - Vote for none or one",,,Justin Lisle,1509,16,1309,183,1,0
Parker,440,"PARKER COUNTY HOSPITAL DISTRICT Board of Directors, Precinct 4 - Vote for none or one",,,Gloria Gilbert Barron,900,30,757,109,0,0
Parker,440,"PARKER COUNTY HOSPITAL DISTRICT Board of Directors, Precinct 4 - Vote for none or one",,,Under Votes,1151,39,981,124,0,0
Parker,440,"PARKER COUNTY HOSPITAL DISTRICT Board of Directors, Precinct 4 - Vote for none or one",,,Over Votes,0,0,0,0,0,0
Parker,445,Registered Voters,,,,2198,,,,,
Parker,445,Ballots Cast,,,,1706,,,,,
Parker,445,President,,REP,Donald J. Trump JD Vance,1409,32,1163,212,0,0
Parker,445,President,,DEM,Kamala D. Harris Tim Walz,267,33,198,32,2,0
Parker,445,President,,LIB,Chase Oliver Mike ter Maat,18,0,10,8,0,0
Parker,445,President,,GRN,Jill Stein Rudolph Ware,3,1,2,0,0,0
Parker,445,President,,,Cherunda Fox/Harlan McVay,0,0,0,0,0,0
Parker,445,President,,,Claudia De La Cruz/Karina Garcia,0,0,0,0,0,0
Parker,445,President,,,Cornel West/Melina Abdullah,0,0,0,0,0,0
Parker,445,President,,,Jessie Cuellar/Wesley Lasley,0,0,0,0,0,0
Parker,445,President,,,Peter Sonski/Lauren Onak,0,0,0,0,0,0
Parker,445,President,,,Shiva Ayyadurai/Crystal Ellis,0,0,0,0,0,0
Parker,445,President,,,Under Votes,9,2,5,2,0,0
Parker,445,President,,,Over Votes,0,0,0,0,0,0
Parker,445,U.S. Senate,,REP,Ted Cruz,1381,33,1140,206,0,0
Parker,445,U.S. Senate,,DEM,Colin Allred,290,32,212,42,2,0
Parker,445,U.S. Senate,,LIB,Ted Brown,23,2,18,3,0,0
Parker,445,U.S. Senate,,,Analisa Roche,0,0,0,0,0,0
Parker,445,U.S. Senate,,,Tracy Andrus,0,0,0,0,0,0
Parker,445,U.S. Senate,,,Under Votes,12,1,8,3,0,0
Parker,445,U.S. Senate,,,Over Votes,0,0,0,0,0,0
Parker,445,U.S. House,12,REP,Craig Goldman,1444,33,1191,217,2,0
Parker,445,U.S. House,12,DEM,Trey J. Hunt,223,30,167,26,0,0
Parker,445,U.S. House,12,,Under Votes,39,5,20,11,0,0
Parker,445,U.S. House,12,,Over Votes,0,0,0,0,0,0
Parker,445,Railroad Commissioner,,REP,Christi Craddick,1411,34,1162,210,2,0
Parker,445,Railroad Commissioner,,DEM,Katherine Culbert,207,27,155,25,0,0
Parker,445,Railroad Commissioner,,LIB,Hawk Dunlap,37,4,28,5,0,0
Parker,445,Railroad Commissioner,,GRN,Eddie Espinoza,12,0,10,2,0,0
Parker,445,Railroad Commissioner,,,Richard McKibbin,0,0,0,0,0,0
Parker,445,Railroad Commissioner,,,Under Votes,37,1,23,12,0,0
Parker,445,Railroad Commissioner,,,Over Votes,0,0,0,0,0,0
Parker,445,"Justice, Supreme Court, Place 2",2,REP,Jimmy Blacklock,1435,37,1178,216,2,0
Parker,445,"Justice, Supreme Court, Place 2",2,DEM,DaSean Jones,226,27,174,25,0,0
Parker,445,"Justice, Supreme Court, Place 2",2,,Under Votes,43,2,26,13,0,0
Parker,445,"Justice, Supreme Court, Place 2",2,,Over Votes,0,0,0,0,0,0
Parker,445,"Justice, Supreme Court, Place 4",4,REP,John Devine,1426,35,1174,216,0,0
Parker,445,"Justice, Supreme Court, Place 4",4,DEM,Christine Vinh Weems,235,29,177,26,2,0
Parker,445,"Justice, Supreme Court, Place 4",4,,Under Votes,43,2,27,12,0,0
Parker,445,"Justice, Supreme Court, Place 4",4,,Over Votes,0,0,0,0,0,0
Parker,445,"Justice, Supreme Court, Place 6",6,REP,Jane Bland,1398,34,1152,208,2,0
Parker,445,"Justice, Supreme Court, Place 6",6,DEM,Bonnie Lee Goldstein,224,27,171,26,0,0
Parker,445,"Justice, Supreme Court, Place 6",6,LIB,J. David Roberson,35,3,26,6,0,0
Parker,445,"Justice, Supreme Court, Place 6",6,,Under Votes,47,2,29,14,0,0
Parker,445,"Justice, Supreme Court, Place 6",6,,Over Votes,0,0,0,0,0,0
Parker,445,"Presiding Judge, Court of Criminal Appeals",,REP,David J. Schenck,1430,35,1176,215,2,0
Parker,445,"Presiding Judge, Court of Criminal Appeals",,DEM,Holly Taylor,232,29,176,26,0,0
Parker,445,"Presiding Judge, Court of Criminal Appeals",,,Under Votes,42,2,26,13,0,0
Parker,445,"Presiding Judge, Court of Criminal Appeals",,,Over Votes,0,0,0,0,0,0
Parker,445,"Judge, Court of Criminal Appeals, Place 7",7,REP,Gina Parker,1429,37,1172,216,2,0
Parker,445,"Judge, Court of Criminal Appeals, Place 7",7,DEM,Nancy Mulder,224,27,173,23,0,0
Parker,445,"Judge, Court of Criminal Appeals, Place 7",7,,Under Votes,51,2,33,15,0,0
Parker,445,"Judge, Court of Criminal Appeals, Place 7",7,,Over Votes,0,0,0,0,0,0
Parker,445,"Judge, Court of Criminal Appeals, Place 8",8,REP,Lee Finley,1435,38,1175,218,2,0
Parker,445,"Judge, Court of Criminal Appeals, Place 8",8,DEM,Chika Anyiam,220,26,171,22,0,0
Parker,445,"Judge, Court of Criminal Appeals, Place 8",8,,Under Votes,49,2,32,14,0,0
Parker,445,"Judge, Court of Criminal Appeals, Place 8",8,,Over Votes,0,0,0,0,0,0
Parker,445,"Member, State Board of Education, District 11",11,REP,Brandon Hall,1407,37,1155,211,2,0
Parker,445,"Member, State Board of Education, District 11",11,DEM,Rayna Glasser,229,27,176,26,0,0
Parker,445,"Member, State Board of Education, District 11",11,GRN,Hunter Crow,16,1,11,4,0,0
Parker,445,"Member, State Board of Education, District 11",11,,Under Votes,52,1,36,13,0,0
Parker,445,"Member, State Board of Education, District 11",11,,Over Votes,0,0,0,0,0,0
Parker,445,State Senate,10,REP,Phil King,1428,35,1174,217,2,0
Parker,445,State Senate,10,DEM,Andy Morris,233,28,179,26,0,0
Parker,445,State Senate,10,,Under Votes,43,3,25,11,0,0
Parker,445,State Senate,10,,Over Votes,0,0,0,0,0,0
Parker,445,"State Representative, District 60",60,REP,Mike Olcott,1463,38,1202,223,0,0
Parker,445,"State Representative, District 60",60,,Under Votes,241,28,176,31,2,0
Parker,445,"State Representative, District 60",60,,Over Votes,0,0,0,0,0,0
Parker,445,"Chief Justice, 2nd Court of Appeals District",,REP,Bonnie Sudderth,1484,40,1218,224,2,0
Parker,445,"Chief Justice, 2nd Court of Appeals District",,,Under Votes,220,26,160,30,0,0
Parker,445,"Chief Justice, 2nd Court of Appeals District",,,Over Votes,0,0,0,0,0,0
Parker,445,"Justice, 2nd Court of Appeals District, Place 4",4,REP,Wade Birdwell,1477,40,1213,222,2,0
Parker,445,"Justice, 2nd Court of Appeals District, Place 4",4,,Under Votes,227,26,165,32,0,0
Parker,445,"Justice, 2nd Court of Appeals District, Place 4",4,,Over Votes,0,0,0,0,0,0
Parker,445,"Justice, 2nd Court of Appeals District, Place 5",5,REP,Dabney Bassel,1477,39,1215,221,2,0
Parker,445,"Justice, 2nd Court of Appeals District, Place 5",5,,Under Votes,227,27,163,33,0,0
Parker,445,"Justice, 2nd Court of Appeals District, Place 5",5,,Over Votes,0,0,0,0,0,0
Parker,445,"Justice, 2nd Court of Appeals District, Place 6",6,REP,Mike Wallach,1467,39,1206,220,2,0
Parker,445,"Justice, 2nd Court of Appeals District, Place 6",6,,Under Votes,237,27,172,34,0,0
Parker,445,"Justice, 2nd Court of Appeals District, Place 6",6,,Over Votes,0,0,0,0,0,0
Parker,445,"District Judge, 43rd Judicial District",,REP,S. Craig Towson,1467,39,1209,217,2,0
Parker,445,"District Judge, 43rd Judicial District",,,Under Votes,237,27,169,37,0,0
Parker,445,"District Judge, 43rd Judicial District",,,Over Votes,0,0,0,0,0,0
Parker,445,"District Judge, 415th Judicial District",,REP,Graham Quisenberry,1469,39,1211,217,2,0
Parker,445,"District Judge, 415th Judicial District",,,Under Votes,235,27,167,37,0,0
Parker,445,"District Judge, 415th Judicial District",,,Over Votes,0,0,0,0,0,0
Parker,445,"District Attorney, 43rd Judicial District",,REP,Jeff Swain,1475,40,1214,219,2,0
Parker,445,"District Attorney, 43rd Judicial District",,,Under Votes,229,26,164,35,0,0
Parker,445,"District Attorney, 43rd Judicial District",,,Over Votes,0,0,0,0,0,0
Parker,445,"Judge, County Court-at-Law No. 2",,REP,Lynn Marie Johnson,1468,40,1209,217,2,0
Parker,445,"Judge, County Court-at-Law No. 2",,,Under Votes,236,26,169,37,0,0
Parker,445,"Judge, County Court-at-Law No. 2",,,Over Votes,0,0,0,0,0,0
Parker,445,County Attorney,,REP,John Forrest Jr,1475,39,1216,218,2,0
Parker,445,County Attorney,,,Under Votes,229,27,162,36,0,0
Parker,445,County Attorney,,,Over Votes,0,0,0,0,0,0
Parker,445,Sheriff,,REP,Russ Authier,1484,41,1220,221,2,0
Parker,445,Sheriff,,,Under Votes,220,25,158,33,0,0
Parker,445,Sheriff,,,Over Votes,0,0,0,0,0,0
Parker,445,County Tax Assessor-Collector,,REP,"Jennifer ""Jenny"" Gentry",1484,41,1220,221,2,0
Parker,445,County Tax Assessor-Collector,,,Under Votes,220,25,158,33,0,0
Parker,445,County Tax Assessor-Collector,,,Over Votes,0,0,0,0,0,0
Parker,445,"Constable, Precinct 4",,REP,Scott Jones,1473,40,1212,219,2,0
Parker,445,"Constable, Precinct 4",,,Under Votes,231,26,166,35,0,0
Parker,445,"Constable, Precinct 4",,,Over Votes,0,0,0,0,0,0
Parker,445,"PARKER COUNTY HOSPITAL DISTRICT Board of Directors, Precinct 4 - Vote for none or one",,,Justin Lisle,777,16,637,123,0,0
Parker,445,"PARKER COUNTY HOSPITAL DISTRICT Board of Directors, Precinct 4 - Vote for none or one",,,Gloria Gilbert Barron,384,22,317,43,1,0
Parker,445,"PARKER COUNTY HOSPITAL DISTRICT Board of Directors, Precinct 4 - Vote for none or one",,,Under Votes,543,28,424,88,1,0
Parker,445,"PARKER COUNTY HOSPITAL DISTRICT Board of Directors, Precinct 4 - Vote for none or one",,,Over Votes,0,0,0,0,0,0
Parker,450,Registered Voters,,,,2844,,,,,
Parker,450,Ballots Cast,,,,2106,,,,,
Parker,450,President,,REP,Donald J. Trump JD Vance,1620,41,1364,209,0,0
Parker,450,President,,DEM,Kamala D. Harris Tim Walz,438,35,327,76,0,0
Parker,450,President,,LIB,Chase Oliver Mike ter Maat,11,0,4,7,0,0
Parker,450,President,,GRN,Jill Stein Rudolph Ware,3,0,2,1,0,0
Parker,450,President,,,Cherunda Fox/Harlan McVay,0,0,0,0,0,0
Parker,450,President,,,Claudia De La Cruz/Karina Garcia,0,0,0,0,0,0
Parker,450,President,,,Cornel West/Melina Abdullah,0,0,0,0,0,0
Parker,450,President,,,Jessie Cuellar/Wesley Lasley,0,0,0,0,0,0
Parker,450,President,,,Peter Sonski/Lauren Onak,3,1,2,0,0,0
Parker,450,President,,,Shiva Ayyadurai/Crystal Ellis,0,0,0,0,0,0
Parker,450,President,,,Under Votes,30,0,25,5,0,0
Parker,450,President,,,Over Votes,1,1,0,0,0,0
Parker,450,U.S. Senate,,REP,Ted Cruz,1582,43,1329,204,0,0
Parker,450,U.S. Senate,,DEM,Colin Allred,470,34,357,79,0,0
Parker,450,U.S. Senate,,LIB,Ted Brown,36,0,26,10,0,0
Parker,450,U.S. Senate,,,Analisa Roche,2,0,2,0,0,0
Parker,450,U.S. Senate,,,Tracy Andrus,0,0,0,0,0,0
Parker,450,U.S. Senate,,,Under Votes,16,1,10,5,0,0
Parker,450,U.S. Senate,,,Over Votes,0,0,0,0,0,0
Parker,450,U.S. House,12,REP,Craig Goldman,1700,42,1424,232,0,0
Parker,450,U.S. House,12,DEM,Trey J. Hunt,368,32,276,60,0,0
Parker,450,U.S. House,12,,Under Votes,38,4,24,6,0,0
Parker,450,U.S. House,12,,Over Votes,0,0,0,0,0,0
Parker,450,Railroad Commissioner,,REP,Christi Craddick,1641,42,1377,216,0,0
Parker,450,Railroad Commissioner,,DEM,Katherine Culbert,347,31,267,49,0,0
Parker,450,Railroad Commissioner,,LIB,Hawk Dunlap,57,0,37,20,0,0
Parker,450,Railroad Commissioner,,GRN,Eddie Espinoza,15,0,10,5,0,0
Parker,450,Railroad Commissioner,,,Richard McKibbin,2,0,2,0,0,0
Parker,450,Railroad Commissioner,,,Under Votes,43,4,31,8,0,0
Parker,450,Railroad Commissioner,,,Over Votes,0,0,0,0,0,0
Parker,450,"Justice, Supreme Court, Place 2",2,REP,Jimmy Blacklock,1692,39,1420,227,0,0
Parker,450,"Justice, Supreme Court, Place 2",2,DEM,DaSean Jones,377,33,279,65,0,0
Parker,450,"Justice, Supreme Court, Place 2",2,,Under Votes,36,5,25,6,0,0
Parker,450,"Justice, Supreme Court, Place 2",2,,Over Votes,0,0,0,0,0,0
Parker,450,"Justice, Supreme Court, Place 4",4,REP,John Devine,1670,40,1399,225,0,0
Parker,450,"Justice, Supreme Court, Place 4",4,DEM,Christine Vinh Weems,394,32,297,65,0,0
Parker,450,"Justice, Supreme Court, Place 4",4,,Under Votes,41,5,28,8,0,0
Parker,450,"Justice, Supreme Court, Place 4",4,,Over Votes,0,0,0,0,0,0
Parker,450,"Justice, Supreme Court, Place 6",6,REP,Jane Bland,1636,39,1380,211,0,0
Parker,450,"Justice, Supreme Court, Place 6",6,DEM,Bonnie Lee Goldstein,369,32,274,63,0,0
Parker,450,"Justice, Supreme Court, Place 6",6,LIB,J. David Roberson,55,1,37,17,0,0
Parker,450,"Justice, Supreme Court, Place 6",6,,Under Votes,45,5,33,7,0,0
Parker,450,"Justice, Supreme Court, Place 6",6,,Over Votes,0,0,0,0,0,0
Parker,450,"Presiding Judge, Court of Criminal Appeals",,REP,David J. Schenck,1674,39,1402,227,0,0
Parker,450,"Presiding Judge, Court of Criminal Appeals",,DEM,Holly Taylor,381,33,287,61,0,0
Parker,450,"Presiding Judge, Court of Criminal Appeals",,,Under Votes,50,5,35,10,0,0
Parker,450,"Presiding Judge, Court of Criminal Appeals",,,Over Votes,0,0,0,0,0,0
Parker,450,"Judge, Court of Criminal Appeals, Place 7",7,REP,Gina Parker,1686,40,1413,227,0,0
Parker,450,"Judge, Court of Criminal Appeals, Place 7",7,DEM,Nancy Mulder,369,32,276,61,0,0
Parker,450,"Judge, Court of Criminal Appeals, Place 7",7,,Under Votes,50,5,35,10,0,0
Parker,450,"Judge, Court of Criminal Appeals, Place 7",7,,Over Votes,0,0,0,0,0,0
Parker,450,"Judge, Court of Criminal Appeals, Place 8",8,REP,Lee Finley,1696,40,1419,231,0,0
Parker,450,"Judge, Court of Criminal Appeals, Place 8",8,DEM,Chika Anyiam,357,32,267,58,0,0
Parker,450,"Judge, Court of Criminal Appeals, Place 8",8,,Under Votes,52,5,38,9,0,0
Parker,450,"Judge, Court of Criminal Appeals, Place 8",8,,Over Votes,0,0,0,0,0,0
Parker,450,"Member, State Board of Education, District 11",11,REP,Brandon Hall,1646,39,1384,222,0,0
Parker,450,"Member, State Board of Education, District 11",11,DEM,Rayna Glasser,383,34,290,59,0,0
Parker,450,"Member, State Board of Education, District 11",11,GRN,Hunter Crow,24,0,16,8,0,0
Parker,450,"Member, State Board of Education, District 11",11,,Under Votes,52,4,34,9,0,0
Parker,450,"Member, State Board of Education, District 11",11,,Over Votes,0,0,0,0,0,0
Parker,450,State Senate,10,REP,Phil King,1690,45,1417,227,0,0
Parker,450,State Senate,10,DEM,Andy Morris,367,29,274,64,0,0
Parker,450,State Senate,10,,Under Votes,48,3,33,7,0,0
Parker,450,State Senate,10,,Over Votes,0,0,0,0,0,0
Parker,450,"State Representative, District 60",60,REP,Mike Olcott,1769,45,1469,254,0,0
Parker,450,"State Representative, District 60",60,,Under Votes,336,32,255,44,0,0
Parker,450,"State Representative, District 60",60,,Over Votes,0,0,0,0,0,0
Parker,450,"Chief Justice, 2nd Court of Appeals District",,REP,Bonnie Sudderth,1790,46,1492,252,0,0
Parker,450,"Chief Justice, 2nd Court of Appeals District",,,Under Votes,315,31,232,46,0,0
Parker,450,"Chief Justice, 2nd Court of Appeals District",,,Over Votes,0,0,0,0,0,0
Parker,450,"Justice, 2nd Court of Appeals District, Place 4",4,REP,Wade Birdwell,1774,46,1477,251,0,0
Parker,450,"Justice, 2nd Court of Appeals District, Place 4",4,,Under Votes,331,31,247,47,0,0
Parker,450,"Justice, 2nd Court of Appeals District, Place 4",4,,Over Votes,0,0,0,0,0,0
Parker,450,"Justice, 2nd Court of Appeals District, Place 5",5,REP,Dabney Bassel,1769,46,1473,250,0,0
Parker,450,"Justice, 2nd Court of Appeals District, Place 5",5,,Under Votes,336,31,251,48,0,0
Parker,450,"Justice, 2nd Court of Appeals District, Place 5",5,,Over Votes,0,0,0,0,0,0
Parker,450,"Justice, 2nd Court of Appeals District, Place 6",6,REP,Mike Wallach,1771,46,1475,250,0,0
Parker,450,"Justice, 2nd Court of Appeals District, Place 6",6,,Under Votes,334,31,249,48,0,0
Parker,450,"Justice, 2nd Court of Appeals District, Place 6",6,,Over Votes,0,0,0,0,0,0
Parker,450,"District Judge, 43rd Judicial District",,REP,S. Craig Towson,1782,46,1486,250,0,0
Parker,450,"District Judge, 43rd Judicial District",,,Under Votes,323,31,238,48,0,0
Parker,450,"District Judge, 43rd Judicial District",,,Over Votes,0,0,0,0,0,0
Parker,450,"District Judge, 415th Judicial District",,REP,Graham Quisenberry,1780,48,1486,246,0,0
Parker,450,"District Judge, 415th Judicial District",,,Under Votes,325,29,238,52,0,0
Parker,450,"District Judge, 415th Judicial District",,,Over Votes,0,0,0,0,0,0
Parker,450,"District Attorney, 43rd Judicial District",,REP,Jeff Swain,1782,46,1486,250,0,0
Parker,450,"District Attorney, 43rd Judicial District",,,Under Votes,323,31,238,48,0,0
Parker,450,"District Attorney, 43rd Judicial District",,,Over Votes,0,0,0,0,0,0
Parker,450,"Judge, County Court-at-Law No. 2",,REP,Lynn Marie Johnson,1776,49,1478,249,0,0
Parker,450,"Judge, County Court-at-Law No. 2",,,Under Votes,329,28,246,49,0,0
Parker,450,"Judge, County Court-at-Law No. 2",,,Over Votes,0,0,0,0,0,0
Parker,450,County Attorney,,REP,John Forrest Jr,1789,48,1486,255,0,0
Parker,450,County Attorney,,,Under Votes,316,29,238,43,0,0
Parker,450,County Attorney,,,Over Votes,0,0,0,0,0,0
Parker,450,Sheriff,,REP,Russ Authier,1783,47,1485,251,0,0
Parker,450,Sheriff,,,Under Votes,322,30,239,47,0,0
Parker,450,Sheriff,,,Over Votes,0,0,0,0,0,0
Parker,450,County Tax Assessor-Collector,,REP,"Jennifer ""Jenny"" Gentry",1797,49,1497,251,0,0
Parker,450,County Tax Assessor-Collector,,,Under Votes,308,28,227,47,0,0
Parker,450,County Tax Assessor-Collector,,,Over Votes,0,0,0,0,0,0
Parker,450,"Constable, Precinct 4",,REP,Scott Jones,1781,48,1482,251,0,0
Parker,450,"Constable, Precinct 4",,,Under Votes,324,29,242,47,0,0
Parker,450,"Constable, Precinct 4",,,Over Votes,0,0,0,0,0,0
Parker,450,"PARKER COUNTY HOSPITAL DISTRICT Board of Directors, Precinct 4 - Vote for none or one",,,Justin Lisle,897,16,743,137,0,0
Parker,450,"PARKER COUNTY HOSPITAL DISTRICT Board of Directors, Precinct 4 - Vote for none or one",,,Gloria Gilbert Barron,521,17,429,74,0,0
Parker,450,"PARKER COUNTY HOSPITAL DISTRICT Board of Directors, Precinct 4 - Vote for none or one",,,Under Votes,687,44,552,87,0,0
Parker,450,"PARKER COUNTY HOSPITAL DISTRICT Board of Directors, Precinct 4 - Vote for none or one",,,Over Votes,0,0,0,0,0,0
Parker,420,Registered Voters,,,,2509,,,,,
Parker,420,Ballots Cast,,,,1930,,,,,
Parker,420,President,,REP,Donald J. Trump JD Vance,1578,47,1237,289,0,0
Parker,420,President,,DEM,Kamala D. Harris Tim Walz,325,19,248,56,0,0
Parker,420,President,,LIB,Chase Oliver Mike ter Maat,15,1,8,6,0,0
Parker,420,President,,GRN,Jill Stein Rudolph Ware,5,0,4,1,0,0
Parker,420,President,,,Cherunda Fox/Harlan McVay,0,0,0,0,0,0
Parker,420,President,,,Claudia De La Cruz/Karina Garcia,0,0,0,0,0,0
Parker,420,President,,,Cornel West/Melina Abdullah,0,0,0,0,0,0
Parker,420,President,,,Jessie Cuellar/Wesley Lasley,0,0,0,0,0,0
Parker,420,President,,,Peter Sonski/Lauren Onak,0,0,0,0,0,0
Parker,420,President,,,Shiva Ayyadurai/Crystal Ellis,0,0,0,0,0,0
Parker,420,President,,,Under Votes,7,0,6,1,0,0
Parker,420,President,,,Over Votes,0,0,0,0,0,0
Parker,420,U.S. Senate,,REP,Ted Cruz,1540,46,1215,274,0,0
Parker,420,U.S. Senate,,DEM,Colin Allred,347,19,260,66,0,0
Parker,420,U.S. Senate,,LIB,Ted Brown,31,2,18,11,0,0
Parker,420,U.S. Senate,,,Analisa Roche,0,0,0,0,0,0
Parker,420,U.S. Senate,,,Tracy Andrus,0,0,0,0,0,0
Parker,420,U.S. Senate,,,Under Votes,12,0,10,2,0,0
Parker,420,U.S. Senate,,,Over Votes,0,0,0,0,0,0
Parker,420,U.S. House,25,REP,Roger Williams,1712,52,1337,321,0,0
Parker,420,U.S. House,25,,Chad Hagg,2,0,2,0,0,0
Parker,420,U.S. House,25,,Under Votes,216,15,164,32,0,0
Parker,420,U.S. House,25,,Over Votes,0,0,0,0,0,0
Parker,420,Railroad Commissioner,,REP,Christi Craddick,1545,46,1218,277,0,0
Parker,420,Railroad Commissioner,,DEM,Katherine Culbert,277,15,216,44,0,0
Parker,420,Railroad Commissioner,,LIB,Hawk Dunlap,47,2,27,17,0,0
Parker,420,Railroad Commissioner,,GRN,Eddie Espinoza,13,0,7,6,0,0
Parker,420,Railroad Commissioner,,,Richard McKibbin,0,0,0,0,0,0
Parker,420,Railroad Commissioner,,,Under Votes,45,1,35,9,0,0
Parker,420,Railroad Commissioner,,,Over Votes,0,0,0,0,0,0
Parker,420,"Justice, Supreme Court, Place 2",2,REP,Jimmy Blacklock,1600,46,1257,291,0,0
Parker,420,"Justice, Supreme Court, Place 2",2,DEM,DaSean Jones,291,16,224,50,0,0
Parker,420,"Justice, Supreme Court, Place 2",2,,Under Votes,36,2,22,12,0,0
Parker,420,"Justice, Supreme Court, Place 2",2,,Over Votes,0,0,0,0,0,0
Parker,420,"Justice, Supreme Court, Place 4",4,REP,John Devine,1581,46,1244,286,0,0
Parker,420,"Justice, Supreme Court, Place 4",4,DEM,Christine Vinh Weems,311,17,236,56,0,0
Parker,420,"Justice, Supreme Court, Place 4",4,,Under Votes,35,1,23,11,0,0
Parker,420,"Justice, Supreme Court, Place 4",4,,Over Votes,0,0,0,0,0,0
Parker,420,"Justice, Supreme Court, Place 6",6,REP,Jane Bland,1560,45,1233,278,0,0
Parker,420,"Justice, Supreme Court, Place 6",6,DEM,Bonnie Lee Goldstein,284,16,218,48,0,0
Parker,420,"Justice, Supreme Court, Place 6",6,LIB,J. David Roberson,46,2,26,17,0,0
Parker,420,"Justice, Supreme Court, Place 6",6,,Under Votes,37,1,26,10,0,0
Parker,420,"Justice, Supreme Court, Place 6",6,,Over Votes,0,0,0,0,0,0
Parker,420,"Presiding Judge, Court of Criminal Appeals",,REP,David J. Schenck,1586,46,1247,288,0,0
Parker,420,"Presiding Judge, Court of Criminal Appeals",,DEM,Holly Taylor,296,16,225,53,0,0
Parker,420,"Presiding Judge, Court of Criminal Appeals",,,Under Votes,45,2,31,12,0,0
Parker,420,"Presiding Judge, Court of Criminal Appeals",,,Over Votes,0,0,0,0,0,0
Parker,420,"Judge, Court of Criminal Appeals, Place 7",7,REP,Gina Parker,1595,48,1249,293,0,0
Parker,420,"Judge, Court of Criminal Appeals, Place 7",7,DEM,Nancy Mulder,291,15,226,48,0,0
Parker,420,"Judge, Court of Criminal Appeals, Place 7",7,,Under Votes,41,1,28,12,0,0
Parker,420,"Judge, Court of Criminal Appeals, Place 7",7,,Over Votes,0,0,0,0,0,0
Parker,420,"Judge, Court of Criminal Appeals, Place 8",8,REP,Lee Finley,1597,48,1251,294,0,0
Parker,420,"Judge, Court of Criminal Appeals, Place 8",8,DEM,Chika Anyiam,281,14,220,47,0,0
Parker,420,"Judge, Court of Criminal Appeals, Place 8",8,,Under Votes,49,2,32,12,0,0
Parker,420,"Judge, Court of Criminal Appeals, Place 8",8,,Over Votes,0,0,0,0,0,0
Parker,420,"Member, State Board of Education, District 11",11,REP,Brandon Hall,1563,45,1230,286,0,0
Parker,420,"Member, State Board of Education, District 11",11,DEM,Rayna Glasser,293,16,228,48,0,0
Parker,420,"Member, State Board of Education, District 11",11,GRN,Hunter Crow,24,0,14,10,0,0
Parker,420,"Member, State Board of Education, District 11",11,,Under Votes,47,3,31,9,0,0
Parker,420,"Member, State Board of Education, District 11",11,,Over Votes,0,0,0,0,0,0
Parker,420,State Senate,10,REP,Phil King,1586,48,1244,293,0,0
Parker,420,State Senate,10,DEM,Andy Morris,296,14,232,49,0,0
Parker,420,State Senate,10,,Under Votes,45,2,27,11,0,0
Parker,420,State Senate,10,,Over Votes,0,0,0,0,0,0
Parker,420,"State Representative, District 60",60,REP,Mike Olcott,1652,49,1291,312,0,0
Parker,420,"State Representative, District 60",60,,Under Votes,275,15,212,41,0,0
Parker,420,"State Representative, District 60",60,,Over Votes,0,0,0,0,0,0
Parker,420,"Chief Justice, 2nd Court of Appeals District",,REP,Bonnie Sudderth,1669,50,1305,313,0,0
Parker,420,"Chief Justice, 2nd Court of Appeals District",,,Under Votes,258,14,198,40,0,0
Parker,420,"Chief Justice, 2nd Court of Appeals District",,,Over Votes,0,0,0,0,0,0
Parker,420,"Justice, 2nd Court of Appeals District, Place 4",4,REP,Wade Birdwell,1659,49,1298,312,0,0
Parker,420,"Justice, 2nd Court of Appeals District, Place 4",4,,Under Votes,268,15,205,41,0,0
Parker,420,"Justice, 2nd Court of Appeals District, Place 4",4,,Over Votes,0,0,0,0,0,0
Parker,420,"Justice, 2nd Court of Appeals District, Place 5",5,REP,Dabney Bassel,1649,49,1290,310,0,0
Parker,420,"Justice, 2nd Court of Appeals District, Place 5",5,,Under Votes,278,15,213,43,0,0
Parker,420,"Justice, 2nd Court of Appeals District, Place 5",5,,Over Votes,0,0,0,0,0,0
Parker,420,"Justice, 2nd Court of Appeals District, Place 6",6,REP,Mike Wallach,1658,49,1298,311,0,0
Parker,420,"Justice, 2nd Court of Appeals District, Place 6",6,,Under Votes,269,15,205,42,0,0
Parker,420,"Justice, 2nd Court of Appeals District, Place 6",6,,Over Votes,0,0,0,0,0,0
Parker,420,"District Judge, 43rd Judicial District",,REP,S. Craig Towson,1650,48,1290,312,0,0
Parker,420,"District Judge, 43rd Judicial District",,,Under Votes,277,16,213,41,0,0
Parker,420,"District Judge, 43rd Judicial District",,,Over Votes,0,0,0,0,0,0
Parker,420,"District Judge, 415th Judicial District",,REP,Graham Quisenberry,1648,48,1290,310,0,0
Parker,420,"District Judge, 415th Judicial District",,,Under Votes,279,16,213,43,0,0
Parker,420,"District Judge, 415th Judicial District",,,Over Votes,0,0,0,0,0,0
Parker,420,"District Attorney, 43rd Judicial District",,REP,Jeff Swain,1649,48,1291,310,0,0
Parker,420,"District Attorney, 43rd Judicial District",,,Under Votes,278,16,212,43,0,0
Parker,420,"District Attorney, 43rd Judicial District",,,Over Votes,0,0,0,0,0,0
Parker,420,"Judge, County Court-at-Law No. 2",,REP,Lynn Marie Johnson,1652,48,1292,312,0,0
Parker,420,"Judge, County Court-at-Law No. 2",,,Under Votes,275,16,211,41,0,0
Parker,420,"Judge, County Court-at-Law No. 2",,,Over Votes,0,0,0,0,0,0
Parker,420,County Attorney,,REP,John Forrest Jr,1653,48,1294,311,0,0
Parker,420,County Attorney,,,Under Votes,274,16,209,42,0,0
Parker,420,County Attorney,,,Over Votes,0,0,0,0,0,0
Parker,420,Sheriff,,REP,Russ Authier,1655,48,1297,310,0,0
Parker,420,Sheriff,,,Under Votes,272,16,206,43,0,0
Parker,420,Sheriff,,,Over Votes,0,0,0,0,0,0
Parker,420,County Tax Assessor-Collector,,REP,"Jennifer ""Jenny"" Gentry",1657,48,1295,314,0,0
Parker,420,County Tax Assessor-Collector,,,Under Votes,270,16,208,39,0,0
Parker,420,County Tax Assessor-Collector,,,Over Votes,0,0,0,0,0,0
Parker,420,"Constable, Precinct 4",,REP,Scott Jones,1650,48,1291,311,0,0
Parker,420,"Constable, Precinct 4",,,Under Votes,277,16,212,42,0,0
Parker,420,"Constable, Precinct 4",,,Over Votes,0,0,0,0,0,0
Parker,420,"GRANBURY INDEPENDENT SCHOOL DISTRICT Trustee, Place 3 - Vote for none or one",3,,Tim Bolton,316,4,215,97,0,0
Parker,420,"GRANBURY INDEPENDENT SCHOOL DISTRICT Trustee, Place 3 - Vote for none or one",3,,Bret Deason,87,5,57,24,0,0
Parker,420,"GRANBURY INDEPENDENT SCHOOL DISTRICT Trustee, Place 3 - Vote for none or one",3,,Under Votes,160,9,93,58,0,0
Parker,420,"GRANBURY INDEPENDENT SCHOOL DISTRICT Trustee, Place 3 - Vote for none or one",3,,Over Votes,0,0,0,0,0,0
Parker,420,"GRANBURY INDEPENDENT SCHOOL DISTRICT Trustee, Place 4 - Vote for none or one",4,,Courtney Gore,209,4,141,64,0,0
Parker,420,"GRANBURY INDEPENDENT SCHOOL DISTRICT Trustee, Place 4 - Vote for none or one",4,,Jaci Lopez,193,5,128,59,0,0
Parker,420,"GRANBURY INDEPENDENT SCHOOL DISTRICT Trustee, Place 4 - Vote for none or one",4,,Under Votes,161,9,96,56,0,0
Parker,420,"GRANBURY INDEPENDENT SCHOOL DISTRICT Trustee, Place 4 - Vote for none or one",4,,Over Votes,0,0,0,0,0,0
Parker,420,"PARKER COUNTY HOSPITAL DISTRICT Board of Directors, Precinct 4 - Vote for none or one",,,Justin Lisle,783,15,636,132,0,0
Parker,420,"PARKER COUNTY HOSPITAL DISTRICT Board of Directors, Precinct 4 - Vote for none or one",,,Gloria Gilbert Barron,495,13,383,98,0,0
Parker,420,"PARKER COUNTY HOSPITAL DISTRICT Board of Directors, Precinct 4 - Vote for none or one",,,Under Votes,649,36,484,123,0,0
Parker,420,"PARKER COUNTY HOSPITAL DISTRICT Board of Directors, Precinct 4 - Vote for none or one",,,Over Votes,0,0,0,0,0,0
Parker,400,Registered Voters,,,,3643,,,,,
Parker,400,Ballots Cast,,,,2647,,,,,
Parker,400,President,,REP,Donald J. Trump JD Vance,2073,43,1728,289,3,0
Parker,400,President,,DEM,Kamala D. Harris Tim Walz,530,46,422,62,0,0
Parker,400,President,,LIB,Chase Oliver Mike ter Maat,15,1,8,6,0,0
Parker,400,President,,GRN,Jill Stein Rudolph Ware,11,0,7,4,0,0
Parker,400,President,,,Cherunda Fox/Harlan McVay,0,0,0,0,0,0
Parker,400,President,,,Claudia De La Cruz/Karina Garcia,0,0,0,0,0,0
Parker,400,President,,,Cornel West/Melina Abdullah,2,0,2,0,0,0
Parker,400,President,,,Jessie Cuellar/Wesley Lasley,0,0,0,0,0,0
Parker,400,President,,,Peter Sonski/Lauren Onak,0,0,0,0,0,0
Parker,400,President,,,Shiva Ayyadurai/Crystal Ellis,0,0,0,0,0,0
Parker,400,President,,,Under Votes,16,0,15,1,0,0
Parker,400,President,,,Over Votes,0,0,0,0,0,0
Parker,400,U.S. Senate,,REP,Ted Cruz,2028,44,1697,274,3,0
Parker,400,U.S. Senate,,DEM,Colin Allred,562,45,446,71,0,0
Parker,400,U.S. Senate,,LIB,Ted Brown,49,0,34,15,0,0
Parker,400,U.S. Senate,,,Analisa Roche,0,0,0,0,0,0
Parker,400,U.S. Senate,,,Tracy Andrus,0,0,0,0,0,0
Parker,400,U.S. Senate,,,Under Votes,8,1,5,2,0,0
Parker,400,U.S. Senate,,,Over Votes,0,0,0,0,0,0
Parker,400,U.S. House,12,REP,Craig Goldman,2153,46,1800,298,3,0
Parker,400,U.S. House,12,DEM,Trey J. Hunt,467,43,364,59,0,0
Parker,400,U.S. House,12,,Under Votes,27,1,18,5,0,0
Parker,400,U.S. House,12,,Over Votes,0,0,0,0,0,0
Parker,400,Railroad Commissioner,,REP,Christi Craddick,2062,44,1730,275,3,0
Parker,400,Railroad Commissioner,,DEM,Katherine Culbert,445,37,364,44,0,0
Parker,400,Railroad Commissioner,,LIB,Hawk Dunlap,56,0,38,18,0,0
Parker,400,Railroad Commissioner,,GRN,Eddie Espinoza,31,2,17,12,0,0
Parker,400,Railroad Commissioner,,,Richard McKibbin,0,0,0,0,0,0
Parker,400,Railroad Commissioner,,,Under Votes,50,4,33,13,0,0
Parker,400,Railroad Commissioner,,,Over Votes,0,0,0,0,0,0
Parker,400,"Justice, Supreme Court, Place 2",2,REP,Jimmy Blacklock,2142,43,1785,301,3,0
Parker,400,"Justice, Supreme Court, Place 2",2,DEM,DaSean Jones,466,40,374,52,0,0
Parker,400,"Justice, Supreme Court, Place 2",2,,Under Votes,36,4,23,9,0,0
Parker,400,"Justice, Supreme Court, Place 2",2,,Over Votes,0,0,0,0,0,0
Parker,400,"Justice, Supreme Court, Place 4",4,REP,John Devine,2110,41,1765,291,3,0
Parker,400,"Justice, Supreme Court, Place 4",4,DEM,Christine Vinh Weems,485,42,385,58,0,0
Parker,400,"Justice, Supreme Court, Place 4",4,,Under Votes,49,4,32,13,0,0
Parker,400,"Justice, Supreme Court, Place 4",4,,Over Votes,0,0,0,0,0,0
Parker,400,"Justice, Supreme Court, Place 6",6,REP,Jane Bland,2068,42,1735,278,3,0
Parker,400,"Justice, Supreme Court, Place 6",6,DEM,Bonnie Lee Goldstein,449,41,364,44,0,0
Parker,400,"Justice, Supreme Court, Place 6",6,LIB,J. David Roberson,77,0,52,25,0,0
Parker,400,"Justice, Supreme Court, Place 6",6,,Under Votes,50,4,31,15,0,0
Parker,400,"Justice, Supreme Court, Place 6",6,,Over Votes,0,0,0,0,0,0
Parker,400,"Presiding Judge, Court of Criminal Appeals",,REP,David J. Schenck,2122,44,1776,289,3,0
Parker,400,"Presiding Judge, Court of Criminal Appeals",,DEM,Holly Taylor,470,39,374,57,0,0
Parker,400,"Presiding Judge, Court of Criminal Appeals",,,Under Votes,52,4,32,16,0,0
Parker,400,"Presiding Judge, Court of Criminal Appeals",,,Over Votes,0,0,0,0,0,0
Parker,400,"Judge, Court of Criminal Appeals, Place 7",7,REP,Gina Parker,2132,46,1779,295,3,0
Parker,400,"Judge, Court of Criminal Appeals, Place 7",7,DEM,Nancy Mulder,455,36,368,51,0,0
Parker,400,"Judge, Court of Criminal Appeals, Place 7",7,,Under Votes,57,5,35,16,0,0
Parker,400,"Judge, Court of Criminal Appeals, Place 7",7,,Over Votes,0,0,0,0,0,0
Parker,400,"Judge, Court of Criminal Appeals, Place 8",8,REP,Lee Finley,2141,46,1789,294,3,0
Parker,400,"Judge, Court of Criminal Appeals, Place 8",8,DEM,Chika Anyiam,441,35,355,51,0,0
Parker,400,"Judge, Court of Criminal Appeals, Place 8",8,,Under Votes,62,6,38,17,0,0
Parker,400,"Judge, Court of Criminal Appeals, Place 8",8,,Over Votes,0,0,0,0,0,0
Parker,400,"Member, State Board of Education, District 11",11,REP,Brandon Hall,2075,44,1740,282,3,0
Parker,400,"Member, State Board of Education, District 11",11,DEM,Rayna Glasser,472,37,383,52,0,0
Parker,400,"Member, State Board of Education, District 11",11,GRN,Hunter Crow,43,2,24,17,0,0
Parker,400,"Member, State Board of Education, District 11",11,,Under Votes,54,4,35,11,0,0
Parker,400,"Member, State Board of Education, District 11",11,,Over Votes,0,0,0,0,0,0
Parker,400,State Senate,30,REP,Brent Hagenbuch,2110,44,1768,294,3,0
Parker,400,State Senate,30,DEM,Dale Frey,479,40,384,55,0,0
Parker,400,State Senate,30,,Under Votes,55,3,30,13,0,0
Parker,400,State Senate,30,,Over Votes,0,0,0,0,0,0
Parker,400,"State Representative, District 60",60,REP,Mike Olcott,2254,48,1876,327,3,0
Parker,400,"State Representative, District 60",60,,Under Votes,390,39,306,35,0,0
Parker,400,"State Representative, District 60",60,,Over Votes,0,0,0,0,0,0
Parker,400,"Chief Justice, 2nd Court of Appeals District",,REP,Bonnie Sudderth,2254,48,1877,322,3,0
Parker,400,"Chief Justice, 2nd Court of Appeals District",,,Under Votes,390,39,305,40,0,0
Parker,400,"Chief Justice, 2nd Court of Appeals District",,,Over Votes,0,0,0,0,0,0
Parker,400,"Justice, 2nd Court of Appeals District, Place 4",4,REP,Wade Birdwell,2244,48,1871,319,3,0
Parker,400,"Justice, 2nd Court of Appeals District, Place 4",4,,Under Votes,400,39,311,43,0,0
Parker,400,"Justice, 2nd Court of Appeals District, Place 4",4,,Over Votes,0,0,0,0,0,0
Parker,400,"Justice, 2nd Court of Appeals District, Place 5",5,REP,Dabney Bassel,2235,48,1864,317,3,0
Parker,400,"Justice, 2nd Court of Appeals District, Place 5",5,,Under Votes,409,39,318,45,0,0
Parker,400,"Justice, 2nd Court of Appeals District, Place 5",5,,Over Votes,0,0,0,0,0,0
Parker,400,"Justice, 2nd Court of Appeals District, Place 6",6,REP,Mike Wallach,2231,48,1858,319,3,0
Parker,400,"Justice, 2nd Court of Appeals District, Place 6",6,,Under Votes,413,39,324,43,0,0
Parker,400,"Justice, 2nd Court of Appeals District, Place 6",6,,Over Votes,0,0,0,0,0,0
Parker,400,"District Judge, 43rd Judicial District",,REP,S. Craig Towson,2236,51,1863,319,3,0
Parker,400,"District Judge, 43rd Judicial District",,,Under Votes,408,36,319,43,0,0
Parker,400,"District Judge, 43rd Judicial District",,,Over Votes,0,0,0,0,0,0
Parker,400,"District Judge, 415th Judicial District",,REP,Graham Quisenberry,2237,49,1867,318,3,0
Parker,400,"District Judge, 415th Judicial District",,,Under Votes,407,38,315,44,0,0
Parker,400,"District Judge, 415th Judicial District",,,Over Votes,0,0,0,0,0,0
Parker,400,"District Attorney, 43rd Judicial District",,REP,Jeff Swain,2239,49,1866,321,3,0
Parker,400,"District Attorney, 43rd Judicial District",,,Under Votes,405,38,316,41,0,0
Parker,400,"District Attorney, 43rd Judicial District",,,Over Votes,0,0,0,0,0,0
Parker,400,"Judge, County Court-at-Law No. 2",,REP,Lynn Marie Johnson,2233,50,1860,320,3,0
Parker,400,"Judge, County Court-at-Law No. 2",,,Under Votes,411,37,322,42,0,0
Parker,400,"Judge, County Court-at-Law No. 2",,,Over Votes,0,0,0,0,0,0
Parker,400,County Attorney,,REP,John Forrest Jr,2236,50,1863,320,3,0
Parker,400,County Attorney,,,Under Votes,408,37,319,42,0,0
Parker,400,County Attorney,,,Over Votes,0,0,0,0,0,0
Parker,400,Sheriff,,REP,Russ Authier,2232,49,1860,320,3,0
Parker,400,Sheriff,,,Under Votes,412,38,322,42,0,0
Parker,400,Sheriff,,,Over Votes,0,0,0,0,0,0
Parker,400,County Tax Assessor-Collector,,REP,"Jennifer ""Jenny"" Gentry",2244,51,1871,319,3,0
Parker,400,County Tax Assessor-Collector,,,Under Votes,400,36,311,43,0,0
Parker,400,County Tax Assessor-Collector,,,Over Votes,0,0,0,0,0,0
Parker,400,"Constable, Precinct 4",,REP,Scott Jones,2236,50,1867,316,3,0
Parker,400,"Constable, Precinct 4",,,Under Votes,408,37,315,46,0,0
Parker,400,"Constable, Precinct 4",,,Over Votes,0,0,0,0,0,0
Parker,400,"PARKER COUNTY HOSPITAL DISTRICT Board of Directors, Precinct 4 - Vote for none or one",,,Justin Lisle,1069,22,893,154,0,0
Parker,400,"PARKER COUNTY HOSPITAL DISTRICT Board of Directors, Precinct 4 - Vote for none or one",,,Gloria Gilbert Barron,737,20,608,108,0,0
Parker,400,"PARKER COUNTY HOSPITAL DISTRICT Board of Directors, Precinct 4 - Vote for none or one",,,Under Votes,838,45,681,100,3,0
Parker,400,"PARKER COUNTY HOSPITAL DISTRICT Board of Directors, Precinct 4 - Vote for none or one",,,Over Votes,0,0,0,0,0,0
Parker,410,Registered Voters,,,,2868,,,,,
Parker,410,Ballots Cast,,,,2216,,,,,
Parker,410,President,,REP,Donald J. Trump JD Vance,1738,41,1455,227,2,0
Parker,410,President,,DEM,Kamala D. Harris Tim Walz,437,39,341,54,0,0
Parker,410,President,,LIB,Chase Oliver Mike ter Maat,16,0,7,9,0,0
Parker,410,President,,GRN,Jill Stein Rudolph Ware,2,0,2,0,0,0
Parker,410,President,,,Cherunda Fox/Harlan McVay,0,0,0,0,0,0
Parker,410,President,,,Claudia De La Cruz/Karina Garcia,0,0,0,0,0,0
Parker,410,President,,,Cornel West/Melina Abdullah,0,0,0,0,0,0
Parker,410,President,,,Jessie Cuellar/Wesley Lasley,0,0,0,0,0,0
Parker,410,President,,,Peter Sonski/Lauren Onak,0,0,0,0,0,0
Parker,410,President,,,Shiva Ayyadurai/Crystal Ellis,0,0,0,0,0,0
Parker,410,President,,,Under Votes,23,1,21,1,0,0
Parker,410,President,,,Over Votes,0,0,0,0,0,0
Parker,410,U.S. Senate,,REP,Ted Cruz,1690,41,1422,213,2,0
Parker,410,U.S. Senate,,DEM,Colin Allred,469,40,363,62,0,0
Parker,410,U.S. Senate,,LIB,Ted Brown,47,0,32,15,0,0
Parker,410,U.S. Senate,,,Analisa Roche,0,0,0,0,0,0
Parker,410,U.S. Senate,,,Tracy Andrus,0,0,0,0,0,0
Parker,410,U.S. Senate,,,Under Votes,10,0,9,1,0,0
Parker,410,U.S. Senate,,,Over Votes,0,0,0,0,0,0
Parker,410,U.S. House,25,REP,Roger Williams,1922,47,1604,262,2,0
Parker,410,U.S. House,25,,Chad Hagg,11,5,5,1,0,0
Parker,410,U.S. House,25,,Under Votes,283,29,217,28,0,0
Parker,410,U.S. House,25,,Over Votes,0,0,0,0,0,0
Parker,410,Railroad Commissioner,,REP,Christi Craddick,1726,41,1456,214,2,0
Parker,410,Railroad Commissioner,,DEM,Katherine Culbert,351,34,266,49,0,0
Parker,410,Railroad Commissioner,,LIB,Hawk Dunlap,60,0,47,13,0,0
Parker,410,Railroad Commissioner,,GRN,Eddie Espinoza,16,1,9,5,0,0
Parker,410,Railroad Commissioner,,,Richard McKibbin,0,0,0,0,0,0
Parker,410,Railroad Commissioner,,,Under Votes,62,4,48,10,0,0
Parker,410,Railroad Commissioner,,,Over Votes,0,0,0,0,0,0
Parker,410,"Justice, Supreme Court, Place 2",2,REP,Jimmy Blacklock,1777,42,1487,233,2,0
Parker,410,"Justice, Supreme Court, Place 2",2,DEM,DaSean Jones,374,34,289,48,0,0
Parker,410,"Justice, Supreme Court, Place 2",2,,Under Votes,64,4,50,10,0,0
Parker,410,"Justice, Supreme Court, Place 2",2,,Over Votes,0,0,0,0,0,0
Parker,410,"Justice, Supreme Court, Place 4",4,REP,John Devine,1761,41,1474,231,2,0
Parker,410,"Justice, Supreme Court, Place 4",4,DEM,Christine Vinh Weems,397,35,307,52,0,0
Parker,410,"Justice, Supreme Court, Place 4",4,,Under Votes,57,4,45,8,0,0
Parker,410,"Justice, Supreme Court, Place 4",4,,Over Votes,0,0,0,0,0,0
Parker,410,"Justice, Supreme Court, Place 6",6,REP,Jane Bland,1733,42,1454,222,2,0
Parker,410,"Justice, Supreme Court, Place 6",6,DEM,Bonnie Lee Goldstein,370,33,288,46,0,0
Parker,410,"Justice, Supreme Court, Place 6",6,LIB,J. David Roberson,58,1,41,16,0,0
Parker,410,"Justice, Supreme Court, Place 6",6,,Under Votes,54,4,43,7,0,0
Parker,410,"Justice, Supreme Court, Place 6",6,,Over Votes,0,0,0,0,0,0
Parker,410,"Presiding Judge, Court of Criminal Appeals",,REP,David J. Schenck,1772,42,1487,228,2,0
Parker,410,"Presiding Judge, Court of Criminal Appeals",,DEM,Holly Taylor,382,34,289,57,0,0
Parker,410,"Presiding Judge, Court of Criminal Appeals",,,Under Votes,61,4,50,6,0,0
Parker,410,"Presiding Judge, Court of Criminal Appeals",,,Over Votes,0,0,0,0,0,0
Parker,410,"Judge, Court of Criminal Appeals, Place 7",7,REP,Gina Parker,1769,41,1484,230,2,0
Parker,410,"Judge, Court of Criminal Appeals, Place 7",7,DEM,Nancy Mulder,384,35,292,54,0,0
Parker,410,"Judge, Court of Criminal Appeals, Place 7",7,,Under Votes,62,4,50,7,0,0
Parker,410,"Judge, Court of Criminal Appeals, Place 7",7,,Over Votes,0,0,0,0,0,0
Parker,410,"Judge, Court of Criminal Appeals, Place 8",8,REP,Lee Finley,1789,42,1496,236,2,0
Parker,410,"Judge, Court of Criminal Appeals, Place 8",8,DEM,Chika Anyiam,361,34,280,46,0,0
Parker,410,"Judge, Court of Criminal Appeals, Place 8",8,,Under Votes,65,4,50,9,0,0
Parker,410,"Judge, Court of Criminal Appeals, Place 8",8,,Over Votes,0,0,0,0,0,0
Parker,410,"Member, State Board of Education, District 11",11,REP,Brandon Hall,1721,41,1448,225,2,0
Parker,410,"Member, State Board of Education, District 11",11,DEM,Rayna Glasser,391,34,305,51,0,0
Parker,410,"Member, State Board of Education, District 11",11,GRN,Hunter Crow,35,1,25,8,0,0
Parker,410,"Member, State Board of Education, District 11",11,,Under Votes,68,4,48,7,0,0
Parker,410,"Member, State Board of Education, District 11",11,,Over Votes,0,0,0,0,0,0
Parker,410,State Senate,30,REP,Brent Hagenbuch,1740,43,1461,232,2,0
Parker,410,State Senate,30,DEM,Dale Frey,397,33,311,52,0,0
Parker,410,State Senate,30,,Under Votes,78,4,54,7,0,0
Parker,410,State Senate,30,,Over Votes,0,0,0,0,0,0
Parker,410,"State Representative, District 60",60,REP,Mike Olcott,1842,47,1541,252,1,0
Parker,410,"State Representative, District 60",60,,Under Votes,373,33,285,39,1,0
Parker,410,"State Representative, District 60",60,,Over Votes,0,0,0,0,0,0
Parker,410,"Chief Justice, 2nd Court of Appeals District",,REP,Bonnie Sudderth,1866,47,1555,256,2,0
Parker,410,"Chief Justice, 2nd Court of Appeals District",,,Under Votes,349,33,271,35,0,0
Parker,410,"Chief Justice, 2nd Court of Appeals District",,,Over Votes,0,0,0,0,0,0
Parker,410,"Justice, 2nd Court of Appeals District, Place 4",4,REP,Wade Birdwell,1864,47,1555,255,2,0
Parker,410,"Justice, 2nd Court of Appeals District, Place 4",4,,Under Votes,351,33,271,36,0,0
Parker,410,"Justice, 2nd Court of Appeals District, Place 4",4,,Over Votes,0,0,0,0,0,0
Parker,410,"Justice, 2nd Court of Appeals District, Place 5",5,REP,Dabney Bassel,1855,46,1547,255,2,0
Parker,410,"Justice, 2nd Court of Appeals District, Place 5",5,,Under Votes,360,34,279,36,0,0
Parker,410,"Justice, 2nd Court of Appeals District, Place 5",5,,Over Votes,0,0,0,0,0,0
Parker,410,"Justice, 2nd Court of Appeals District, Place 6",6,REP,Mike Wallach,1853,47,1546,253,2,0
Parker,410,"Justice, 2nd Court of Appeals District, Place 6",6,,Under Votes,362,33,280,38,0,0
Parker,410,"Justice, 2nd Court of Appeals District, Place 6",6,,Over Votes,0,0,0,0,0,0
Parker,410,"District Judge, 43rd Judicial District",,REP,S. Craig Towson,1856,49,1552,253,2,0
Parker,410,"District Judge, 43rd Judicial District",,,Under Votes,359,31,274,38,0,0
Parker,410,"District Judge, 43rd Judicial District",,,Over Votes,0,0,0,0,0,0
Parker,410,"District Judge, 415th Judicial District",,REP,Graham Quisenberry,1857,49,1551,255,2,0
Parker,410,"District Judge, 415th Judicial District",,,Under Votes,358,31,275,36,0,0
Parker,410,"District Judge, 415th Judicial District",,,Over Votes,0,0,0,0,0,0
Parker,410,"District Attorney, 43rd Judicial District",,REP,Jeff Swain,1850,50,1545,253,2,0
Parker,410,"District Attorney, 43rd Judicial District",,,Under Votes,365,30,281,38,0,0
Parker,410,"District Attorney, 43rd Judicial District",,,Over Votes,0,0,0,0,0,0
Parker,410,"Judge, County Court-at-Law No. 2",,REP,Lynn Marie Johnson,1835,48,1533,252,2,0
Parker,410,"Judge, County Court-at-Law No. 2",,,Under Votes,380,32,293,39,0,0
Parker,410,"Judge, County Court-at-Law No. 2",,,Over Votes,0,0,0,0,0,0
Parker,410,County Attorney,,REP,John Forrest Jr,1843,48,1543,250,2,0
Parker,410,County Attorney,,,Under Votes,372,32,283,41,0,0
Parker,410,County Attorney,,,Over Votes,0,0,0,0,0,0
Parker,410,Sheriff,,REP,Russ Authier,1844,50,1542,250,2,0
Parker,410,Sheriff,,,Under Votes,371,30,284,41,0,0
Parker,410,Sheriff,,,Over Votes,0,0,0,0,0,0
Parker,410,County Tax Assessor-Collector,,REP,"Jennifer ""Jenny"" Gentry",1855,48,1552,253,2,0
Parker,410,County Tax Assessor-Collector,,,Under Votes,360,32,274,38,0,0
Parker,410,County Tax Assessor-Collector,,,Over Votes,0,0,0,0,0,0
Parker,410,"Constable, Precinct 4",,REP,Scott Jones,1839,49,1537,251,2,0
Parker,410,"Constable, Precinct 4",,,Under Votes,376,31,289,40,0,0
Parker,410,"Constable, Precinct 4",,,Over Votes,0,0,0,0,0,0
Parker,410,"PARKER COUNTY HOSPITAL DISTRICT Board of Directors, Precinct 4 - Vote for none or one",,,Justin Lisle,979,11,845,121,1,0
Parker,410,"PARKER COUNTY HOSPITAL DISTRICT Board of Directors, Precinct 4 - Vote for none or one",,,Gloria Gilbert Barron,561,33,437,89,0,0
Parker,410,"PARKER COUNTY HOSPITAL DISTRICT Board of Directors, Precinct 4 - Vote for none or one",,,Under Votes,675,36,544,81,1,0
Parker,410,"PARKER COUNTY HOSPITAL DISTRICT Board of Directors, Precinct 4 - Vote for none or one",,,Over Votes,0,0,0,0,0,0
Parker,415,Registered Voters,,,,2157,,,,,
Parker,415,Ballots Cast,,,,1660,,,,,
Parker,415,President,,REP,Donald J. Trump JD Vance,1266,42,1033,179,1,0
Parker,415,President,,DEM,Kamala D. Harris Tim Walz,372,36,294,40,0,0
Parker,415,President,,LIB,Chase Oliver Mike ter Maat,11,1,9,1,0,0
Parker,415,President,,GRN,Jill Stein Rudolph Ware,7,0,6,1,0,0
Parker,415,President,,,Cherunda Fox/Harlan McVay,0,0,0,0,0,0
Parker,415,President,,,Claudia De La Cruz/Karina Garcia,0,0,0,0,0,0
Parker,415,President,,,Cornel West/Melina Abdullah,0,0,0,0,0,0
Parker,415,President,,,Jessie Cuellar/Wesley Lasley,0,0,0,0,0,0
Parker,415,President,,,Peter Sonski/Lauren Onak,0,0,0,0,0,0
Parker,415,President,,,Shiva Ayyadurai/Crystal Ellis,0,0,0,0,0,0
Parker,415,President,,,Under Votes,4,0,4,0,0,0
Parker,415,President,,,Over Votes,0,0,0,0,0,0
Parker,415,U.S. Senate,,REP,Ted Cruz,1229,44,1005,168,1,0
Parker,415,U.S. Senate,,DEM,Colin Allred,399,34,317,46,0,0
Parker,415,U.S. Senate,,LIB,Ted Brown,25,1,19,5,0,0
Parker,415,U.S. Senate,,,Analisa Roche,0,0,0,0,0,0
Parker,415,U.S. Senate,,,Tracy Andrus,0,0,0,0,0,0
Parker,415,U.S. Senate,,,Under Votes,7,0,5,2,0,0
Parker,415,U.S. Senate,,,Over Votes,0,0,0,0,0,0
Parker,415,U.S. House,25,REP,Roger Williams,1409,49,1152,203,1,0
Parker,415,U.S. House,25,,Chad Hagg,5,4,0,1,0,0
Parker,415,U.S. House,25,,Under Votes,246,26,194,17,0,0
Parker,415,U.S. House,25,,Over Votes,0,0,0,0,0,0
Parker,415,Railroad Commissioner,,REP,Christi Craddick,1259,43,1032,174,1,0
Parker,415,Railroad Commissioner,,DEM,Katherine Culbert,293,25,239,27,0,0
Parker,415,Railroad Commissioner,,LIB,Hawk Dunlap,43,2,30,10,0,0
Parker,415,Railroad Commissioner,,GRN,Eddie Espinoza,16,1,10,5,0,0
Parker,415,Railroad Commissioner,,,Richard McKibbin,0,0,0,0,0,0
Parker,415,Railroad Commissioner,,,Under Votes,47,6,35,5,0,0
Parker,415,Railroad Commissioner,,,Over Votes,0,0,0,0,0,0
Parker,415,"Justice, Supreme Court, Place 2",2,REP,Jimmy Blacklock,1289,42,1055,181,1,0
Parker,415,"Justice, Supreme Court, Place 2",2,DEM,DaSean Jones,322,29,258,33,0,0
Parker,415,"Justice, Supreme Court, Place 2",2,,Under Votes,47,6,33,7,0,0
Parker,415,"Justice, Supreme Court, Place 2",2,,Over Votes,0,0,0,0,0,0
Parker,415,"Justice, Supreme Court, Place 4",4,REP,John Devine,1268,43,1035,179,1,0
Parker,415,"Justice, Supreme Court, Place 4",4,DEM,Christine Vinh Weems,341,27,278,34,0,0
Parker,415,"Justice, Supreme Court, Place 4",4,,Under Votes,49,7,33,8,0,0
Parker,415,"Justice, Supreme Court, Place 4",4,,Over Votes,0,0,0,0,0,0
Parker,415,"Justice, Supreme Court, Place 6",6,REP,Jane Bland,1250,43,1026,171,1,0
Parker,415,"Justice, Supreme Court, Place 6",6,DEM,Bonnie Lee Goldstein,315,26,257,30,0,0
Parker,415,"Justice, Supreme Court, Place 6",6,LIB,J. David Roberson,49,1,34,13,0,0
Parker,415,"Justice, Supreme Court, Place 6",6,,Under Votes,44,7,29,7,0,0
Parker,415,"Justice, Supreme Court, Place 6",6,,Over Votes,0,0,0,0,0,0
Parker,415,"Presiding Judge, Court of Criminal Appeals",,REP,David J. Schenck,1282,44,1047,180,1,0
Parker,415,"Presiding Judge, Court of Criminal Appeals",,DEM,Holly Taylor,330,26,268,34,0,0
Parker,415,"Presiding Judge, Court of Criminal Appeals",,,Under Votes,46,7,31,7,0,0
Parker,415,"Presiding Judge, Court of Criminal Appeals",,,Over Votes,0,0,0,0,0,0
Parker,415,"Judge, Court of Criminal Appeals, Place 7",7,REP,Gina Parker,1286,43,1049,183,1,0
Parker,415,"Judge, Court of Criminal Appeals, Place 7",7,DEM,Nancy Mulder,321,27,262,30,0,0
Parker,415,"Judge, Court of Criminal Appeals, Place 7",7,,Under Votes,51,7,35,8,0,0
Parker,415,"Judge, Court of Criminal Appeals, Place 7",7,,Over Votes,0,0,0,0,0,0
Parker,415,"Judge, Court of Criminal Appeals, Place 8",8,REP,Lee Finley,1303,42,1062,188,1,0
Parker,415,"Judge, Court of Criminal Appeals, Place 8",8,DEM,Chika Anyiam,302,28,245,27,0,0
Parker,415,"Judge, Court of Criminal Appeals, Place 8",8,,Under Votes,53,7,39,6,0,0
Parker,415,"Judge, Court of Criminal Appeals, Place 8",8,,Over Votes,0,0,0,0,0,0
Parker,415,"Member, State Board of Education, District 11",11,REP,Brandon Hall,1245,40,1024,177,1,0
Parker,415,"Member, State Board of Education, District 11",11,DEM,Rayna Glasser,329,32,259,36,0,0
Parker,415,"Member, State Board of Education, District 11",11,GRN,Hunter Crow,29,0,28,1,0,0
Parker,415,"Member, State Board of Education, District 11",11,,Under Votes,55,5,35,7,0,0
Parker,415,"Member, State Board of Education, District 11",11,,Over Votes,0,0,0,0,0,0
Parker,415,State Senate,30,REP,Brent Hagenbuch,1273,42,1046,182,1,0
Parker,415,State Senate,30,DEM,Dale Frey,328,29,266,32,0,0
Parker,415,State Senate,30,,Under Votes,57,6,34,7,0,0
Parker,415,State Senate,30,,Over Votes,0,0,0,0,0,0
Parker,415,"State Representative, District 60",60,REP,Mike Olcott,1359,44,1113,201,1,0
Parker,415,"State Representative, District 60",60,,Under Votes,299,33,233,20,0,0
Parker,415,"State Representative, District 60",60,,Over Votes,0,0,0,0,0,0
Parker,415,"Chief Justice, 2nd Court of Appeals District",,REP,Bonnie Sudderth,1378,45,1131,199,1,0
Parker,415,"Chief Justice, 2nd Court of Appeals District",,,Under Votes,280,32,215,22,0,0
Parker,415,"Chief Justice, 2nd Court of Appeals District",,,Over Votes,0,0,0,0,0,0
Parker,415,"Justice, 2nd Court of Appeals District, Place 4",4,REP,Wade Birdwell,1375,46,1127,199,1,0
Parker,415,"Justice, 2nd Court of Appeals District, Place 4",4,,Under Votes,283,31,219,22,0,0
Parker,415,"Justice, 2nd Court of Appeals District, Place 4",4,,Over Votes,0,0,0,0,0,0
Parker,415,"Justice, 2nd Court of Appeals District, Place 5",5,REP,Dabney Bassel,1368,46,1122,197,1,0
Parker,415,"Justice, 2nd Court of Appeals District, Place 5",5,,Under Votes,290,31,224,24,0,0
Parker,415,"Justice, 2nd Court of Appeals District, Place 5",5,,Over Votes,0,0,0,0,0,0
Parker,415,"Justice, 2nd Court of Appeals District, Place 6",6,REP,Mike Wallach,1371,46,1126,196,1,0
Parker,415,"Justice, 2nd Court of Appeals District, Place 6",6,,Under Votes,287,31,220,25,0,0
Parker,415,"Justice, 2nd Court of Appeals District, Place 6",6,,Over Votes,0,0,0,0,0,0
Parker,415,"District Judge, 43rd Judicial District",,REP,S. Craig Towson,1372,49,1124,198,1,0
Parker,415,"District Judge, 43rd Judicial District",,,Under Votes,286,28,222,23,0,0
Parker,415,"District Judge, 43rd Judicial District",,,Over Votes,0,0,0,0,0,0
Parker,415,"District Judge, 415th Judicial District",,REP,Graham Quisenberry,1378,49,1131,197,1,0
Parker,415,"District Judge, 415th Judicial District",,,Under Votes,280,28,215,24,0,0
Parker,415,"District Judge, 415th Judicial District",,,Over Votes,0,0,0,0,0,0
Parker,415,"District Attorney, 43rd Judicial District",,REP,Jeff Swain,1373,49,1123,200,1,0
Parker,415,"District Attorney, 43rd Judicial District",,,Under Votes,285,28,223,21,0,0
Parker,415,"District Attorney, 43rd Judicial District",,,Over Votes,0,0,0,0,0,0
Parker,415,"Judge, County Court-at-Law No. 2",,REP,Lynn Marie Johnson,1375,49,1126,199,1,0
Parker,415,"Judge, County Court-at-Law No. 2",,,Under Votes,283,28,220,22,0,0
Parker,415,"Judge, County Court-at-Law No. 2",,,Over Votes,0,0,0,0,0,0
Parker,415,County Attorney,,REP,John Forrest Jr,1373,49,1123,200,1,0
Parker,415,County Attorney,,,Under Votes,285,28,223,21,0,0
Parker,415,County Attorney,,,Over Votes,0,0,0,0,0,0
Parker,415,Sheriff,,REP,Russ Authier,1374,49,1123,201,1,0
Parker,415,Sheriff,,,Under Votes,284,28,223,20,0,0
Parker,415,Sheriff,,,Over Votes,0,0,0,0,0,0
Parker,415,County Tax Assessor-Collector,,REP,"Jennifer ""Jenny"" Gentry",1384,50,1133,200,1,0
Parker,415,County Tax Assessor-Collector,,,Under Votes,274,27,213,21,0,0
Parker,415,County Tax Assessor-Collector,,,Over Votes,0,0,0,0,0,0
Parker,415,"Constable, Precinct 4",,REP,Scott Jones,1367,49,1118,199,1,0
Parker,415,"Constable, Precinct 4",,,Under Votes,291,28,228,22,0,0
Parker,415,"Constable, Precinct 4",,,Over Votes,0,0,0,0,0,0
Parker,415,"PARKER COUNTY HOSPITAL DISTRICT Board of Directors, Precinct 4 - Vote for none or one",,,Justin Lisle,678,10,556,109,1,0
Parker,415,"PARKER COUNTY HOSPITAL DISTRICT Board of Directors, Precinct 4 - Vote for none or one",,,Gloria Gilbert Barron,437,25,352,60,0,0
Parker,415,"PARKER COUNTY HOSPITAL DISTRICT Board of Directors, Precinct 4 - Vote for none or one",,,Under Votes,543,42,438,52,0,0
Parker,415,"PARKER COUNTY HOSPITAL DISTRICT Board of Directors, Precinct 4 - Vote for none or one",,,Over Votes,0,0,0,0,0,0
Parker,435,Registered Voters,,,,3691,,,,,
Parker,435,Ballots Cast,,,,2795,,,,,
Parker,435,President,,REP,Donald J. Trump JD Vance,2188,37,1909,237,0,0
Parker,435,President,,DEM,Kamala D. Harris Tim Walz,548,36,439,69,0,0
Parker,435,President,,LIB,Chase Oliver Mike ter Maat,26,1,17,8,0,0
Parker,435,President,,GRN,Jill Stein Rudolph Ware,6,0,6,0,0,0
Parker,435,President,,,Cherunda Fox/Harlan McVay,0,0,0,0,0,0
Parker,435,President,,,Claudia De La Cruz/Karina Garcia,0,0,0,0,0,0
Parker,435,President,,,Cornel West/Melina Abdullah,2,0,2,0,0,0
Parker,435,President,,,Jessie Cuellar/Wesley Lasley,0,0,0,0,0,0
Parker,435,President,,,Peter Sonski/Lauren Onak,1,0,1,0,0,0
Parker,435,President,,,Shiva Ayyadurai/Crystal Ellis,0,0,0,0,0,0
Parker,435,President,,,Under Votes,24,1,13,10,0,0
Parker,435,President,,,Over Votes,0,0,0,0,0,0
Parker,435,U.S. Senate,,REP,Ted Cruz,2097,39,1837,216,0,0
Parker,435,U.S. Senate,,DEM,Colin Allred,602,35,483,81,0,0
Parker,435,U.S. Senate,,LIB,Ted Brown,74,1,52,21,0,0
Parker,435,U.S. Senate,,,Analisa Roche,1,0,1,0,0,0
Parker,435,U.S. Senate,,,Tracy Andrus,0,0,0,0,0,0
Parker,435,U.S. Senate,,,Under Votes,21,0,14,6,0,0
Parker,435,U.S. Senate,,,Over Votes,0,0,0,0,0,0
Parker,435,U.S. House,25,REP,Roger Williams,2442,49,2098,293,0,0
Parker,435,U.S. House,25,,Chad Hagg,3,2,1,0,0,0
Parker,435,U.S. House,25,,Under Votes,350,24,288,31,0,0
Parker,435,U.S. House,25,,Over Votes,0,0,0,0,0,0
Parker,435,Railroad Commissioner,,REP,Christi Craddick,2169,40,1888,235,0,0
Parker,435,Railroad Commissioner,,DEM,Katherine Culbert,436,27,358,49,0,0
Parker,435,Railroad Commissioner,,LIB,Hawk Dunlap,80,1,61,18,0,0
Parker,435,Railroad Commissioner,,GRN,Eddie Espinoza,23,0,17,6,0,0
Parker,435,Railroad Commissioner,,,Richard McKibbin,1,0,1,0,0,0
Parker,435,Railroad Commissioner,,,Under Votes,85,6,62,16,0,0
Parker,435,Railroad Commissioner,,,Over Votes,0,0,0,0,0,0
Parker,435,"Justice, Supreme Court, Place 2",2,REP,Jimmy Blacklock,2237,43,1939,251,0,0
Parker,435,"Justice, Supreme Court, Place 2",2,DEM,DaSean Jones,484,27,395,59,0,0
Parker,435,"Justice, Supreme Court, Place 2",2,,Under Votes,73,4,53,14,0,0
Parker,435,"Justice, Supreme Court, Place 2",2,,Over Votes,0,0,0,0,0,0
Parker,435,"Justice, Supreme Court, Place 4",4,REP,John Devine,2229,42,1936,245,0,0
Parker,435,"Justice, Supreme Court, Place 4",4,DEM,Christine Vinh Weems,496,25,405,64,0,0
Parker,435,"Justice, Supreme Court, Place 4",4,,Under Votes,69,7,46,15,0,0
Parker,435,"Justice, Supreme Court, Place 4",4,,Over Votes,0,0,0,0,0,0
Parker,435,"Justice, Supreme Court, Place 6",6,REP,Jane Bland,2172,43,1886,238,0,0
Parker,435,"Justice, Supreme Court, Place 6",6,DEM,Bonnie Lee Goldstein,451,26,374,49,0,0
Parker,435,"Justice, Supreme Court, Place 6",6,LIB,J. David Roberson,105,1,81,23,0,0
Parker,435,"Justice, Supreme Court, Place 6",6,,Under Votes,66,4,46,14,0,0
Parker,435,"Justice, Supreme Court, Place 6",6,,Over Votes,0,0,0,0,0,0
Parker,435,"Presiding Judge, Court of Criminal Appeals",,REP,David J. Schenck,2239,44,1935,255,0,0
Parker,435,"Presiding Judge, Court of Criminal Appeals",,DEM,Holly Taylor,480,26,398,54,0,0
Parker,435,"Presiding Judge, Court of Criminal Appeals",,,Under Votes,75,4,54,15,0,0
Parker,435,"Presiding Judge, Court of Criminal Appeals",,,Over Votes,0,0,0,0,0,0
Parker,435,"Judge, Court of Criminal Appeals, Place 7",7,REP,Gina Parker,2248,44,1945,254,0,0
Parker,435,"Judge, Court of Criminal Appeals, Place 7",7,DEM,Nancy Mulder,468,26,386,54,0,0
Parker,435,"Judge, Court of Criminal Appeals, Place 7",7,,Under Votes,78,4,56,16,0,0
Parker,435,"Judge, Court of Criminal Appeals, Place 7",7,,Over Votes,0,0,0,0,0,0
Parker,435,"Judge, Court of Criminal Appeals, Place 8",8,REP,Lee Finley,2254,43,1948,258,0,0
Parker,435,"Judge, Court of Criminal Appeals, Place 8",8,DEM,Chika Anyiam,455,27,377,49,0,0
Parker,435,"Judge, Court of Criminal Appeals, Place 8",8,,Under Votes,85,4,62,17,0,0
Parker,435,"Judge, Court of Criminal Appeals, Place 8",8,,Over Votes,0,0,0,0,0,0
Parker,435,"Member, State Board of Education, District 11",11,REP,Brandon Hall,2187,43,1906,235,0,0
Parker,435,"Member, State Board of Education, District 11",11,DEM,Rayna Glasser,482,27,396,58,0,0
Parker,435,"Member, State Board of Education, District 11",11,GRN,Hunter Crow,42,0,30,12,0,0
Parker,435,"Member, State Board of Education, District 11",11,,Under Votes,83,4,55,19,0,0
Parker,435,"Member, State Board of Education, District 11",11,,Over Votes,0,0,0,0,0,0
Parker,435,State Senate,30,REP,Brent Hagenbuch,2222,42,1927,253,0,0
Parker,435,State Senate,30,DEM,Dale Frey,483,27,402,53,0,0
Parker,435,State Senate,30,,Under Votes,89,5,58,18,0,0
Parker,435,State Senate,30,,Over Votes,0,0,0,0,0,0
Parker,435,"State Representative, District 60",60,REP,Mike Olcott,2351,46,2027,277,0,0
Parker,435,"State Representative, District 60",60,,Under Votes,443,28,360,47,0,0
Parker,435,"State Representative, District 60",60,,Over Votes,0,0,0,0,0,0
Parker,435,"Chief Justice, 2nd Court of Appeals District",,REP,Bonnie Sudderth,2382,45,2055,281,0,0
Parker,435,"Chief Justice, 2nd Court of Appeals District",,,Under Votes,412,29,332,43,0,0
Parker,435,"Chief Justice, 2nd Court of Appeals District",,,Over Votes,0,0,0,0,0,0
Parker,435,"Justice, 2nd Court of Appeals District, Place 4",4,REP,Wade Birdwell,2367,47,2041,278,0,0
Parker,435,"Justice, 2nd Court of Appeals District, Place 4",4,,Under Votes,427,27,346,46,0,0
Parker,435,"Justice, 2nd Court of Appeals District, Place 4",4,,Over Votes,0,0,0,0,0,0
Parker,435,"Justice, 2nd Court of Appeals District, Place 5",5,REP,Dabney Bassel,2357,46,2031,279,0,0
Parker,435,"Justice, 2nd Court of Appeals District, Place 5",5,,Under Votes,437,28,356,45,0,0
Parker,435,"Justice, 2nd Court of Appeals District, Place 5",5,,Over Votes,0,0,0,0,0,0
Parker,435,"Justice, 2nd Court of Appeals District, Place 6",6,REP,Mike Wallach,2357,46,2032,278,0,0
Parker,435,"Justice, 2nd Court of Appeals District, Place 6",6,,Under Votes,437,28,355,46,0,0
Parker,435,"Justice, 2nd Court of Appeals District, Place 6",6,,Over Votes,0,0,0,0,0,0
Parker,435,"District Judge, 43rd Judicial District",,REP,S. Craig Towson,2360,47,2034,279,0,0
Parker,435,"District Judge, 43rd Judicial District",,,Under Votes,434,27,353,45,0,0
Parker,435,"District Judge, 43rd Judicial District",,,Over Votes,0,0,0,0,0,0
Parker,435,"District Judge, 415th Judicial District",,REP,Graham Quisenberry,2353,47,2029,277,0,0
Parker,435,"District Judge, 415th Judicial District",,,Under Votes,441,27,358,47,0,0
Parker,435,"District Judge, 415th Judicial District",,,Over Votes,0,0,0,0,0,0
Parker,435,"District Attorney, 43rd Judicial District",,REP,Jeff Swain,2365,48,2040,277,0,0
Parker,435,"District Attorney, 43rd Judicial District",,,Under Votes,429,26,347,47,0,0
Parker,435,"District Attorney, 43rd Judicial District",,,Over Votes,0,0,0,0,0,0
Parker,435,"Judge, County Court-at-Law No. 2",,REP,Lynn Marie Johnson,2370,48,2044,278,0,0
Parker,435,"Judge, County Court-at-Law No. 2",,,Under Votes,424,26,343,46,0,0
Parker,435,"Judge, County Court-at-Law No. 2",,,Over Votes,0,0,0,0,0,0
Parker,435,County Attorney,,REP,John Forrest Jr,2365,48,2040,277,0,0
Parker,435,County Attorney,,,Under Votes,429,26,347,47,0,0
Parker,435,County Attorney,,,Over Votes,0,0,0,0,0,0
Parker,435,Sheriff,,REP,Russ Authier,2360,49,2035,276,0,0
Parker,435,Sheriff,,,Under Votes,434,25,352,48,0,0
Parker,435,Sheriff,,,Over Votes,0,0,0,0,0,0
Parker,435,County Tax Assessor-Collector,,REP,"Jennifer ""Jenny"" Gentry",2368,50,2042,276,0,0
Parker,435,County Tax Assessor-Collector,,,Under Votes,426,24,345,48,0,0
Parker,435,County Tax Assessor-Collector,,,Over Votes,0,0,0,0,0,0
Parker,435,"Constable, Precinct 4",,REP,Scott Jones,2367,49,2041,277,0,0
Parker,435,"Constable, Precinct 4",,,Under Votes,427,25,346,47,0,0
Parker,435,"Constable, Precinct 4",,,Over Votes,0,0,0,0,0,0
Parker,435,"PARKER COUNTY HOSPITAL DISTRICT Board of Directors, Precinct 4 - Vote for none or one",,,Justin Lisle,1235,22,1060,152,0,0
Parker,435,"PARKER COUNTY HOSPITAL DISTRICT Board of Directors, Precinct 4 - Vote for none or one",,,Gloria Gilbert Barron,725,12,615,95,0,0
Parker,435,"PARKER COUNTY HOSPITAL DISTRICT Board of Directors, Precinct 4 - Vote for none or one",,,Under Votes,834,40,712,77,0,0
Parker,435,"PARKER COUNTY HOSPITAL DISTRICT Board of Directors, Precinct 4 - Vote for none or one",,,Over Votes,0,0,0,0,0,0
Parker,455,Registered Voters,,,,4585,,,,,
Parker,455,Ballots Cast,,,,3700,,,,,
Parker,455,President,,REP,Donald J. Trump JD Vance,2663,41,2037,572,0,0
Parker,455,President,,DEM,Kamala D. Harris Tim Walz,962,17,770,170,0,0
Parker,455,President,,LIB,Chase Oliver Mike ter Maat,28,0,23,5,0,0
Parker,455,President,,GRN,Jill Stein Rudolph Ware,11,0,5,6,0,0
Parker,455,President,,,Cherunda Fox/Harlan McVay,0,0,0,0,0,0
Parker,455,President,,,Claudia De La Cruz/Karina Garcia,0,0,0,0,0,0
Parker,455,President,,,Cornel West/Melina Abdullah,0,0,0,0,0,0
Parker,455,President,,,Jessie Cuellar/Wesley Lasley,0,0,0,0,0,0
Parker,455,President,,,Peter Sonski/Lauren Onak,2,0,1,1,0,0
Parker,455,President,,,Shiva Ayyadurai/Crystal Ellis,0,0,0,0,0,0
Parker,455,President,,,Under Votes,34,1,26,7,0,0
Parker,455,President,,,Over Votes,0,0,0,0,0,0
Parker,455,U.S. Senate,,REP,Ted Cruz,2576,40,1993,530,0,0
Parker,455,U.S. Senate,,DEM,Colin Allred,1020,17,810,189,0,0
Parker,455,U.S. Senate,,LIB,Ted Brown,82,1,47,34,0,0
Parker,455,U.S. Senate,,,Analisa Roche,1,0,1,0,0,0
Parker,455,U.S. Senate,,,Tracy Andrus,0,0,0,0,0,0
Parker,455,U.S. Senate,,,Under Votes,21,1,11,8,0,0
Parker,455,U.S. Senate,,,Over Votes,0,0,0,0,0,0
Parker,455,U.S. House,25,REP,Roger Williams,3056,46,2340,667,0,0
Parker,455,U.S. House,25,,Chad Hagg,4,2,2,0,0,0
Parker,455,U.S. House,25,,Under Votes,640,11,520,94,0,0
Parker,455,U.S. House,25,,Over Votes,0,0,0,0,0,0
Parker,455,Railroad Commissioner,,REP,Christi Craddick,2671,40,2055,563,0,0
Parker,455,Railroad Commissioner,,DEM,Katherine Culbert,785,14,653,114,0,0
Parker,455,Railroad Commissioner,,LIB,Hawk Dunlap,101,1,63,37,0,0
Parker,455,Railroad Commissioner,,GRN,Eddie Espinoza,36,1,22,13,0,0
Parker,455,Railroad Commissioner,,,Richard McKibbin,1,0,1,0,0,0
Parker,455,Railroad Commissioner,,,Under Votes,105,2,68,34,0,0
Parker,455,Railroad Commissioner,,,Over Votes,0,0,0,0,0,0
Parker,455,"Justice, Supreme Court, Place 2",2,REP,Jimmy Blacklock,2738,41,2099,585,0,0
Parker,455,"Justice, Supreme Court, Place 2",2,DEM,DaSean Jones,874,15,710,145,0,0
Parker,455,"Justice, Supreme Court, Place 2",2,,Under Votes,87,2,53,31,0,0
Parker,455,"Justice, Supreme Court, Place 2",2,,Over Votes,0,0,0,0,0,0
Parker,455,"Justice, Supreme Court, Place 4",4,REP,John Devine,2712,40,2082,578,0,0
Parker,455,"Justice, Supreme Court, Place 4",4,DEM,Christine Vinh Weems,892,16,722,150,0,0
Parker,455,"Justice, Supreme Court, Place 4",4,,Under Votes,95,2,58,33,0,0
Parker,455,"Justice, Supreme Court, Place 4",4,,Over Votes,0,0,0,0,0,0
Parker,455,"Justice, Supreme Court, Place 6",6,REP,Jane Bland,2659,41,2057,548,0,0
Parker,455,"Justice, Supreme Court, Place 6",6,DEM,Bonnie Lee Goldstein,826,15,673,134,0,0
Parker,455,"Justice, Supreme Court, Place 6",6,LIB,J. David Roberson,119,0,74,45,0,0
Parker,455,"Justice, Supreme Court, Place 6",6,,Under Votes,95,2,58,34,0,0
Parker,455,"Justice, Supreme Court, Place 6",6,,Over Votes,0,0,0,0,0,0
Parker,455,"Presiding Judge, Court of Criminal Appeals",,REP,David J. Schenck,2736,41,2102,580,0,0
Parker,455,"Presiding Judge, Court of Criminal Appeals",,DEM,Holly Taylor,865,15,702,144,0,0
Parker,455,"Presiding Judge, Court of Criminal Appeals",,,Under Votes,98,2,58,37,0,0
Parker,455,"Presiding Judge, Court of Criminal Appeals",,,Over Votes,0,0,0,0,0,0
Parker,455,"Judge, Court of Criminal Appeals, Place 7",7,REP,Gina Parker,2752,41,2114,585,0,0
Parker,455,"Judge, Court of Criminal Appeals, Place 7",7,DEM,Nancy Mulder,841,15,685,137,0,0
Parker,455,"Judge, Court of Criminal Appeals, Place 7",7,,Under Votes,106,2,63,39,0,0
Parker,455,"Judge, Court of Criminal Appeals, Place 7",7,,Over Votes,0,0,0,0,0,0
Parker,455,"Judge, Court of Criminal Appeals, Place 8",8,REP,Lee Finley,2765,41,2124,587,0,0
Parker,455,"Judge, Court of Criminal Appeals, Place 8",8,DEM,Chika Anyiam,826,15,674,133,0,0
Parker,455,"Judge, Court of Criminal Appeals, Place 8",8,,Under Votes,108,2,64,41,0,0
Parker,455,"Judge, Court of Criminal Appeals, Place 8",8,,Over Votes,0,0,0,0,0,0
Parker,455,"Member, State Board of Education, District 11",11,REP,Brandon Hall,2645,40,2047,555,0,0
Parker,455,"Member, State Board of Education, District 11",11,DEM,Rayna Glasser,875,16,712,143,0,0
Parker,455,"Member, State Board of Education, District 11",11,GRN,Hunter Crow,66,0,31,35,0,0
Parker,455,"Member, State Board of Education, District 11",11,,Under Votes,113,2,72,28,0,0
Parker,455,"Member, State Board of Education, District 11",11,,Over Votes,0,0,0,0,0,0
Parker,455,State Senate,30,REP,Brent Hagenbuch,2713,41,2087,585,0,0
Parker,455,State Senate,30,DEM,Dale Frey,865,15,713,137,0,0
Parker,455,State Senate,30,,Under Votes,121,2,62,39,0,0
Parker,455,State Senate,30,,Over Votes,0,0,0,0,0,0
Parker,455,"State Representative, District 60",60,REP,Mike Olcott,2993,42,2292,659,0,0
Parker,455,"State Representative, District 60",60,,Under Votes,706,16,570,102,0,0
Parker,455,"State Representative, District 60",60,,Over Votes,0,0,0,0,0,0
Parker,455,"Chief Justice, 2nd Court of Appeals District",,REP,Bonnie Sudderth,3009,46,2305,654,0,0
Parker,455,"Chief Justice, 2nd Court of Appeals District",,,Under Votes,690,12,557,107,0,0
Parker,455,"Chief Justice, 2nd Court of Appeals District",,,Over Votes,0,0,0,0,0,0
Parker,455,"Justice, 2nd Court of Appeals District, Place 4",4,REP,Wade Birdwell,2994,45,2297,650,0,0
Parker,455,"Justice, 2nd Court of Appeals District, Place 4",4,,Under Votes,705,13,565,111,0,0
Parker,455,"Justice, 2nd Court of Appeals District, Place 4",4,,Over Votes,0,0,0,0,0,0
Parker,455,"Justice, 2nd Court of Appeals District, Place 5",5,REP,Dabney Bassel,2974,44,2281,647,0,0
Parker,455,"Justice, 2nd Court of Appeals District, Place 5",5,,Under Votes,725,14,581,114,0,0
Parker,455,"Justice, 2nd Court of Appeals District, Place 5",5,,Over Votes,0,0,0,0,0,0
Parker,455,"Justice, 2nd Court of Appeals District, Place 6",6,REP,Mike Wallach,2973,44,2283,644,0,0
Parker,455,"Justice, 2nd Court of Appeals District, Place 6",6,,Under Votes,726,14,579,117,0,0
Parker,455,"Justice, 2nd Court of Appeals District, Place 6",6,,Over Votes,0,0,0,0,0,0
Parker,455,"District Judge, 43rd Judicial District",,REP,S. Craig Towson,2976,44,2287,645,0,0
Parker,455,"District Judge, 43rd Judicial District",,,Under Votes,723,14,575,116,0,0
Parker,455,"District Judge, 43rd Judicial District",,,Over Votes,0,0,0,0,0,0
Parker,455,"District Judge, 415th Judicial District",,REP,Graham Quisenberry,2956,45,2270,641,0,0
Parker,455,"District Judge, 415th Judicial District",,,Under Votes,743,13,592,120,0,0
Parker,455,"District Judge, 415th Judicial District",,,Over Votes,0,0,0,0,0,0
Parker,455,"District Attorney, 43rd Judicial District",,REP,Jeff Swain,2965,45,2277,643,0,0
Parker,455,"District Attorney, 43rd Judicial District",,,Under Votes,734,13,585,118,0,0
Parker,455,"District Attorney, 43rd Judicial District",,,Over Votes,0,0,0,0,0,0
Parker,455,"Judge, County Court-at-Law No. 2",,REP,Lynn Marie Johnson,2971,44,2277,650,0,0
Parker,455,"Judge, County Court-at-Law No. 2",,,Under Votes,728,14,585,111,0,0
Parker,455,"Judge, County Court-at-Law No. 2",,,Over Votes,0,0,0,0,0,0
Parker,455,County Attorney,,REP,John Forrest Jr,2972,44,2284,644,0,0
Parker,455,County Attorney,,,Under Votes,727,14,578,117,0,0
Parker,455,County Attorney,,,Over Votes,0,0,0,0,0,0
Parker,455,Sheriff,,REP,Russ Authier,2980,44,2287,649,0,0
Parker,455,Sheriff,,,Under Votes,719,14,575,112,0,0
Parker,455,Sheriff,,,Over Votes,0,0,0,0,0,0
Parker,455,County Tax Assessor-Collector,,REP,"Jennifer ""Jenny"" Gentry",2983,44,2290,649,0,0
Parker,455,County Tax Assessor-Collector,,,Under Votes,716,14,572,112,0,0
Parker,455,County Tax Assessor-Collector,,,Over Votes,0,0,0,0,0,0
Parker,455,"Constable, Precinct 4",,REP,Scott Jones,2964,43,2278,643,0,0
Parker,455,"Constable, Precinct 4",,,Under Votes,735,15,584,118,0,0
Parker,455,"Constable, Precinct 4",,,Over Votes,0,0,0,0,0,0
Parker,455,"PARKER COUNTY HOSPITAL DISTRICT Board of Directors, Precinct 4 - Vote for none or one",,,Justin Lisle,1437,16,1093,328,0,0
Parker,455,"PARKER COUNTY HOSPITAL DISTRICT Board of Directors, Precinct 4 - Vote for none or one",,,Gloria Gilbert Barron,1066,14,835,216,0,0
Parker,455,"PARKER COUNTY HOSPITAL DISTRICT Board of Directors, Precinct 4 - Vote for none or one",,,Under Votes,1196,28,934,217,0,0
Parker,455,"PARKER COUNTY HOSPITAL DISTRICT Board of Directors, Precinct 4 - Vote for none or one",,,Over Votes,0,0,0,0,0,0
