county,precinct,office,district,party,candidate,votes,absentee,early_voting,election_day
Upshur,1,Registered Voters,,,,1961,,,
Upshur,1,Ballots Cast,,,,1377,0,0,0
Upshur,1,President,,REP,Donald J. Trump/JD Vance,1174,17,968,189
Upshur,1,President,,DEM,Kamala D. Harris/Tim Walz,193,21,132,40
Upshur,1,President,,LIB,Chase Oliver/Mike ter Maat,2,0,2,0
Upshur,1,President,,GRN,Jill Stein/Rudolph Ware,2,0,2,0
Upshur,1,President,,,Cherunda Fox/Harlan McVay (W),0,0,0,0
Upshur,1,President,,,Claudia De la Cruz/Karina Garcia (W),0,0,0,0
Upshur,1,President,,,Cornel West/Melina Abdullah (W),0,0,0,0
Upshur,1,President,,,Jessie Cueller/Wesley Lasley (W),0,0,0,0
Upshur,1,President,,,Peter Sonski/ Lauren Onak (W),0,0,0,0
Upshur,1,President,,,Shiva Ayyadurai/Crystal Ellis (W),0,0,0,0
Upshur,1,President,,,Under Votes,6,0,2,4
Upshur,1,President,,,Over Votes,0,0,0,0
Upshur,1,U.S. Senate,,REP,Ted Cruz,1129,17,931,181
Upshur,1,U.S. Senate,,DEM,Colin Allred,206,21,144,41
Upshur,1,U.S. Senate,,LIB,Ted Brown,30,0,22,8
Upshur,1,U.S. Senate,,,Analisa Roche (W),1,0,1,0
Upshur,1,U.S. Senate,,,Tracy Andrus (W),0,0,0,0
Upshur,1,U.S. Senate,,,Under Votes,11,0,8,3
Upshur,1,U.S. Senate,,,Over Votes,0,0,0,0
Upshur,1,U.S. House,1,REP,Nathaniel Moran,1213,21,985,207
Upshur,1,U.S. House,1,,Under Votes,164,17,121,26
Upshur,1,U.S. House,1,,Over Votes,0,0,0,0
Upshur,1,Railroad Commissioner,,REP,Christi Craddick,1103,18,911,174
Upshur,1,Railroad Commissioner,,DEM,Katherine Culbert,181,19,129,33
Upshur,1,Railroad Commissioner,,LIB,Hawk Dunlap,49,0,32,17
Upshur,1,Railroad Commissioner,,GRN,Eddie Espinoza,6,0,4,2
Upshur,1,Railroad Commissioner,,,Richard McKibbin (W),0,0,0,0
Upshur,1,Railroad Commissioner,,,Under Votes,38,1,30,7
Upshur,1,Railroad Commissioner,,,Over Votes,0,0,0,0
Upshur,1,"Justice, Supreme Court",Place 2,REP,Jimmy Blacklock,1159,16,949,194
Upshur,1,"Justice, Supreme Court",Place 2,DEM,DaSean Jones,187,21,132,34
Upshur,1,"Justice, Supreme Court",Place 2,,Under Votes,31,1,25,5
Upshur,1,"Justice, Supreme Court",Place 2,,Over Votes,0,0,0,0
Upshur,1,"Justice, Supreme Court",Place 4,REP,John Devine,1145,16,941,188
Upshur,1,"Justice, Supreme Court",Place 4,DEM,Christine Vinh Weems,201,21,142,38
Upshur,1,"Justice, Supreme Court",Place 4,,Under Votes,31,1,23,7
Upshur,1,"Justice, Supreme Court",Place 4,,Over Votes,0,0,0,0
Upshur,1,"Justice, Supreme Court",Place 6,REP,Jane Bland,1122,16,927,179
Upshur,1,"Justice, Supreme Court",Place 6,DEM,Bonnie Lee Goldstein,185,21,129,35
Upshur,1,"Justice, Supreme Court",Place 6,LIB,J. David Roberson,34,0,23,11
Upshur,1,"Justice, Supreme Court",Place 6,,Under Votes,36,1,27,8
Upshur,1,"Justice, Supreme Court",Place 6,,Over Votes,0,0,0,0
Upshur,1,"Presiding Judge, Court of Criminal Appeals",,REP,David J. Schenck,1148,17,942,189
Upshur,1,"Presiding Judge, Court of Criminal Appeals",,DEM,Holly Taylor,198,20,142,36
Upshur,1,"Presiding Judge, Court of Criminal Appeals",,,Under Votes,31,1,22,8
Upshur,1,"Presiding Judge, Court of Criminal Appeals",,,Over Votes,0,0,0,0
Upshur,1,"Judge, Court of Criminal Appeals",Place 7,REP,Gina Parker,1146,17,941,188
Upshur,1,"Judge, Court of Criminal Appeals",Place 7,DEM,Nancy Mulder,197,20,138,39
Upshur,1,"Judge, Court of Criminal Appeals",Place 7,,Under Votes,34,1,27,6
Upshur,1,"Judge, Court of Criminal Appeals",Place 7,,Over Votes,0,0,0,0
Upshur,1,"Judge, Court of Criminal Appeals",Place 8,REP,Lee Finley,1156,17,951,188
Upshur,1,"Judge, Court of Criminal Appeals",Place 8,DEM,Chika Anyiam,183,20,126,37
Upshur,1,"Judge, Court of Criminal Appeals",Place 8,,Under Votes,38,1,29,8
Upshur,1,"Judge, Court of Criminal Appeals",Place 8,,Over Votes,0,0,0,0
Upshur,1,State Representative,5,REP,Cole Hefner,1190,20,960,210
Upshur,1,State Representative,5,,Nancy A. Nichols (W),4,2,1,1
Upshur,1,State Representative,5,,Under Votes,183,16,145,22
Upshur,1,State Representative,5,,Over Votes,0,0,0,0
Upshur,1,"Justice, 6th Court of Appeals District",Place 2,REP,Jeff Rambin,1197,20,972,205
Upshur,1,"Justice, 6th Court of Appeals District",Place 2,,Under Votes,180,18,134,28
Upshur,1,"Justice, 6th Court of Appeals District",Place 2,,Over Votes,0,0,0,0
Upshur,1,"Justice, 12th Court of Appeals District",Place 3,REP,Greg Neeley,1195,20,969,206
Upshur,1,"Justice, 12th Court of Appeals District",Place 3,,Under Votes,182,18,137,27
Upshur,1,"Justice, 12th Court of Appeals District",Place 3,,Over Votes,0,0,0,0
Upshur,1,Sheriff,,REP,Larry Webb,1106,20,897,189
Upshur,1,Sheriff,,DEM,"Brandon ""Bear"" Williams",229,16,173,40
Upshur,1,Sheriff,,,Under Votes,42,2,36,4
Upshur,1,Sheriff,,,Over Votes,0,0,0,0
Upshur,1,County Tax Assessor-Collector,,REP,Luana Howell,1202,21,974,207
Upshur,1,County Tax Assessor-Collector,,,Under Votes,175,17,132,26
Upshur,1,County Tax Assessor-Collector,,,Over Votes,0,0,0,0
Upshur,1,County Commissioner Precinct 1,,REP,Gene Dolle,1183,20,958,205
Upshur,1,County Commissioner Precinct 1,,,Under Votes,194,18,148,28
Upshur,1,County Commissioner Precinct 1,,,Over Votes,0,0,0,0
Upshur,1,County Constable Precinct 1,,REP,Tim Barnett,1196,20,969,207
Upshur,1,County Constable Precinct 1,,,Under Votes,181,18,137,26
Upshur,1,County Constable Precinct 1,,,Over Votes,0,0,0,0
Upshur,2,Registered Voters,,,,3088,,,
Upshur,2,Ballots Cast,,,,2083,0,0,0
Upshur,2,President,,REP,Donald J. Trump/JD Vance,1892,36,1417,439
Upshur,2,President,,DEM,Kamala D. Harris/Tim Walz,172,10,108,54
Upshur,2,President,,LIB,Chase Oliver/Mike ter Maat,5,0,2,3
Upshur,2,President,,GRN,Jill Stein/Rudolph Ware,8,0,3,5
Upshur,2,President,,,Cherunda Fox/Harlan McVay (W),0,0,0,0
Upshur,2,President,,,Claudia De la Cruz/Karina Garcia (W),0,0,0,0
Upshur,2,President,,,Cornel West/Melina Abdullah (W),0,0,0,0
Upshur,2,President,,,Jessie Cueller/Wesley Lasley (W),0,0,0,0
Upshur,2,President,,,Peter Sonski/ Lauren Onak (W),0,0,0,0
Upshur,2,President,,,Shiva Ayyadurai/Crystal Ellis (W),0,0,0,0
Upshur,2,President,,,Under Votes,6,0,2,4
Upshur,2,President,,,Over Votes,0,0,0,0
Upshur,2,U.S. Senate,,REP,Ted Cruz,1839,35,1374,430
Upshur,2,U.S. Senate,,DEM,Colin Allred,190,11,124,55
Upshur,2,U.S. Senate,,LIB,Ted Brown,40,0,23,17
Upshur,2,U.S. Senate,,,Analisa Roche (W),0,0,0,0
Upshur,2,U.S. Senate,,,Tracy Andrus (W),0,0,0,0
Upshur,2,U.S. Senate,,,Under Votes,14,0,11,3
Upshur,2,U.S. Senate,,,Over Votes,0,0,0,0
Upshur,2,U.S. House,1,REP,Nathaniel Moran,1904,36,1412,456
Upshur,2,U.S. House,1,,Under Votes,179,10,120,49
Upshur,2,U.S. House,1,,Over Votes,0,0,0,0
Upshur,2,Railroad Commissioner,,REP,Christi Craddick,1784,35,1325,424
Upshur,2,Railroad Commissioner,,DEM,Katherine Culbert,152,9,96,47
Upshur,2,Railroad Commissioner,,LIB,Hawk Dunlap,72,1,55,16
Upshur,2,Railroad Commissioner,,GRN,Eddie Espinoza,13,0,7,6
Upshur,2,Railroad Commissioner,,,Richard McKibbin (W),1,0,0,1
Upshur,2,Railroad Commissioner,,,Under Votes,61,1,49,11
Upshur,2,Railroad Commissioner,,,Over Votes,0,0,0,0
Upshur,2,"Justice, Supreme Court",Place 2,REP,Jimmy Blacklock,1869,36,1388,445
Upshur,2,"Justice, Supreme Court",Place 2,DEM,DaSean Jones,158,9,100,49
Upshur,2,"Justice, Supreme Court",Place 2,,Under Votes,56,1,44,11
Upshur,2,"Justice, Supreme Court",Place 2,,Over Votes,0,0,0,0
Upshur,2,"Justice, Supreme Court",Place 4,REP,John Devine,1852,35,1383,434
Upshur,2,"Justice, Supreme Court",Place 4,DEM,Christine Vinh Weems,170,9,106,55
Upshur,2,"Justice, Supreme Court",Place 4,,Under Votes,61,2,43,16
Upshur,2,"Justice, Supreme Court",Place 4,,Over Votes,0,0,0,0
Upshur,2,"Justice, Supreme Court",Place 6,REP,Jane Bland,1811,35,1357,419
Upshur,2,"Justice, Supreme Court",Place 6,DEM,Bonnie Lee Goldstein,157,9,101,47
Upshur,2,"Justice, Supreme Court",Place 6,LIB,J. David Roberson,52,0,26,26
Upshur,2,"Justice, Supreme Court",Place 6,,Under Votes,63,2,48,13
Upshur,2,"Justice, Supreme Court",Place 6,,Over Votes,0,0,0,0
Upshur,2,"Presiding Judge, Court of Criminal Appeals",,REP,David J. Schenck,1852,36,1379,437
Upshur,2,"Presiding Judge, Court of Criminal Appeals",,DEM,Holly Taylor,167,9,106,52
Upshur,2,"Presiding Judge, Court of Criminal Appeals",,,Under Votes,64,1,47,16
Upshur,2,"Presiding Judge, Court of Criminal Appeals",,,Over Votes,0,0,0,0
Upshur,2,"Judge, Court of Criminal Appeals",Place 7,REP,Gina Parker,1856,36,1383,437
Upshur,2,"Judge, Court of Criminal Appeals",Place 7,DEM,Nancy Mulder,167,9,105,53
Upshur,2,"Judge, Court of Criminal Appeals",Place 7,,Under Votes,60,1,44,15
Upshur,2,"Judge, Court of Criminal Appeals",Place 7,,Over Votes,0,0,0,0
Upshur,2,"Judge, Court of Criminal Appeals",Place 8,REP,Lee Finley,1862,36,1388,438
Upshur,2,"Judge, Court of Criminal Appeals",Place 8,DEM,Chika Anyiam,155,9,97,49
Upshur,2,"Judge, Court of Criminal Appeals",Place 8,,Under Votes,66,1,47,18
Upshur,2,"Judge, Court of Criminal Appeals",Place 8,,Over Votes,0,0,0,0
Upshur,2,State Representative,5,REP,Cole Hefner,1896,38,1399,459
Upshur,2,State Representative,5,,Nancy A. Nichols (W),4,2,0,2
Upshur,2,State Representative,5,,Under Votes,183,6,133,44
Upshur,2,State Representative,5,,Over Votes,0,0,0,0
Upshur,2,"Justice, 6th Court of Appeals District",Place 2,REP,Jeff Rambin,1899,38,1410,451
Upshur,2,"Justice, 6th Court of Appeals District",Place 2,,Under Votes,184,8,122,54
Upshur,2,"Justice, 6th Court of Appeals District",Place 2,,Over Votes,0,0,0,0
Upshur,2,"Justice, 12th Court of Appeals District",Place 3,REP,Greg Neeley,1900,38,1411,451
Upshur,2,"Justice, 12th Court of Appeals District",Place 3,,Under Votes,183,8,121,54
Upshur,2,"Justice, 12th Court of Appeals District",Place 3,,Over Votes,0,0,0,0
Upshur,2,Sheriff,,REP,Larry Webb,1816,36,1358,422
Upshur,2,Sheriff,,DEM,"Brandon ""Bear"" Williams",215,10,134,71
Upshur,2,Sheriff,,,Under Votes,52,0,40,12
Upshur,2,Sheriff,,,Over Votes,0,0,0,0
Upshur,2,County Tax Assessor-Collector,,REP,Luana Howell,1904,40,1403,461
Upshur,2,County Tax Assessor-Collector,,,Under Votes,179,6,129,44
Upshur,2,County Tax Assessor-Collector,,,Over Votes,0,0,0,0
Upshur,2,County Commissioner Precinct 1,,REP,Gene Dolle,1887,38,1394,455
Upshur,2,County Commissioner Precinct 1,,,Under Votes,196,8,138,50
Upshur,2,County Commissioner Precinct 1,,,Over Votes,0,0,0,0
Upshur,2,County Constable Precinct 1,,REP,Tim Barnett,1884,39,1391,454
Upshur,2,County Constable Precinct 1,,,Under Votes,199,7,141,51
Upshur,2,County Constable Precinct 1,,,Over Votes,0,0,0,0
Upshur,3,Registered Voters,,,,1618,,,
Upshur,3,Ballots Cast,,,,1078,0,0,0
Upshur,3,President,,REP,Donald J. Trump/JD Vance,924,18,696,210
Upshur,3,President,,DEM,Kamala D. Harris/Tim Walz,137,11,98,28
Upshur,3,President,,LIB,Chase Oliver/Mike ter Maat,6,1,3,2
Upshur,3,President,,GRN,Jill Stein/Rudolph Ware,3,0,2,1
Upshur,3,President,,,Cherunda Fox/Harlan McVay (W),0,0,0,0
Upshur,3,President,,,Claudia De la Cruz/Karina Garcia (W),0,0,0,0
Upshur,3,President,,,Cornel West/Melina Abdullah (W),0,0,0,0
Upshur,3,President,,,Jessie Cueller/Wesley Lasley (W),0,0,0,0
Upshur,3,President,,,Peter Sonski/ Lauren Onak (W),0,0,0,0
Upshur,3,President,,,Shiva Ayyadurai/Crystal Ellis (W),0,0,0,0
Upshur,3,President,,,Under Votes,8,0,6,2
Upshur,3,President,,,Over Votes,0,0,0,0
Upshur,3,U.S. Senate,,REP,Ted Cruz,905,20,682,203
Upshur,3,U.S. Senate,,DEM,Colin Allred,149,9,109,31
Upshur,3,U.S. Senate,,LIB,Ted Brown,19,1,12,6
Upshur,3,U.S. Senate,,,Analisa Roche (W),0,0,0,0
Upshur,3,U.S. Senate,,,Tracy Andrus (W),0,0,0,0
Upshur,3,U.S. Senate,,,Under Votes,5,0,2,3
Upshur,3,U.S. Senate,,,Over Votes,0,0,0,0
Upshur,3,U.S. House,1,REP,Nathaniel Moran,960,22,716,222
Upshur,3,U.S. House,1,,Under Votes,118,8,89,21
Upshur,3,U.S. House,1,,Over Votes,0,0,0,0
Upshur,3,Railroad Commissioner,,REP,Christi Craddick,879,18,660,201
Upshur,3,Railroad Commissioner,,DEM,Katherine Culbert,124,10,88,26
Upshur,3,Railroad Commissioner,,LIB,Hawk Dunlap,38,0,31,7
Upshur,3,Railroad Commissioner,,GRN,Eddie Espinoza,3,1,2,0
Upshur,3,Railroad Commissioner,,,Richard McKibbin (W),1,0,0,1
Upshur,3,Railroad Commissioner,,,Under Votes,33,1,24,8
Upshur,3,Railroad Commissioner,,,Over Votes,0,0,0,0
Upshur,3,"Justice, Supreme Court",Place 2,REP,Jimmy Blacklock,919,20,689,210
Upshur,3,"Justice, Supreme Court",Place 2,DEM,DaSean Jones,132,9,96,27
Upshur,3,"Justice, Supreme Court",Place 2,,Under Votes,27,1,20,6
Upshur,3,"Justice, Supreme Court",Place 2,,Over Votes,0,0,0,0
Upshur,3,"Justice, Supreme Court",Place 4,REP,John Devine,916,20,690,206
Upshur,3,"Justice, Supreme Court",Place 4,DEM,Christine Vinh Weems,140,9,100,31
Upshur,3,"Justice, Supreme Court",Place 4,,Under Votes,22,1,15,6
Upshur,3,"Justice, Supreme Court",Place 4,,Over Votes,0,0,0,0
Upshur,3,"Justice, Supreme Court",Place 6,REP,Jane Bland,898,21,676,201
Upshur,3,"Justice, Supreme Court",Place 6,DEM,Bonnie Lee Goldstein,133,8,95,30
Upshur,3,"Justice, Supreme Court",Place 6,LIB,J. David Roberson,26,0,21,5
Upshur,3,"Justice, Supreme Court",Place 6,,Under Votes,21,1,13,7
Upshur,3,"Justice, Supreme Court",Place 6,,Over Votes,0,0,0,0
Upshur,3,"Presiding Judge, Court of Criminal Appeals",,REP,David J. Schenck,914,20,689,205
Upshur,3,"Presiding Judge, Court of Criminal Appeals",,DEM,Holly Taylor,136,9,97,30
Upshur,3,"Presiding Judge, Court of Criminal Appeals",,,Under Votes,28,1,19,8
Upshur,3,"Presiding Judge, Court of Criminal Appeals",,,Over Votes,0,0,0,0
Upshur,3,"Judge, Court of Criminal Appeals",Place 7,REP,Gina Parker,925,20,697,208
Upshur,3,"Judge, Court of Criminal Appeals",Place 7,DEM,Nancy Mulder,128,9,91,28
Upshur,3,"Judge, Court of Criminal Appeals",Place 7,,Under Votes,25,1,17,7
Upshur,3,"Judge, Court of Criminal Appeals",Place 7,,Over Votes,0,0,0,0
Upshur,3,"Judge, Court of Criminal Appeals",Place 8,REP,Lee Finley,918,20,690,208
Upshur,3,"Judge, Court of Criminal Appeals",Place 8,DEM,Chika Anyiam,132,9,96,27
Upshur,3,"Judge, Court of Criminal Appeals",Place 8,,Under Votes,28,1,19,8
Upshur,3,"Judge, Court of Criminal Appeals",Place 8,,Over Votes,0,0,0,0
Upshur,3,State Representative,5,REP,Cole Hefner,942,22,703,217
Upshur,3,State Representative,5,,Nancy A. Nichols (W),11,2,5,4
Upshur,3,State Representative,5,,Under Votes,125,6,97,22
Upshur,3,State Representative,5,,Over Votes,0,0,0,0
Upshur,3,"Justice, 6th Court of Appeals District",Place 2,REP,Jeff Rambin,952,22,711,219
Upshur,3,"Justice, 6th Court of Appeals District",Place 2,,Under Votes,126,8,94,24
Upshur,3,"Justice, 6th Court of Appeals District",Place 2,,Over Votes,0,0,0,0
Upshur,3,"Justice, 12th Court of Appeals District",Place 3,REP,Greg Neeley,950,22,709,219
Upshur,3,"Justice, 12th Court of Appeals District",Place 3,,Under Votes,128,8,96,24
Upshur,3,"Justice, 12th Court of Appeals District",Place 3,,Over Votes,0,0,0,0
Upshur,3,Sheriff,,REP,Larry Webb,887,21,661,205
Upshur,3,Sheriff,,DEM,"Brandon ""Bear"" Williams",163,8,121,34
Upshur,3,Sheriff,,,Under Votes,28,1,23,4
Upshur,3,Sheriff,,,Over Votes,0,0,0,0
Upshur,3,County Tax Assessor-Collector,,REP,Luana Howell,951,23,710,218
Upshur,3,County Tax Assessor-Collector,,,Under Votes,127,7,95,25
Upshur,3,County Tax Assessor-Collector,,,Over Votes,0,0,0,0
Upshur,3,County Commissioner Precinct 1,,REP,Gene Dolle,952,22,712,218
Upshur,3,County Commissioner Precinct 1,,,Under Votes,126,8,93,25
Upshur,3,County Commissioner Precinct 1,,,Over Votes,0,0,0,0
Upshur,3,County Constable Precinct 1,,REP,Tim Barnett,952,22,710,220
Upshur,3,County Constable Precinct 1,,,Under Votes,126,8,95,23
Upshur,3,County Constable Precinct 1,,,Over Votes,0,0,0,0
Upshur,4,Registered Voters,,,,1444,,,
Upshur,4,Ballots Cast,,,,989,0,0,0
Upshur,4,President,,REP,Donald J. Trump/JD Vance,836,16,573,247
Upshur,4,President,,DEM,Kamala D. Harris/Tim Walz,142,15,82,45
Upshur,4,President,,LIB,Chase Oliver/Mike ter Maat,4,0,3,1
Upshur,4,President,,GRN,Jill Stein/Rudolph Ware,4,0,3,1
Upshur,4,President,,,Cherunda Fox/Harlan McVay (W),0,0,0,0
Upshur,4,President,,,Claudia De la Cruz/Karina Garcia (W),0,0,0,0
Upshur,4,President,,,Cornel West/Melina Abdullah (W),0,0,0,0
Upshur,4,President,,,Jessie Cueller/Wesley Lasley (W),0,0,0,0
Upshur,4,President,,,Peter Sonski/ Lauren Onak (W),0,0,0,0
Upshur,4,President,,,Shiva Ayyadurai/Crystal Ellis (W),0,0,0,0
Upshur,4,President,,,Under Votes,3,0,2,1
Upshur,4,President,,,Over Votes,0,0,0,0
Upshur,4,U.S. Senate,,REP,Ted Cruz,818,17,567,234
Upshur,4,U.S. Senate,,DEM,Colin Allred,155,13,87,55
Upshur,4,U.S. Senate,,LIB,Ted Brown,14,1,8,5
Upshur,4,U.S. Senate,,,Analisa Roche (W),0,0,0,0
Upshur,4,U.S. Senate,,,Tracy Andrus (W),0,0,0,0
Upshur,4,U.S. Senate,,,Under Votes,2,0,1,1
Upshur,4,U.S. Senate,,,Over Votes,0,0,0,0
Upshur,4,U.S. House,5,REP,Lance Gooden,838,17,580,241
Upshur,4,U.S. House,5,DEM,"Ruth ""Truth"" Torres",134,14,71,49
Upshur,4,U.S. House,5,,Under Votes,17,0,12,5
Upshur,4,U.S. House,5,,Over Votes,0,0,0,0
Upshur,4,Railroad Commissioner,,REP,Christi Craddick,803,18,557,228
Upshur,4,Railroad Commissioner,,DEM,Katherine Culbert,130,13,74,43
Upshur,4,Railroad Commissioner,,LIB,Hawk Dunlap,32,0,20,12
Upshur,4,Railroad Commissioner,,GRN,Eddie Espinoza,6,0,3,3
Upshur,4,Railroad Commissioner,,,Richard McKibbin (W),0,0,0,0
Upshur,4,Railroad Commissioner,,,Under Votes,18,0,9,9
Upshur,4,Railroad Commissioner,,,Over Votes,0,0,0,0
Upshur,4,"Justice, Supreme Court",Place 2,REP,Jimmy Blacklock,830,17,579,234
Upshur,4,"Justice, Supreme Court",Place 2,DEM,DaSean Jones,135,14,68,53
Upshur,4,"Justice, Supreme Court",Place 2,,Under Votes,24,0,16,8
Upshur,4,"Justice, Supreme Court",Place 2,,Over Votes,0,0,0,0
Upshur,4,"Justice, Supreme Court",Place 4,REP,John Devine,829,17,574,238
Upshur,4,"Justice, Supreme Court",Place 4,DEM,Christine Vinh Weems,134,13,74,47
Upshur,4,"Justice, Supreme Court",Place 4,,Under Votes,26,1,15,10
Upshur,4,"Justice, Supreme Court",Place 4,,Over Votes,0,0,0,0
Upshur,4,"Justice, Supreme Court",Place 6,REP,Jane Bland,804,17,559,228
Upshur,4,"Justice, Supreme Court",Place 6,DEM,Bonnie Lee Goldstein,129,13,70,46
Upshur,4,"Justice, Supreme Court",Place 6,LIB,J. David Roberson,27,0,16,11
Upshur,4,"Justice, Supreme Court",Place 6,,Under Votes,29,1,18,10
Upshur,4,"Justice, Supreme Court",Place 6,,Over Votes,0,0,0,0
Upshur,4,"Presiding Judge, Court of Criminal Appeals",,REP,David J. Schenck,826,17,574,235
Upshur,4,"Presiding Judge, Court of Criminal Appeals",,DEM,Holly Taylor,136,13,74,49
Upshur,4,"Presiding Judge, Court of Criminal Appeals",,,Under Votes,27,1,15,11
Upshur,4,"Presiding Judge, Court of Criminal Appeals",,,Over Votes,0,0,0,0
Upshur,4,"Judge, Court of Criminal Appeals",Place 7,REP,Gina Parker,825,17,572,236
Upshur,4,"Judge, Court of Criminal Appeals",Place 7,DEM,Nancy Mulder,133,13,71,49
Upshur,4,"Judge, Court of Criminal Appeals",Place 7,,Under Votes,31,1,20,10
Upshur,4,"Judge, Court of Criminal Appeals",Place 7,,Over Votes,0,0,0,0
Upshur,4,"Judge, Court of Criminal Appeals",Place 8,REP,Lee Finley,827,16,575,236
Upshur,4,"Judge, Court of Criminal Appeals",Place 8,DEM,Chika Anyiam,129,13,68,48
Upshur,4,"Judge, Court of Criminal Appeals",Place 8,,Under Votes,33,2,20,11
Upshur,4,"Judge, Court of Criminal Appeals",Place 8,,Over Votes,0,0,0,0
Upshur,4,State Representative,5,REP,Cole Hefner,886,18,606,262
Upshur,4,State Representative,5,,Nancy A. Nichols (W),7,3,3,1
Upshur,4,State Representative,5,,Under Votes,96,10,54,32
Upshur,4,State Representative,5,,Over Votes,0,0,0,0
Upshur,4,"Justice, 6th Court of Appeals District",Place 2,REP,Jeff Rambin,887,18,609,260
Upshur,4,"Justice, 6th Court of Appeals District",Place 2,,Under Votes,102,13,54,35
Upshur,4,"Justice, 6th Court of Appeals District",Place 2,,Over Votes,0,0,0,0
Upshur,4,"Justice, 12th Court of Appeals District",Place 3,REP,Greg Neeley,887,17,610,260
Upshur,4,"Justice, 12th Court of Appeals District",Place 3,,Under Votes,102,14,53,35
Upshur,4,"Justice, 12th Court of Appeals District",Place 3,,Over Votes,0,0,0,0
Upshur,4,Sheriff,,REP,Larry Webb,814,17,562,235
Upshur,4,Sheriff,,DEM,"Brandon ""Bear"" Williams",153,13,87,53
Upshur,4,Sheriff,,,Under Votes,22,1,14,7
Upshur,4,Sheriff,,,Over Votes,0,0,0,0
Upshur,4,County Tax Assessor-Collector,,REP,Luana Howell,892,21,608,263
Upshur,4,County Tax Assessor-Collector,,,Under Votes,97,10,55,32
Upshur,4,County Tax Assessor-Collector,,,Over Votes,0,0,0,0
Upshur,4,County Commissioner Precinct 1,,REP,Gene Dolle,880,19,604,257
Upshur,4,County Commissioner Precinct 1,,,Under Votes,109,12,59,38
Upshur,4,County Commissioner Precinct 1,,,Over Votes,0,0,0,0
Upshur,4,County Constable Precinct 1,,REP,Tim Barnett,884,18,607,259
Upshur,4,County Constable Precinct 1,,,Under Votes,105,13,56,36
Upshur,4,County Constable Precinct 1,,,Over Votes,0,0,0,0
Upshur,5,Registered Voters,,,,537,,,
Upshur,5,Ballots Cast,,,,324,0,0,0
Upshur,5,President,,REP,Donald J. Trump/JD Vance,248,3,194,51
Upshur,5,President,,DEM,Kamala D. Harris/Tim Walz,74,2,57,15
Upshur,5,President,,LIB,Chase Oliver/Mike ter Maat,1,0,0,1
Upshur,5,President,,GRN,Jill Stein/Rudolph Ware,1,0,1,0
Upshur,5,President,,,Cherunda Fox/Harlan McVay (W),0,0,0,0
Upshur,5,President,,,Claudia De la Cruz/Karina Garcia (W),0,0,0,0
Upshur,5,President,,,Cornel West/Melina Abdullah (W),0,0,0,0
Upshur,5,President,,,Jessie Cueller/Wesley Lasley (W),0,0,0,0
Upshur,5,President,,,Peter Sonski/ Lauren Onak (W),0,0,0,0
Upshur,5,President,,,Shiva Ayyadurai/Crystal Ellis (W),0,0,0,0
Upshur,5,President,,,Under Votes,0,0,0,0
Upshur,5,President,,,Over Votes,0,0,0,0
Upshur,5,U.S. Senate,,REP,Ted Cruz,242,3,191,48
Upshur,5,U.S. Senate,,DEM,Colin Allred,72,1,56,15
Upshur,5,U.S. Senate,,LIB,Ted Brown,9,1,4,4
Upshur,5,U.S. Senate,,,Analisa Roche (W),0,0,0,0
Upshur,5,U.S. Senate,,,Tracy Andrus (W),0,0,0,0
Upshur,5,U.S. Senate,,,Under Votes,1,0,1,0
Upshur,5,U.S. Senate,,,Over Votes,0,0,0,0
Upshur,5,U.S. House,1,REP,Nathaniel Moran,255,4,199,52
Upshur,5,U.S. House,1,,Under Votes,69,1,53,15
Upshur,5,U.S. House,1,,Over Votes,0,0,0,0
Upshur,5,Railroad Commissioner,,REP,Christi Craddick,243,3,191,49
Upshur,5,Railroad Commissioner,,DEM,Katherine Culbert,54,1,42,11
Upshur,5,Railroad Commissioner,,LIB,Hawk Dunlap,15,1,9,5
Upshur,5,Railroad Commissioner,,GRN,Eddie Espinoza,4,0,3,1
Upshur,5,Railroad Commissioner,,,Richard McKibbin (W),0,0,0,0
Upshur,5,Railroad Commissioner,,,Under Votes,8,0,7,1
Upshur,5,Railroad Commissioner,,,Over Votes,0,0,0,0
Upshur,5,"Justice, Supreme Court",Place 2,REP,Jimmy Blacklock,252,4,196,52
Upshur,5,"Justice, Supreme Court",Place 2,DEM,DaSean Jones,64,1,49,14
Upshur,5,"Justice, Supreme Court",Place 2,,Under Votes,8,0,7,1
Upshur,5,"Justice, Supreme Court",Place 2,,Over Votes,0,0,0,0
Upshur,5,"Justice, Supreme Court",Place 4,REP,John Devine,249,4,194,51
Upshur,5,"Justice, Supreme Court",Place 4,DEM,Christine Vinh Weems,63,1,47,15
Upshur,5,"Justice, Supreme Court",Place 4,,Under Votes,12,0,11,1
Upshur,5,"Justice, Supreme Court",Place 4,,Over Votes,0,0,0,0
Upshur,5,"Justice, Supreme Court",Place 6,REP,Jane Bland,236,3,185,48
Upshur,5,"Justice, Supreme Court",Place 6,DEM,Bonnie Lee Goldstein,64,1,49,14
Upshur,5,"Justice, Supreme Court",Place 6,LIB,J. David Roberson,15,1,10,4
Upshur,5,"Justice, Supreme Court",Place 6,,Under Votes,9,0,8,1
Upshur,5,"Justice, Supreme Court",Place 6,,Over Votes,0,0,0,0
Upshur,5,"Presiding Judge, Court of Criminal Appeals",,REP,David J. Schenck,247,4,191,52
Upshur,5,"Presiding Judge, Court of Criminal Appeals",,DEM,Holly Taylor,66,1,51,14
Upshur,5,"Presiding Judge, Court of Criminal Appeals",,,Under Votes,11,0,10,1
Upshur,5,"Presiding Judge, Court of Criminal Appeals",,,Over Votes,0,0,0,0
Upshur,5,"Judge, Court of Criminal Appeals",Place 7,REP,Gina Parker,250,4,194,52
Upshur,5,"Judge, Court of Criminal Appeals",Place 7,DEM,Nancy Mulder,63,1,48,14
Upshur,5,"Judge, Court of Criminal Appeals",Place 7,,Under Votes,11,0,10,1
Upshur,5,"Judge, Court of Criminal Appeals",Place 7,,Over Votes,0,0,0,0
Upshur,5,"Judge, Court of Criminal Appeals",Place 8,REP,Lee Finley,251,4,194,53
Upshur,5,"Judge, Court of Criminal Appeals",Place 8,DEM,Chika Anyiam,63,1,49,13
Upshur,5,"Judge, Court of Criminal Appeals",Place 8,,Under Votes,10,0,9,1
Upshur,5,"Judge, Court of Criminal Appeals",Place 8,,Over Votes,0,0,0,0
Upshur,5,State Representative,5,REP,Cole Hefner,262,4,205,53
Upshur,5,State Representative,5,,Nancy A. Nichols (W),2,0,2,0
Upshur,5,State Representative,5,,Under Votes,60,1,45,14
Upshur,5,State Representative,5,,Over Votes,0,0,0,0
Upshur,5,"Justice, 6th Court of Appeals District",Place 2,REP,Jeff Rambin,257,4,202,51
Upshur,5,"Justice, 6th Court of Appeals District",Place 2,,Under Votes,67,1,50,16
Upshur,5,"Justice, 6th Court of Appeals District",Place 2,,Over Votes,0,0,0,0
Upshur,5,"Justice, 12th Court of Appeals District",Place 3,REP,Greg Neeley,254,4,199,51
Upshur,5,"Justice, 12th Court of Appeals District",Place 3,,Under Votes,70,1,53,16
Upshur,5,"Justice, 12th Court of Appeals District",Place 3,,Over Votes,0,0,0,0
Upshur,5,Sheriff,,REP,Larry Webb,226,3,175,48
Upshur,5,Sheriff,,DEM,"Brandon ""Bear"" Williams",88,2,67,19
Upshur,5,Sheriff,,,Under Votes,10,0,10,0
Upshur,5,Sheriff,,,Over Votes,0,0,0,0
Upshur,5,County Tax Assessor-Collector,,REP,Luana Howell,269,4,211,54
Upshur,5,County Tax Assessor-Collector,,,Under Votes,55,1,41,13
Upshur,5,County Tax Assessor-Collector,,,Over Votes,0,0,0,0
Upshur,5,County Constable Precinct 2,,REP,Jason Weeks,262,4,204,54
Upshur,5,County Constable Precinct 2,,,Under Votes,62,1,48,13
Upshur,5,County Constable Precinct 2,,,Over Votes,0,0,0,0
Upshur,5 - UHISD,Registered Voters,,,,75,,,
Upshur,5 - UHISD,Ballots Cast,,,,48,0,0,0
Upshur,5 - UHISD,President,,REP,Donald J. Trump/JD Vance,44,0,38,6
Upshur,5 - UHISD,President,,DEM,Kamala D. Harris/Tim Walz,4,0,3,1
Upshur,5 - UHISD,President,,LIB,Chase Oliver/Mike ter Maat,0,0,0,0
Upshur,5 - UHISD,President,,GRN,Jill Stein/Rudolph Ware,0,0,0,0
Upshur,5 - UHISD,President,,,Cherunda Fox/Harlan McVay (W),0,0,0,0
Upshur,5 - UHISD,President,,,Claudia De la Cruz/Karina Garcia (W),0,0,0,0
Upshur,5 - UHISD,President,,,Cornel West/Melina Abdullah (W),0,0,0,0
Upshur,5 - UHISD,President,,,Jessie Cueller/Wesley Lasley (W),0,0,0,0
Upshur,5 - UHISD,President,,,Peter Sonski/ Lauren Onak (W),0,0,0,0
Upshur,5 - UHISD,President,,,Shiva Ayyadurai/Crystal Ellis (W),0,0,0,0
Upshur,5 - UHISD,President,,,Under Votes,0,0,0,0
Upshur,5 - UHISD,President,,,Over Votes,0,0,0,0
Upshur,5 - UHISD,U.S. Senate,,REP,Ted Cruz,43,0,37,6
Upshur,5 - UHISD,U.S. Senate,,DEM,Colin Allred,4,0,3,1
Upshur,5 - UHISD,U.S. Senate,,LIB,Ted Brown,1,0,1,0
Upshur,5 - UHISD,U.S. Senate,,,Analisa Roche (W),0,0,0,0
Upshur,5 - UHISD,U.S. Senate,,,Tracy Andrus (W),0,0,0,0
Upshur,5 - UHISD,U.S. Senate,,,Under Votes,0,0,0,0
Upshur,5 - UHISD,U.S. Senate,,,Over Votes,0,0,0,0
Upshur,5 - UHISD,U.S. House,1,REP,Nathaniel Moran,45,0,39,6
Upshur,5 - UHISD,U.S. House,1,,Under Votes,3,0,2,1
Upshur,5 - UHISD,U.S. House,1,,Over Votes,0,0,0,0
Upshur,5 - UHISD,Railroad Commissioner,,REP,Christi Craddick,40,0,35,5
Upshur,5 - UHISD,Railroad Commissioner,,DEM,Katherine Culbert,2,0,1,1
Upshur,5 - UHISD,Railroad Commissioner,,LIB,Hawk Dunlap,3,0,2,1
Upshur,5 - UHISD,Railroad Commissioner,,GRN,Eddie Espinoza,0,0,0,0
Upshur,5 - UHISD,Railroad Commissioner,,,Richard McKibbin (W),0,0,0,0
Upshur,5 - UHISD,Railroad Commissioner,,,Under Votes,3,0,3,0
Upshur,5 - UHISD,Railroad Commissioner,,,Over Votes,0,0,0,0
Upshur,5 - UHISD,"Justice, Supreme Court",Place 2,REP,Jimmy Blacklock,43,0,37,6
Upshur,5 - UHISD,"Justice, Supreme Court",Place 2,DEM,DaSean Jones,2,0,1,1
Upshur,5 - UHISD,"Justice, Supreme Court",Place 2,,Under Votes,3,0,3,0
Upshur,5 - UHISD,"Justice, Supreme Court",Place 2,,Over Votes,0,0,0,0
Upshur,5 - UHISD,"Justice, Supreme Court",Place 4,REP,John Devine,44,0,38,6
Upshur,5 - UHISD,"Justice, Supreme Court",Place 4,DEM,Christine Vinh Weems,2,0,1,1
Upshur,5 - UHISD,"Justice, Supreme Court",Place 4,,Under Votes,2,0,2,0
Upshur,5 - UHISD,"Justice, Supreme Court",Place 4,,Over Votes,0,0,0,0
Upshur,5 - UHISD,"Justice, Supreme Court",Place 6,REP,Jane Bland,43,0,37,6
Upshur,5 - UHISD,"Justice, Supreme Court",Place 6,DEM,Bonnie Lee Goldstein,3,0,2,1
Upshur,5 - UHISD,"Justice, Supreme Court",Place 6,LIB,J. David Roberson,0,0,0,0
Upshur,5 - UHISD,"Justice, Supreme Court",Place 6,,Under Votes,2,0,2,0
Upshur,5 - UHISD,"Justice, Supreme Court",Place 6,,Over Votes,0,0,0,0
Upshur,5 - UHISD,"Presiding Judge, Court of Criminal Appeals",,REP,David J. Schenck,44,0,38,6
Upshur,5 - UHISD,"Presiding Judge, Court of Criminal Appeals",,DEM,Holly Taylor,2,0,1,1
Upshur,5 - UHISD,"Presiding Judge, Court of Criminal Appeals",,,Under Votes,2,0,2,0
Upshur,5 - UHISD,"Presiding Judge, Court of Criminal Appeals",,,Over Votes,0,0,0,0
Upshur,5 - UHISD,"Judge, Court of Criminal Appeals",Place 7,REP,Gina Parker,42,0,36,6
Upshur,5 - UHISD,"Judge, Court of Criminal Appeals",Place 7,DEM,Nancy Mulder,3,0,2,1
Upshur,5 - UHISD,"Judge, Court of Criminal Appeals",Place 7,,Under Votes,3,0,3,0
Upshur,5 - UHISD,"Judge, Court of Criminal Appeals",Place 7,,Over Votes,0,0,0,0
Upshur,5 - UHISD,"Judge, Court of Criminal Appeals",Place 8,REP,Lee Finley,43,0,37,6
Upshur,5 - UHISD,"Judge, Court of Criminal Appeals",Place 8,DEM,Chika Anyiam,2,0,1,1
Upshur,5 - UHISD,"Judge, Court of Criminal Appeals",Place 8,,Under Votes,3,0,3,0
Upshur,5 - UHISD,"Judge, Court of Criminal Appeals",Place 8,,Over Votes,0,0,0,0
Upshur,5 - UHISD,State Representative,5,REP,Cole Hefner,43,0,37,6
Upshur,5 - UHISD,State Representative,5,,Nancy A. Nichols (W),0,0,0,0
Upshur,5 - UHISD,State Representative,5,,Under Votes,5,0,4,1
Upshur,5 - UHISD,State Representative,5,,Over Votes,0,0,0,0
Upshur,5 - UHISD,"Justice, 6th Court of Appeals District",Place 2,REP,Jeff Rambin,43,0,37,6
Upshur,5 - UHISD,"Justice, 6th Court of Appeals District",Place 2,,Under Votes,5,0,4,1
Upshur,5 - UHISD,"Justice, 6th Court of Appeals District",Place 2,,Over Votes,0,0,0,0
Upshur,5 - UHISD,"Justice, 12th Court of Appeals District",Place 3,REP,Greg Neeley,42,0,36,6
Upshur,5 - UHISD,"Justice, 12th Court of Appeals District",Place 3,,Under Votes,6,0,5,1
Upshur,5 - UHISD,"Justice, 12th Court of Appeals District",Place 3,,Over Votes,0,0,0,0
Upshur,5 - UHISD,Sheriff,,REP,Larry Webb,38,0,33,5
Upshur,5 - UHISD,Sheriff,,DEM,"Brandon ""Bear"" Williams",9,0,7,2
Upshur,5 - UHISD,Sheriff,,,Under Votes,1,0,1,0
Upshur,5 - UHISD,Sheriff,,,Over Votes,0,0,0,0
Upshur,5 - UHISD,County Tax Assessor-Collector,,REP,Luana Howell,44,0,38,6
Upshur,5 - UHISD,County Tax Assessor-Collector,,,Under Votes,4,0,3,1
Upshur,5 - UHISD,County Tax Assessor-Collector,,,Over Votes,0,0,0,0
Upshur,5 - UHISD,County Constable Precinct 2,,REP,Jason Weeks,45,0,39,6
Upshur,5 - UHISD,County Constable Precinct 2,,,Under Votes,3,0,2,1
Upshur,5 - UHISD,County Constable Precinct 2,,,Over Votes,0,0,0,0
Upshur,6,Registered Voters,,,,1698,,,
Upshur,6,Ballots Cast,,,,1230,0,0,0
Upshur,6,President,,REP,Donald J. Trump/JD Vance,1054,11,740,303
Upshur,6,President,,DEM,Kamala D. Harris/Tim Walz,166,10,103,53
Upshur,6,President,,LIB,Chase Oliver/Mike ter Maat,4,0,2,2
Upshur,6,President,,GRN,Jill Stein/Rudolph Ware,1,0,1,0
Upshur,6,President,,,Cherunda Fox/Harlan McVay (W),0,0,0,0
Upshur,6,President,,,Claudia De la Cruz/Karina Garcia (W),0,0,0,0
Upshur,6,President,,,Cornel West/Melina Abdullah (W),0,0,0,0
Upshur,6,President,,,Jessie Cueller/Wesley Lasley (W),0,0,0,0
Upshur,6,President,,,Peter Sonski/ Lauren Onak (W),0,0,0,0
Upshur,6,President,,,Shiva Ayyadurai/Crystal Ellis (W),0,0,0,0
Upshur,6,President,,,Under Votes,5,0,3,2
Upshur,6,President,,,Over Votes,0,0,0,0
Upshur,6,U.S. Senate,,REP,Ted Cruz,1016,11,723,282
Upshur,6,U.S. Senate,,DEM,Colin Allred,180,10,114,56
Upshur,6,U.S. Senate,,LIB,Ted Brown,23,0,8,15
Upshur,6,U.S. Senate,,,Analisa Roche (W),0,0,0,0
Upshur,6,U.S. Senate,,,Tracy Andrus (W),0,0,0,0
Upshur,6,U.S. Senate,,,Under Votes,11,0,4,7
Upshur,6,U.S. Senate,,,Over Votes,0,0,0,0
Upshur,6,U.S. House,5,REP,Lance Gooden,1041,11,733,297
Upshur,6,U.S. House,5,DEM,"Ruth ""Truth"" Torres",160,10,98,52
Upshur,6,U.S. House,5,,Under Votes,29,0,18,11
Upshur,6,U.S. House,5,,Over Votes,0,0,0,0
Upshur,6,Railroad Commissioner,,REP,Christi Craddick,1018,11,720,287
Upshur,6,Railroad Commissioner,,DEM,Katherine Culbert,139,9,89,41
Upshur,6,Railroad Commissioner,,LIB,Hawk Dunlap,39,0,22,17
Upshur,6,Railroad Commissioner,,GRN,Eddie Espinoza,7,0,2,5
Upshur,6,Railroad Commissioner,,,Richard McKibbin (W),0,0,0,0
Upshur,6,Railroad Commissioner,,,Under Votes,27,1,16,10
Upshur,6,Railroad Commissioner,,,Over Votes,0,0,0,0
Upshur,6,"Justice, Supreme Court",Place 2,REP,Jimmy Blacklock,1051,11,736,304
Upshur,6,"Justice, Supreme Court",Place 2,DEM,DaSean Jones,154,9,99,46
Upshur,6,"Justice, Supreme Court",Place 2,,Under Votes,25,1,14,10
Upshur,6,"Justice, Supreme Court",Place 2,,Over Votes,0,0,0,0
Upshur,6,"Justice, Supreme Court",Place 4,REP,John Devine,1036,11,727,298
Upshur,6,"Justice, Supreme Court",Place 4,DEM,Christine Vinh Weems,165,9,107,49
Upshur,6,"Justice, Supreme Court",Place 4,,Under Votes,29,1,15,13
Upshur,6,"Justice, Supreme Court",Place 4,,Over Votes,0,0,0,0
Upshur,6,"Justice, Supreme Court",Place 6,REP,Jane Bland,1020,11,721,288
Upshur,6,"Justice, Supreme Court",Place 6,DEM,Bonnie Lee Goldstein,156,9,100,47
Upshur,6,"Justice, Supreme Court",Place 6,LIB,J. David Roberson,27,0,13,14
Upshur,6,"Justice, Supreme Court",Place 6,,Under Votes,27,1,15,11
Upshur,6,"Justice, Supreme Court",Place 6,,Over Votes,0,0,0,0
Upshur,6,"Presiding Judge, Court of Criminal Appeals",,REP,David J. Schenck,1040,11,732,297
Upshur,6,"Presiding Judge, Court of Criminal Appeals",,DEM,Holly Taylor,159,9,100,50
Upshur,6,"Presiding Judge, Court of Criminal Appeals",,,Under Votes,31,1,17,13
Upshur,6,"Presiding Judge, Court of Criminal Appeals",,,Over Votes,0,0,0,0
Upshur,6,"Judge, Court of Criminal Appeals",Place 7,REP,Gina Parker,1037,11,729,297
Upshur,6,"Judge, Court of Criminal Appeals",Place 7,DEM,Nancy Mulder,159,9,101,49
Upshur,6,"Judge, Court of Criminal Appeals",Place 7,,Under Votes,34,1,19,14
Upshur,6,"Judge, Court of Criminal Appeals",Place 7,,Over Votes,0,0,0,0
Upshur,6,"Judge, Court of Criminal Appeals",Place 8,REP,Lee Finley,1046,11,736,299
Upshur,6,"Judge, Court of Criminal Appeals",Place 8,DEM,Chika Anyiam,150,9,94,47
Upshur,6,"Judge, Court of Criminal Appeals",Place 8,,Under Votes,34,1,19,14
Upshur,6,"Judge, Court of Criminal Appeals",Place 8,,Over Votes,0,0,0,0
Upshur,6,State Representative,5,REP,Cole Hefner,1086,12,753,321
Upshur,6,State Representative,5,,Nancy A. Nichols (W),5,3,2,0
Upshur,6,State Representative,5,,Under Votes,139,6,94,39
Upshur,6,State Representative,5,,Over Votes,0,0,0,0
Upshur,6,"Justice, 6th Court of Appeals District",Place 2,REP,Jeff Rambin,1091,13,756,322
Upshur,6,"Justice, 6th Court of Appeals District",Place 2,,Under Votes,139,8,93,38
Upshur,6,"Justice, 6th Court of Appeals District",Place 2,,Over Votes,0,0,0,0
Upshur,6,"Justice, 12th Court of Appeals District",Place 3,REP,Greg Neeley,1091,13,757,321
Upshur,6,"Justice, 12th Court of Appeals District",Place 3,,Under Votes,139,8,92,39
Upshur,6,"Justice, 12th Court of Appeals District",Place 3,,Over Votes,0,0,0,0
Upshur,6,Sheriff,,REP,Larry Webb,1010,12,706,292
Upshur,6,Sheriff,,DEM,"Brandon ""Bear"" Williams",190,9,123,58
Upshur,6,Sheriff,,,Under Votes,30,0,20,10
Upshur,6,Sheriff,,,Over Votes,0,0,0,0
Upshur,6,County Tax Assessor-Collector,,REP,Luana Howell,1095,14,756,325
Upshur,6,County Tax Assessor-Collector,,,Under Votes,135,7,93,35
Upshur,6,County Tax Assessor-Collector,,,Over Votes,0,0,0,0
Upshur,6,County Constable Precinct 2,,REP,Jason Weeks,1094,13,761,320
Upshur,6,County Constable Precinct 2,,,Under Votes,136,8,88,40
Upshur,6,County Constable Precinct 2,,,Over Votes,0,0,0,0
Upshur,7,Registered Voters,,,,3108,,,
Upshur,7,Ballots Cast,,,,1968,0,0,0
Upshur,7,President,,REP,Donald J. Trump/JD Vance,1693,32,1131,530
Upshur,7,President,,DEM,Kamala D. Harris/Tim Walz,264,30,149,85
Upshur,7,President,,LIB,Chase Oliver/Mike ter Maat,3,0,2,1
Upshur,7,President,,GRN,Jill Stein/Rudolph Ware,1,0,0,1
Upshur,7,President,,,Cherunda Fox/Harlan McVay (W),0,0,0,0
Upshur,7,President,,,Claudia De la Cruz/Karina Garcia (W),0,0,0,0
Upshur,7,President,,,Cornel West/Melina Abdullah (W),0,0,0,0
Upshur,7,President,,,Jessie Cueller/Wesley Lasley (W),0,0,0,0
Upshur,7,President,,,Peter Sonski/ Lauren Onak (W),0,0,0,0
Upshur,7,President,,,Shiva Ayyadurai/Crystal Ellis (W),0,0,0,0
Upshur,7,President,,,Under Votes,7,0,6,1
Upshur,7,President,,,Over Votes,0,0,0,0
Upshur,7,U.S. Senate,,REP,Ted Cruz,1629,31,1102,496
Upshur,7,U.S. Senate,,DEM,Colin Allred,283,28,162,93
Upshur,7,U.S. Senate,,LIB,Ted Brown,39,1,16,22
Upshur,7,U.S. Senate,,,Analisa Roche (W),0,0,0,0
Upshur,7,U.S. Senate,,,Tracy Andrus (W),0,0,0,0
Upshur,7,U.S. Senate,,,Under Votes,17,2,8,7
Upshur,7,U.S. Senate,,,Over Votes,0,0,0,0
Upshur,7,U.S. House,5,REP,Lance Gooden,1670,33,1110,527
Upshur,7,U.S. House,5,DEM,"Ruth ""Truth"" Torres",260,28,151,81
Upshur,7,U.S. House,5,,Under Votes,38,1,27,10
Upshur,7,U.S. House,5,,Over Votes,0,0,0,0
Upshur,7,Railroad Commissioner,,REP,Christi Craddick,1613,32,1087,494
Upshur,7,Railroad Commissioner,,DEM,Katherine Culbert,248,29,141,78
Upshur,7,Railroad Commissioner,,LIB,Hawk Dunlap,54,0,27,27
Upshur,7,Railroad Commissioner,,GRN,Eddie Espinoza,11,0,6,5
Upshur,7,Railroad Commissioner,,,Richard McKibbin (W),0,0,0,0
Upshur,7,Railroad Commissioner,,,Under Votes,42,1,27,14
Upshur,7,Railroad Commissioner,,,Over Votes,0,0,0,0
Upshur,7,"Justice, Supreme Court",Place 2,REP,Jimmy Blacklock,1668,33,1114,521
Upshur,7,"Justice, Supreme Court",Place 2,DEM,DaSean Jones,255,28,148,79
Upshur,7,"Justice, Supreme Court",Place 2,,Under Votes,45,1,26,18
Upshur,7,"Justice, Supreme Court",Place 2,,Over Votes,0,0,0,0
Upshur,7,"Justice, Supreme Court",Place 4,REP,John Devine,1660,31,1110,519
Upshur,7,"Justice, Supreme Court",Place 4,DEM,Christine Vinh Weems,263,30,149,84
Upshur,7,"Justice, Supreme Court",Place 4,,Under Votes,45,1,29,15
Upshur,7,"Justice, Supreme Court",Place 4,,Over Votes,0,0,0,0
Upshur,7,"Justice, Supreme Court",Place 6,REP,Jane Bland,1612,32,1085,495
Upshur,7,"Justice, Supreme Court",Place 6,DEM,Bonnie Lee Goldstein,251,29,146,76
Upshur,7,"Justice, Supreme Court",Place 6,LIB,J. David Roberson,57,0,25,32
Upshur,7,"Justice, Supreme Court",Place 6,,Under Votes,48,1,32,15
Upshur,7,"Justice, Supreme Court",Place 6,,Over Votes,0,0,0,0
Upshur,7,"Presiding Judge, Court of Criminal Appeals",,REP,David J. Schenck,1650,31,1106,513
Upshur,7,"Presiding Judge, Court of Criminal Appeals",,DEM,Holly Taylor,265,30,150,85
Upshur,7,"Presiding Judge, Court of Criminal Appeals",,,Under Votes,53,1,32,20
Upshur,7,"Presiding Judge, Court of Criminal Appeals",,,Over Votes,0,0,0,0
Upshur,7,"Judge, Court of Criminal Appeals",Place 7,REP,Gina Parker,1661,32,1115,514
Upshur,7,"Judge, Court of Criminal Appeals",Place 7,DEM,Nancy Mulder,258,29,146,83
Upshur,7,"Judge, Court of Criminal Appeals",Place 7,,Under Votes,49,1,27,21
Upshur,7,"Judge, Court of Criminal Appeals",Place 7,,Over Votes,0,0,0,0
Upshur,7,"Judge, Court of Criminal Appeals",Place 8,REP,Lee Finley,1666,36,1108,522
Upshur,7,"Judge, Court of Criminal Appeals",Place 8,DEM,Chika Anyiam,249,24,149,76
Upshur,7,"Judge, Court of Criminal Appeals",Place 8,,Under Votes,53,2,31,20
Upshur,7,"Judge, Court of Criminal Appeals",Place 8,,Over Votes,0,0,0,0
Upshur,7,State Representative,5,REP,Cole Hefner,1728,36,1135,557
Upshur,7,State Representative,5,,Nancy A. Nichols (W),15,5,8,2
Upshur,7,State Representative,5,,Under Votes,225,21,145,59
Upshur,7,State Representative,5,,Over Votes,0,0,0,0
Upshur,7,"Justice, 6th Court of Appeals District",Place 2,REP,Jeff Rambin,1731,34,1146,551
Upshur,7,"Justice, 6th Court of Appeals District",Place 2,,Under Votes,237,28,142,67
Upshur,7,"Justice, 6th Court of Appeals District",Place 2,,Over Votes,0,0,0,0
Upshur,7,"Justice, 12th Court of Appeals District",Place 3,REP,Greg Neeley,1727,33,1144,550
Upshur,7,"Justice, 12th Court of Appeals District",Place 3,,Under Votes,241,29,144,68
Upshur,7,"Justice, 12th Court of Appeals District",Place 3,,Over Votes,0,0,0,0
Upshur,7,Sheriff,,REP,Larry Webb,1623,33,1079,511
Upshur,7,Sheriff,,DEM,"Brandon ""Bear"" Williams",300,28,179,93
Upshur,7,Sheriff,,,Under Votes,45,1,30,14
Upshur,7,Sheriff,,,Over Votes,0,0,0,0
Upshur,7,County Tax Assessor-Collector,,REP,Luana Howell,1745,37,1143,565
Upshur,7,County Tax Assessor-Collector,,,Under Votes,223,25,145,53
Upshur,7,County Tax Assessor-Collector,,,Over Votes,0,0,0,0
Upshur,7,County Constable Precinct 2,,REP,Jason Weeks,1736,34,1139,563
Upshur,7,County Constable Precinct 2,,,Under Votes,232,28,149,55
Upshur,7,County Constable Precinct 2,,,Over Votes,0,0,0,0
Upshur,8,Registered Voters,,,,1055,,,
Upshur,8,Ballots Cast,,,,705,0,0,0
Upshur,8,President,,REP,Donald J. Trump/JD Vance,593,15,463,115
Upshur,8,President,,DEM,Kamala D. Harris/Tim Walz,98,10,64,24
Upshur,8,President,,LIB,Chase Oliver/Mike ter Maat,5,0,1,4
Upshur,8,President,,GRN,Jill Stein/Rudolph Ware,2,0,1,1
Upshur,8,President,,,Cherunda Fox/Harlan McVay (W),0,0,0,0
Upshur,8,President,,,Claudia De la Cruz/Karina Garcia (W),0,0,0,0
Upshur,8,President,,,Cornel West/Melina Abdullah (W),0,0,0,0
Upshur,8,President,,,Jessie Cueller/Wesley Lasley (W),0,0,0,0
Upshur,8,President,,,Peter Sonski/ Lauren Onak (W),0,0,0,0
Upshur,8,President,,,Shiva Ayyadurai/Crystal Ellis (W),0,0,0,0
Upshur,8,President,,,Under Votes,7,0,6,1
Upshur,8,President,,,Over Votes,0,0,0,0
Upshur,8,U.S. Senate,,REP,Ted Cruz,587,16,456,115
Upshur,8,U.S. Senate,,DEM,Colin Allred,100,9,70,21
Upshur,8,U.S. Senate,,LIB,Ted Brown,16,0,9,7
Upshur,8,U.S. Senate,,,Analisa Roche (W),0,0,0,0
Upshur,8,U.S. Senate,,,Tracy Andrus (W),0,0,0,0
Upshur,8,U.S. Senate,,,Under Votes,2,0,0,2
Upshur,8,U.S. Senate,,,Over Votes,0,0,0,0
Upshur,8,U.S. House,5,REP,Lance Gooden,595,16,464,115
Upshur,8,U.S. House,5,DEM,"Ruth ""Truth"" Torres",92,8,59,25
Upshur,8,U.S. House,5,,Under Votes,18,1,12,5
Upshur,8,U.S. House,5,,Over Votes,0,0,0,0
Upshur,8,Railroad Commissioner,,REP,Christi Craddick,580,17,450,113
Upshur,8,Railroad Commissioner,,DEM,Katherine Culbert,82,7,54,21
Upshur,8,Railroad Commissioner,,LIB,Hawk Dunlap,25,0,20,5
Upshur,8,Railroad Commissioner,,GRN,Eddie Espinoza,4,0,3,1
Upshur,8,Railroad Commissioner,,,Richard McKibbin (W),0,0,0,0
Upshur,8,Railroad Commissioner,,,Under Votes,14,1,8,5
Upshur,8,Railroad Commissioner,,,Over Votes,0,0,0,0
Upshur,8,"Justice, Supreme Court",Place 2,REP,Jimmy Blacklock,606,17,472,117
Upshur,8,"Justice, Supreme Court",Place 2,DEM,DaSean Jones,87,7,57,23
Upshur,8,"Justice, Supreme Court",Place 2,,Under Votes,12,1,6,5
Upshur,8,"Justice, Supreme Court",Place 2,,Over Votes,0,0,0,0
Upshur,8,"Justice, Supreme Court",Place 4,REP,John Devine,597,17,465,115
Upshur,8,"Justice, Supreme Court",Place 4,DEM,Christine Vinh Weems,94,7,62,25
Upshur,8,"Justice, Supreme Court",Place 4,,Under Votes,14,1,8,5
Upshur,8,"Justice, Supreme Court",Place 4,,Over Votes,0,0,0,0
Upshur,8,"Justice, Supreme Court",Place 6,REP,Jane Bland,579,17,452,110
Upshur,8,"Justice, Supreme Court",Place 6,DEM,Bonnie Lee Goldstein,83,7,55,21
Upshur,8,"Justice, Supreme Court",Place 6,LIB,J. David Roberson,26,0,17,9
Upshur,8,"Justice, Supreme Court",Place 6,,Under Votes,17,1,11,5
Upshur,8,"Justice, Supreme Court",Place 6,,Over Votes,0,0,0,0
Upshur,8,"Presiding Judge, Court of Criminal Appeals",,REP,David J. Schenck,598,17,465,116
Upshur,8,"Presiding Judge, Court of Criminal Appeals",,DEM,Holly Taylor,92,7,61,24
Upshur,8,"Presiding Judge, Court of Criminal Appeals",,,Under Votes,15,1,9,5
Upshur,8,"Presiding Judge, Court of Criminal Appeals",,,Over Votes,0,0,0,0
Upshur,8,"Judge, Court of Criminal Appeals",Place 7,REP,Gina Parker,603,17,468,118
Upshur,8,"Judge, Court of Criminal Appeals",Place 7,DEM,Nancy Mulder,85,7,57,21
Upshur,8,"Judge, Court of Criminal Appeals",Place 7,,Under Votes,17,1,10,6
Upshur,8,"Judge, Court of Criminal Appeals",Place 7,,Over Votes,0,0,0,0
Upshur,8,"Judge, Court of Criminal Appeals",Place 8,REP,Lee Finley,596,17,464,115
Upshur,8,"Judge, Court of Criminal Appeals",Place 8,DEM,Chika Anyiam,93,7,61,25
Upshur,8,"Judge, Court of Criminal Appeals",Place 8,,Under Votes,16,1,10,5
Upshur,8,"Judge, Court of Criminal Appeals",Place 8,,Over Votes,0,0,0,0
Upshur,8,State Representative,5,REP,Cole Hefner,622,17,479,126
Upshur,8,State Representative,5,,Nancy A. Nichols (W),5,4,1,0
Upshur,8,State Representative,5,,Under Votes,78,4,55,19
Upshur,8,State Representative,5,,Over Votes,0,0,0,0
Upshur,8,"Justice, 6th Court of Appeals District",Place 2,REP,Jeff Rambin,626,17,483,126
Upshur,8,"Justice, 6th Court of Appeals District",Place 2,,Under Votes,79,8,52,19
Upshur,8,"Justice, 6th Court of Appeals District",Place 2,,Over Votes,0,0,0,0
Upshur,8,"Justice, 12th Court of Appeals District",Place 3,REP,Greg Neeley,624,17,480,127
Upshur,8,"Justice, 12th Court of Appeals District",Place 3,,Under Votes,81,8,55,18
Upshur,8,"Justice, 12th Court of Appeals District",Place 3,,Over Votes,0,0,0,0
Upshur,8,Sheriff,,REP,Larry Webb,570,18,440,112
Upshur,8,Sheriff,,DEM,"Brandon ""Bear"" Williams",122,6,85,31
Upshur,8,Sheriff,,,Under Votes,13,1,10,2
Upshur,8,Sheriff,,,Over Votes,0,0,0,0
Upshur,8,County Tax Assessor-Collector,,REP,Luana Howell,622,18,480,124
Upshur,8,County Tax Assessor-Collector,,,Under Votes,83,7,55,21
Upshur,8,County Tax Assessor-Collector,,,Over Votes,0,0,0,0
Upshur,8,County Constable Precinct 2,,REP,Jason Weeks,622,17,478,127
Upshur,8,County Constable Precinct 2,,,Under Votes,83,8,57,18
Upshur,8,County Constable Precinct 2,,,Over Votes,0,0,0,0
Upshur,9,Registered Voters,,,,2180,,,
Upshur,9,Ballots Cast,,,,1392,0,0,0
Upshur,9,President,,REP,Donald J. Trump/JD Vance,1167,18,795,354
Upshur,9,President,,DEM,Kamala D. Harris/Tim Walz,201,14,127,60
Upshur,9,President,,LIB,Chase Oliver/Mike ter Maat,8,0,4,4
Upshur,9,President,,GRN,Jill Stein/Rudolph Ware,6,1,3,2
Upshur,9,President,,,Cherunda Fox/Harlan McVay (W),0,0,0,0
Upshur,9,President,,,Claudia De la Cruz/Karina Garcia (W),0,0,0,0
Upshur,9,President,,,Cornel West/Melina Abdullah (W),1,0,0,1
Upshur,9,President,,,Jessie Cueller/Wesley Lasley (W),0,0,0,0
Upshur,9,President,,,Peter Sonski/ Lauren Onak (W),0,0,0,0
Upshur,9,President,,,Shiva Ayyadurai/Crystal Ellis (W),0,0,0,0
Upshur,9,President,,,Under Votes,9,2,1,6
Upshur,9,President,,,Over Votes,0,0,0,0
Upshur,9,U.S. Senate,,REP,Ted Cruz,1143,19,776,348
Upshur,9,U.S. Senate,,DEM,Colin Allred,215,13,136,66
Upshur,9,U.S. Senate,,LIB,Ted Brown,26,1,15,10
Upshur,9,U.S. Senate,,,Analisa Roche (W),0,0,0,0
Upshur,9,U.S. Senate,,,Tracy Andrus (W),0,0,0,0
Upshur,9,U.S. Senate,,,Under Votes,8,2,3,3
Upshur,9,U.S. Senate,,,Over Votes,0,0,0,0
Upshur,9,U.S. House,1,REP,Nathaniel Moran,1217,26,822,369
Upshur,9,U.S. House,1,,Under Votes,175,9,108,58
Upshur,9,U.S. House,1,,Over Votes,0,0,0,0
Upshur,9,Railroad Commissioner,,REP,Christi Craddick,1102,19,753,330
Upshur,9,Railroad Commissioner,,DEM,Katherine Culbert,179,13,115,51
Upshur,9,Railroad Commissioner,,LIB,Hawk Dunlap,57,0,30,27
Upshur,9,Railroad Commissioner,,GRN,Eddie Espinoza,11,1,6,4
Upshur,9,Railroad Commissioner,,,Richard McKibbin (W),0,0,0,0
Upshur,9,Railroad Commissioner,,,Under Votes,43,2,26,15
Upshur,9,Railroad Commissioner,,,Over Votes,0,0,0,0
Upshur,9,"Justice, Supreme Court",Place 2,REP,Jimmy Blacklock,1157,18,787,352
Upshur,9,"Justice, Supreme Court",Place 2,DEM,DaSean Jones,194,14,118,62
Upshur,9,"Justice, Supreme Court",Place 2,,Under Votes,41,3,25,13
Upshur,9,"Justice, Supreme Court",Place 2,,Over Votes,0,0,0,0
Upshur,9,"Justice, Supreme Court",Place 4,REP,John Devine,1146,18,779,349
Upshur,9,"Justice, Supreme Court",Place 4,DEM,Christine Vinh Weems,199,14,124,61
Upshur,9,"Justice, Supreme Court",Place 4,,Under Votes,47,3,27,17
Upshur,9,"Justice, Supreme Court",Place 4,,Over Votes,0,0,0,0
Upshur,9,"Justice, Supreme Court",Place 6,REP,Jane Bland,1111,18,759,334
Upshur,9,"Justice, Supreme Court",Place 6,DEM,Bonnie Lee Goldstein,186,13,119,54
Upshur,9,"Justice, Supreme Court",Place 6,LIB,J. David Roberson,52,1,27,24
Upshur,9,"Justice, Supreme Court",Place 6,,Under Votes,43,3,25,15
Upshur,9,"Justice, Supreme Court",Place 6,,Over Votes,0,0,0,0
Upshur,9,"Presiding Judge, Court of Criminal Appeals",,REP,David J. Schenck,1152,19,783,350
Upshur,9,"Presiding Judge, Court of Criminal Appeals",,DEM,Holly Taylor,197,13,122,62
Upshur,9,"Presiding Judge, Court of Criminal Appeals",,,Under Votes,43,3,25,15
Upshur,9,"Presiding Judge, Court of Criminal Appeals",,,Over Votes,0,0,0,0
Upshur,9,"Judge, Court of Criminal Appeals",Place 7,REP,Gina Parker,1160,20,785,355
Upshur,9,"Judge, Court of Criminal Appeals",Place 7,DEM,Nancy Mulder,187,12,118,57
Upshur,9,"Judge, Court of Criminal Appeals",Place 7,,Under Votes,45,3,27,15
Upshur,9,"Judge, Court of Criminal Appeals",Place 7,,Over Votes,0,0,0,0
Upshur,9,"Judge, Court of Criminal Appeals",Place 8,REP,Lee Finley,1163,19,788,356
Upshur,9,"Judge, Court of Criminal Appeals",Place 8,DEM,Chika Anyiam,183,13,114,56
Upshur,9,"Judge, Court of Criminal Appeals",Place 8,,Under Votes,46,3,28,15
Upshur,9,"Judge, Court of Criminal Appeals",Place 8,,Over Votes,0,0,0,0
Upshur,9,State Representative,5,REP,Cole Hefner,1200,22,811,367
Upshur,9,State Representative,5,,Nancy A. Nichols (W),6,0,4,2
Upshur,9,State Representative,5,,Under Votes,186,13,115,58
Upshur,9,State Representative,5,,Over Votes,0,0,0,0
Upshur,9,"Justice, 6th Court of Appeals District",Place 2,REP,Jeff Rambin,1198,22,812,364
Upshur,9,"Justice, 6th Court of Appeals District",Place 2,,Under Votes,194,13,118,63
Upshur,9,"Justice, 6th Court of Appeals District",Place 2,,Over Votes,0,0,0,0
Upshur,9,"Justice, 12th Court of Appeals District",Place 3,REP,Greg Neeley,1188,22,805,361
Upshur,9,"Justice, 12th Court of Appeals District",Place 3,,Under Votes,204,13,125,66
Upshur,9,"Justice, 12th Court of Appeals District",Place 3,,Over Votes,0,0,0,0
Upshur,9,Sheriff,,REP,Larry Webb,1138,20,774,344
Upshur,9,Sheriff,,DEM,"Brandon ""Bear"" Williams",212,12,131,69
Upshur,9,Sheriff,,,Under Votes,42,3,25,14
Upshur,9,Sheriff,,,Over Votes,0,0,0,0
Upshur,9,County Tax Assessor-Collector,,REP,Luana Howell,1207,24,818,365
Upshur,9,County Tax Assessor-Collector,,,Under Votes,185,11,112,62
Upshur,9,County Tax Assessor-Collector,,,Over Votes,0,0,0,0
Upshur,9,County Commissioner Precinct 3,,REP,Michael L. Ashley,1202,22,816,364
Upshur,9,County Commissioner Precinct 3,,,Under Votes,190,13,114,63
Upshur,9,County Commissioner Precinct 3,,,Over Votes,0,0,0,0
Upshur,9,County Constable Precinct 3,,REP,James Casey,1197,23,811,363
Upshur,9,County Constable Precinct 3,,,Under Votes,195,12,119,64
Upshur,9,County Constable Precinct 3,,,Over Votes,0,0,0,0
Upshur,10,Registered Voters,,,,2884,,,
Upshur,10,Ballots Cast,,,,1921,0,0,0
Upshur,10,President,,REP,Donald J. Trump/JD Vance,1717,42,1312,363
Upshur,10,President,,DEM,Kamala D. Harris/Tim Walz,179,11,121,47
Upshur,10,President,,LIB,Chase Oliver/Mike ter Maat,7,1,4,2
Upshur,10,President,,GRN,Jill Stein/Rudolph Ware,7,1,5,1
Upshur,10,President,,,Cherunda Fox/Harlan McVay (W),0,0,0,0
Upshur,10,President,,,Claudia De la Cruz/Karina Garcia (W),0,0,0,0
Upshur,10,President,,,Cornel West/Melina Abdullah (W),0,0,0,0
Upshur,10,President,,,Jessie Cueller/Wesley Lasley (W),0,0,0,0
Upshur,10,President,,,Peter Sonski/ Lauren Onak (W),2,0,2,0
Upshur,10,President,,,Shiva Ayyadurai/Crystal Ellis (W),0,0,0,0
Upshur,10,President,,,Under Votes,9,0,8,1
Upshur,10,President,,,Over Votes,0,0,0,0
Upshur,10,U.S. Senate,,REP,Ted Cruz,1677,43,1293,341
Upshur,10,U.S. Senate,,DEM,Colin Allred,195,12,135,48
Upshur,10,U.S. Senate,,LIB,Ted Brown,33,0,14,19
Upshur,10,U.S. Senate,,,Analisa Roche (W),2,0,2,0
Upshur,10,U.S. Senate,,,Tracy Andrus (W),0,0,0,0
Upshur,10,U.S. Senate,,,Under Votes,14,0,8,6
Upshur,10,U.S. Senate,,,Over Votes,0,0,0,0
Upshur,10,U.S. House,1,REP,Nathaniel Moran,1744,42,1330,372
Upshur,10,U.S. House,1,,Under Votes,177,13,122,42
Upshur,10,U.S. House,1,,Over Votes,0,0,0,0
Upshur,10,Railroad Commissioner,,REP,Christi Craddick,1622,39,1251,332
Upshur,10,Railroad Commissioner,,DEM,Katherine Culbert,156,11,108,37
Upshur,10,Railroad Commissioner,,LIB,Hawk Dunlap,74,0,49,25
Upshur,10,Railroad Commissioner,,GRN,Eddie Espinoza,17,0,10,7
Upshur,10,Railroad Commissioner,,,Richard McKibbin (W),1,0,1,0
Upshur,10,Railroad Commissioner,,,Under Votes,51,5,33,13
Upshur,10,Railroad Commissioner,,,Over Votes,0,0,0,0
Upshur,10,"Justice, Supreme Court",Place 2,REP,Jimmy Blacklock,1694,38,1299,357
Upshur,10,"Justice, Supreme Court",Place 2,DEM,DaSean Jones,170,11,116,43
Upshur,10,"Justice, Supreme Court",Place 2,,Under Votes,57,6,37,14
Upshur,10,"Justice, Supreme Court",Place 2,,Over Votes,0,0,0,0
Upshur,10,"Justice, Supreme Court",Place 4,REP,John Devine,1680,38,1287,355
Upshur,10,"Justice, Supreme Court",Place 4,DEM,Christine Vinh Weems,175,11,120,44
Upshur,10,"Justice, Supreme Court",Place 4,,Under Votes,66,6,45,15
Upshur,10,"Justice, Supreme Court",Place 4,,Over Votes,0,0,0,0
Upshur,10,"Justice, Supreme Court",Place 6,REP,Jane Bland,1650,38,1270,342
Upshur,10,"Justice, Supreme Court",Place 6,DEM,Bonnie Lee Goldstein,155,11,108,36
Upshur,10,"Justice, Supreme Court",Place 6,LIB,J. David Roberson,57,0,38,19
Upshur,10,"Justice, Supreme Court",Place 6,,Under Votes,59,6,36,17
Upshur,10,"Justice, Supreme Court",Place 6,,Over Votes,0,0,0,0
Upshur,10,"Presiding Judge, Court of Criminal Appeals",,REP,David J. Schenck,1683,38,1295,350
Upshur,10,"Presiding Judge, Court of Criminal Appeals",,DEM,Holly Taylor,177,11,119,47
Upshur,10,"Presiding Judge, Court of Criminal Appeals",,,Under Votes,61,6,38,17
Upshur,10,"Presiding Judge, Court of Criminal Appeals",,,Over Votes,0,0,0,0
Upshur,10,"Judge, Court of Criminal Appeals",Place 7,REP,Gina Parker,1687,38,1295,354
Upshur,10,"Judge, Court of Criminal Appeals",Place 7,DEM,Nancy Mulder,171,11,118,42
Upshur,10,"Judge, Court of Criminal Appeals",Place 7,,Under Votes,63,6,39,18
Upshur,10,"Judge, Court of Criminal Appeals",Place 7,,Over Votes,0,0,0,0
Upshur,10,"Judge, Court of Criminal Appeals",Place 8,REP,Lee Finley,1694,38,1301,355
Upshur,10,"Judge, Court of Criminal Appeals",Place 8,DEM,Chika Anyiam,161,11,109,41
Upshur,10,"Judge, Court of Criminal Appeals",Place 8,,Under Votes,66,6,42,18
Upshur,10,"Judge, Court of Criminal Appeals",Place 8,,Over Votes,0,0,0,0
Upshur,10,State Representative,5,REP,Cole Hefner,1717,39,1307,371
Upshur,10,State Representative,5,,Nancy A. Nichols (W),7,2,5,0
Upshur,10,State Representative,5,,Under Votes,197,14,140,43
Upshur,10,State Representative,5,,Over Votes,0,0,0,0
Upshur,10,"Justice, 6th Court of Appeals District",Place 2,REP,Jeff Rambin,1733,37,1326,370
Upshur,10,"Justice, 6th Court of Appeals District",Place 2,,Under Votes,188,18,126,44
Upshur,10,"Justice, 6th Court of Appeals District",Place 2,,Over Votes,0,0,0,0
Upshur,10,"Justice, 12th Court of Appeals District",Place 3,REP,Greg Neeley,1733,37,1325,371
Upshur,10,"Justice, 12th Court of Appeals District",Place 3,,Under Votes,188,18,127,43
Upshur,10,"Justice, 12th Court of Appeals District",Place 3,,Over Votes,0,0,0,0
Upshur,10,Sheriff,,REP,Larry Webb,1606,45,1213,348
Upshur,10,Sheriff,,DEM,"Brandon ""Bear"" Williams",263,7,200,56
Upshur,10,Sheriff,,,Under Votes,52,3,39,10
Upshur,10,Sheriff,,,Over Votes,0,0,0,0
Upshur,10,County Tax Assessor-Collector,,REP,Luana Howell,1736,39,1322,375
Upshur,10,County Tax Assessor-Collector,,,Under Votes,185,16,130,39
Upshur,10,County Tax Assessor-Collector,,,Over Votes,0,0,0,0
Upshur,10,County Commissioner Precinct 3,,REP,Michael L. Ashley,1740,40,1323,377
Upshur,10,County Commissioner Precinct 3,,,Under Votes,181,15,129,37
Upshur,10,County Commissioner Precinct 3,,,Over Votes,0,0,0,0
Upshur,10,County Constable Precinct 3,,REP,James Casey,1731,40,1317,374
Upshur,10,County Constable Precinct 3,,,Under Votes,190,15,135,40
Upshur,10,County Constable Precinct 3,,,Over Votes,0,0,0,0
Upshur,11,Registered Voters,,,,757,,,
Upshur,11,Ballots Cast,,,,514,0,0,0
Upshur,11,President,,REP,Donald J. Trump/JD Vance,417,8,292,117
Upshur,11,President,,DEM,Kamala D. Harris/Tim Walz,90,13,49,28
Upshur,11,President,,LIB,Chase Oliver/Mike ter Maat,4,0,1,3
Upshur,11,President,,GRN,Jill Stein/Rudolph Ware,1,0,1,0
Upshur,11,President,,,Cherunda Fox/Harlan McVay (W),0,0,0,0
Upshur,11,President,,,Claudia De la Cruz/Karina Garcia (W),0,0,0,0
Upshur,11,President,,,Cornel West/Melina Abdullah (W),0,0,0,0
Upshur,11,President,,,Jessie Cueller/Wesley Lasley (W),0,0,0,0
Upshur,11,President,,,Peter Sonski/ Lauren Onak (W),1,0,0,1
Upshur,11,President,,,Shiva Ayyadurai/Crystal Ellis (W),0,0,0,0
Upshur,11,President,,,Under Votes,1,0,1,0
Upshur,11,President,,,Over Votes,0,0,0,0
Upshur,11,U.S. Senate,,REP,Ted Cruz,411,8,289,114
Upshur,11,U.S. Senate,,DEM,Colin Allred,91,13,47,31
Upshur,11,U.S. Senate,,LIB,Ted Brown,10,0,7,3
Upshur,11,U.S. Senate,,,Analisa Roche (W),0,0,0,0
Upshur,11,U.S. Senate,,,Tracy Andrus (W),0,0,0,0
Upshur,11,U.S. Senate,,,Under Votes,2,0,1,1
Upshur,11,U.S. Senate,,,Over Votes,0,0,0,0
Upshur,11,U.S. House,1,REP,Nathaniel Moran,437,11,296,130
Upshur,11,U.S. House,1,,Under Votes,77,10,48,19
Upshur,11,U.S. House,1,,Over Votes,0,0,0,0
Upshur,11,Railroad Commissioner,,REP,Christi Craddick,398,8,277,113
Upshur,11,Railroad Commissioner,,DEM,Katherine Culbert,75,12,39,24
Upshur,11,Railroad Commissioner,,LIB,Hawk Dunlap,17,0,13,4
Upshur,11,Railroad Commissioner,,GRN,Eddie Espinoza,5,0,3,2
Upshur,11,Railroad Commissioner,,,Richard McKibbin (W),0,0,0,0
Upshur,11,Railroad Commissioner,,,Under Votes,19,1,12,6
Upshur,11,Railroad Commissioner,,,Over Votes,0,0,0,0
Upshur,11,"Justice, Supreme Court",Place 2,REP,Jimmy Blacklock,413,8,289,116
Upshur,11,"Justice, Supreme Court",Place 2,DEM,DaSean Jones,85,12,44,29
Upshur,11,"Justice, Supreme Court",Place 2,,Under Votes,16,1,11,4
Upshur,11,"Justice, Supreme Court",Place 2,,Over Votes,0,0,0,0
Upshur,11,"Justice, Supreme Court",Place 4,REP,John Devine,406,7,283,116
Upshur,11,"Justice, Supreme Court",Place 4,DEM,Christine Vinh Weems,91,13,48,30
Upshur,11,"Justice, Supreme Court",Place 4,,Under Votes,17,1,13,3
Upshur,11,"Justice, Supreme Court",Place 4,,Over Votes,0,0,0,0
Upshur,11,"Justice, Supreme Court",Place 6,REP,Jane Bland,401,7,278,116
Upshur,11,"Justice, Supreme Court",Place 6,DEM,Bonnie Lee Goldstein,82,13,42,27
Upshur,11,"Justice, Supreme Court",Place 6,LIB,J. David Roberson,15,0,11,4
Upshur,11,"Justice, Supreme Court",Place 6,,Under Votes,16,1,13,2
Upshur,11,"Justice, Supreme Court",Place 6,,Over Votes,0,0,0,0
Upshur,11,"Presiding Judge, Court of Criminal Appeals",,REP,David J. Schenck,406,7,282,117
Upshur,11,"Presiding Judge, Court of Criminal Appeals",,DEM,Holly Taylor,89,13,48,28
Upshur,11,"Presiding Judge, Court of Criminal Appeals",,,Under Votes,19,1,14,4
Upshur,11,"Presiding Judge, Court of Criminal Appeals",,,Over Votes,0,0,0,0
Upshur,11,"Judge, Court of Criminal Appeals",Place 7,REP,Gina Parker,411,8,283,120
Upshur,11,"Judge, Court of Criminal Appeals",Place 7,DEM,Nancy Mulder,83,12,46,25
Upshur,11,"Judge, Court of Criminal Appeals",Place 7,,Under Votes,20,1,15,4
Upshur,11,"Judge, Court of Criminal Appeals",Place 7,,Over Votes,0,0,0,0
Upshur,11,"Judge, Court of Criminal Appeals",Place 8,REP,Lee Finley,412,8,286,118
Upshur,11,"Judge, Court of Criminal Appeals",Place 8,DEM,Chika Anyiam,81,12,43,26
Upshur,11,"Judge, Court of Criminal Appeals",Place 8,,Under Votes,21,1,15,5
Upshur,11,"Judge, Court of Criminal Appeals",Place 8,,Over Votes,0,0,0,0
Upshur,11,State Representative,5,REP,Cole Hefner,435,10,295,130
Upshur,11,State Representative,5,,Nancy A. Nichols (W),1,1,0,0
Upshur,11,State Representative,5,,Under Votes,78,10,49,19
Upshur,11,State Representative,5,,Over Votes,0,0,0,0
Upshur,11,"Justice, 6th Court of Appeals District",Place 2,REP,Jeff Rambin,440,11,298,131
Upshur,11,"Justice, 6th Court of Appeals District",Place 2,,Under Votes,74,10,46,18
Upshur,11,"Justice, 6th Court of Appeals District",Place 2,,Over Votes,0,0,0,0
Upshur,11,"Justice, 12th Court of Appeals District",Place 3,REP,Greg Neeley,434,11,296,127
Upshur,11,"Justice, 12th Court of Appeals District",Place 3,,Under Votes,80,10,48,22
Upshur,11,"Justice, 12th Court of Appeals District",Place 3,,Over Votes,0,0,0,0
Upshur,11,Sheriff,,REP,Larry Webb,417,11,286,120
Upshur,11,Sheriff,,DEM,"Brandon ""Bear"" Williams",82,9,48,25
Upshur,11,Sheriff,,,Under Votes,15,1,10,4
Upshur,11,Sheriff,,,Over Votes,0,0,0,0
Upshur,11,County Tax Assessor-Collector,,REP,Luana Howell,446,13,302,131
Upshur,11,County Tax Assessor-Collector,,,Under Votes,68,8,42,18
Upshur,11,County Tax Assessor-Collector,,,Over Votes,0,0,0,0
Upshur,11,County Commissioner Precinct 3,,REP,Michael L. Ashley,437,11,298,128
Upshur,11,County Commissioner Precinct 3,,,Under Votes,77,10,46,21
Upshur,11,County Commissioner Precinct 3,,,Over Votes,0,0,0,0
Upshur,11,County Constable Precinct 3,,REP,James Casey,434,10,297,127
Upshur,11,County Constable Precinct 3,,,Under Votes,80,11,47,22
Upshur,11,County Constable Precinct 3,,,Over Votes,0,0,0,0
Upshur,12,Registered Voters,,,,842,,,
Upshur,12,Ballots Cast,,,,589,0,0,0
Upshur,12,President,,REP,Donald J. Trump/JD Vance,500,19,401,80
Upshur,12,President,,DEM,Kamala D. Harris/Tim Walz,86,6,62,18
Upshur,12,President,,LIB,Chase Oliver/Mike ter Maat,2,0,1,1
Upshur,12,President,,GRN,Jill Stein/Rudolph Ware,0,0,0,0
Upshur,12,President,,,Cherunda Fox/Harlan McVay (W),0,0,0,0
Upshur,12,President,,,Claudia De la Cruz/Karina Garcia (W),0,0,0,0
Upshur,12,President,,,Cornel West/Melina Abdullah (W),0,0,0,0
Upshur,12,President,,,Jessie Cueller/Wesley Lasley (W),0,0,0,0
Upshur,12,President,,,Peter Sonski/ Lauren Onak (W),0,0,0,0
Upshur,12,President,,,Shiva Ayyadurai/Crystal Ellis (W),0,0,0,0
Upshur,12,President,,,Under Votes,1,0,1,0
Upshur,12,President,,,Over Votes,0,0,0,0
Upshur,12,U.S. Senate,,REP,Ted Cruz,482,19,390,73
Upshur,12,U.S. Senate,,DEM,Colin Allred,96,6,67,23
Upshur,12,U.S. Senate,,LIB,Ted Brown,6,0,5,1
Upshur,12,U.S. Senate,,,Analisa Roche (W),0,0,0,0
Upshur,12,U.S. Senate,,,Tracy Andrus (W),0,0,0,0
Upshur,12,U.S. Senate,,,Under Votes,5,0,3,2
Upshur,12,U.S. Senate,,,Over Votes,0,0,0,0
Upshur,12,U.S. House,1,REP,Nathaniel Moran,512,21,406,85
Upshur,12,U.S. House,1,,Under Votes,77,4,59,14
Upshur,12,U.S. House,1,,Over Votes,0,0,0,0
Upshur,12,Railroad Commissioner,,REP,Christi Craddick,473,19,383,71
Upshur,12,Railroad Commissioner,,DEM,Katherine Culbert,77,5,54,18
Upshur,12,Railroad Commissioner,,LIB,Hawk Dunlap,17,0,12,5
Upshur,12,Railroad Commissioner,,GRN,Eddie Espinoza,2,0,1,1
Upshur,12,Railroad Commissioner,,,Richard McKibbin (W),0,0,0,0
Upshur,12,Railroad Commissioner,,,Under Votes,20,1,15,4
Upshur,12,Railroad Commissioner,,,Over Votes,0,0,0,0
Upshur,12,"Justice, Supreme Court",Place 2,REP,Jimmy Blacklock,485,20,392,73
Upshur,12,"Justice, Supreme Court",Place 2,DEM,DaSean Jones,80,4,57,19
Upshur,12,"Justice, Supreme Court",Place 2,,Under Votes,24,1,16,7
Upshur,12,"Justice, Supreme Court",Place 2,,Over Votes,0,0,0,0
Upshur,12,"Justice, Supreme Court",Place 4,REP,John Devine,480,19,389,72
Upshur,12,"Justice, Supreme Court",Place 4,DEM,Christine Vinh Weems,85,5,60,20
Upshur,12,"Justice, Supreme Court",Place 4,,Under Votes,24,1,16,7
Upshur,12,"Justice, Supreme Court",Place 4,,Over Votes,0,0,0,0
Upshur,12,"Justice, Supreme Court",Place 6,REP,Jane Bland,462,19,375,68
Upshur,12,"Justice, Supreme Court",Place 6,DEM,Bonnie Lee Goldstein,86,5,59,22
Upshur,12,"Justice, Supreme Court",Place 6,LIB,J. David Roberson,15,0,13,2
Upshur,12,"Justice, Supreme Court",Place 6,,Under Votes,26,1,18,7
Upshur,12,"Justice, Supreme Court",Place 6,,Over Votes,0,0,0,0
Upshur,12,"Presiding Judge, Court of Criminal Appeals",,REP,David J. Schenck,485,20,391,74
Upshur,12,"Presiding Judge, Court of Criminal Appeals",,DEM,Holly Taylor,81,4,58,19
Upshur,12,"Presiding Judge, Court of Criminal Appeals",,,Under Votes,23,1,16,6
Upshur,12,"Presiding Judge, Court of Criminal Appeals",,,Over Votes,0,0,0,0
Upshur,12,"Judge, Court of Criminal Appeals",Place 7,REP,Gina Parker,483,19,392,72
Upshur,12,"Judge, Court of Criminal Appeals",Place 7,DEM,Nancy Mulder,82,5,57,20
Upshur,12,"Judge, Court of Criminal Appeals",Place 7,,Under Votes,24,1,16,7
Upshur,12,"Judge, Court of Criminal Appeals",Place 7,,Over Votes,0,0,0,0
Upshur,12,"Judge, Court of Criminal Appeals",Place 8,REP,Lee Finley,485,20,390,75
Upshur,12,"Judge, Court of Criminal Appeals",Place 8,DEM,Chika Anyiam,78,4,57,17
Upshur,12,"Judge, Court of Criminal Appeals",Place 8,,Under Votes,26,1,18,7
Upshur,12,"Judge, Court of Criminal Appeals",Place 8,,Over Votes,0,0,0,0
Upshur,12,State Representative,5,REP,Cole Hefner,493,17,389,87
Upshur,12,State Representative,5,,Nancy A. Nichols (W),3,1,2,0
Upshur,12,State Representative,5,,Under Votes,93,7,74,12
Upshur,12,State Representative,5,,Over Votes,0,0,0,0
Upshur,12,"Justice, 6th Court of Appeals District",Place 2,REP,Jeff Rambin,504,21,399,84
Upshur,12,"Justice, 6th Court of Appeals District",Place 2,,Under Votes,85,4,66,15
Upshur,12,"Justice, 6th Court of Appeals District",Place 2,,Over Votes,0,0,0,0
Upshur,12,"Justice, 12th Court of Appeals District",Place 3,REP,Greg Neeley,502,21,398,83
Upshur,12,"Justice, 12th Court of Appeals District",Place 3,,Under Votes,87,4,67,16
Upshur,12,"Justice, 12th Court of Appeals District",Place 3,,Over Votes,0,0,0,0
Upshur,12,Sheriff,,REP,Larry Webb,471,21,378,72
Upshur,12,Sheriff,,DEM,"Brandon ""Bear"" Williams",100,3,73,24
Upshur,12,Sheriff,,,Under Votes,18,1,14,3
Upshur,12,Sheriff,,,Over Votes,0,0,0,0
Upshur,12,County Tax Assessor-Collector,,REP,Luana Howell,510,21,403,86
Upshur,12,County Tax Assessor-Collector,,,Under Votes,79,4,62,13
Upshur,12,County Tax Assessor-Collector,,,Over Votes,0,0,0,0
Upshur,12,County Constable Precinct 4,,REP,David S. Thompson,510,21,401,88
Upshur,12,County Constable Precinct 4,,,Under Votes,79,4,64,11
Upshur,12,County Constable Precinct 4,,,Over Votes,0,0,0,0
Upshur,13,Registered Voters,,,,88,,,
Upshur,13,Ballots Cast,,,,56,0,0,0
Upshur,13,President,,REP,Donald J. Trump/JD Vance,48,1,39,8
Upshur,13,President,,DEM,Kamala D. Harris/Tim Walz,7,1,5,1
Upshur,13,President,,LIB,Chase Oliver/Mike ter Maat,0,0,0,0
Upshur,13,President,,GRN,Jill Stein/Rudolph Ware,0,0,0,0
Upshur,13,President,,,Cherunda Fox/Harlan McVay (W),0,0,0,0
Upshur,13,President,,,Claudia De la Cruz/Karina Garcia (W),0,0,0,0
Upshur,13,President,,,Cornel West/Melina Abdullah (W),0,0,0,0
Upshur,13,President,,,Jessie Cueller/Wesley Lasley (W),0,0,0,0
Upshur,13,President,,,Peter Sonski/ Lauren Onak (W),0,0,0,0
Upshur,13,President,,,Shiva Ayyadurai/Crystal Ellis (W),0,0,0,0
Upshur,13,President,,,Under Votes,1,0,1,0
Upshur,13,President,,,Over Votes,0,0,0,0
Upshur,13,U.S. Senate,,REP,Ted Cruz,45,1,38,6
Upshur,13,U.S. Senate,,DEM,Colin Allred,8,1,5,2
Upshur,13,U.S. Senate,,LIB,Ted Brown,2,0,1,1
Upshur,13,U.S. Senate,,,Analisa Roche (W),0,0,0,0
Upshur,13,U.S. Senate,,,Tracy Andrus (W),0,0,0,0
Upshur,13,U.S. Senate,,,Under Votes,1,0,1,0
Upshur,13,U.S. Senate,,,Over Votes,0,0,0,0
Upshur,13,U.S. House,1,REP,Nathaniel Moran,47,1,38,8
Upshur,13,U.S. House,1,,Under Votes,9,1,7,1
Upshur,13,U.S. House,1,,Over Votes,0,0,0,0
Upshur,13,Railroad Commissioner,,REP,Christi Craddick,44,1,35,8
Upshur,13,Railroad Commissioner,,DEM,Katherine Culbert,6,1,4,1
Upshur,13,Railroad Commissioner,,LIB,Hawk Dunlap,3,0,3,0
Upshur,13,Railroad Commissioner,,GRN,Eddie Espinoza,0,0,0,0
Upshur,13,Railroad Commissioner,,,Richard McKibbin (W),0,0,0,0
Upshur,13,Railroad Commissioner,,,Under Votes,3,0,3,0
Upshur,13,Railroad Commissioner,,,Over Votes,0,0,0,0
Upshur,13,"Justice, Supreme Court",Place 2,REP,Jimmy Blacklock,47,1,38,8
Upshur,13,"Justice, Supreme Court",Place 2,DEM,DaSean Jones,6,1,4,1
Upshur,13,"Justice, Supreme Court",Place 2,,Under Votes,3,0,3,0
Upshur,13,"Justice, Supreme Court",Place 2,,Over Votes,0,0,0,0
Upshur,13,"Justice, Supreme Court",Place 4,REP,John Devine,47,1,39,7
Upshur,13,"Justice, Supreme Court",Place 4,DEM,Christine Vinh Weems,7,1,4,2
Upshur,13,"Justice, Supreme Court",Place 4,,Under Votes,2,0,2,0
Upshur,13,"Justice, Supreme Court",Place 4,,Over Votes,0,0,0,0
Upshur,13,"Justice, Supreme Court",Place 6,REP,Jane Bland,45,1,37,7
Upshur,13,"Justice, Supreme Court",Place 6,DEM,Bonnie Lee Goldstein,6,1,4,1
Upshur,13,"Justice, Supreme Court",Place 6,LIB,J. David Roberson,3,0,2,1
Upshur,13,"Justice, Supreme Court",Place 6,,Under Votes,2,0,2,0
Upshur,13,"Justice, Supreme Court",Place 6,,Over Votes,0,0,0,0
Upshur,13,"Presiding Judge, Court of Criminal Appeals",,REP,David J. Schenck,47,1,39,7
Upshur,13,"Presiding Judge, Court of Criminal Appeals",,DEM,Holly Taylor,7,1,4,2
Upshur,13,"Presiding Judge, Court of Criminal Appeals",,,Under Votes,2,0,2,0
Upshur,13,"Presiding Judge, Court of Criminal Appeals",,,Over Votes,0,0,0,0
Upshur,13,"Judge, Court of Criminal Appeals",Place 7,REP,Gina Parker,48,1,39,8
Upshur,13,"Judge, Court of Criminal Appeals",Place 7,DEM,Nancy Mulder,6,1,4,1
Upshur,13,"Judge, Court of Criminal Appeals",Place 7,,Under Votes,2,0,2,0
Upshur,13,"Judge, Court of Criminal Appeals",Place 7,,Over Votes,0,0,0,0
Upshur,13,"Judge, Court of Criminal Appeals",Place 8,REP,Lee Finley,47,1,38,8
Upshur,13,"Judge, Court of Criminal Appeals",Place 8,DEM,Chika Anyiam,6,1,4,1
Upshur,13,"Judge, Court of Criminal Appeals",Place 8,,Under Votes,3,0,3,0
Upshur,13,"Judge, Court of Criminal Appeals",Place 8,,Over Votes,0,0,0,0
Upshur,13,State Representative,5,REP,Cole Hefner,49,2,38,9
Upshur,13,State Representative,5,,Nancy A. Nichols (W),0,0,0,0
Upshur,13,State Representative,5,,Under Votes,7,0,7,0
Upshur,13,State Representative,5,,Over Votes,0,0,0,0
Upshur,13,"Justice, 6th Court of Appeals District",Place 2,REP,Jeff Rambin,48,2,38,8
Upshur,13,"Justice, 6th Court of Appeals District",Place 2,,Under Votes,8,0,7,1
Upshur,13,"Justice, 6th Court of Appeals District",Place 2,,Over Votes,0,0,0,0
Upshur,13,"Justice, 12th Court of Appeals District",Place 3,REP,Greg Neeley,48,2,38,8
Upshur,13,"Justice, 12th Court of Appeals District",Place 3,,Under Votes,8,0,7,1
Upshur,13,"Justice, 12th Court of Appeals District",Place 3,,Over Votes,0,0,0,0
Upshur,13,Sheriff,,REP,Larry Webb,42,2,35,5
Upshur,13,Sheriff,,DEM,"Brandon ""Bear"" Williams",10,0,6,4
Upshur,13,Sheriff,,,Under Votes,4,0,4,0
Upshur,13,Sheriff,,,Over Votes,0,0,0,0
Upshur,13,County Tax Assessor-Collector,,REP,Luana Howell,47,2,37,8
Upshur,13,County Tax Assessor-Collector,,,Under Votes,9,0,8,1
Upshur,13,County Tax Assessor-Collector,,,Over Votes,0,0,0,0
Upshur,13,County Constable Precinct 4,,REP,David S. Thompson,47,2,37,8
Upshur,13,County Constable Precinct 4,,,Under Votes,9,0,8,1
Upshur,13,County Constable Precinct 4,,,Over Votes,0,0,0,0
Upshur,13 - UHISD,Registered Voters,,,,739,,,
Upshur,13 - UHISD,Ballots Cast,,,,477,0,0,0
Upshur,13 - UHISD,President,,REP,Donald J. Trump/JD Vance,373,6,280,87
Upshur,13 - UHISD,President,,DEM,Kamala D. Harris/Tim Walz,101,3,73,25
Upshur,13 - UHISD,President,,LIB,Chase Oliver/Mike ter Maat,1,0,0,1
Upshur,13 - UHISD,President,,GRN,Jill Stein/Rudolph Ware,0,0,0,0
Upshur,13 - UHISD,President,,,Cherunda Fox/Harlan McVay (W),0,0,0,0
Upshur,13 - UHISD,President,,,Claudia De la Cruz/Karina Garcia (W),0,0,0,0
Upshur,13 - UHISD,President,,,Cornel West/Melina Abdullah (W),0,0,0,0
Upshur,13 - UHISD,President,,,Jessie Cueller/Wesley Lasley (W),0,0,0,0
Upshur,13 - UHISD,President,,,Peter Sonski/ Lauren Onak (W),0,0,0,0
Upshur,13 - UHISD,President,,,Shiva Ayyadurai/Crystal Ellis (W),0,0,0,0
Upshur,13 - UHISD,President,,,Under Votes,2,0,2,0
Upshur,13 - UHISD,President,,,Over Votes,0,0,0,0
Upshur,13 - UHISD,U.S. Senate,,REP,Ted Cruz,366,6,272,88
Upshur,13 - UHISD,U.S. Senate,,DEM,Colin Allred,101,3,73,25
Upshur,13 - UHISD,U.S. Senate,,LIB,Ted Brown,9,0,9,0
Upshur,13 - UHISD,U.S. Senate,,,Analisa Roche (W),0,0,0,0
Upshur,13 - UHISD,U.S. Senate,,,Tracy Andrus (W),0,0,0,0
Upshur,13 - UHISD,U.S. Senate,,,Under Votes,1,0,1,0
Upshur,13 - UHISD,U.S. Senate,,,Over Votes,0,0,0,0
Upshur,13 - UHISD,U.S. House,1,REP,Nathaniel Moran,388,6,288,94
Upshur,13 - UHISD,U.S. House,1,,Under Votes,89,3,67,19
Upshur,13 - UHISD,U.S. House,1,,Over Votes,0,0,0,0
Upshur,13 - UHISD,Railroad Commissioner,,REP,Christi Craddick,356,6,268,82
Upshur,13 - UHISD,Railroad Commissioner,,DEM,Katherine Culbert,93,3,68,22
Upshur,13 - UHISD,Railroad Commissioner,,LIB,Hawk Dunlap,16,0,11,5
Upshur,13 - UHISD,Railroad Commissioner,,GRN,Eddie Espinoza,6,0,4,2
Upshur,13 - UHISD,Railroad Commissioner,,,Richard McKibbin (W),0,0,0,0
Upshur,13 - UHISD,Railroad Commissioner,,,Under Votes,6,0,4,2
Upshur,13 - UHISD,Railroad Commissioner,,,Over Votes,0,0,0,0
Upshur,13 - UHISD,"Justice, Supreme Court",Place 2,REP,Jimmy Blacklock,376,6,282,88
Upshur,13 - UHISD,"Justice, Supreme Court",Place 2,DEM,DaSean Jones,94,3,69,22
Upshur,13 - UHISD,"Justice, Supreme Court",Place 2,,Under Votes,7,0,4,3
Upshur,13 - UHISD,"Justice, Supreme Court",Place 2,,Over Votes,0,0,0,0
Upshur,13 - UHISD,"Justice, Supreme Court",Place 4,REP,John Devine,368,6,275,87
Upshur,13 - UHISD,"Justice, Supreme Court",Place 4,DEM,Christine Vinh Weems,99,3,73,23
Upshur,13 - UHISD,"Justice, Supreme Court",Place 4,,Under Votes,10,0,7,3
Upshur,13 - UHISD,"Justice, Supreme Court",Place 4,,Over Votes,0,0,0,0
Upshur,13 - UHISD,"Justice, Supreme Court",Place 6,REP,Jane Bland,366,6,274,86
Upshur,13 - UHISD,"Justice, Supreme Court",Place 6,DEM,Bonnie Lee Goldstein,96,3,70,23
Upshur,13 - UHISD,"Justice, Supreme Court",Place 6,LIB,J. David Roberson,5,0,5,0
Upshur,13 - UHISD,"Justice, Supreme Court",Place 6,,Under Votes,10,0,6,4
Upshur,13 - UHISD,"Justice, Supreme Court",Place 6,,Over Votes,0,0,0,0
Upshur,13 - UHISD,"Presiding Judge, Court of Criminal Appeals",,REP,David J. Schenck,368,6,277,85
Upshur,13 - UHISD,"Presiding Judge, Court of Criminal Appeals",,DEM,Holly Taylor,98,3,72,23
Upshur,13 - UHISD,"Presiding Judge, Court of Criminal Appeals",,,Under Votes,11,0,6,5
Upshur,13 - UHISD,"Presiding Judge, Court of Criminal Appeals",,,Over Votes,0,0,0,0
Upshur,13 - UHISD,"Judge, Court of Criminal Appeals",Place 7,REP,Gina Parker,367,6,277,84
Upshur,13 - UHISD,"Judge, Court of Criminal Appeals",Place 7,DEM,Nancy Mulder,97,3,69,25
Upshur,13 - UHISD,"Judge, Court of Criminal Appeals",Place 7,,Under Votes,13,0,9,4
Upshur,13 - UHISD,"Judge, Court of Criminal Appeals",Place 7,,Over Votes,0,0,0,0
Upshur,13 - UHISD,"Judge, Court of Criminal Appeals",Place 8,REP,Lee Finley,369,6,277,86
Upshur,13 - UHISD,"Judge, Court of Criminal Appeals",Place 8,DEM,Chika Anyiam,97,3,70,24
Upshur,13 - UHISD,"Judge, Court of Criminal Appeals",Place 8,,Under Votes,11,0,8,3
Upshur,13 - UHISD,"Judge, Court of Criminal Appeals",Place 8,,Over Votes,0,0,0,0
Upshur,13 - UHISD,State Representative,5,REP,Cole Hefner,381,6,280,95
Upshur,13 - UHISD,State Representative,5,,Nancy A. Nichols (W),2,0,2,0
Upshur,13 - UHISD,State Representative,5,,Under Votes,94,3,73,18
Upshur,13 - UHISD,State Representative,5,,Over Votes,0,0,0,0
Upshur,13 - UHISD,"Justice, 6th Court of Appeals District",Place 2,REP,Jeff Rambin,380,6,281,93
Upshur,13 - UHISD,"Justice, 6th Court of Appeals District",Place 2,,Under Votes,97,3,74,20
Upshur,13 - UHISD,"Justice, 6th Court of Appeals District",Place 2,,Over Votes,0,0,0,0
Upshur,13 - UHISD,"Justice, 12th Court of Appeals District",Place 3,REP,Greg Neeley,384,6,284,94
Upshur,13 - UHISD,"Justice, 12th Court of Appeals District",Place 3,,Under Votes,93,3,71,19
Upshur,13 - UHISD,"Justice, 12th Court of Appeals District",Place 3,,Over Votes,0,0,0,0
Upshur,13 - UHISD,Sheriff,,REP,Larry Webb,349,6,262,81
Upshur,13 - UHISD,Sheriff,,DEM,"Brandon ""Bear"" Williams",121,3,89,29
Upshur,13 - UHISD,Sheriff,,,Under Votes,7,0,4,3
Upshur,13 - UHISD,Sheriff,,,Over Votes,0,0,0,0
Upshur,13 - UHISD,County Tax Assessor-Collector,,REP,Luana Howell,390,6,288,96
Upshur,13 - UHISD,County Tax Assessor-Collector,,,Under Votes,87,3,67,17
Upshur,13 - UHISD,County Tax Assessor-Collector,,,Over Votes,0,0,0,0
Upshur,13 - UHISD,County Constable Precinct 4,,REP,David S. Thompson,388,6,286,96
Upshur,13 - UHISD,County Constable Precinct 4,,,Under Votes,89,3,69,17
Upshur,13 - UHISD,County Constable Precinct 4,,,Over Votes,0,0,0,0
Upshur,14,Registered Voters,,,,201,,,
Upshur,14,Ballots Cast,,,,145,0,0,0
Upshur,14,President,,REP,Donald J. Trump/JD Vance,130,7,93,30
Upshur,14,President,,DEM,Kamala D. Harris/Tim Walz,15,2,5,8
Upshur,14,President,,LIB,Chase Oliver/Mike ter Maat,0,0,0,0
Upshur,14,President,,GRN,Jill Stein/Rudolph Ware,0,0,0,0
Upshur,14,President,,,Cherunda Fox/Harlan McVay (W),0,0,0,0
Upshur,14,President,,,Claudia De la Cruz/Karina Garcia (W),0,0,0,0
Upshur,14,President,,,Cornel West/Melina Abdullah (W),0,0,0,0
Upshur,14,President,,,Jessie Cueller/Wesley Lasley (W),0,0,0,0
Upshur,14,President,,,Peter Sonski/ Lauren Onak (W),0,0,0,0
Upshur,14,President,,,Shiva Ayyadurai/Crystal Ellis (W),0,0,0,0
Upshur,14,President,,,Under Votes,0,0,0,0
Upshur,14,President,,,Over Votes,0,0,0,0
Upshur,14,U.S. Senate,,REP,Ted Cruz,126,7,88,31
Upshur,14,U.S. Senate,,DEM,Colin Allred,18,2,9,7
Upshur,14,U.S. Senate,,LIB,Ted Brown,1,0,1,0
Upshur,14,U.S. Senate,,,Analisa Roche (W),0,0,0,0
Upshur,14,U.S. Senate,,,Tracy Andrus (W),0,0,0,0
Upshur,14,U.S. Senate,,,Under Votes,0,0,0,0
Upshur,14,U.S. Senate,,,Over Votes,0,0,0,0
Upshur,14,U.S. House,5,REP,Lance Gooden,123,7,84,32
Upshur,14,U.S. House,5,DEM,"Ruth ""Truth"" Torres",14,2,6,6
Upshur,14,U.S. House,5,,Under Votes,8,0,8,0
Upshur,14,U.S. House,5,,Over Votes,0,0,0,0
Upshur,14,Railroad Commissioner,,REP,Christi Craddick,130,7,91,32
Upshur,14,Railroad Commissioner,,DEM,Katherine Culbert,11,2,4,5
Upshur,14,Railroad Commissioner,,LIB,Hawk Dunlap,2,0,2,0
Upshur,14,Railroad Commissioner,,GRN,Eddie Espinoza,2,0,1,1
Upshur,14,Railroad Commissioner,,,Richard McKibbin (W),0,0,0,0
Upshur,14,Railroad Commissioner,,,Under Votes,0,0,0,0
Upshur,14,Railroad Commissioner,,,Over Votes,0,0,0,0
Upshur,14,"Justice, Supreme Court",Place 2,REP,Jimmy Blacklock,131,7,93,31
Upshur,14,"Justice, Supreme Court",Place 2,DEM,DaSean Jones,14,2,5,7
Upshur,14,"Justice, Supreme Court",Place 2,,Under Votes,0,0,0,0
Upshur,14,"Justice, Supreme Court",Place 2,,Over Votes,0,0,0,0
Upshur,14,"Justice, Supreme Court",Place 4,REP,John Devine,130,7,92,31
Upshur,14,"Justice, Supreme Court",Place 4,DEM,Christine Vinh Weems,15,2,6,7
Upshur,14,"Justice, Supreme Court",Place 4,,Under Votes,0,0,0,0
Upshur,14,"Justice, Supreme Court",Place 4,,Over Votes,0,0,0,0
Upshur,14,"Justice, Supreme Court",Place 6,REP,Jane Bland,127,7,90,30
Upshur,14,"Justice, Supreme Court",Place 6,DEM,Bonnie Lee Goldstein,14,2,5,7
Upshur,14,"Justice, Supreme Court",Place 6,LIB,J. David Roberson,4,0,3,1
Upshur,14,"Justice, Supreme Court",Place 6,,Under Votes,0,0,0,0
Upshur,14,"Justice, Supreme Court",Place 6,,Over Votes,0,0,0,0
Upshur,14,"Presiding Judge, Court of Criminal Appeals",,REP,David J. Schenck,131,7,92,32
Upshur,14,"Presiding Judge, Court of Criminal Appeals",,DEM,Holly Taylor,14,2,6,6
Upshur,14,"Presiding Judge, Court of Criminal Appeals",,,Under Votes,0,0,0,0
Upshur,14,"Presiding Judge, Court of Criminal Appeals",,,Over Votes,0,0,0,0
Upshur,14,"Judge, Court of Criminal Appeals",Place 7,REP,Gina Parker,131,7,92,32
Upshur,14,"Judge, Court of Criminal Appeals",Place 7,DEM,Nancy Mulder,14,2,6,6
Upshur,14,"Judge, Court of Criminal Appeals",Place 7,,Under Votes,0,0,0,0
Upshur,14,"Judge, Court of Criminal Appeals",Place 7,,Over Votes,0,0,0,0
Upshur,14,"Judge, Court of Criminal Appeals",Place 8,REP,Lee Finley,132,7,93,32
Upshur,14,"Judge, Court of Criminal Appeals",Place 8,DEM,Chika Anyiam,13,2,5,6
Upshur,14,"Judge, Court of Criminal Appeals",Place 8,,Under Votes,0,0,0,0
Upshur,14,"Judge, Court of Criminal Appeals",Place 8,,Over Votes,0,0,0,0
Upshur,14,State Representative,5,REP,Cole Hefner,129,7,86,36
Upshur,14,State Representative,5,,Nancy A. Nichols (W),0,0,0,0
Upshur,14,State Representative,5,,Under Votes,16,2,12,2
Upshur,14,State Representative,5,,Over Votes,0,0,0,0
Upshur,14,"Justice, 6th Court of Appeals District",Place 2,REP,Jeff Rambin,136,7,92,37
Upshur,14,"Justice, 6th Court of Appeals District",Place 2,,Under Votes,9,2,6,1
Upshur,14,"Justice, 6th Court of Appeals District",Place 2,,Over Votes,0,0,0,0
Upshur,14,"Justice, 12th Court of Appeals District",Place 3,REP,Greg Neeley,131,6,89,36
Upshur,14,"Justice, 12th Court of Appeals District",Place 3,,Under Votes,14,3,9,2
Upshur,14,"Justice, 12th Court of Appeals District",Place 3,,Over Votes,0,0,0,0
Upshur,14,Sheriff,,REP,Larry Webb,112,7,78,27
Upshur,14,Sheriff,,DEM,"Brandon ""Bear"" Williams",24,2,12,10
Upshur,14,Sheriff,,,Under Votes,9,0,8,1
Upshur,14,Sheriff,,,Over Votes,0,0,0,0
Upshur,14,County Tax Assessor-Collector,,REP,Luana Howell,130,7,87,36
Upshur,14,County Tax Assessor-Collector,,,Under Votes,15,2,11,2
Upshur,14,County Tax Assessor-Collector,,,Over Votes,0,0,0,0
Upshur,14,County Constable Precinct 4,,REP,David S. Thompson,130,6,88,36
Upshur,14,County Constable Precinct 4,,,Under Votes,15,3,10,2
Upshur,14,County Constable Precinct 4,,,Over Votes,0,0,0,0
Upshur,14 - UHISD,Registered Voters,,,,604,,,
Upshur,14 - UHISD,Ballots Cast,,,,416,0,0,0
Upshur,14 - UHISD,President,,REP,Donald J. Trump/JD Vance,359,11,272,76
Upshur,14 - UHISD,President,,DEM,Kamala D. Harris/Tim Walz,51,12,33,6
Upshur,14 - UHISD,President,,LIB,Chase Oliver/Mike ter Maat,3,0,2,1
Upshur,14 - UHISD,President,,GRN,Jill Stein/Rudolph Ware,0,0,0,0
Upshur,14 - UHISD,President,,,Cherunda Fox/Harlan McVay (W),0,0,0,0
Upshur,14 - UHISD,President,,,Claudia De la Cruz/Karina Garcia (W),0,0,0,0
Upshur,14 - UHISD,President,,,Cornel West/Melina Abdullah (W),0,0,0,0
Upshur,14 - UHISD,President,,,Jessie Cueller/Wesley Lasley (W),0,0,0,0
Upshur,14 - UHISD,President,,,Peter Sonski/ Lauren Onak (W),0,0,0,0
Upshur,14 - UHISD,President,,,Shiva Ayyadurai/Crystal Ellis (W),0,0,0,0
Upshur,14 - UHISD,President,,,Under Votes,3,0,1,2
Upshur,14 - UHISD,President,,,Over Votes,0,0,0,0
Upshur,14 - UHISD,U.S. Senate,,REP,Ted Cruz,342,10,259,73
Upshur,14 - UHISD,U.S. Senate,,DEM,Colin Allred,56,12,36,8
Upshur,14 - UHISD,U.S. Senate,,LIB,Ted Brown,15,0,11,4
Upshur,14 - UHISD,U.S. Senate,,,Analisa Roche (W),0,0,0,0
Upshur,14 - UHISD,U.S. Senate,,,Tracy Andrus (W),0,0,0,0
Upshur,14 - UHISD,U.S. Senate,,,Under Votes,3,1,2,0
Upshur,14 - UHISD,U.S. Senate,,,Over Votes,0,0,0,0
Upshur,14 - UHISD,U.S. House,5,REP,Lance Gooden,355,11,271,73
Upshur,14 - UHISD,U.S. House,5,DEM,"Ruth ""Truth"" Torres",53,11,32,10
Upshur,14 - UHISD,U.S. House,5,,Under Votes,8,1,5,2
Upshur,14 - UHISD,U.S. House,5,,Over Votes,0,0,0,0
Upshur,14 - UHISD,Railroad Commissioner,,REP,Christi Craddick,338,11,258,69
Upshur,14 - UHISD,Railroad Commissioner,,DEM,Katherine Culbert,49,11,30,8
Upshur,14 - UHISD,Railroad Commissioner,,LIB,Hawk Dunlap,14,0,11,3
Upshur,14 - UHISD,Railroad Commissioner,,GRN,Eddie Espinoza,3,0,2,1
Upshur,14 - UHISD,Railroad Commissioner,,,Richard McKibbin (W),0,0,0,0
Upshur,14 - UHISD,Railroad Commissioner,,,Under Votes,12,1,7,4
Upshur,14 - UHISD,Railroad Commissioner,,,Over Votes,0,0,0,0
Upshur,14 - UHISD,"Justice, Supreme Court",Place 2,REP,Jimmy Blacklock,351,11,267,73
Upshur,14 - UHISD,"Justice, Supreme Court",Place 2,DEM,DaSean Jones,53,11,33,9
Upshur,14 - UHISD,"Justice, Supreme Court",Place 2,,Under Votes,12,1,8,3
Upshur,14 - UHISD,"Justice, Supreme Court",Place 2,,Over Votes,0,0,0,0
Upshur,14 - UHISD,"Justice, Supreme Court",Place 4,REP,John Devine,348,11,264,73
Upshur,14 - UHISD,"Justice, Supreme Court",Place 4,DEM,Christine Vinh Weems,54,11,34,9
Upshur,14 - UHISD,"Justice, Supreme Court",Place 4,,Under Votes,14,1,10,3
Upshur,14 - UHISD,"Justice, Supreme Court",Place 4,,Over Votes,0,0,0,0
Upshur,14 - UHISD,"Justice, Supreme Court",Place 6,REP,Jane Bland,343,11,261,71
Upshur,14 - UHISD,"Justice, Supreme Court",Place 6,DEM,Bonnie Lee Goldstein,51,11,33,7
Upshur,14 - UHISD,"Justice, Supreme Court",Place 6,LIB,J. David Roberson,10,0,5,5
Upshur,14 - UHISD,"Justice, Supreme Court",Place 6,,Under Votes,12,1,9,2
Upshur,14 - UHISD,"Justice, Supreme Court",Place 6,,Over Votes,0,0,0,0
Upshur,14 - UHISD,"Presiding Judge, Court of Criminal Appeals",,REP,David J. Schenck,350,10,269,71
Upshur,14 - UHISD,"Presiding Judge, Court of Criminal Appeals",,DEM,Holly Taylor,55,12,33,10
Upshur,14 - UHISD,"Presiding Judge, Court of Criminal Appeals",,,Under Votes,11,1,6,4
Upshur,14 - UHISD,"Presiding Judge, Court of Criminal Appeals",,,Over Votes,0,0,0,0
Upshur,14 - UHISD,"Judge, Court of Criminal Appeals",Place 7,REP,Gina Parker,348,11,264,73
Upshur,14 - UHISD,"Judge, Court of Criminal Appeals",Place 7,DEM,Nancy Mulder,54,11,34,9
Upshur,14 - UHISD,"Judge, Court of Criminal Appeals",Place 7,,Under Votes,14,1,10,3
Upshur,14 - UHISD,"Judge, Court of Criminal Appeals",Place 7,,Over Votes,0,0,0,0
Upshur,14 - UHISD,"Judge, Court of Criminal Appeals",Place 8,REP,Lee Finley,350,11,266,73
Upshur,14 - UHISD,"Judge, Court of Criminal Appeals",Place 8,DEM,Chika Anyiam,54,11,34,9
Upshur,14 - UHISD,"Judge, Court of Criminal Appeals",Place 8,,Under Votes,12,1,8,3
Upshur,14 - UHISD,"Judge, Court of Criminal Appeals",Place 8,,Over Votes,0,0,0,0
Upshur,14 - UHISD,State Representative,5,REP,Cole Hefner,375,12,281,82
Upshur,14 - UHISD,State Representative,5,,Nancy A. Nichols (W),2,0,2,0
Upshur,14 - UHISD,State Representative,5,,Under Votes,39,11,25,3
Upshur,14 - UHISD,State Representative,5,,Over Votes,0,0,0,0
Upshur,14 - UHISD,"Justice, 6th Court of Appeals District",Place 2,REP,Jeff Rambin,371,12,280,79
Upshur,14 - UHISD,"Justice, 6th Court of Appeals District",Place 2,,Under Votes,45,11,28,6
Upshur,14 - UHISD,"Justice, 6th Court of Appeals District",Place 2,,Over Votes,0,0,0,0
Upshur,14 - UHISD,"Justice, 12th Court of Appeals District",Place 3,REP,Greg Neeley,367,12,277,78
Upshur,14 - UHISD,"Justice, 12th Court of Appeals District",Place 3,,Under Votes,49,11,31,7
Upshur,14 - UHISD,"Justice, 12th Court of Appeals District",Place 3,,Over Votes,0,0,0,0
Upshur,14 - UHISD,Sheriff,,REP,Larry Webb,349,11,267,71
Upshur,14 - UHISD,Sheriff,,DEM,"Brandon ""Bear"" Williams",59,11,36,12
Upshur,14 - UHISD,Sheriff,,,Under Votes,8,1,5,2
Upshur,14 - UHISD,Sheriff,,,Over Votes,0,0,0,0
Upshur,14 - UHISD,County Tax Assessor-Collector,,REP,Luana Howell,373,15,277,81
Upshur,14 - UHISD,County Tax Assessor-Collector,,,Under Votes,43,8,31,4
Upshur,14 - UHISD,County Tax Assessor-Collector,,,Over Votes,0,0,0,0
Upshur,14 - UHISD,County Constable Precinct 4,,REP,David S. Thompson,367,13,275,79
Upshur,14 - UHISD,County Constable Precinct 4,,,Under Votes,49,10,33,6
Upshur,14 - UHISD,County Constable Precinct 4,,,Over Votes,0,0,0,0
Upshur,15,Registered Voters,,,,2382,,,
Upshur,15,Ballots Cast,,,,1580,0,0,0
Upshur,15,President,,REP,Donald J. Trump/JD Vance,1422,33,1088,301
Upshur,15,President,,DEM,Kamala D. Harris/Tim Walz,138,13,86,39
Upshur,15,President,,LIB,Chase Oliver/Mike ter Maat,10,0,4,6
Upshur,15,President,,GRN,Jill Stein/Rudolph Ware,3,0,2,1
Upshur,15,President,,,Cherunda Fox/Harlan McVay (W),0,0,0,0
Upshur,15,President,,,Claudia De la Cruz/Karina Garcia (W),0,0,0,0
Upshur,15,President,,,Cornel West/Melina Abdullah (W),0,0,0,0
Upshur,15,President,,,Jessie Cueller/Wesley Lasley (W),0,0,0,0
Upshur,15,President,,,Peter Sonski/ Lauren Onak (W),0,0,0,0
Upshur,15,President,,,Shiva Ayyadurai/Crystal Ellis (W),0,0,0,0
Upshur,15,President,,,Under Votes,7,0,5,2
Upshur,15,President,,,Over Votes,0,0,0,0
Upshur,15,U.S. Senate,,REP,Ted Cruz,1396,32,1069,295
Upshur,15,U.S. Senate,,DEM,Colin Allred,143,13,88,42
Upshur,15,U.S. Senate,,LIB,Ted Brown,32,1,20,11
Upshur,15,U.S. Senate,,,Analisa Roche (W),0,0,0,0
Upshur,15,U.S. Senate,,,Tracy Andrus (W),0,0,0,0
Upshur,15,U.S. Senate,,,Under Votes,9,0,8,1
Upshur,15,U.S. Senate,,,Over Votes,0,0,0,0
Upshur,15,U.S. House,5,REP,Lance Gooden,1417,32,1087,298
Upshur,15,U.S. House,5,DEM,"Ruth ""Truth"" Torres",128,13,73,42
Upshur,15,U.S. House,5,,Under Votes,35,1,25,9
Upshur,15,U.S. House,5,,Over Votes,0,0,0,0
Upshur,15,Railroad Commissioner,,REP,Christi Craddick,1374,32,1059,283
Upshur,15,Railroad Commissioner,,DEM,Katherine Culbert,108,12,66,30
Upshur,15,Railroad Commissioner,,LIB,Hawk Dunlap,62,1,37,24
Upshur,15,Railroad Commissioner,,GRN,Eddie Espinoza,10,0,6,4
Upshur,15,Railroad Commissioner,,,Richard McKibbin (W),0,0,0,0
Upshur,15,Railroad Commissioner,,,Under Votes,26,1,17,8
Upshur,15,Railroad Commissioner,,,Over Votes,0,0,0,0
Upshur,15,"Justice, Supreme Court",Place 2,REP,Jimmy Blacklock,1433,33,1092,308
Upshur,15,"Justice, Supreme Court",Place 2,DEM,DaSean Jones,122,12,74,36
Upshur,15,"Justice, Supreme Court",Place 2,,Under Votes,25,1,19,5
Upshur,15,"Justice, Supreme Court",Place 2,,Over Votes,0,0,0,0
Upshur,15,"Justice, Supreme Court",Place 4,REP,John Devine,1420,32,1085,303
Upshur,15,"Justice, Supreme Court",Place 4,DEM,Christine Vinh Weems,126,13,75,38
Upshur,15,"Justice, Supreme Court",Place 4,,Under Votes,34,1,25,8
Upshur,15,"Justice, Supreme Court",Place 4,,Over Votes,0,0,0,0
Upshur,15,"Justice, Supreme Court",Place 6,REP,Jane Bland,1369,31,1045,293
Upshur,15,"Justice, Supreme Court",Place 6,DEM,Bonnie Lee Goldstein,120,12,73,35
Upshur,15,"Justice, Supreme Court",Place 6,LIB,J. David Roberson,53,2,38,13
Upshur,15,"Justice, Supreme Court",Place 6,,Under Votes,38,1,29,8
Upshur,15,"Justice, Supreme Court",Place 6,,Over Votes,0,0,0,0
Upshur,15,"Presiding Judge, Court of Criminal Appeals",,REP,David J. Schenck,1418,32,1084,302
Upshur,15,"Presiding Judge, Court of Criminal Appeals",,DEM,Holly Taylor,131,13,79,39
Upshur,15,"Presiding Judge, Court of Criminal Appeals",,,Under Votes,31,1,22,8
Upshur,15,"Presiding Judge, Court of Criminal Appeals",,,Over Votes,0,0,0,0
Upshur,15,"Judge, Court of Criminal Appeals",Place 7,REP,Gina Parker,1420,31,1082,307
Upshur,15,"Judge, Court of Criminal Appeals",Place 7,DEM,Nancy Mulder,122,13,74,35
Upshur,15,"Judge, Court of Criminal Appeals",Place 7,,Under Votes,38,2,29,7
Upshur,15,"Judge, Court of Criminal Appeals",Place 7,,Over Votes,0,0,0,0
Upshur,15,"Judge, Court of Criminal Appeals",Place 8,REP,Lee Finley,1424,31,1088,305
Upshur,15,"Judge, Court of Criminal Appeals",Place 8,DEM,Chika Anyiam,117,13,69,35
Upshur,15,"Judge, Court of Criminal Appeals",Place 8,,Under Votes,39,2,28,9
Upshur,15,"Judge, Court of Criminal Appeals",Place 8,,Over Votes,0,0,0,0
Upshur,15,State Representative,5,REP,Cole Hefner,1451,31,1104,316
Upshur,15,State Representative,5,,Nancy A. Nichols (W),6,5,1,0
Upshur,15,State Representative,5,,Under Votes,123,10,80,33
Upshur,15,State Representative,5,,Over Votes,0,0,0,0
Upshur,15,"Justice, 6th Court of Appeals District",Place 2,REP,Jeff Rambin,1456,38,1104,314
Upshur,15,"Justice, 6th Court of Appeals District",Place 2,,Under Votes,124,8,81,35
Upshur,15,"Justice, 6th Court of Appeals District",Place 2,,Over Votes,0,0,0,0
Upshur,15,"Justice, 12th Court of Appeals District",Place 3,REP,Greg Neeley,1454,37,1102,315
Upshur,15,"Justice, 12th Court of Appeals District",Place 3,,Under Votes,126,9,83,34
Upshur,15,"Justice, 12th Court of Appeals District",Place 3,,Over Votes,0,0,0,0
Upshur,15,Sheriff,,REP,Larry Webb,1338,31,1027,280
Upshur,15,Sheriff,,DEM,"Brandon ""Bear"" Williams",207,12,132,63
Upshur,15,Sheriff,,,Under Votes,35,3,26,6
Upshur,15,Sheriff,,,Over Votes,0,0,0,0
Upshur,15,County Tax Assessor-Collector,,REP,Luana Howell,1465,37,1115,313
Upshur,15,County Tax Assessor-Collector,,,Under Votes,115,9,70,36
Upshur,15,County Tax Assessor-Collector,,,Over Votes,0,0,0,0
Upshur,15,County Constable Precinct 4,,REP,David S. Thompson,1466,37,1112,317
Upshur,15,County Constable Precinct 4,,,Under Votes,114,9,73,32
Upshur,15,County Constable Precinct 4,,,Over Votes,0,0,0,0
Upshur,16,Registered Voters,,,,1795,,,
Upshur,16,Ballots Cast,,,,1067,0,0,0
Upshur,16,President,,REP,Donald J. Trump/JD Vance,809,25,554,230
Upshur,16,President,,DEM,Kamala D. Harris/Tim Walz,245,18,143,84
Upshur,16,President,,LIB,Chase Oliver/Mike ter Maat,5,0,3,2
Upshur,16,President,,GRN,Jill Stein/Rudolph Ware,4,0,2,2
Upshur,16,President,,,Cherunda Fox/Harlan McVay (W),0,0,0,0
Upshur,16,President,,,Claudia De la Cruz/Karina Garcia (W),0,0,0,0
Upshur,16,President,,,Cornel West/Melina Abdullah (W),1,0,1,0
Upshur,16,President,,,Jessie Cueller/Wesley Lasley (W),0,0,0,0
Upshur,16,President,,,Peter Sonski/ Lauren Onak (W),0,0,0,0
Upshur,16,President,,,Shiva Ayyadurai/Crystal Ellis (W),0,0,0,0
Upshur,16,President,,,Under Votes,3,0,1,2
Upshur,16,President,,,Over Votes,0,0,0,0
Upshur,16,U.S. Senate,,REP,Ted Cruz,778,25,541,212
Upshur,16,U.S. Senate,,DEM,Colin Allred,257,13,149,95
Upshur,16,U.S. Senate,,LIB,Ted Brown,23,1,11,11
Upshur,16,U.S. Senate,,,Analisa Roche (W),0,0,0,0
Upshur,16,U.S. Senate,,,Tracy Andrus (W),0,0,0,0
Upshur,16,U.S. Senate,,,Under Votes,9,4,3,2
Upshur,16,U.S. Senate,,,Over Votes,0,0,0,0
Upshur,16,U.S. House,1,REP,Nathaniel Moran,878,28,591,259
Upshur,16,U.S. House,1,,Under Votes,189,15,113,61
Upshur,16,U.S. House,1,,Over Votes,0,0,0,0
Upshur,16,Railroad Commissioner,,REP,Christi Craddick,777,23,534,220
Upshur,16,Railroad Commissioner,,DEM,Katherine Culbert,210,13,118,79
Upshur,16,Railroad Commissioner,,LIB,Hawk Dunlap,33,1,24,8
Upshur,16,Railroad Commissioner,,GRN,Eddie Espinoza,12,1,6,5
Upshur,16,Railroad Commissioner,,,Richard McKibbin (W),0,0,0,0
Upshur,16,Railroad Commissioner,,,Under Votes,35,5,22,8
Upshur,16,Railroad Commissioner,,,Over Votes,0,0,0,0
Upshur,16,"Justice, Supreme Court",Place 2,REP,Jimmy Blacklock,812,25,558,229
Upshur,16,"Justice, Supreme Court",Place 2,DEM,DaSean Jones,221,13,125,83
Upshur,16,"Justice, Supreme Court",Place 2,,Under Votes,34,5,21,8
Upshur,16,"Justice, Supreme Court",Place 2,,Over Votes,0,0,0,0
Upshur,16,"Justice, Supreme Court",Place 4,REP,John Devine,805,24,552,229
Upshur,16,"Justice, Supreme Court",Place 4,DEM,Christine Vinh Weems,225,14,128,83
Upshur,16,"Justice, Supreme Court",Place 4,,Under Votes,37,5,24,8
Upshur,16,"Justice, Supreme Court",Place 4,,Over Votes,0,0,0,0
Upshur,16,"Justice, Supreme Court",Place 6,REP,Jane Bland,770,22,531,217
Upshur,16,"Justice, Supreme Court",Place 6,DEM,Bonnie Lee Goldstein,224,15,126,83
Upshur,16,"Justice, Supreme Court",Place 6,LIB,J. David Roberson,35,1,22,12
Upshur,16,"Justice, Supreme Court",Place 6,,Under Votes,38,5,25,8
Upshur,16,"Justice, Supreme Court",Place 6,,Over Votes,0,0,0,0
Upshur,16,"Presiding Judge, Court of Criminal Appeals",,REP,David J. Schenck,802,24,551,227
Upshur,16,"Presiding Judge, Court of Criminal Appeals",,DEM,Holly Taylor,233,14,133,86
Upshur,16,"Presiding Judge, Court of Criminal Appeals",,,Under Votes,32,5,20,7
Upshur,16,"Presiding Judge, Court of Criminal Appeals",,,Over Votes,0,0,0,0
Upshur,16,"Judge, Court of Criminal Appeals",Place 7,REP,Gina Parker,808,24,555,229
Upshur,16,"Judge, Court of Criminal Appeals",Place 7,DEM,Nancy Mulder,223,14,127,82
Upshur,16,"Judge, Court of Criminal Appeals",Place 7,,Under Votes,36,5,22,9
Upshur,16,"Judge, Court of Criminal Appeals",Place 7,,Over Votes,0,0,0,0
Upshur,16,"Judge, Court of Criminal Appeals",Place 8,REP,Lee Finley,815,25,559,231
Upshur,16,"Judge, Court of Criminal Appeals",Place 8,DEM,Chika Anyiam,214,13,122,79
Upshur,16,"Judge, Court of Criminal Appeals",Place 8,,Under Votes,38,5,23,10
Upshur,16,"Judge, Court of Criminal Appeals",Place 8,,Over Votes,0,0,0,0
Upshur,16,State Representative,5,REP,Cole Hefner,880,25,593,262
Upshur,16,State Representative,5,,Nancy A. Nichols (W),4,2,2,0
Upshur,16,State Representative,5,,Under Votes,183,16,109,58
Upshur,16,State Representative,5,,Over Votes,0,0,0,0
Upshur,16,"Justice, 6th Court of Appeals District",Place 2,REP,Jeff Rambin,881,27,591,263
Upshur,16,"Justice, 6th Court of Appeals District",Place 2,,Under Votes,186,16,113,57
Upshur,16,"Justice, 6th Court of Appeals District",Place 2,,Over Votes,0,0,0,0
Upshur,16,"Justice, 12th Court of Appeals District",Place 3,REP,Greg Neeley,880,27,591,262
Upshur,16,"Justice, 12th Court of Appeals District",Place 3,,Under Votes,187,16,113,58
Upshur,16,"Justice, 12th Court of Appeals District",Place 3,,Over Votes,0,0,0,0
Upshur,16,Sheriff,,REP,Larry Webb,818,29,566,223
Upshur,16,Sheriff,,DEM,"Brandon ""Bear"" Williams",217,9,119,89
Upshur,16,Sheriff,,,Under Votes,32,5,19,8
Upshur,16,Sheriff,,,Over Votes,0,0,0,0
Upshur,16,County Tax Assessor-Collector,,REP,Luana Howell,893,28,597,268
Upshur,16,County Tax Assessor-Collector,,,Under Votes,174,15,107,52
Upshur,16,County Tax Assessor-Collector,,,Over Votes,0,0,0,0
Upshur,16,County Commissioner Precinct 3,,REP,Michael L. Ashley,883,27,590,266
Upshur,16,County Commissioner Precinct 3,,,Under Votes,184,16,114,54
Upshur,16,County Commissioner Precinct 3,,,Over Votes,0,0,0,0
Upshur,16,County Constable Precinct 3,,REP,James Casey,888,27,596,265
Upshur,16,County Constable Precinct 3,,,Under Votes,179,16,108,55
Upshur,16,County Constable Precinct 3,,,Over Votes,0,0,0,0
Upshur,17,Registered Voters,,,,2534,,,
Upshur,17,Ballots Cast,,,,1471,0,0,0
Upshur,17,President,,REP,Donald J. Trump/JD Vance,1108,27,897,184
Upshur,17,President,,DEM,Kamala D. Harris/Tim Walz,354,23,282,49
Upshur,17,President,,LIB,Chase Oliver/Mike ter Maat,5,0,4,1
Upshur,17,President,,GRN,Jill Stein/Rudolph Ware,1,0,1,0
Upshur,17,President,,,Cherunda Fox/Harlan McVay (W),0,0,0,0
Upshur,17,President,,,Claudia De la Cruz/Karina Garcia (W),0,0,0,0
Upshur,17,President,,,Cornel West/Melina Abdullah (W),0,0,0,0
Upshur,17,President,,,Jessie Cueller/Wesley Lasley (W),0,0,0,0
Upshur,17,President,,,Peter Sonski/ Lauren Onak (W),0,0,0,0
Upshur,17,President,,,Shiva Ayyadurai/Crystal Ellis (W),0,0,0,0
Upshur,17,President,,,Under Votes,3,0,3,0
Upshur,17,President,,,Over Votes,0,0,0,0
Upshur,17,U.S. Senate,,REP,Ted Cruz,1062,27,866,169
Upshur,17,U.S. Senate,,DEM,Colin Allred,372,23,296,53
Upshur,17,U.S. Senate,,LIB,Ted Brown,25,0,18,7
Upshur,17,U.S. Senate,,,Analisa Roche (W),0,0,0,0
Upshur,17,U.S. Senate,,,Tracy Andrus (W),0,0,0,0
Upshur,17,U.S. Senate,,,Under Votes,12,0,7,5
Upshur,17,U.S. Senate,,,Over Votes,0,0,0,0
Upshur,17,U.S. House,1,REP,Nathaniel Moran,1204,32,980,192
Upshur,17,U.S. House,1,,Under Votes,267,18,207,42
Upshur,17,U.S. House,1,,Over Votes,0,0,0,0
Upshur,17,Railroad Commissioner,,REP,Christi Craddick,1050,28,860,162
Upshur,17,Railroad Commissioner,,DEM,Katherine Culbert,305,21,242,42
Upshur,17,Railroad Commissioner,,LIB,Hawk Dunlap,47,0,37,10
Upshur,17,Railroad Commissioner,,GRN,Eddie Espinoza,7,1,5,1
Upshur,17,Railroad Commissioner,,,Richard McKibbin (W),0,0,0,0
Upshur,17,Railroad Commissioner,,,Under Votes,62,0,43,19
Upshur,17,Railroad Commissioner,,,Over Votes,0,0,0,0
Upshur,17,"Justice, Supreme Court",Place 2,REP,Jimmy Blacklock,1074,26,881,167
Upshur,17,"Justice, Supreme Court",Place 2,DEM,DaSean Jones,341,23,266,52
Upshur,17,"Justice, Supreme Court",Place 2,,Under Votes,56,1,40,15
Upshur,17,"Justice, Supreme Court",Place 2,,Over Votes,0,0,0,0
Upshur,17,"Justice, Supreme Court",Place 4,REP,John Devine,1065,26,871,168
Upshur,17,"Justice, Supreme Court",Place 4,DEM,Christine Vinh Weems,350,23,275,52
Upshur,17,"Justice, Supreme Court",Place 4,,Under Votes,56,1,41,14
Upshur,17,"Justice, Supreme Court",Place 4,,Over Votes,0,0,0,0
Upshur,17,"Justice, Supreme Court",Place 6,REP,Jane Bland,1047,26,861,160
Upshur,17,"Justice, Supreme Court",Place 6,DEM,Bonnie Lee Goldstein,330,23,262,45
Upshur,17,"Justice, Supreme Court",Place 6,LIB,J. David Roberson,40,0,26,14
Upshur,17,"Justice, Supreme Court",Place 6,,Under Votes,54,1,38,15
Upshur,17,"Justice, Supreme Court",Place 6,,Over Votes,0,0,0,0
Upshur,17,"Presiding Judge, Court of Criminal Appeals",,REP,David J. Schenck,1073,26,878,169
Upshur,17,"Presiding Judge, Court of Criminal Appeals",,DEM,Holly Taylor,344,23,271,50
Upshur,17,"Presiding Judge, Court of Criminal Appeals",,,Under Votes,54,1,38,15
Upshur,17,"Presiding Judge, Court of Criminal Appeals",,,Over Votes,0,0,0,0
Upshur,17,"Judge, Court of Criminal Appeals",Place 7,REP,Gina Parker,1076,26,883,167
Upshur,17,"Judge, Court of Criminal Appeals",Place 7,DEM,Nancy Mulder,337,23,263,51
Upshur,17,"Judge, Court of Criminal Appeals",Place 7,,Under Votes,58,1,41,16
Upshur,17,"Judge, Court of Criminal Appeals",Place 7,,Over Votes,0,0,0,0
Upshur,17,"Judge, Court of Criminal Appeals",Place 8,REP,Lee Finley,1087,27,891,169
Upshur,17,"Judge, Court of Criminal Appeals",Place 8,DEM,Chika Anyiam,328,22,258,48
Upshur,17,"Judge, Court of Criminal Appeals",Place 8,,Under Votes,56,1,38,17
Upshur,17,"Judge, Court of Criminal Appeals",Place 8,,Over Votes,0,0,0,0
Upshur,17,State Representative,5,REP,Cole Hefner,1170,31,948,191
Upshur,17,State Representative,5,,Nancy A. Nichols (W),10,2,7,1
Upshur,17,State Representative,5,,Under Votes,291,17,232,42
Upshur,17,State Representative,5,,Over Votes,0,0,0,0
Upshur,17,"Justice, 6th Court of Appeals District",Place 2,REP,Jeff Rambin,1180,30,959,191
Upshur,17,"Justice, 6th Court of Appeals District",Place 2,,Under Votes,291,20,228,43
Upshur,17,"Justice, 6th Court of Appeals District",Place 2,,Over Votes,0,0,0,0
Upshur,17,"Justice, 12th Court of Appeals District",Place 3,REP,Greg Neeley,1177,31,955,191
Upshur,17,"Justice, 12th Court of Appeals District",Place 3,,Under Votes,294,19,232,43
Upshur,17,"Justice, 12th Court of Appeals District",Place 3,,Over Votes,0,0,0,0
Upshur,17,Sheriff,,REP,Larry Webb,990,31,814,145
Upshur,17,Sheriff,,DEM,"Brandon ""Bear"" Williams",430,18,334,78
Upshur,17,Sheriff,,,Under Votes,51,1,39,11
Upshur,17,Sheriff,,,Over Votes,0,0,0,0
Upshur,17,County Tax Assessor-Collector,,REP,Luana Howell,1214,31,984,199
Upshur,17,County Tax Assessor-Collector,,,Under Votes,257,19,203,35
Upshur,17,County Tax Assessor-Collector,,,Over Votes,0,0,0,0
Upshur,17,County Constable Precinct 4,,REP,David S. Thompson,1200,30,977,193
Upshur,17,County Constable Precinct 4,,,Under Votes,271,20,210,41
Upshur,17,County Constable Precinct 4,,,Over Votes,0,0,0,0
Upshur,18,Registered Voters,,,,685,,,
Upshur,18,Ballots Cast,,,,391,0,0,0
Upshur,18,President,,REP,Donald J. Trump/JD Vance,295,8,246,41
Upshur,18,President,,DEM,Kamala D. Harris/Tim Walz,92,7,71,14
Upshur,18,President,,LIB,Chase Oliver/Mike ter Maat,3,1,1,1
Upshur,18,President,,GRN,Jill Stein/Rudolph Ware,1,0,1,0
Upshur,18,President,,,Cherunda Fox/Harlan McVay (W),0,0,0,0
Upshur,18,President,,,Claudia De la Cruz/Karina Garcia (W),0,0,0,0
Upshur,18,President,,,Cornel West/Melina Abdullah (W),0,0,0,0
Upshur,18,President,,,Jessie Cueller/Wesley Lasley (W),0,0,0,0
Upshur,18,President,,,Peter Sonski/ Lauren Onak (W),0,0,0,0
Upshur,18,President,,,Shiva Ayyadurai/Crystal Ellis (W),0,0,0,0
Upshur,18,President,,,Under Votes,0,0,0,0
Upshur,18,President,,,Over Votes,0,0,0,0
Upshur,18,U.S. Senate,,REP,Ted Cruz,281,7,235,39
Upshur,18,U.S. Senate,,DEM,Colin Allred,90,8,71,11
Upshur,18,U.S. Senate,,LIB,Ted Brown,18,1,11,6
Upshur,18,U.S. Senate,,,Analisa Roche (W),0,0,0,0
Upshur,18,U.S. Senate,,,Tracy Andrus (W),0,0,0,0
Upshur,18,U.S. Senate,,,Under Votes,2,0,2,0
Upshur,18,U.S. Senate,,,Over Votes,0,0,0,0
Upshur,18,U.S. House,1,REP,Nathaniel Moran,319,10,262,47
Upshur,18,U.S. House,1,,Under Votes,72,6,57,9
Upshur,18,U.S. House,1,,Over Votes,0,0,0,0
Upshur,18,Railroad Commissioner,,REP,Christi Craddick,279,8,235,36
Upshur,18,Railroad Commissioner,,DEM,Katherine Culbert,87,8,68,11
Upshur,18,Railroad Commissioner,,LIB,Hawk Dunlap,12,0,7,5
Upshur,18,Railroad Commissioner,,GRN,Eddie Espinoza,3,0,1,2
Upshur,18,Railroad Commissioner,,,Richard McKibbin (W),0,0,0,0
Upshur,18,Railroad Commissioner,,,Under Votes,10,0,8,2
Upshur,18,Railroad Commissioner,,,Over Votes,0,0,0,0
Upshur,18,"Justice, Supreme Court",Place 2,REP,Jimmy Blacklock,295,8,243,44
Upshur,18,"Justice, Supreme Court",Place 2,DEM,DaSean Jones,87,8,69,10
Upshur,18,"Justice, Supreme Court",Place 2,,Under Votes,9,0,7,2
Upshur,18,"Justice, Supreme Court",Place 2,,Over Votes,0,0,0,0
Upshur,18,"Justice, Supreme Court",Place 4,REP,John Devine,290,7,240,43
Upshur,18,"Justice, Supreme Court",Place 4,DEM,Christine Vinh Weems,92,9,72,11
Upshur,18,"Justice, Supreme Court",Place 4,,Under Votes,9,0,7,2
Upshur,18,"Justice, Supreme Court",Place 4,,Over Votes,0,0,0,0
Upshur,18,"Justice, Supreme Court",Place 6,REP,Jane Bland,284,7,237,40
Upshur,18,"Justice, Supreme Court",Place 6,DEM,Bonnie Lee Goldstein,85,7,69,9
Upshur,18,"Justice, Supreme Court",Place 6,LIB,J. David Roberson,12,2,5,5
Upshur,18,"Justice, Supreme Court",Place 6,,Under Votes,10,0,8,2
Upshur,18,"Justice, Supreme Court",Place 6,,Over Votes,0,0,0,0
Upshur,18,"Presiding Judge, Court of Criminal Appeals",,REP,David J. Schenck,293,8,242,43
Upshur,18,"Presiding Judge, Court of Criminal Appeals",,DEM,Holly Taylor,91,8,73,10
Upshur,18,"Presiding Judge, Court of Criminal Appeals",,,Under Votes,7,0,4,3
Upshur,18,"Presiding Judge, Court of Criminal Appeals",,,Over Votes,0,0,0,0
Upshur,18,"Judge, Court of Criminal Appeals",Place 7,REP,Gina Parker,296,6,246,44
Upshur,18,"Judge, Court of Criminal Appeals",Place 7,DEM,Nancy Mulder,87,10,68,9
Upshur,18,"Judge, Court of Criminal Appeals",Place 7,,Under Votes,8,0,5,3
Upshur,18,"Judge, Court of Criminal Appeals",Place 7,,Over Votes,0,0,0,0
Upshur,18,"Judge, Court of Criminal Appeals",Place 8,REP,Lee Finley,301,9,247,45
Upshur,18,"Judge, Court of Criminal Appeals",Place 8,DEM,Chika Anyiam,81,7,65,9
Upshur,18,"Judge, Court of Criminal Appeals",Place 8,,Under Votes,9,0,7,2
Upshur,18,"Judge, Court of Criminal Appeals",Place 8,,Over Votes,0,0,0,0
Upshur,18,State Representative,5,REP,Cole Hefner,320,10,263,47
Upshur,18,State Representative,5,,Nancy A. Nichols (W),5,4,1,0
Upshur,18,State Representative,5,,Under Votes,66,2,55,9
Upshur,18,State Representative,5,,Over Votes,0,0,0,0
Upshur,18,"Justice, 6th Court of Appeals District",Place 2,REP,Jeff Rambin,321,11,263,47
Upshur,18,"Justice, 6th Court of Appeals District",Place 2,,Under Votes,70,5,56,9
Upshur,18,"Justice, 6th Court of Appeals District",Place 2,,Over Votes,0,0,0,0
Upshur,18,"Justice, 12th Court of Appeals District",Place 3,REP,Greg Neeley,317,11,260,46
Upshur,18,"Justice, 12th Court of Appeals District",Place 3,,Under Votes,74,5,59,10
Upshur,18,"Justice, 12th Court of Appeals District",Place 3,,Over Votes,0,0,0,0
Upshur,18,Sheriff,,REP,Larry Webb,266,8,221,37
Upshur,18,Sheriff,,DEM,"Brandon ""Bear"" Williams",118,8,91,19
Upshur,18,Sheriff,,,Under Votes,7,0,7,0
Upshur,18,Sheriff,,,Over Votes,0,0,0,0
Upshur,18,County Tax Assessor-Collector,,REP,Luana Howell,327,11,266,50
Upshur,18,County Tax Assessor-Collector,,,Under Votes,64,5,53,6
Upshur,18,County Tax Assessor-Collector,,,Over Votes,0,0,0,0
Upshur,18,County Constable Precinct 2,,REP,Jason Weeks,323,10,263,50
Upshur,18,County Constable Precinct 2,,,Under Votes,68,6,56,6
Upshur,18,County Constable Precinct 2,,,Over Votes,0,0,0,0
Upshur,20,Registered Voters,,,,188,,,
Upshur,20,Ballots Cast,,,,147,0,0,0
Upshur,20,President,,REP,Donald J. Trump/JD Vance,136,2,123,11
Upshur,20,President,,DEM,Kamala D. Harris/Tim Walz,11,0,10,1
Upshur,20,President,,LIB,Chase Oliver/Mike ter Maat,0,0,0,0
Upshur,20,President,,GRN,Jill Stein/Rudolph Ware,0,0,0,0
Upshur,20,President,,,Cherunda Fox/Harlan McVay (W),0,0,0,0
Upshur,20,President,,,Claudia De la Cruz/Karina Garcia (W),0,0,0,0
Upshur,20,President,,,Cornel West/Melina Abdullah (W),0,0,0,0
Upshur,20,President,,,Jessie Cueller/Wesley Lasley (W),0,0,0,0
Upshur,20,President,,,Peter Sonski/ Lauren Onak (W),0,0,0,0
Upshur,20,President,,,Shiva Ayyadurai/Crystal Ellis (W),0,0,0,0
Upshur,20,President,,,Under Votes,0,0,0,0
Upshur,20,President,,,Over Votes,0,0,0,0
Upshur,20,U.S. Senate,,REP,Ted Cruz,134,1,122,11
Upshur,20,U.S. Senate,,DEM,Colin Allred,13,1,11,1
Upshur,20,U.S. Senate,,LIB,Ted Brown,0,0,0,0
Upshur,20,U.S. Senate,,,Analisa Roche (W),0,0,0,0
Upshur,20,U.S. Senate,,,Tracy Andrus (W),0,0,0,0
Upshur,20,U.S. Senate,,,Under Votes,0,0,0,0
Upshur,20,U.S. Senate,,,Over Votes,0,0,0,0
Upshur,20,U.S. House,1,REP,Nathaniel Moran,141,2,128,11
Upshur,20,U.S. House,1,,Under Votes,6,0,5,1
Upshur,20,U.S. House,1,,Over Votes,0,0,0,0
Upshur,20,Railroad Commissioner,,REP,Christi Craddick,132,1,120,11
Upshur,20,Railroad Commissioner,,DEM,Katherine Culbert,9,0,8,1
Upshur,20,Railroad Commissioner,,LIB,Hawk Dunlap,0,0,0,0
Upshur,20,Railroad Commissioner,,GRN,Eddie Espinoza,0,0,0,0
Upshur,20,Railroad Commissioner,,,Richard McKibbin (W),0,0,0,0
Upshur,20,Railroad Commissioner,,,Under Votes,6,1,5,0
Upshur,20,Railroad Commissioner,,,Over Votes,0,0,0,0
Upshur,20,"Justice, Supreme Court",Place 2,REP,Jimmy Blacklock,133,2,120,11
Upshur,20,"Justice, Supreme Court",Place 2,DEM,DaSean Jones,10,0,9,1
Upshur,20,"Justice, Supreme Court",Place 2,,Under Votes,4,0,4,0
Upshur,20,"Justice, Supreme Court",Place 2,,Over Votes,0,0,0,0
Upshur,20,"Justice, Supreme Court",Place 4,REP,John Devine,130,2,117,11
Upshur,20,"Justice, Supreme Court",Place 4,DEM,Christine Vinh Weems,12,0,11,1
Upshur,20,"Justice, Supreme Court",Place 4,,Under Votes,5,0,5,0
Upshur,20,"Justice, Supreme Court",Place 4,,Over Votes,0,0,0,0
Upshur,20,"Justice, Supreme Court",Place 6,REP,Jane Bland,131,2,118,11
Upshur,20,"Justice, Supreme Court",Place 6,DEM,Bonnie Lee Goldstein,11,0,10,1
Upshur,20,"Justice, Supreme Court",Place 6,LIB,J. David Roberson,0,0,0,0
Upshur,20,"Justice, Supreme Court",Place 6,,Under Votes,5,0,5,0
Upshur,20,"Justice, Supreme Court",Place 6,,Over Votes,0,0,0,0
Upshur,20,"Presiding Judge, Court of Criminal Appeals",,REP,David J. Schenck,132,2,119,11
Upshur,20,"Presiding Judge, Court of Criminal Appeals",,DEM,Holly Taylor,12,0,11,1
Upshur,20,"Presiding Judge, Court of Criminal Appeals",,,Under Votes,3,0,3,0
Upshur,20,"Presiding Judge, Court of Criminal Appeals",,,Over Votes,0,0,0,0
Upshur,20,"Judge, Court of Criminal Appeals",Place 7,REP,Gina Parker,133,2,120,11
Upshur,20,"Judge, Court of Criminal Appeals",Place 7,DEM,Nancy Mulder,12,0,11,1
Upshur,20,"Judge, Court of Criminal Appeals",Place 7,,Under Votes,2,0,2,0
Upshur,20,"Judge, Court of Criminal Appeals",Place 7,,Over Votes,0,0,0,0
Upshur,20,"Judge, Court of Criminal Appeals",Place 8,REP,Lee Finley,134,1,122,11
Upshur,20,"Judge, Court of Criminal Appeals",Place 8,DEM,Chika Anyiam,9,0,8,1
Upshur,20,"Judge, Court of Criminal Appeals",Place 8,,Under Votes,4,1,3,0
Upshur,20,"Judge, Court of Criminal Appeals",Place 8,,Over Votes,0,0,0,0
Upshur,20,State Representative,5,REP,Cole Hefner,132,0,121,11
Upshur,20,State Representative,5,,Nancy A. Nichols (W),3,1,2,0
Upshur,20,State Representative,5,,Under Votes,12,1,10,1
Upshur,20,State Representative,5,,Over Votes,0,0,0,0
Upshur,20,"Justice, 6th Court of Appeals District",Place 2,REP,Jeff Rambin,135,2,122,11
Upshur,20,"Justice, 6th Court of Appeals District",Place 2,,Under Votes,12,0,11,1
Upshur,20,"Justice, 6th Court of Appeals District",Place 2,,Over Votes,0,0,0,0
Upshur,20,"Justice, 12th Court of Appeals District",Place 3,REP,Greg Neeley,135,2,122,11
Upshur,20,"Justice, 12th Court of Appeals District",Place 3,,Under Votes,12,0,11,1
Upshur,20,"Justice, 12th Court of Appeals District",Place 3,,Over Votes,0,0,0,0
Upshur,20,Sheriff,,REP,Larry Webb,126,2,114,10
Upshur,20,Sheriff,,DEM,"Brandon ""Bear"" Williams",20,0,18,2
Upshur,20,Sheriff,,,Under Votes,1,0,1,0
Upshur,20,Sheriff,,,Over Votes,0,0,0,0
Upshur,20,County Tax Assessor-Collector,,REP,Luana Howell,140,2,127,11
Upshur,20,County Tax Assessor-Collector,,,Under Votes,7,0,6,1
Upshur,20,County Tax Assessor-Collector,,,Over Votes,0,0,0,0
Upshur,20,County Constable Precinct 4,,REP,David S. Thompson,137,2,124,11
Upshur,20,County Constable Precinct 4,,,Under Votes,10,0,9,1
Upshur,20,County Constable Precinct 4,,,Over Votes,0,0,0,0
