county,precinct,office,district,party,candidate,votes,absentee,early_voting,election_day,provisional,limited
Comanche,Pct 1,Registered Voters,,,,1732,,,,,
Comanche,Pct 1,Ballots Cast,,,,1120,,,,,
Comanche,Pct 1,President,,REP,Donald J. Trump,961,23,782,144,0,12
Comanche,Pct 1,President,,DEM,Kamala D. Harris,146,7,100,39,0,0
Comanche,Pct 1,President,,LIB,Chase Oliver,3,0,1,2,0,0
Comanche,Pct 1,President,,GRN,Jill Stein,0,0,0,0,0,0
Comanche,Pct 1,President,,,Under Votes,10,3,5,2,0,0
Comanche,Pct 1,President,,,Over Votes,0,0,0,0,0,0
Comanche,Pct 1,U.S. Senate,,REP,Ted Cruz,920,25,759,126,0,10
Comanche,Pct 1,U.S. Senate,,DEM,Colin Allred,174,8,115,49,0,2
Comanche,Pct 1,U.S. Senate,,LIB,Ted Brown,11,0,5,6,0,0
Comanche,Pct 1,U.S. Senate,,,Under Votes,14,0,8,6,0,0
Comanche,Pct 1,U.S. Senate,,,Over Votes,1,0,1,0,0,0
Comanche,Pct 1,U.S. House,25,REP,Roger Williams,930,27,752,148,0,3
Comanche,Pct 1,U.S. House,25,,Under Votes,189,6,135,39,0,9
Comanche,Pct 1,U.S. House,25,,Over Votes,1,0,1,0,0,0
Comanche,Pct 1,Railroad Commissioner,,REP,Christi Craddick,871,25,709,128,0,9
Comanche,Pct 1,Railroad Commissioner,,DEM,Katherine Culbert,123,5,89,29,0,0
Comanche,Pct 1,Railroad Commissioner,,LIB,Hawk Dunlap,23,0,17,6,0,0
Comanche,Pct 1,Railroad Commissioner,,GRN,Eddie Espinoza,20,0,15,5,0,0
Comanche,Pct 1,Railroad Commissioner,,,Under Votes,81,3,56,19,0,3
Comanche,Pct 1,Railroad Commissioner,,,Over Votes,2,0,2,0,0,0
Comanche,Pct 1,"Justice, Supreme Court, Place 2",,REP,Jimmy Blacklock,921,26,751,135,0,9
Comanche,Pct 1,"Justice, Supreme Court, Place 2",,DEM,Dasean Jones,132,4,90,38,0,0
Comanche,Pct 1,"Justice, Supreme Court, Place 2",,,Under Votes,66,3,46,14,0,3
Comanche,Pct 1,"Justice, Supreme Court, Place 2",,,Over Votes,1,0,1,0,0,0
Comanche,Pct 1,"Justice, Supreme Court, Place 4",,REP,John Devine,903,25,740,129,0,9
Comanche,Pct 1,"Justice, Supreme Court, Place 4",,DEM,Christine Vinh Weems,147,4,100,43,0,0
Comanche,Pct 1,"Justice, Supreme Court, Place 4",,,Under Votes,70,4,48,15,0,3
Comanche,Pct 1,"Justice, Supreme Court, Place 4",,,Over Votes,0,0,0,0,0,0
Comanche,Pct 1,"Justice, Supreme Court, Place 6",,REP,Jane Bland,890,26,729,126,0,9
Comanche,Pct 1,"Justice, Supreme Court, Place 6",,DEM,Bonnie Lee Goldstein,135,3,96,36,0,0
Comanche,Pct 1,"Justice, Supreme Court, Place 6",,LIB,J. David Roberson,22,0,13,9,0,0
Comanche,Pct 1,"Justice, Supreme Court, Place 6",,,Under Votes,73,4,50,16,0,3
Comanche,Pct 1,"Justice, Supreme Court, Place 6",,,Over Votes,0,0,0,0,0,0
Comanche,Pct 1,"Presiding Judge, Court of Criminal Appeals",,REP,David J. Schenck,906,26,740,131,0,9
Comanche,Pct 1,"Presiding Judge, Court of Criminal Appeals",,DEM,Holly Taylor,141,3,97,41,0,0
Comanche,Pct 1,"Presiding Judge, Court of Criminal Appeals",,,Under Votes,73,4,51,15,0,3
Comanche,Pct 1,"Presiding Judge, Court of Criminal Appeals",,,Over Votes,0,0,0,0,0,0
Comanche,Pct 1,"Judge, Court of Criminal Appeals, Place 7",,REP,Gina Parker,906,26,737,134,0,9
Comanche,Pct 1,"Judge, Court of Criminal Appeals, Place 7",,DEM,Nancy Mulder,135,3,95,37,0,0
Comanche,Pct 1,"Judge, Court of Criminal Appeals, Place 7",,,Under Votes,79,4,56,16,0,3
Comanche,Pct 1,"Judge, Court of Criminal Appeals, Place 7",,,Over Votes,0,0,0,0,0,0
Comanche,Pct 1,"Judge, Court of Criminal Appeals, Place 8",,REP,Lee Finley,914,25,744,136,0,9
Comanche,Pct 1,"Judge, Court of Criminal Appeals, Place 8",,DEM,Chika Anyiam,127,3,90,34,0,0
Comanche,Pct 1,"Judge, Court of Criminal Appeals, Place 8",,,Under Votes,79,5,54,17,0,3
Comanche,Pct 1,"Judge, Court of Criminal Appeals, Place 8",,,Over Votes,0,0,0,0,0,0
Comanche,Pct 1,State House,68,REP,David Spiller,897,27,735,133,0,2
Comanche,Pct 1,State House,68,DEM,Stacey Swann,148,3,105,40,0,0
Comanche,Pct 1,State House,68,,Under Votes,75,3,48,14,0,10
Comanche,Pct 1,State House,68,,Over Votes,0,0,0,0,0,0
Comanche,Pct 1,"Chief Justice, 11th Court of Appeals District",,REP,John Bailey,926,25,753,146,0,2
Comanche,Pct 1,"Chief Justice, 11th Court of Appeals District",,,Under Votes,194,8,135,41,0,10
Comanche,Pct 1,"Chief Justice, 11th Court of Appeals District",,,Over Votes,0,0,0,0,0,0
Comanche,Pct 1,"District Attorney, 220th Judicial District",,REP,Adam Sibley,913,25,747,141,0,0
Comanche,Pct 1,"District Attorney, 220th Judicial District",,,Under Votes,207,8,141,46,0,12
Comanche,Pct 1,"District Attorney, 220th Judicial District",,,Over Votes,0,0,0,0,0,0
Comanche,Pct 1,County Attorney,,REP,Molly Odgers,918,26,748,144,0,0
Comanche,Pct 1,County Attorney,,,Under Votes,202,7,140,43,0,12
Comanche,Pct 1,County Attorney,,,Over Votes,0,0,0,0,0,0
Comanche,Pct 1,Sheriff,,REP,Chris Pounds,935,26,761,148,0,0
Comanche,Pct 1,Sheriff,,,Under Votes,185,7,127,39,0,12
Comanche,Pct 1,Sheriff,,,Over Votes,0,0,0,0,0,0
Comanche,Pct 1,County Tax Assessor-Collector,,REP,Grace E. Everheart,925,28,754,143,0,0
Comanche,Pct 1,County Tax Assessor-Collector,,,Under Votes,195,5,134,44,0,12
Comanche,Pct 1,County Tax Assessor-Collector,,,Over Votes,0,0,0,0,0,0
Comanche,Pct 1,County Commissioner Precinct 1,,REP,Sheldon T. Scott,930,27,754,149,0,0
Comanche,Pct 1,County Commissioner Precinct 1,,,Under Votes,190,6,134,38,0,12
Comanche,Pct 1,County Commissioner Precinct 1,,,Over Votes,0,0,0,0,0,0
Comanche,Pct 1,County Constable,,REP,Mark McDonald,916,27,749,140,0,0
Comanche,Pct 1,County Constable,,,Under Votes,204,6,139,47,0,12
Comanche,Pct 1,County Constable,,,Over Votes,0,0,0,0,0,0
Comanche,Pct 2,Registered Voters,,,,1906,,,,,
Comanche,Pct 2,Ballots Cast,,,,1171,,,,,
Comanche,Pct 2,President,,REP,Donald J. Trump,1023,28,833,154,0,8
Comanche,Pct 2,President,,DEM,Kamala D. Harris,137,11,87,39,0,0
Comanche,Pct 2,President,,LIB,Chase Oliver,4,0,4,0,0,0
Comanche,Pct 2,President,,GRN,Jill Stein,1,0,0,1,0,0
Comanche,Pct 2,President,,,Under Votes,6,0,5,1,0,0
Comanche,Pct 2,President,,,Over Votes,0,0,0,0,0,0
Comanche,Pct 2,U.S. Senate,,REP,Ted Cruz,979,27,803,141,0,8
Comanche,Pct 2,U.S. Senate,,DEM,Colin Allred,170,12,112,46,0,0
Comanche,Pct 2,U.S. Senate,,LIB,Ted Brown,15,0,11,4,0,0
Comanche,Pct 2,U.S. Senate,,,Under Votes,7,0,3,4,0,0
Comanche,Pct 2,U.S. Senate,,,Over Votes,0,0,0,0,0,0
Comanche,Pct 2,U.S. House,25,REP,Roger Williams,984,29,800,152,0,3
Comanche,Pct 2,U.S. House,25,,CHAD HAGG,6,0,6,0,0,0
Comanche,Pct 2,U.S. House,25,,Under Votes,181,10,123,43,0,5
Comanche,Pct 2,U.S. House,25,,Over Votes,0,0,0,0,0,0
Comanche,Pct 2,Railroad Commissioner,,REP,Christi Craddick,942,26,779,130,0,7
Comanche,Pct 2,Railroad Commissioner,,DEM,Katherine Culbert,104,9,66,29,0,0
Comanche,Pct 2,Railroad Commissioner,,LIB,Hawk Dunlap,29,1,21,7,0,0
Comanche,Pct 2,Railroad Commissioner,,GRN,Eddie Espinoza,21,1,10,10,0,0
Comanche,Pct 2,Railroad Commissioner,,,Under Votes,72,2,51,18,0,1
Comanche,Pct 2,Railroad Commissioner,,,Over Votes,3,0,2,1,0,0
Comanche,Pct 2,"Justice, Supreme Court, Place 2",,REP,Jimmy Blacklock,986,28,807,143,0,8
Comanche,Pct 2,"Justice, Supreme Court, Place 2",,DEM,Dasean Jones,126,10,78,38,0,0
Comanche,Pct 2,"Justice, Supreme Court, Place 2",,,Under Votes,58,1,43,14,0,0
Comanche,Pct 2,"Justice, Supreme Court, Place 2",,,Over Votes,1,0,1,0,0,0
Comanche,Pct 2,"Justice, Supreme Court, Place 4",,REP,John Devine,962,26,791,137,0,8
Comanche,Pct 2,"Justice, Supreme Court, Place 4",,DEM,Christine Vinh Weems,143,11,91,41,0,0
Comanche,Pct 2,"Justice, Supreme Court, Place 4",,,Under Votes,66,2,47,17,0,0
Comanche,Pct 2,"Justice, Supreme Court, Place 4",,,Over Votes,0,0,0,0,0,0
Comanche,Pct 2,"Justice, Supreme Court, Place 6",,REP,Jane Bland,952,27,786,131,0,8
Comanche,Pct 2,"Justice, Supreme Court, Place 6",,DEM,Bonnie Lee Goldstein,131,10,79,42,0,0
Comanche,Pct 2,"Justice, Supreme Court, Place 6",,LIB,J. David Roberson,21,0,16,5,0,0
Comanche,Pct 2,"Justice, Supreme Court, Place 6",,,Under Votes,67,2,48,17,0,0
Comanche,Pct 2,"Justice, Supreme Court, Place 6",,,Over Votes,0,0,0,0,0,0
Comanche,Pct 2,"Presiding Judge, Court of Criminal Appeals",,REP,David J. Schenck,977,27,800,142,0,8
Comanche,Pct 2,"Presiding Judge, Court of Criminal Appeals",,DEM,Holly Taylor,124,10,80,34,0,0
Comanche,Pct 2,"Presiding Judge, Court of Criminal Appeals",,,Under Votes,70,2,49,19,0,0
Comanche,Pct 2,"Presiding Judge, Court of Criminal Appeals",,,Over Votes,0,0,0,0,0,0
Comanche,Pct 2,"Judge, Court of Criminal Appeals, Place 7",,REP,Gina Parker,972,27,799,138,0,8
Comanche,Pct 2,"Judge, Court of Criminal Appeals, Place 7",,DEM,Nancy Mulder,126,11,76,39,0,0
Comanche,Pct 2,"Judge, Court of Criminal Appeals, Place 7",,,Under Votes,73,1,54,18,0,0
Comanche,Pct 2,"Judge, Court of Criminal Appeals, Place 7",,,Over Votes,0,0,0,0,0,0
Comanche,Pct 2,"Judge, Court of Criminal Appeals, Place 8",,REP,Lee Finley,973,27,800,138,0,8
Comanche,Pct 2,"Judge, Court of Criminal Appeals, Place 8",,DEM,Chika Anyiam,123,10,76,37,0,0
Comanche,Pct 2,"Judge, Court of Criminal Appeals, Place 8",,,Under Votes,75,2,53,20,0,0
Comanche,Pct 2,"Judge, Court of Criminal Appeals, Place 8",,,Over Votes,0,0,0,0,0,0
Comanche,Pct 2,State House,68,REP,David Spiller,968,29,794,142,0,3
Comanche,Pct 2,State House,68,DEM,Stacey Swann,139,10,89,40,0,0
Comanche,Pct 2,State House,68,,Under Votes,64,0,46,13,0,5
Comanche,Pct 2,State House,68,,Over Votes,0,0,0,0,0,0
Comanche,Pct 2,"Chief Justice, 11th Court of Appeals District",,REP,John Bailey,972,27,799,146,0,0
Comanche,Pct 2,"Chief Justice, 11th Court of Appeals District",,,Under Votes,199,12,130,49,0,8
Comanche,Pct 2,"Chief Justice, 11th Court of Appeals District",,,Over Votes,0,0,0,0,0,0
Comanche,Pct 2,"District Attorney, 220th Judicial District",,REP,Adam Sibley,968,28,791,149,0,0
Comanche,Pct 2,"District Attorney, 220th Judicial District",,,Under Votes,203,11,138,46,0,8
Comanche,Pct 2,"District Attorney, 220th Judicial District",,,Over Votes,0,0,0,0,0,0
Comanche,Pct 2,County Attorney,,REP,Molly Odgers,969,28,792,149,0,0
Comanche,Pct 2,County Attorney,,,Under Votes,202,11,137,46,0,8
Comanche,Pct 2,County Attorney,,,Over Votes,0,0,0,0,0,0
Comanche,Pct 2,Sheriff,,REP,Chris Pounds,979,29,801,149,0,0
Comanche,Pct 2,Sheriff,,,Under Votes,192,10,128,46,0,8
Comanche,Pct 2,Sheriff,,,Over Votes,0,0,0,0,0,0
Comanche,Pct 2,County Tax Assessor-Collector,,REP,Grace E. Everheart,978,27,800,151,0,0
Comanche,Pct 2,County Tax Assessor-Collector,,,Under Votes,193,12,129,44,0,8
Comanche,Pct 2,County Tax Assessor-Collector,,,Over Votes,0,0,0,0,0,0
Comanche,Pct 2,County Constable,,REP,Mark McDonald,969,26,791,152,0,0
Comanche,Pct 2,County Constable,,,Under Votes,202,13,138,43,0,8
Comanche,Pct 2,County Constable,,,Over Votes,0,0,0,0,0,0
Comanche,Pct 4,Registered Voters,,,,92,,,,,
Comanche,Pct 4,Ballots Cast,,,,87,,,,,
Comanche,Pct 4,President,,REP,Donald J. Trump,79,1,57,10,0,11
Comanche,Pct 4,President,,DEM,Kamala D. Harris,8,0,8,0,0,0
Comanche,Pct 4,President,,LIB,Chase Oliver,0,0,0,0,0,0
Comanche,Pct 4,President,,GRN,Jill Stein,0,0,0,0,0,0
Comanche,Pct 4,President,,,Under Votes,0,0,0,0,0,0
Comanche,Pct 4,President,,,Over Votes,0,0,0,0,0,0
Comanche,Pct 4,U.S. Senate,,REP,Ted Cruz,77,1,56,10,0,10
Comanche,Pct 4,U.S. Senate,,DEM,Colin Allred,8,0,7,0,0,1
Comanche,Pct 4,U.S. Senate,,LIB,Ted Brown,2,0,2,0,0,0
Comanche,Pct 4,U.S. Senate,,,Under Votes,0,0,0,0,0,0
Comanche,Pct 4,U.S. Senate,,,Over Votes,0,0,0,0,0,0
Comanche,Pct 4,U.S. House,25,REP,Roger Williams,69,1,54,10,0,4
Comanche,Pct 4,U.S. House,25,,Under Votes,18,0,11,0,0,7
Comanche,Pct 4,U.S. House,25,,Over Votes,0,0,0,0,0,0
Comanche,Pct 4,Railroad Commissioner,,REP,Christi Craddick,68,1,47,10,0,10
Comanche,Pct 4,Railroad Commissioner,,DEM,Katherine Culbert,9,0,8,0,0,1
Comanche,Pct 4,Railroad Commissioner,,LIB,Hawk Dunlap,5,0,5,0,0,0
Comanche,Pct 4,Railroad Commissioner,,GRN,Eddie Espinoza,0,0,0,0,0,0
Comanche,Pct 4,Railroad Commissioner,,,Under Votes,5,0,5,0,0,0
Comanche,Pct 4,Railroad Commissioner,,,Over Votes,0,0,0,0,0,0
Comanche,Pct 4,"Justice, Supreme Court, Place 2",,REP,Jimmy Blacklock,77,1,55,10,0,11
Comanche,Pct 4,"Justice, Supreme Court, Place 2",,DEM,Dasean Jones,6,0,6,0,0,0
Comanche,Pct 4,"Justice, Supreme Court, Place 2",,,Under Votes,4,0,4,0,0,0
Comanche,Pct 4,"Justice, Supreme Court, Place 2",,,Over Votes,0,0,0,0,0,0
Comanche,Pct 4,"Justice, Supreme Court, Place 4",,REP,John Devine,76,1,54,10,0,11
Comanche,Pct 4,"Justice, Supreme Court, Place 4",,DEM,Christine Vinh Weems,6,0,6,0,0,0
Comanche,Pct 4,"Justice, Supreme Court, Place 4",,,Under Votes,5,0,5,0,0,0
Comanche,Pct 4,"Justice, Supreme Court, Place 4",,,Over Votes,0,0,0,0,0,0
Comanche,Pct 4,"Justice, Supreme Court, Place 6",,REP,Jane Bland,75,1,53,10,0,11
Comanche,Pct 4,"Justice, Supreme Court, Place 6",,DEM,Bonnie Lee Goldstein,6,0,6,0,0,0
Comanche,Pct 4,"Justice, Supreme Court, Place 6",,LIB,J. David Roberson,2,0,2,0,0,0
Comanche,Pct 4,"Justice, Supreme Court, Place 6",,,Under Votes,4,0,4,0,0,0
Comanche,Pct 4,"Justice, Supreme Court, Place 6",,,Over Votes,0,0,0,0,0,0
Comanche,Pct 4,"Presiding Judge, Court of Criminal Appeals",,REP,David J. Schenck,74,1,52,10,0,11
Comanche,Pct 4,"Presiding Judge, Court of Criminal Appeals",,DEM,Holly Taylor,8,0,8,0,0,0
Comanche,Pct 4,"Presiding Judge, Court of Criminal Appeals",,,Under Votes,5,0,5,0,0,0
Comanche,Pct 4,"Presiding Judge, Court of Criminal Appeals",,,Over Votes,0,0,0,0,0,0
Comanche,Pct 4,"Judge, Court of Criminal Appeals, Place 7",,REP,Gina Parker,76,1,54,10,0,11
Comanche,Pct 4,"Judge, Court of Criminal Appeals, Place 7",,DEM,Nancy Mulder,5,0,5,0,0,0
Comanche,Pct 4,"Judge, Court of Criminal Appeals, Place 7",,,Under Votes,6,0,6,0,0,0
Comanche,Pct 4,"Judge, Court of Criminal Appeals, Place 7",,,Over Votes,0,0,0,0,0,0
Comanche,Pct 4,"Judge, Court of Criminal Appeals, Place 8",,REP,Lee Finley,76,1,54,10,0,11
Comanche,Pct 4,"Judge, Court of Criminal Appeals, Place 8",,DEM,Chika Anyiam,6,0,6,0,0,0
Comanche,Pct 4,"Judge, Court of Criminal Appeals, Place 8",,,Under Votes,5,0,5,0,0,0
Comanche,Pct 4,"Judge, Court of Criminal Appeals, Place 8",,,Over Votes,0,0,0,0,0,0
Comanche,Pct 4,State House,68,REP,David Spiller,67,1,55,10,0,1
Comanche,Pct 4,State House,68,DEM,Stacey Swann,6,0,6,0,0,0
Comanche,Pct 4,State House,68,,Under Votes,14,0,4,0,0,10
Comanche,Pct 4,State House,68,,Over Votes,0,0,0,0,0,0
Comanche,Pct 4,"Chief Justice, 11th Court of Appeals District",,REP,John Bailey,68,1,53,10,0,4
Comanche,Pct 4,"Chief Justice, 11th Court of Appeals District",,,Under Votes,19,0,12,0,0,7
Comanche,Pct 4,"Chief Justice, 11th Court of Appeals District",,,Over Votes,0,0,0,0,0,0
Comanche,Pct 4,"District Attorney, 220th Judicial District",,REP,Adam Sibley,65,1,55,9,0,0
Comanche,Pct 4,"District Attorney, 220th Judicial District",,,Under Votes,22,0,10,1,0,11
Comanche,Pct 4,"District Attorney, 220th Judicial District",,,Over Votes,0,0,0,0,0,0
Comanche,Pct 4,County Attorney,,REP,Molly Odgers,64,1,54,9,0,0
Comanche,Pct 4,County Attorney,,,Under Votes,23,0,11,1,0,11
Comanche,Pct 4,County Attorney,,,Over Votes,0,0,0,0,0,0
Comanche,Pct 4,Sheriff,,REP,Chris Pounds,69,1,59,9,0,0
Comanche,Pct 4,Sheriff,,,Under Votes,18,0,6,1,0,11
Comanche,Pct 4,Sheriff,,,Over Votes,0,0,0,0,0,0
Comanche,Pct 4,County Tax Assessor-Collector,,REP,Grace E. Everheart,68,1,58,9,0,0
Comanche,Pct 4,County Tax Assessor-Collector,,,Under Votes,19,0,7,1,0,11
Comanche,Pct 4,County Tax Assessor-Collector,,,Over Votes,0,0,0,0,0,0
Comanche,Pct 4,County Commissioner Precinct 1,,REP,Sheldon T. Scott,67,1,57,9,0,0
Comanche,Pct 4,County Commissioner Precinct 1,,,Under Votes,20,0,8,1,0,11
Comanche,Pct 4,County Commissioner Precinct 1,,,Over Votes,0,0,0,0,0,0
Comanche,Pct 4,County Constable,,REP,Mark McDonald,68,1,58,9,0,0
Comanche,Pct 4,County Constable,,,Under Votes,19,0,7,1,0,11
Comanche,Pct 4,County Constable,,,Over Votes,0,0,0,0,0,0
Comanche,Pct 5,Registered Voters,,,,787,,,,,
Comanche,Pct 5,Ballots Cast,,,,503,,,,,
Comanche,Pct 5,President,,REP,Donald J. Trump,432,12,340,76,0,4
Comanche,Pct 5,President,,DEM,Kamala D. Harris,67,4,51,12,0,0
Comanche,Pct 5,President,,LIB,Chase Oliver,1,0,1,0,0,0
Comanche,Pct 5,President,,GRN,Jill Stein,0,0,0,0,0,0
Comanche,Pct 5,President,,,Under Votes,3,0,2,1,0,0
Comanche,Pct 5,President,,,Over Votes,0,0,0,0,0,0
Comanche,Pct 5,U.S. Senate,,REP,Ted Cruz,416,12,333,68,0,3
Comanche,Pct 5,U.S. Senate,,DEM,Colin Allred,68,2,51,15,0,0
Comanche,Pct 5,U.S. Senate,,LIB,Ted Brown,9,0,8,1,0,0
Comanche,Pct 5,U.S. Senate,,,Under Votes,10,2,2,5,0,1
Comanche,Pct 5,U.S. Senate,,,Over Votes,0,0,0,0,0,0
Comanche,Pct 5,U.S. House,25,REP,Roger Williams,430,12,345,71,0,2
Comanche,Pct 5,U.S. House,25,,Under Votes,73,4,49,18,0,2
Comanche,Pct 5,U.S. House,25,,Over Votes,0,0,0,0,0,0
Comanche,Pct 5,Railroad Commissioner,,REP,Christi Craddick,393,12,315,63,0,3
Comanche,Pct 5,Railroad Commissioner,,DEM,Katherine Culbert,52,2,39,11,0,0
Comanche,Pct 5,Railroad Commissioner,,LIB,Hawk Dunlap,16,0,14,2,0,0
Comanche,Pct 5,Railroad Commissioner,,GRN,Eddie Espinoza,9,0,3,6,0,0
Comanche,Pct 5,Railroad Commissioner,,,Under Votes,32,2,22,7,0,1
Comanche,Pct 5,Railroad Commissioner,,,Over Votes,1,0,1,0,0,0
Comanche,Pct 5,"Justice, Supreme Court, Place 2",,REP,Jimmy Blacklock,422,12,340,67,0,3
Comanche,Pct 5,"Justice, Supreme Court, Place 2",,DEM,Dasean Jones,52,2,36,14,0,0
Comanche,Pct 5,"Justice, Supreme Court, Place 2",,,Under Votes,29,2,18,8,0,1
Comanche,Pct 5,"Justice, Supreme Court, Place 2",,,Over Votes,0,0,0,0,0,0
Comanche,Pct 5,"Justice, Supreme Court, Place 4",,REP,John Devine,419,12,336,68,0,3
Comanche,Pct 5,"Justice, Supreme Court, Place 4",,DEM,Christine Vinh Weems,54,2,40,12,0,0
Comanche,Pct 5,"Justice, Supreme Court, Place 4",,,Under Votes,30,2,18,9,0,1
Comanche,Pct 5,"Justice, Supreme Court, Place 4",,,Over Votes,0,0,0,0,0,0
Comanche,Pct 5,"Justice, Supreme Court, Place 6",,REP,Jane Bland,408,12,329,64,0,3
Comanche,Pct 5,"Justice, Supreme Court, Place 6",,DEM,Bonnie Lee Goldstein,53,2,38,13,0,0
Comanche,Pct 5,"Justice, Supreme Court, Place 6",,LIB,J. David Roberson,11,0,8,3,0,0
Comanche,Pct 5,"Justice, Supreme Court, Place 6",,,Under Votes,31,2,19,9,0,1
Comanche,Pct 5,"Justice, Supreme Court, Place 6",,,Over Votes,0,0,0,0,0,0
Comanche,Pct 5,"Presiding Judge, Court of Criminal Appeals",,REP,David J. Schenck,421,12,339,67,0,3
Comanche,Pct 5,"Presiding Judge, Court of Criminal Appeals",,DEM,Holly Taylor,52,2,36,14,0,0
Comanche,Pct 5,"Presiding Judge, Court of Criminal Appeals",,,Under Votes,30,2,19,8,0,1
Comanche,Pct 5,"Presiding Judge, Court of Criminal Appeals",,,Over Votes,0,0,0,0,0,0
Comanche,Pct 5,"Judge, Court of Criminal Appeals, Place 7",,REP,Gina Parker,420,12,339,66,0,3
Comanche,Pct 5,"Judge, Court of Criminal Appeals, Place 7",,DEM,Nancy Mulder,53,2,36,15,0,0
Comanche,Pct 5,"Judge, Court of Criminal Appeals, Place 7",,,Under Votes,30,2,19,8,0,1
Comanche,Pct 5,"Judge, Court of Criminal Appeals, Place 7",,,Over Votes,0,0,0,0,0,0
Comanche,Pct 5,"Judge, Court of Criminal Appeals, Place 8",,REP,Lee Finley,422,12,339,68,0,3
Comanche,Pct 5,"Judge, Court of Criminal Appeals, Place 8",,DEM,Chika Anyiam,48,2,35,11,0,0
Comanche,Pct 5,"Judge, Court of Criminal Appeals, Place 8",,,Under Votes,33,2,20,10,0,1
Comanche,Pct 5,"Judge, Court of Criminal Appeals, Place 8",,,Over Votes,0,0,0,0,0,0
Comanche,Pct 5,State House,68,REP,David Spiller,409,12,330,66,0,1
Comanche,Pct 5,State House,68,DEM,Stacey Swann,62,2,45,15,0,0
Comanche,Pct 5,State House,68,,Under Votes,32,2,19,8,0,3
Comanche,Pct 5,State House,68,,Over Votes,0,0,0,0,0,0
Comanche,Pct 5,"Chief Justice, 11th Court of Appeals District",,REP,John Bailey,429,14,343,70,0,2
Comanche,Pct 5,"Chief Justice, 11th Court of Appeals District",,,Under Votes,74,2,51,19,0,2
Comanche,Pct 5,"Chief Justice, 11th Court of Appeals District",,,Over Votes,0,0,0,0,0,0
Comanche,Pct 5,"District Attorney, 220th Judicial District",,REP,Adam Sibley,419,13,336,70,0,0
Comanche,Pct 5,"District Attorney, 220th Judicial District",,,Under Votes,84,3,58,19,0,4
Comanche,Pct 5,"District Attorney, 220th Judicial District",,,Over Votes,0,0,0,0,0,0
Comanche,Pct 5,County Attorney,,REP,Molly Odgers,426,13,340,73,0,0
Comanche,Pct 5,County Attorney,,,Under Votes,77,3,54,16,0,4
Comanche,Pct 5,County Attorney,,,Over Votes,0,0,0,0,0,0
Comanche,Pct 5,Sheriff,,REP,Chris Pounds,426,13,340,73,0,0
Comanche,Pct 5,Sheriff,,,Under Votes,77,3,54,16,0,4
Comanche,Pct 5,Sheriff,,,Over Votes,0,0,0,0,0,0
Comanche,Pct 5,County Tax Assessor-Collector,,REP,Grace E. Everheart,428,14,340,74,0,0
Comanche,Pct 5,County Tax Assessor-Collector,,,Under Votes,75,2,54,15,0,4
Comanche,Pct 5,County Tax Assessor-Collector,,,Over Votes,0,0,0,0,0,0
Comanche,Pct 5,County Commissioner Precinct 3,,DEM,Sherman L. Sides,252,5,194,53,0,0
Comanche,Pct 5,County Commissioner Precinct 3,,,Under Votes,251,11,200,36,0,4
Comanche,Pct 5,County Commissioner Precinct 3,,,Over Votes,0,0,0,0,0,0
Comanche,Pct 5,County Constable,,REP,Mark McDonald,427,13,343,71,0,0
Comanche,Pct 5,County Constable,,,Under Votes,76,3,51,18,0,4
Comanche,Pct 5,County Constable,,,Over Votes,0,0,0,0,0,0
Comanche,Pct 6,Registered Voters,,,,56,,,,,
Comanche,Pct 6,Ballots Cast,,,,65,,,,,
Comanche,Pct 6,President,,REP,Donald J. Trump,54,1,41,8,0,4
Comanche,Pct 6,President,,DEM,Kamala D. Harris,11,3,7,1,0,0
Comanche,Pct 6,President,,LIB,Chase Oliver,0,0,0,0,0,0
Comanche,Pct 6,President,,GRN,Jill Stein,0,0,0,0,0,0
Comanche,Pct 6,President,,,Under Votes,0,0,0,0,0,0
Comanche,Pct 6,President,,,Over Votes,0,0,0,0,0,0
Comanche,Pct 6,U.S. Senate,,REP,Ted Cruz,53,0,40,9,0,4
Comanche,Pct 6,U.S. Senate,,DEM,Colin Allred,11,3,8,0,0,0
Comanche,Pct 6,U.S. Senate,,LIB,Ted Brown,0,0,0,0,0,0
Comanche,Pct 6,U.S. Senate,,,Under Votes,1,1,0,0,0,0
Comanche,Pct 6,U.S. Senate,,,Over Votes,0,0,0,0,0,0
Comanche,Pct 6,U.S. House,25,REP,Roger Williams,52,0,40,9,0,3
Comanche,Pct 6,U.S. House,25,,Under Votes,13,4,8,0,0,1
Comanche,Pct 6,U.S. House,25,,Over Votes,0,0,0,0,0,0
Comanche,Pct 6,Railroad Commissioner,,REP,Christi Craddick,51,0,41,8,0,2
Comanche,Pct 6,Railroad Commissioner,,DEM,Katherine Culbert,8,2,6,0,0,0
Comanche,Pct 6,Railroad Commissioner,,LIB,Hawk Dunlap,1,0,1,0,0,0
Comanche,Pct 6,Railroad Commissioner,,GRN,Eddie Espinoza,2,1,0,1,0,0
Comanche,Pct 6,Railroad Commissioner,,,Under Votes,3,1,0,0,0,2
Comanche,Pct 6,Railroad Commissioner,,,Over Votes,0,0,0,0,0,0
Comanche,Pct 6,"Justice, Supreme Court, Place 2",,REP,Jimmy Blacklock,49,0,40,7,0,2
Comanche,Pct 6,"Justice, Supreme Court, Place 2",,DEM,Dasean Jones,11,3,6,2,0,0
Comanche,Pct 6,"Justice, Supreme Court, Place 2",,,Under Votes,5,1,2,0,0,2
Comanche,Pct 6,"Justice, Supreme Court, Place 2",,,Over Votes,0,0,0,0,0,0
Comanche,Pct 6,"Justice, Supreme Court, Place 4",,REP,John Devine,49,0,40,7,0,2
Comanche,Pct 6,"Justice, Supreme Court, Place 4",,DEM,Christine Vinh Weems,10,3,6,1,0,0
Comanche,Pct 6,"Justice, Supreme Court, Place 4",,,Under Votes,6,1,2,1,0,2
Comanche,Pct 6,"Justice, Supreme Court, Place 4",,,Over Votes,0,0,0,0,0,0
Comanche,Pct 6,"Justice, Supreme Court, Place 6",,REP,Jane Bland,48,0,39,7,0,2
Comanche,Pct 6,"Justice, Supreme Court, Place 6",,DEM,Bonnie Lee Goldstein,9,2,6,1,0,0
Comanche,Pct 6,"Justice, Supreme Court, Place 6",,LIB,J. David Roberson,1,1,0,0,0,0
Comanche,Pct 6,"Justice, Supreme Court, Place 6",,,Under Votes,7,1,3,1,0,2
Comanche,Pct 6,"Justice, Supreme Court, Place 6",,,Over Votes,0,0,0,0,0,0
Comanche,Pct 6,"Presiding Judge, Court of Criminal Appeals",,REP,David J. Schenck,50,1,40,7,0,2
Comanche,Pct 6,"Presiding Judge, Court of Criminal Appeals",,DEM,Holly Taylor,10,2,6,2,0,0
Comanche,Pct 6,"Presiding Judge, Court of Criminal Appeals",,,Under Votes,5,1,2,0,0,2
Comanche,Pct 6,"Presiding Judge, Court of Criminal Appeals",,,Over Votes,0,0,0,0,0,0
Comanche,Pct 6,"Judge, Court of Criminal Appeals, Place 7",,REP,Gina Parker,50,0,40,8,0,2
Comanche,Pct 6,"Judge, Court of Criminal Appeals, Place 7",,DEM,Nancy Mulder,9,2,6,1,0,0
Comanche,Pct 6,"Judge, Court of Criminal Appeals, Place 7",,,Under Votes,6,2,2,0,0,2
Comanche,Pct 6,"Judge, Court of Criminal Appeals, Place 7",,,Over Votes,0,0,0,0,0,0
Comanche,Pct 6,"Judge, Court of Criminal Appeals, Place 8",,REP,Lee Finley,49,0,41,6,0,2
Comanche,Pct 6,"Judge, Court of Criminal Appeals, Place 8",,DEM,Chika Anyiam,9,2,5,2,0,0
Comanche,Pct 6,"Judge, Court of Criminal Appeals, Place 8",,,Under Votes,7,2,2,1,0,2
Comanche,Pct 6,"Judge, Court of Criminal Appeals, Place 8",,,Over Votes,0,0,0,0,0,0
Comanche,Pct 6,State House,68,REP,David Spiller,48,0,40,7,0,1
Comanche,Pct 6,State House,68,DEM,Stacey Swann,11,2,7,2,0,0
Comanche,Pct 6,State House,68,,Under Votes,6,2,1,0,0,3
Comanche,Pct 6,State House,68,,Over Votes,0,0,0,0,0,0
Comanche,Pct 6,"Chief Justice, 11th Court of Appeals District",,REP,John Bailey,49,0,39,9,0,1
Comanche,Pct 6,"Chief Justice, 11th Court of Appeals District",,,Under Votes,16,4,9,0,0,3
Comanche,Pct 6,"Chief Justice, 11th Court of Appeals District",,,Over Votes,0,0,0,0,0,0
Comanche,Pct 6,"District Attorney, 220th Judicial District",,REP,Adam Sibley,50,0,41,8,0,1
Comanche,Pct 6,"District Attorney, 220th Judicial District",,,Under Votes,15,4,7,1,0,3
Comanche,Pct 6,"District Attorney, 220th Judicial District",,,Over Votes,0,0,0,0,0,0
Comanche,Pct 6,County Attorney,,REP,Molly Odgers,48,0,39,8,0,1
Comanche,Pct 6,County Attorney,,,Under Votes,17,4,9,1,0,3
Comanche,Pct 6,County Attorney,,,Over Votes,0,0,0,0,0,0
Comanche,Pct 6,Sheriff,,REP,Chris Pounds,50,0,41,8,0,1
Comanche,Pct 6,Sheriff,,,Under Votes,15,4,7,1,0,3
Comanche,Pct 6,Sheriff,,,Over Votes,0,0,0,0,0,0
Comanche,Pct 6,County Tax Assessor-Collector,,REP,Grace E. Everheart,53,0,43,9,0,1
Comanche,Pct 6,County Tax Assessor-Collector,,,Under Votes,12,4,5,0,0,3
Comanche,Pct 6,County Tax Assessor-Collector,,,Over Votes,0,0,0,0,0,0
Comanche,Pct 6,County Constable,,REP,Mark McDonald,50,0,41,8,0,1
Comanche,Pct 6,County Constable,,,Under Votes,15,4,7,1,0,3
Comanche,Pct 6,County Constable,,,Over Votes,0,0,0,0,0,0
Comanche,Pct 7,Registered Voters,,,,38,,,,,
Comanche,Pct 7,Ballots Cast,,,,51,,,,,
Comanche,Pct 7,President,,REP,Donald J. Trump,41,0,30,10,0,1
Comanche,Pct 7,President,,DEM,Kamala D. Harris,10,0,9,1,0,0
Comanche,Pct 7,President,,LIB,Chase Oliver,0,0,0,0,0,0
Comanche,Pct 7,President,,GRN,Jill Stein,0,0,0,0,0,0
Comanche,Pct 7,President,,,Under Votes,0,0,0,0,0,0
Comanche,Pct 7,President,,,Over Votes,0,0,0,0,0,0
Comanche,Pct 7,U.S. Senate,,REP,Ted Cruz,39,0,29,9,0,1
Comanche,Pct 7,U.S. Senate,,DEM,Colin Allred,10,0,9,1,0,0
Comanche,Pct 7,U.S. Senate,,LIB,Ted Brown,1,0,1,0,0,0
Comanche,Pct 7,U.S. Senate,,,Under Votes,1,0,0,1,0,0
Comanche,Pct 7,U.S. Senate,,,Over Votes,0,0,0,0,0,0
Comanche,Pct 7,U.S. House,25,REP,Roger Williams,36,0,28,7,0,1
Comanche,Pct 7,U.S. House,25,,Under Votes,15,0,11,4,0,0
Comanche,Pct 7,U.S. House,25,,Over Votes,0,0,0,0,0,0
Comanche,Pct 7,Railroad Commissioner,,REP,Christi Craddick,35,0,27,7,0,1
Comanche,Pct 7,Railroad Commissioner,,DEM,Katherine Culbert,10,0,8,2,0,0
Comanche,Pct 7,Railroad Commissioner,,LIB,Hawk Dunlap,1,0,1,0,0,0
Comanche,Pct 7,Railroad Commissioner,,GRN,Eddie Espinoza,0,0,0,0,0,0
Comanche,Pct 7,Railroad Commissioner,,,Under Votes,5,0,3,2,0,0
Comanche,Pct 7,Railroad Commissioner,,,Over Votes,0,0,0,0,0,0
Comanche,Pct 7,"Justice, Supreme Court, Place 2",,REP,Jimmy Blacklock,36,0,28,7,0,1
Comanche,Pct 7,"Justice, Supreme Court, Place 2",,DEM,Dasean Jones,11,0,9,2,0,0
Comanche,Pct 7,"Justice, Supreme Court, Place 2",,,Under Votes,4,0,2,2,0,0
Comanche,Pct 7,"Justice, Supreme Court, Place 2",,,Over Votes,0,0,0,0,0,0
Comanche,Pct 7,"Justice, Supreme Court, Place 4",,REP,John Devine,36,0,28,7,0,1
Comanche,Pct 7,"Justice, Supreme Court, Place 4",,DEM,Christine Vinh Weems,11,0,9,2,0,0
Comanche,Pct 7,"Justice, Supreme Court, Place 4",,,Under Votes,4,0,2,2,0,0
Comanche,Pct 7,"Justice, Supreme Court, Place 4",,,Over Votes,0,0,0,0,0,0
Comanche,Pct 7,"Justice, Supreme Court, Place 6",,REP,Jane Bland,36,0,28,7,0,1
Comanche,Pct 7,"Justice, Supreme Court, Place 6",,DEM,Bonnie Lee Goldstein,11,0,9,2,0,0
Comanche,Pct 7,"Justice, Supreme Court, Place 6",,LIB,J. David Roberson,0,0,0,0,0,0
Comanche,Pct 7,"Justice, Supreme Court, Place 6",,,Under Votes,4,0,2,2,0,0
Comanche,Pct 7,"Justice, Supreme Court, Place 6",,,Over Votes,0,0,0,0,0,0
Comanche,Pct 7,"Presiding Judge, Court of Criminal Appeals",,REP,David J. Schenck,37,0,28,8,0,1
Comanche,Pct 7,"Presiding Judge, Court of Criminal Appeals",,DEM,Holly Taylor,10,0,9,1,0,0
Comanche,Pct 7,"Presiding Judge, Court of Criminal Appeals",,,Under Votes,4,0,2,2,0,0
Comanche,Pct 7,"Presiding Judge, Court of Criminal Appeals",,,Over Votes,0,0,0,0,0,0
Comanche,Pct 7,"Judge, Court of Criminal Appeals, Place 7",,REP,Gina Parker,37,0,28,8,0,1
Comanche,Pct 7,"Judge, Court of Criminal Appeals, Place 7",,DEM,Nancy Mulder,10,0,9,1,0,0
Comanche,Pct 7,"Judge, Court of Criminal Appeals, Place 7",,,Under Votes,4,0,2,2,0,0
Comanche,Pct 7,"Judge, Court of Criminal Appeals, Place 7",,,Over Votes,0,0,0,0,0,0
Comanche,Pct 7,"Judge, Court of Criminal Appeals, Place 8",,REP,Lee Finley,37,0,28,8,0,1
Comanche,Pct 7,"Judge, Court of Criminal Appeals, Place 8",,DEM,Chika Anyiam,10,0,9,1,0,0
Comanche,Pct 7,"Judge, Court of Criminal Appeals, Place 8",,,Under Votes,4,0,2,2,0,0
Comanche,Pct 7,"Judge, Court of Criminal Appeals, Place 8",,,Over Votes,0,0,0,0,0,0
Comanche,Pct 7,State House,68,REP,David Spiller,37,0,28,9,0,0
Comanche,Pct 7,State House,68,DEM,Stacey Swann,10,0,9,1,0,0
Comanche,Pct 7,State House,68,,Under Votes,4,0,2,1,0,1
Comanche,Pct 7,State House,68,,Over Votes,0,0,0,0,0,0
Comanche,Pct 7,"Chief Justice, 11th Court of Appeals District",,REP,John Bailey,35,0,27,8,0,0
Comanche,Pct 7,"Chief Justice, 11th Court of Appeals District",,,Under Votes,16,0,12,3,0,1
Comanche,Pct 7,"Chief Justice, 11th Court of Appeals District",,,Over Votes,0,0,0,0,0,0
Comanche,Pct 7,"District Attorney, 220th Judicial District",,REP,Adam Sibley,33,0,27,6,0,0
Comanche,Pct 7,"District Attorney, 220th Judicial District",,,Under Votes,18,0,12,5,0,1
Comanche,Pct 7,"District Attorney, 220th Judicial District",,,Over Votes,0,0,0,0,0,0
Comanche,Pct 7,County Attorney,,REP,Molly Odgers,33,0,26,7,0,0
Comanche,Pct 7,County Attorney,,,Under Votes,18,0,13,4,0,1
Comanche,Pct 7,County Attorney,,,Over Votes,0,0,0,0,0,0
Comanche,Pct 7,Sheriff,,REP,Chris Pounds,34,0,27,7,0,0
Comanche,Pct 7,Sheriff,,,Under Votes,17,0,12,4,0,1
Comanche,Pct 7,Sheriff,,,Over Votes,0,0,0,0,0,0
Comanche,Pct 7,County Tax Assessor-Collector,,REP,Grace E. Everheart,35,0,28,7,0,0
Comanche,Pct 7,County Tax Assessor-Collector,,,Under Votes,16,0,11,4,0,1
Comanche,Pct 7,County Tax Assessor-Collector,,,Over Votes,0,0,0,0,0,0
Comanche,Pct 7,County Commissioner Precinct 3,,DEM,Sherman L. Sides,17,0,16,1,0,0
Comanche,Pct 7,County Commissioner Precinct 3,,,Under Votes,34,0,23,10,0,1
Comanche,Pct 7,County Commissioner Precinct 3,,,Over Votes,0,0,0,0,0,0
Comanche,Pct 7,County Constable,,REP,Mark McDonald,34,0,27,7,0,0
Comanche,Pct 7,County Constable,,,Under Votes,17,0,12,4,0,1
Comanche,Pct 7,County Constable,,,Over Votes,0,0,0,0,0,0
Comanche,Pct 9,Registered Voters,,,,212,,,,,
Comanche,Pct 9,Ballots Cast,,,,154,,,,,
Comanche,Pct 9,President,,REP,Donald J. Trump,140,3,93,42,0,2
Comanche,Pct 9,President,,DEM,Kamala D. Harris,14,3,8,3,0,0
Comanche,Pct 9,President,,LIB,Chase Oliver,0,0,0,0,0,0
Comanche,Pct 9,President,,GRN,Jill Stein,0,0,0,0,0,0
Comanche,Pct 9,President,,,Under Votes,0,0,0,0,0,0
Comanche,Pct 9,President,,,Over Votes,0,0,0,0,0,0
Comanche,Pct 9,U.S. Senate,,REP,Ted Cruz,135,3,90,40,0,2
Comanche,Pct 9,U.S. Senate,,DEM,Colin Allred,13,3,8,2,0,0
Comanche,Pct 9,U.S. Senate,,LIB,Ted Brown,5,0,3,2,0,0
Comanche,Pct 9,U.S. Senate,,,Under Votes,1,0,0,1,0,0
Comanche,Pct 9,U.S. Senate,,,Over Votes,0,0,0,0,0,0
Comanche,Pct 9,U.S. House,25,REP,Roger Williams,144,3,96,43,0,2
Comanche,Pct 9,U.S. House,25,,Under Votes,10,3,5,2,0,0
Comanche,Pct 9,U.S. House,25,,Over Votes,0,0,0,0,0,0
Comanche,Pct 9,Railroad Commissioner,,REP,Christi Craddick,142,2,93,45,0,2
Comanche,Pct 9,Railroad Commissioner,,DEM,Katherine Culbert,9,2,7,0,0,0
Comanche,Pct 9,Railroad Commissioner,,LIB,Hawk Dunlap,1,0,1,0,0,0
Comanche,Pct 9,Railroad Commissioner,,GRN,Eddie Espinoza,0,0,0,0,0,0
Comanche,Pct 9,Railroad Commissioner,,,Under Votes,2,2,0,0,0,0
Comanche,Pct 9,Railroad Commissioner,,,Over Votes,0,0,0,0,0,0
Comanche,Pct 9,"Justice, Supreme Court, Place 2",,REP,Jimmy Blacklock,140,2,92,44,0,2
Comanche,Pct 9,"Justice, Supreme Court, Place 2",,DEM,Dasean Jones,9,2,7,0,0,0
Comanche,Pct 9,"Justice, Supreme Court, Place 2",,,Under Votes,5,2,2,1,0,0
Comanche,Pct 9,"Justice, Supreme Court, Place 2",,,Over Votes,0,0,0,0,0,0
Comanche,Pct 9,"Justice, Supreme Court, Place 4",,REP,John Devine,139,2,93,42,0,2
Comanche,Pct 9,"Justice, Supreme Court, Place 4",,DEM,Christine Vinh Weems,10,2,6,2,0,0
Comanche,Pct 9,"Justice, Supreme Court, Place 4",,,Under Votes,5,2,2,1,0,0
Comanche,Pct 9,"Justice, Supreme Court, Place 4",,,Over Votes,0,0,0,0,0,0
Comanche,Pct 9,"Justice, Supreme Court, Place 6",,REP,Jane Bland,141,3,93,43,0,2
Comanche,Pct 9,"Justice, Supreme Court, Place 6",,DEM,Bonnie Lee Goldstein,8,1,6,1,0,0
Comanche,Pct 9,"Justice, Supreme Court, Place 6",,LIB,J. David Roberson,0,0,0,0,0,0
Comanche,Pct 9,"Justice, Supreme Court, Place 6",,,Under Votes,5,2,2,1,0,0
Comanche,Pct 9,"Justice, Supreme Court, Place 6",,,Over Votes,0,0,0,0,0,0
Comanche,Pct 9,"Presiding Judge, Court of Criminal Appeals",,REP,David J. Schenck,140,3,91,44,0,2
Comanche,Pct 9,"Presiding Judge, Court of Criminal Appeals",,DEM,Holly Taylor,8,1,7,0,0,0
Comanche,Pct 9,"Presiding Judge, Court of Criminal Appeals",,,Under Votes,6,2,3,1,0,0
Comanche,Pct 9,"Presiding Judge, Court of Criminal Appeals",,,Over Votes,0,0,0,0,0,0
Comanche,Pct 9,"Judge, Court of Criminal Appeals, Place 7",,REP,Gina Parker,138,2,92,42,0,2
Comanche,Pct 9,"Judge, Court of Criminal Appeals, Place 7",,DEM,Nancy Mulder,9,2,6,1,0,0
Comanche,Pct 9,"Judge, Court of Criminal Appeals, Place 7",,,Under Votes,7,2,3,2,0,0
Comanche,Pct 9,"Judge, Court of Criminal Appeals, Place 7",,,Over Votes,0,0,0,0,0,0
Comanche,Pct 9,"Judge, Court of Criminal Appeals, Place 8",,REP,Lee Finley,139,2,92,43,0,2
Comanche,Pct 9,"Judge, Court of Criminal Appeals, Place 8",,DEM,Chika Anyiam,9,2,6,1,0,0
Comanche,Pct 9,"Judge, Court of Criminal Appeals, Place 8",,,Under Votes,6,2,3,1,0,0
Comanche,Pct 9,"Judge, Court of Criminal Appeals, Place 8",,,Over Votes,0,0,0,0,0,0
Comanche,Pct 9,State House,68,REP,David Spiller,137,3,92,42,0,0
Comanche,Pct 9,State House,68,DEM,Stacey Swann,8,1,6,1,0,0
Comanche,Pct 9,State House,68,,Under Votes,9,2,3,2,0,2
Comanche,Pct 9,State House,68,,Over Votes,0,0,0,0,0,0
Comanche,Pct 9,"Chief Justice, 11th Court of Appeals District",,REP,John Bailey,136,3,92,41,0,0
Comanche,Pct 9,"Chief Justice, 11th Court of Appeals District",,,Under Votes,18,3,9,4,0,2
Comanche,Pct 9,"Chief Justice, 11th Court of Appeals District",,,Over Votes,0,0,0,0,0,0
Comanche,Pct 9,"District Attorney, 220th Judicial District",,REP,Adam Sibley,136,3,92,41,0,0
Comanche,Pct 9,"District Attorney, 220th Judicial District",,,Under Votes,18,3,9,4,0,2
Comanche,Pct 9,"District Attorney, 220th Judicial District",,,Over Votes,0,0,0,0,0,0
Comanche,Pct 9,County Attorney,,REP,Molly Odgers,136,3,92,41,0,0
Comanche,Pct 9,County Attorney,,,Under Votes,18,3,9,4,0,2
Comanche,Pct 9,County Attorney,,,Over Votes,0,0,0,0,0,0
Comanche,Pct 9,Sheriff,,REP,Chris Pounds,138,4,92,42,0,0
Comanche,Pct 9,Sheriff,,,Under Votes,16,2,9,3,0,2
Comanche,Pct 9,Sheriff,,,Over Votes,0,0,0,0,0,0
Comanche,Pct 9,County Tax Assessor-Collector,,REP,Grace E. Everheart,141,4,95,42,0,0
Comanche,Pct 9,County Tax Assessor-Collector,,,Under Votes,13,2,6,3,0,2
Comanche,Pct 9,County Tax Assessor-Collector,,,Over Votes,0,0,0,0,0,0
Comanche,Pct 9,County Commissioner Precinct 3,,DEM,Sherman L. Sides,70,3,46,21,0,0
Comanche,Pct 9,County Commissioner Precinct 3,,,Under Votes,84,3,55,24,0,2
Comanche,Pct 9,County Commissioner Precinct 3,,,Over Votes,0,0,0,0,0,0
Comanche,Pct 9,County Constable,,REP,Mark McDonald,135,3,91,41,0,0
Comanche,Pct 9,County Constable,,,Under Votes,19,3,10,4,0,2
Comanche,Pct 9,County Constable,,,Over Votes,0,0,0,0,0,0
Comanche,Pct 10,Registered Voters,,,,531,,,,,
Comanche,Pct 10,Ballots Cast,,,,353,,,,,
Comanche,Pct 10,President,,REP,Donald J. Trump,305,6,174,117,2,6
Comanche,Pct 10,President,,DEM,Kamala D. Harris,45,3,22,19,0,1
Comanche,Pct 10,President,,LIB,Chase Oliver,2,0,0,2,0,0
Comanche,Pct 10,President,,GRN,Jill Stein,1,0,0,1,0,0
Comanche,Pct 10,President,,,Under Votes,0,0,0,0,0,0
Comanche,Pct 10,President,,,Over Votes,0,0,0,0,0,0
Comanche,Pct 10,U.S. Senate,,REP,Ted Cruz,291,6,166,111,2,6
Comanche,Pct 10,U.S. Senate,,DEM,Colin Allred,54,3,26,24,0,1
Comanche,Pct 10,U.S. Senate,,LIB,Ted Brown,6,0,3,3,0,0
Comanche,Pct 10,U.S. Senate,,,Under Votes,2,0,1,1,0,0
Comanche,Pct 10,U.S. Senate,,,Over Votes,0,0,0,0,0,0
Comanche,Pct 10,U.S. House,25,REP,Roger Williams,294,7,167,113,1,6
Comanche,Pct 10,U.S. House,25,,CHAD HAGG,1,1,0,0,0,0
Comanche,Pct 10,U.S. House,25,,Under Votes,58,1,29,26,1,1
Comanche,Pct 10,U.S. House,25,,Over Votes,0,0,0,0,0,0
Comanche,Pct 10,Railroad Commissioner,,REP,Christi Craddick,279,7,155,108,2,7
Comanche,Pct 10,Railroad Commissioner,,DEM,Katherine Culbert,34,1,17,16,0,0
Comanche,Pct 10,Railroad Commissioner,,LIB,Hawk Dunlap,14,0,9,5,0,0
Comanche,Pct 10,Railroad Commissioner,,GRN,Eddie Espinoza,4,1,3,0,0,0
Comanche,Pct 10,Railroad Commissioner,,,Under Votes,22,0,12,10,0,0
Comanche,Pct 10,Railroad Commissioner,,,Over Votes,0,0,0,0,0,0
Comanche,Pct 10,"Justice, Supreme Court, Place 2",,REP,Jimmy Blacklock,292,6,167,110,2,7
Comanche,Pct 10,"Justice, Supreme Court, Place 2",,DEM,Dasean Jones,40,3,20,17,0,0
Comanche,Pct 10,"Justice, Supreme Court, Place 2",,,Under Votes,21,0,9,12,0,0
Comanche,Pct 10,"Justice, Supreme Court, Place 2",,,Over Votes,0,0,0,0,0,0
Comanche,Pct 10,"Justice, Supreme Court, Place 4",,REP,John Devine,287,6,164,109,2,6
Comanche,Pct 10,"Justice, Supreme Court, Place 4",,DEM,Christine Vinh Weems,43,3,22,17,0,1
Comanche,Pct 10,"Justice, Supreme Court, Place 4",,,Under Votes,23,0,10,13,0,0
Comanche,Pct 10,"Justice, Supreme Court, Place 4",,,Over Votes,0,0,0,0,0,0
Comanche,Pct 10,"Justice, Supreme Court, Place 6",,REP,Jane Bland,283,5,162,108,2,6
Comanche,Pct 10,"Justice, Supreme Court, Place 6",,DEM,Bonnie Lee Goldstein,35,2,17,15,0,1
Comanche,Pct 10,"Justice, Supreme Court, Place 6",,LIB,J. David Roberson,12,2,7,3,0,0
Comanche,Pct 10,"Justice, Supreme Court, Place 6",,,Under Votes,23,0,10,13,0,0
Comanche,Pct 10,"Justice, Supreme Court, Place 6",,,Over Votes,0,0,0,0,0,0
Comanche,Pct 10,"Presiding Judge, Court of Criminal Appeals",,REP,David J. Schenck,285,6,164,107,2,6
Comanche,Pct 10,"Presiding Judge, Court of Criminal Appeals",,DEM,Holly Taylor,42,3,19,19,0,1
Comanche,Pct 10,"Presiding Judge, Court of Criminal Appeals",,,Under Votes,26,0,13,13,0,0
Comanche,Pct 10,"Presiding Judge, Court of Criminal Appeals",,,Over Votes,0,0,0,0,0,0
Comanche,Pct 10,"Judge, Court of Criminal Appeals, Place 7",,REP,Gina Parker,287,7,165,106,2,7
Comanche,Pct 10,"Judge, Court of Criminal Appeals, Place 7",,DEM,Nancy Mulder,36,2,17,17,0,0
Comanche,Pct 10,"Judge, Court of Criminal Appeals, Place 7",,,Under Votes,29,0,13,16,0,0
Comanche,Pct 10,"Judge, Court of Criminal Appeals, Place 7",,,Over Votes,1,0,1,0,0,0
Comanche,Pct 10,"Judge, Court of Criminal Appeals, Place 8",,REP,Lee Finley,289,6,166,109,2,6
Comanche,Pct 10,"Judge, Court of Criminal Appeals, Place 8",,DEM,Chika Anyiam,37,3,17,16,0,1
Comanche,Pct 10,"Judge, Court of Criminal Appeals, Place 8",,,Under Votes,27,0,13,14,0,0
Comanche,Pct 10,"Judge, Court of Criminal Appeals, Place 8",,,Over Votes,0,0,0,0,0,0
Comanche,Pct 10,State House,68,REP,David Spiller,285,6,166,110,2,1
Comanche,Pct 10,State House,68,DEM,Stacey Swann,40,3,19,18,0,0
Comanche,Pct 10,State House,68,,Under Votes,28,0,11,11,0,6
Comanche,Pct 10,State House,68,,Over Votes,0,0,0,0,0,0
Comanche,Pct 10,"Chief Justice, 11th Court of Appeals District",,REP,John Bailey,285,7,165,111,2,0
Comanche,Pct 10,"Chief Justice, 11th Court of Appeals District",,,Under Votes,68,2,31,28,0,7
Comanche,Pct 10,"Chief Justice, 11th Court of Appeals District",,,Over Votes,0,0,0,0,0,0
Comanche,Pct 10,"District Attorney, 220th Judicial District",,REP,Adam Sibley,285,7,163,113,2,0
Comanche,Pct 10,"District Attorney, 220th Judicial District",,,Under Votes,68,2,33,26,0,7
Comanche,Pct 10,"District Attorney, 220th Judicial District",,,Over Votes,0,0,0,0,0,0
Comanche,Pct 10,County Attorney,,REP,Molly Odgers,284,7,162,113,2,0
Comanche,Pct 10,County Attorney,,,Under Votes,69,2,34,26,0,7
Comanche,Pct 10,County Attorney,,,Over Votes,0,0,0,0,0,0
Comanche,Pct 10,Sheriff,,REP,Chris Pounds,284,7,160,115,2,0
Comanche,Pct 10,Sheriff,,,Under Votes,69,2,36,24,0,7
Comanche,Pct 10,Sheriff,,,Over Votes,0,0,0,0,0,0
Comanche,Pct 10,County Tax Assessor-Collector,,REP,Grace E. Everheart,292,7,166,117,2,0
Comanche,Pct 10,County Tax Assessor-Collector,,,Under Votes,61,2,30,22,0,7
Comanche,Pct 10,County Tax Assessor-Collector,,,Over Votes,0,0,0,0,0,0
Comanche,Pct 10,County Commissioner Precinct 3,,DEM,Sherman L. Sides,162,5,81,76,0,0
Comanche,Pct 10,County Commissioner Precinct 3,,,Under Votes,191,4,115,63,2,7
Comanche,Pct 10,County Commissioner Precinct 3,,,Over Votes,0,0,0,0,0,0
Comanche,Pct 10,County Constable,,REP,Mark McDonald,289,7,166,114,2,0
Comanche,Pct 10,County Constable,,,Under Votes,64,2,30,25,0,7
Comanche,Pct 10,County Constable,,,Over Votes,0,0,0,0,0,0
Comanche,Pct 11,Registered Voters,,,,644,,,,,
Comanche,Pct 11,Ballots Cast,,,,443,,,,,
Comanche,Pct 11,President,,REP,Donald J. Trump,376,16,270,88,0,2
Comanche,Pct 11,President,,DEM,Kamala D. Harris,65,2,42,21,0,0
Comanche,Pct 11,President,,LIB,Chase Oliver,0,0,0,0,0,0
Comanche,Pct 11,President,,GRN,Jill Stein,1,0,1,0,0,0
Comanche,Pct 11,President,,,Under Votes,1,0,0,1,0,0
Comanche,Pct 11,President,,,Over Votes,0,0,0,0,0,0
Comanche,Pct 11,U.S. Senate,,REP,Ted Cruz,357,16,257,82,0,2
Comanche,Pct 11,U.S. Senate,,DEM,Colin Allred,75,2,49,24,0,0
Comanche,Pct 11,U.S. Senate,,LIB,Ted Brown,7,0,6,1,0,0
Comanche,Pct 11,U.S. Senate,,,Under Votes,4,0,1,3,0,0
Comanche,Pct 11,U.S. Senate,,,Over Votes,0,0,0,0,0,0
Comanche,Pct 11,U.S. House,25,REP,Roger Williams,374,15,262,95,0,2
Comanche,Pct 11,U.S. House,25,,CHAD HAGG,1,0,1,0,0,0
Comanche,Pct 11,U.S. House,25,,Under Votes,68,3,50,15,0,0
Comanche,Pct 11,U.S. House,25,,Over Votes,0,0,0,0,0,0
Comanche,Pct 11,Railroad Commissioner,,REP,Christi Craddick,341,16,249,74,0,2
Comanche,Pct 11,Railroad Commissioner,,DEM,Katherine Culbert,57,2,35,20,0,0
Comanche,Pct 11,Railroad Commissioner,,LIB,Hawk Dunlap,21,0,14,7,0,0
Comanche,Pct 11,Railroad Commissioner,,GRN,Eddie Espinoza,5,0,3,2,0,0
Comanche,Pct 11,Railroad Commissioner,,,Under Votes,19,0,12,7,0,0
Comanche,Pct 11,Railroad Commissioner,,,Over Votes,0,0,0,0,0,0
Comanche,Pct 11,"Justice, Supreme Court, Place 2",,REP,Jimmy Blacklock,363,16,260,85,0,2
Comanche,Pct 11,"Justice, Supreme Court, Place 2",,DEM,Dasean Jones,64,2,42,20,0,0
Comanche,Pct 11,"Justice, Supreme Court, Place 2",,,Under Votes,16,0,11,5,0,0
Comanche,Pct 11,"Justice, Supreme Court, Place 2",,,Over Votes,0,0,0,0,0,0
Comanche,Pct 11,"Justice, Supreme Court, Place 4",,REP,John Devine,357,16,258,81,0,2
Comanche,Pct 11,"Justice, Supreme Court, Place 4",,DEM,Christine Vinh Weems,66,2,41,23,0,0
Comanche,Pct 11,"Justice, Supreme Court, Place 4",,,Under Votes,20,0,14,6,0,0
Comanche,Pct 11,"Justice, Supreme Court, Place 4",,,Over Votes,0,0,0,0,0,0
Comanche,Pct 11,"Justice, Supreme Court, Place 6",,REP,Jane Bland,355,16,258,79,0,2
Comanche,Pct 11,"Justice, Supreme Court, Place 6",,DEM,Bonnie Lee Goldstein,65,2,40,23,0,0
Comanche,Pct 11,"Justice, Supreme Court, Place 6",,LIB,J. David Roberson,7,0,4,3,0,0
Comanche,Pct 11,"Justice, Supreme Court, Place 6",,,Under Votes,16,0,11,5,0,0
Comanche,Pct 11,"Justice, Supreme Court, Place 6",,,Over Votes,0,0,0,0,0,0
Comanche,Pct 11,"Presiding Judge, Court of Criminal Appeals",,REP,David J. Schenck,357,16,258,81,0,2
Comanche,Pct 11,"Presiding Judge, Court of Criminal Appeals",,DEM,Holly Taylor,67,2,43,22,0,0
Comanche,Pct 11,"Presiding Judge, Court of Criminal Appeals",,,Under Votes,19,0,12,7,0,0
Comanche,Pct 11,"Presiding Judge, Court of Criminal Appeals",,,Over Votes,0,0,0,0,0,0
Comanche,Pct 11,"Judge, Court of Criminal Appeals, Place 7",,REP,Gina Parker,360,16,259,83,0,2
Comanche,Pct 11,"Judge, Court of Criminal Appeals, Place 7",,DEM,Nancy Mulder,64,2,40,22,0,0
Comanche,Pct 11,"Judge, Court of Criminal Appeals, Place 7",,,Under Votes,19,0,14,5,0,0
Comanche,Pct 11,"Judge, Court of Criminal Appeals, Place 7",,,Over Votes,0,0,0,0,0,0
Comanche,Pct 11,"Judge, Court of Criminal Appeals, Place 8",,REP,Lee Finley,362,16,258,86,0,2
Comanche,Pct 11,"Judge, Court of Criminal Appeals, Place 8",,DEM,Chika Anyiam,61,2,40,19,0,0
Comanche,Pct 11,"Judge, Court of Criminal Appeals, Place 8",,,Under Votes,20,0,15,5,0,0
Comanche,Pct 11,"Judge, Court of Criminal Appeals, Place 8",,,Over Votes,0,0,0,0,0,0
Comanche,Pct 11,State House,68,REP,David Spiller,360,16,262,81,0,1
Comanche,Pct 11,State House,68,DEM,Stacey Swann,70,2,42,26,0,0
Comanche,Pct 11,State House,68,,Under Votes,13,0,9,3,0,1
Comanche,Pct 11,State House,68,,Over Votes,0,0,0,0,0,0
Comanche,Pct 11,"Chief Justice, 11th Court of Appeals District",,REP,John Bailey,362,15,255,92,0,0
Comanche,Pct 11,"Chief Justice, 11th Court of Appeals District",,,Under Votes,81,3,58,18,0,2
Comanche,Pct 11,"Chief Justice, 11th Court of Appeals District",,,Over Votes,0,0,0,0,0,0
Comanche,Pct 11,"District Attorney, 220th Judicial District",,REP,Adam Sibley,369,15,263,91,0,0
Comanche,Pct 11,"District Attorney, 220th Judicial District",,,Under Votes,74,3,50,19,0,2
Comanche,Pct 11,"District Attorney, 220th Judicial District",,,Over Votes,0,0,0,0,0,0
Comanche,Pct 11,County Attorney,,REP,Molly Odgers,365,15,259,91,0,0
Comanche,Pct 11,County Attorney,,,Under Votes,78,3,54,19,0,2
Comanche,Pct 11,County Attorney,,,Over Votes,0,0,0,0,0,0
Comanche,Pct 11,Sheriff,,REP,Chris Pounds,396,16,283,97,0,0
Comanche,Pct 11,Sheriff,,,Under Votes,47,2,30,13,0,2
Comanche,Pct 11,Sheriff,,,Over Votes,0,0,0,0,0,0
Comanche,Pct 11,County Tax Assessor-Collector,,REP,Grace E. Everheart,398,16,284,98,0,0
Comanche,Pct 11,County Tax Assessor-Collector,,,Under Votes,45,2,29,12,0,2
Comanche,Pct 11,County Tax Assessor-Collector,,,Over Votes,0,0,0,0,0,0
Comanche,Pct 11,County Commissioner Precinct 3,,DEM,Sherman L. Sides,265,6,186,73,0,0
Comanche,Pct 11,County Commissioner Precinct 3,,,Under Votes,178,12,127,37,0,2
Comanche,Pct 11,County Commissioner Precinct 3,,,Over Votes,0,0,0,0,0,0
Comanche,Pct 11,County Constable,,REP,Mark McDonald,378,15,271,92,0,0
Comanche,Pct 11,County Constable,,,Under Votes,65,3,42,18,0,2
Comanche,Pct 11,County Constable,,,Over Votes,0,0,0,0,0,0
Comanche,Pct 12,Registered Voters,,,,2249,,,,,
Comanche,Pct 12,Ballots Cast,,,,1404,,,,,
Comanche,Pct 12,President,,REP,Donald J. Trump,1182,34,874,270,0,4
Comanche,Pct 12,President,,DEM,Kamala D. Harris,205,13,148,43,0,1
Comanche,Pct 12,President,,LIB,Chase Oliver,5,1,3,1,0,0
Comanche,Pct 12,President,,GRN,Jill Stein,0,0,0,0,0,0
Comanche,Pct 12,President,,,Under Votes,11,2,6,3,0,0
Comanche,Pct 12,President,,,Over Votes,1,1,0,0,0,0
Comanche,Pct 12,U.S. Senate,,REP,Ted Cruz,1128,35,834,255,0,4
Comanche,Pct 12,U.S. Senate,,DEM,Colin Allred,233,14,167,51,0,1
Comanche,Pct 12,U.S. Senate,,LIB,Ted Brown,29,1,18,10,0,0
Comanche,Pct 12,U.S. Senate,,,Under Votes,13,1,12,0,0,0
Comanche,Pct 12,U.S. Senate,,,Over Votes,1,0,0,1,0,0
Comanche,Pct 12,U.S. House,25,REP,Roger Williams,1138,33,837,265,0,3
Comanche,Pct 12,U.S. House,25,,CHAD HAGG,1,0,1,0,0,0
Comanche,Pct 12,U.S. House,25,,Under Votes,265,18,193,52,0,2
Comanche,Pct 12,U.S. House,25,,Over Votes,0,0,0,0,0,0
Comanche,Pct 12,Railroad Commissioner,,REP,Christi Craddick,1063,33,791,235,0,4
Comanche,Pct 12,Railroad Commissioner,,DEM,Katherine Culbert,177,12,134,31,0,0
Comanche,Pct 12,Railroad Commissioner,,LIB,Hawk Dunlap,48,1,31,15,0,1
Comanche,Pct 12,Railroad Commissioner,,GRN,Eddie Espinoza,24,0,13,11,0,0
Comanche,Pct 12,Railroad Commissioner,,,Under Votes,90,5,60,25,0,0
Comanche,Pct 12,Railroad Commissioner,,,Over Votes,2,0,2,0,0,0
Comanche,Pct 12,"Justice, Supreme Court, Place 2",,REP,Jimmy Blacklock,1122,34,834,250,0,4
Comanche,Pct 12,"Justice, Supreme Court, Place 2",,DEM,Dasean Jones,195,12,139,43,0,1
Comanche,Pct 12,"Justice, Supreme Court, Place 2",,,Under Votes,87,5,58,24,0,0
Comanche,Pct 12,"Justice, Supreme Court, Place 2",,,Over Votes,0,0,0,0,0,0
Comanche,Pct 12,"Justice, Supreme Court, Place 4",,REP,John Devine,1109,35,824,245,0,5
Comanche,Pct 12,"Justice, Supreme Court, Place 4",,DEM,Christine Vinh Weems,201,11,144,46,0,0
Comanche,Pct 12,"Justice, Supreme Court, Place 4",,,Under Votes,94,5,63,26,0,0
Comanche,Pct 12,"Justice, Supreme Court, Place 4",,,Over Votes,0,0,0,0,0,0
Comanche,Pct 12,"Justice, Supreme Court, Place 6",,REP,Jane Bland,1090,34,814,238,0,4
Comanche,Pct 12,"Justice, Supreme Court, Place 6",,DEM,Bonnie Lee Goldstein,186,11,140,35,0,0
Comanche,Pct 12,"Justice, Supreme Court, Place 6",,LIB,J. David Roberson,35,0,17,17,0,1
Comanche,Pct 12,"Justice, Supreme Court, Place 6",,,Under Votes,92,6,59,27,0,0
Comanche,Pct 12,"Justice, Supreme Court, Place 6",,,Over Votes,1,0,1,0,0,0
Comanche,Pct 12,"Presiding Judge, Court of Criminal Appeals",,REP,David J. Schenck,1118,35,830,249,0,4
Comanche,Pct 12,"Presiding Judge, Court of Criminal Appeals",,DEM,Holly Taylor,192,11,138,42,0,1
Comanche,Pct 12,"Presiding Judge, Court of Criminal Appeals",,,Under Votes,94,5,63,26,0,0
Comanche,Pct 12,"Presiding Judge, Court of Criminal Appeals",,,Over Votes,0,0,0,0,0,0
Comanche,Pct 12,"Judge, Court of Criminal Appeals, Place 7",,REP,Gina Parker,1115,35,828,248,0,4
Comanche,Pct 12,"Judge, Court of Criminal Appeals, Place 7",,DEM,Nancy Mulder,189,12,136,40,0,1
Comanche,Pct 12,"Judge, Court of Criminal Appeals, Place 7",,,Under Votes,99,4,66,29,0,0
Comanche,Pct 12,"Judge, Court of Criminal Appeals, Place 7",,,Over Votes,1,0,1,0,0,0
Comanche,Pct 12,"Judge, Court of Criminal Appeals, Place 8",,REP,Lee Finley,1126,35,834,252,0,5
Comanche,Pct 12,"Judge, Court of Criminal Appeals, Place 8",,DEM,Chika Anyiam,176,9,130,37,0,0
Comanche,Pct 12,"Judge, Court of Criminal Appeals, Place 8",,,Under Votes,101,7,67,27,0,0
Comanche,Pct 12,"Judge, Court of Criminal Appeals, Place 8",,,Over Votes,1,0,0,1,0,0
Comanche,Pct 12,State House,68,REP,David Spiller,1109,34,825,249,0,1
Comanche,Pct 12,State House,68,DEM,Stacey Swann,206,13,149,44,0,0
Comanche,Pct 12,State House,68,,Under Votes,89,4,57,24,0,4
Comanche,Pct 12,State House,68,,Over Votes,0,0,0,0,0,0
Comanche,Pct 12,"Chief Justice, 11th Court of Appeals District",,REP,John Bailey,1134,35,832,265,0,2
Comanche,Pct 12,"Chief Justice, 11th Court of Appeals District",,,Under Votes,270,16,199,52,0,3
Comanche,Pct 12,"Chief Justice, 11th Court of Appeals District",,,Over Votes,0,0,0,0,0,0
Comanche,Pct 12,"District Attorney, 220th Judicial District",,REP,Adam Sibley,1132,34,840,258,0,0
Comanche,Pct 12,"District Attorney, 220th Judicial District",,,Under Votes,272,17,191,59,0,5
Comanche,Pct 12,"District Attorney, 220th Judicial District",,,Over Votes,0,0,0,0,0,0
Comanche,Pct 12,County Attorney,,REP,Molly Odgers,1131,33,841,257,0,0
Comanche,Pct 12,County Attorney,,,Under Votes,273,18,190,60,0,5
Comanche,Pct 12,County Attorney,,,Over Votes,0,0,0,0,0,0
Comanche,Pct 12,Sheriff,,REP,Chris Pounds,1215,38,903,274,0,0
Comanche,Pct 12,Sheriff,,,Under Votes,189,13,128,43,0,5
Comanche,Pct 12,Sheriff,,,Over Votes,0,0,0,0,0,0
Comanche,Pct 12,County Tax Assessor-Collector,,REP,Grace E. Everheart,1215,39,904,272,0,0
Comanche,Pct 12,County Tax Assessor-Collector,,,Under Votes,189,12,127,45,0,5
Comanche,Pct 12,County Tax Assessor-Collector,,,Over Votes,0,0,0,0,0,0
Comanche,Pct 12,County Constable,,REP,Mark McDonald,1146,29,854,263,0,0
Comanche,Pct 12,County Constable,,,Under Votes,258,22,177,54,0,5
Comanche,Pct 12,County Constable,,,Over Votes,0,0,0,0,0,0
Comanche,Pct 13,Registered Voters,,,,297,,,,,
Comanche,Pct 13,Ballots Cast,,,,183,,,,,
Comanche,Pct 13,President,,REP,Donald J. Trump,152,4,108,40,0,0
Comanche,Pct 13,President,,DEM,Kamala D. Harris,27,2,12,13,0,0
Comanche,Pct 13,President,,LIB,Chase Oliver,0,0,0,0,0,0
Comanche,Pct 13,President,,GRN,Jill Stein,1,0,0,1,0,0
Comanche,Pct 13,President,,,Under Votes,3,0,3,0,0,0
Comanche,Pct 13,President,,,Over Votes,0,0,0,0,0,0
Comanche,Pct 13,U.S. Senate,,REP,Ted Cruz,146,5,104,37,0,0
Comanche,Pct 13,U.S. Senate,,DEM,Colin Allred,31,1,15,15,0,0
Comanche,Pct 13,U.S. Senate,,LIB,Ted Brown,2,0,1,1,0,0
Comanche,Pct 13,U.S. Senate,,,Under Votes,4,0,3,1,0,0
Comanche,Pct 13,U.S. Senate,,,Over Votes,0,0,0,0,0,0
Comanche,Pct 13,U.S. House,25,REP,Roger Williams,148,4,103,41,0,0
Comanche,Pct 13,U.S. House,25,,Under Votes,35,2,20,13,0,0
Comanche,Pct 13,U.S. House,25,,Over Votes,0,0,0,0,0,0
Comanche,Pct 13,Railroad Commissioner,,REP,Christi Craddick,136,5,99,32,0,0
Comanche,Pct 13,Railroad Commissioner,,DEM,Katherine Culbert,22,1,8,13,0,0
Comanche,Pct 13,Railroad Commissioner,,LIB,Hawk Dunlap,3,0,0,3,0,0
Comanche,Pct 13,Railroad Commissioner,,GRN,Eddie Espinoza,3,0,1,2,0,0
Comanche,Pct 13,Railroad Commissioner,,,Under Votes,19,0,15,4,0,0
Comanche,Pct 13,Railroad Commissioner,,,Over Votes,0,0,0,0,0,0
Comanche,Pct 13,"Justice, Supreme Court, Place 2",,REP,Jimmy Blacklock,146,5,102,39,0,0
Comanche,Pct 13,"Justice, Supreme Court, Place 2",,DEM,Dasean Jones,22,1,8,13,0,0
Comanche,Pct 13,"Justice, Supreme Court, Place 2",,,Under Votes,15,0,13,2,0,0
Comanche,Pct 13,"Justice, Supreme Court, Place 2",,,Over Votes,0,0,0,0,0,0
Comanche,Pct 13,"Justice, Supreme Court, Place 4",,REP,John Devine,144,4,102,38,0,0
Comanche,Pct 13,"Justice, Supreme Court, Place 4",,DEM,Christine Vinh Weems,21,1,7,13,0,0
Comanche,Pct 13,"Justice, Supreme Court, Place 4",,,Under Votes,18,1,14,3,0,0
Comanche,Pct 13,"Justice, Supreme Court, Place 4",,,Over Votes,0,0,0,0,0,0
Comanche,Pct 13,"Justice, Supreme Court, Place 6",,REP,Jane Bland,142,5,100,37,0,0
Comanche,Pct 13,"Justice, Supreme Court, Place 6",,DEM,Bonnie Lee Goldstein,19,1,7,11,0,0
Comanche,Pct 13,"Justice, Supreme Court, Place 6",,LIB,J. David Roberson,5,0,2,3,0,0
Comanche,Pct 13,"Justice, Supreme Court, Place 6",,,Under Votes,17,0,14,3,0,0
Comanche,Pct 13,"Justice, Supreme Court, Place 6",,,Over Votes,0,0,0,0,0,0
Comanche,Pct 13,"Presiding Judge, Court of Criminal Appeals",,REP,David J. Schenck,144,5,101,38,0,0
Comanche,Pct 13,"Presiding Judge, Court of Criminal Appeals",,DEM,Holly Taylor,21,1,8,12,0,0
Comanche,Pct 13,"Presiding Judge, Court of Criminal Appeals",,,Under Votes,18,0,14,4,0,0
Comanche,Pct 13,"Presiding Judge, Court of Criminal Appeals",,,Over Votes,0,0,0,0,0,0
Comanche,Pct 13,"Judge, Court of Criminal Appeals, Place 7",,REP,Gina Parker,143,5,100,38,0,0
Comanche,Pct 13,"Judge, Court of Criminal Appeals, Place 7",,DEM,Nancy Mulder,23,1,9,13,0,0
Comanche,Pct 13,"Judge, Court of Criminal Appeals, Place 7",,,Under Votes,17,0,14,3,0,0
Comanche,Pct 13,"Judge, Court of Criminal Appeals, Place 7",,,Over Votes,0,0,0,0,0,0
Comanche,Pct 13,"Judge, Court of Criminal Appeals, Place 8",,REP,Lee Finley,145,5,103,37,0,0
Comanche,Pct 13,"Judge, Court of Criminal Appeals, Place 8",,DEM,Chika Anyiam,20,1,6,13,0,0
Comanche,Pct 13,"Judge, Court of Criminal Appeals, Place 8",,,Under Votes,18,0,14,4,0,0
Comanche,Pct 13,"Judge, Court of Criminal Appeals, Place 8",,,Over Votes,0,0,0,0,0,0
Comanche,Pct 13,State House,68,REP,David Spiller,141,3,103,35,0,0
Comanche,Pct 13,State House,68,DEM,Stacey Swann,24,2,9,13,0,0
Comanche,Pct 13,State House,68,,Under Votes,18,1,11,6,0,0
Comanche,Pct 13,State House,68,,Over Votes,0,0,0,0,0,0
Comanche,Pct 13,"Chief Justice, 11th Court of Appeals District",,REP,John Bailey,144,4,100,40,0,0
Comanche,Pct 13,"Chief Justice, 11th Court of Appeals District",,,Under Votes,39,2,23,14,0,0
Comanche,Pct 13,"Chief Justice, 11th Court of Appeals District",,,Over Votes,0,0,0,0,0,0
Comanche,Pct 13,"District Attorney, 220th Judicial District",,REP,Adam Sibley,146,4,102,40,0,0
Comanche,Pct 13,"District Attorney, 220th Judicial District",,,Under Votes,37,2,21,14,0,0
Comanche,Pct 13,"District Attorney, 220th Judicial District",,,Over Votes,0,0,0,0,0,0
Comanche,Pct 13,County Attorney,,REP,Molly Odgers,148,5,102,41,0,0
Comanche,Pct 13,County Attorney,,,Under Votes,35,1,21,13,0,0
Comanche,Pct 13,County Attorney,,,Over Votes,0,0,0,0,0,0
Comanche,Pct 13,Sheriff,,REP,Chris Pounds,153,5,106,42,0,0
Comanche,Pct 13,Sheriff,,,Under Votes,30,1,17,12,0,0
Comanche,Pct 13,Sheriff,,,Over Votes,0,0,0,0,0,0
Comanche,Pct 13,County Tax Assessor-Collector,,REP,Grace E. Everheart,155,5,108,42,0,0
Comanche,Pct 13,County Tax Assessor-Collector,,,Under Votes,28,1,15,12,0,0
Comanche,Pct 13,County Tax Assessor-Collector,,,Over Votes,0,0,0,0,0,0
Comanche,Pct 13,County Constable,,REP,Mark McDonald,148,5,101,42,0,0
Comanche,Pct 13,County Constable,,,Under Votes,35,1,22,12,0,0
Comanche,Pct 13,County Constable,,,Over Votes,0,0,0,0,0,0
Comanche,Pct 14,Registered Voters,,,,146,,,,,
Comanche,Pct 14,Ballots Cast,,,,112,,,,,
Comanche,Pct 14,President,,REP,Donald J. Trump,100,8,68,24,0,0
Comanche,Pct 14,President,,DEM,Kamala D. Harris,12,1,10,1,0,0
Comanche,Pct 14,President,,LIB,Chase Oliver,0,0,0,0,0,0
Comanche,Pct 14,President,,GRN,Jill Stein,0,0,0,0,0,0
Comanche,Pct 14,President,,,Under Votes,0,0,0,0,0,0
Comanche,Pct 14,President,,,Over Votes,0,0,0,0,0,0
Comanche,Pct 14,U.S. Senate,,REP,Ted Cruz,95,8,65,22,0,0
Comanche,Pct 14,U.S. Senate,,DEM,Colin Allred,14,1,11,2,0,0
Comanche,Pct 14,U.S. Senate,,LIB,Ted Brown,1,0,1,0,0,0
Comanche,Pct 14,U.S. Senate,,,Under Votes,2,0,1,1,0,0
Comanche,Pct 14,U.S. Senate,,,Over Votes,0,0,0,0,0,0
Comanche,Pct 14,U.S. House,25,REP,Roger Williams,99,8,68,23,0,0
Comanche,Pct 14,U.S. House,25,,Under Votes,13,1,10,2,0,0
Comanche,Pct 14,U.S. House,25,,Over Votes,0,0,0,0,0,0
Comanche,Pct 14,Railroad Commissioner,,REP,Christi Craddick,93,8,66,19,0,0
Comanche,Pct 14,Railroad Commissioner,,DEM,Katherine Culbert,12,1,10,1,0,0
Comanche,Pct 14,Railroad Commissioner,,LIB,Hawk Dunlap,2,0,0,2,0,0
Comanche,Pct 14,Railroad Commissioner,,GRN,Eddie Espinoza,2,0,0,2,0,0
Comanche,Pct 14,Railroad Commissioner,,,Under Votes,3,0,2,1,0,0
Comanche,Pct 14,Railroad Commissioner,,,Over Votes,0,0,0,0,0,0
Comanche,Pct 14,"Justice, Supreme Court, Place 2",,REP,Jimmy Blacklock,98,8,66,24,0,0
Comanche,Pct 14,"Justice, Supreme Court, Place 2",,DEM,Dasean Jones,11,1,10,0,0,0
Comanche,Pct 14,"Justice, Supreme Court, Place 2",,,Under Votes,3,0,2,1,0,0
Comanche,Pct 14,"Justice, Supreme Court, Place 2",,,Over Votes,0,0,0,0,0,0
Comanche,Pct 14,"Justice, Supreme Court, Place 4",,REP,John Devine,95,8,65,22,0,0
Comanche,Pct 14,"Justice, Supreme Court, Place 4",,DEM,Christine Vinh Weems,12,1,10,1,0,0
Comanche,Pct 14,"Justice, Supreme Court, Place 4",,,Under Votes,5,0,3,2,0,0
Comanche,Pct 14,"Justice, Supreme Court, Place 4",,,Over Votes,0,0,0,0,0,0
Comanche,Pct 14,"Justice, Supreme Court, Place 6",,REP,Jane Bland,96,8,66,22,0,0
Comanche,Pct 14,"Justice, Supreme Court, Place 6",,DEM,Bonnie Lee Goldstein,12,1,10,1,0,0
Comanche,Pct 14,"Justice, Supreme Court, Place 6",,LIB,J. David Roberson,1,0,0,1,0,0
Comanche,Pct 14,"Justice, Supreme Court, Place 6",,,Under Votes,3,0,2,1,0,0
Comanche,Pct 14,"Justice, Supreme Court, Place 6",,,Over Votes,0,0,0,0,0,0
Comanche,Pct 14,"Presiding Judge, Court of Criminal Appeals",,REP,David J. Schenck,98,8,66,24,0,0
Comanche,Pct 14,"Presiding Judge, Court of Criminal Appeals",,DEM,Holly Taylor,11,1,10,0,0,0
Comanche,Pct 14,"Presiding Judge, Court of Criminal Appeals",,,Under Votes,3,0,2,1,0,0
Comanche,Pct 14,"Presiding Judge, Court of Criminal Appeals",,,Over Votes,0,0,0,0,0,0
Comanche,Pct 14,"Judge, Court of Criminal Appeals, Place 7",,REP,Gina Parker,98,8,66,24,0,0
Comanche,Pct 14,"Judge, Court of Criminal Appeals, Place 7",,DEM,Nancy Mulder,11,1,10,0,0,0
Comanche,Pct 14,"Judge, Court of Criminal Appeals, Place 7",,,Under Votes,3,0,2,1,0,0
Comanche,Pct 14,"Judge, Court of Criminal Appeals, Place 7",,,Over Votes,0,0,0,0,0,0
Comanche,Pct 14,"Judge, Court of Criminal Appeals, Place 8",,REP,Lee Finley,97,8,66,23,0,0
Comanche,Pct 14,"Judge, Court of Criminal Appeals, Place 8",,DEM,Chika Anyiam,12,1,10,1,0,0
Comanche,Pct 14,"Judge, Court of Criminal Appeals, Place 8",,,Under Votes,3,0,2,1,0,0
Comanche,Pct 14,"Judge, Court of Criminal Appeals, Place 8",,,Over Votes,0,0,0,0,0,0
Comanche,Pct 14,State House,68,REP,David Spiller,96,8,66,22,0,0
Comanche,Pct 14,State House,68,DEM,Stacey Swann,13,1,10,2,0,0
Comanche,Pct 14,State House,68,,Under Votes,3,0,2,1,0,0
Comanche,Pct 14,State House,68,,Over Votes,0,0,0,0,0,0
Comanche,Pct 14,"Chief Justice, 11th Court of Appeals District",,REP,John Bailey,98,8,67,23,0,0
Comanche,Pct 14,"Chief Justice, 11th Court of Appeals District",,,Under Votes,14,1,11,2,0,0
Comanche,Pct 14,"Chief Justice, 11th Court of Appeals District",,,Over Votes,0,0,0,0,0,0
Comanche,Pct 14,"District Attorney, 220th Judicial District",,REP,Adam Sibley,99,8,67,24,0,0
Comanche,Pct 14,"District Attorney, 220th Judicial District",,,Under Votes,13,1,11,1,0,0
Comanche,Pct 14,"District Attorney, 220th Judicial District",,,Over Votes,0,0,0,0,0,0
Comanche,Pct 14,County Attorney,,REP,Molly Odgers,97,8,67,22,0,0
Comanche,Pct 14,County Attorney,,,Under Votes,15,1,11,3,0,0
Comanche,Pct 14,County Attorney,,,Over Votes,0,0,0,0,0,0
Comanche,Pct 14,Sheriff,,REP,Chris Pounds,98,8,66,24,0,0
Comanche,Pct 14,Sheriff,,,Under Votes,14,1,12,1,0,0
Comanche,Pct 14,Sheriff,,,Over Votes,0,0,0,0,0,0
Comanche,Pct 14,County Tax Assessor-Collector,,REP,Grace E. Everheart,99,8,69,22,0,0
Comanche,Pct 14,County Tax Assessor-Collector,,,Under Votes,13,1,9,3,0,0
Comanche,Pct 14,County Tax Assessor-Collector,,,Over Votes,0,0,0,0,0,0
Comanche,Pct 14,County Commissioner Precinct 1,,REP,Sheldon T. Scott,96,8,65,23,0,0
Comanche,Pct 14,County Commissioner Precinct 1,,,Under Votes,16,1,13,2,0,0
Comanche,Pct 14,County Commissioner Precinct 1,,,Over Votes,0,0,0,0,0,0
Comanche,Pct 14,County Constable,,REP,Mark McDonald,95,8,65,22,0,0
Comanche,Pct 14,County Constable,,,Under Votes,17,1,13,3,0,0
Comanche,Pct 14,County Constable,,,Over Votes,0,0,0,0,0,0
Comanche,Pct 15,Registered Voters,,,,482,,,,,
Comanche,Pct 15,Ballots Cast,,,,352,,,,,
Comanche,Pct 15,President,,REP,Donald J. Trump,316,7,195,113,0,1
Comanche,Pct 15,President,,DEM,Kamala D. Harris,29,1,22,6,0,0
Comanche,Pct 15,President,,LIB,Chase Oliver,5,0,0,5,0,0
Comanche,Pct 15,President,,GRN,Jill Stein,2,0,2,0,0,0
Comanche,Pct 15,President,,,Under Votes,0,0,0,0,0,0
Comanche,Pct 15,President,,,Over Votes,0,0,0,0,0,0
Comanche,Pct 15,U.S. Senate,,REP,Ted Cruz,303,7,187,108,0,1
Comanche,Pct 15,U.S. Senate,,DEM,Colin Allred,34,1,23,10,0,0
Comanche,Pct 15,U.S. Senate,,LIB,Ted Brown,13,0,7,6,0,0
Comanche,Pct 15,U.S. Senate,,,Under Votes,2,0,2,0,0,0
Comanche,Pct 15,U.S. Senate,,,Over Votes,0,0,0,0,0,0
Comanche,Pct 15,U.S. House,25,REP,Roger Williams,301,7,180,113,0,1
Comanche,Pct 15,U.S. House,25,,CHAD HAGG,1,0,1,0,0,0
Comanche,Pct 15,U.S. House,25,,Under Votes,50,1,38,11,0,0
Comanche,Pct 15,U.S. House,25,,Over Votes,0,0,0,0,0,0
Comanche,Pct 15,Railroad Commissioner,,REP,Christi Craddick,291,6,180,104,0,1
Comanche,Pct 15,Railroad Commissioner,,DEM,Katherine Culbert,19,1,13,5,0,0
Comanche,Pct 15,Railroad Commissioner,,LIB,Hawk Dunlap,21,0,12,9,0,0
Comanche,Pct 15,Railroad Commissioner,,GRN,Eddie Espinoza,4,0,3,1,0,0
Comanche,Pct 15,Railroad Commissioner,,,Under Votes,17,1,11,5,0,0
Comanche,Pct 15,Railroad Commissioner,,,Over Votes,0,0,0,0,0,0
Comanche,Pct 15,"Justice, Supreme Court, Place 2",,REP,Jimmy Blacklock,306,6,188,111,0,1
Comanche,Pct 15,"Justice, Supreme Court, Place 2",,DEM,Dasean Jones,29,1,20,8,0,0
Comanche,Pct 15,"Justice, Supreme Court, Place 2",,,Under Votes,17,1,11,5,0,0
Comanche,Pct 15,"Justice, Supreme Court, Place 2",,,Over Votes,0,0,0,0,0,0
Comanche,Pct 15,"Justice, Supreme Court, Place 4",,REP,John Devine,304,6,185,112,0,1
Comanche,Pct 15,"Justice, Supreme Court, Place 4",,DEM,Christine Vinh Weems,29,1,21,7,0,0
Comanche,Pct 15,"Justice, Supreme Court, Place 4",,,Under Votes,19,1,13,5,0,0
Comanche,Pct 15,"Justice, Supreme Court, Place 4",,,Over Votes,0,0,0,0,0,0
Comanche,Pct 15,"Justice, Supreme Court, Place 6",,REP,Jane Bland,294,6,178,109,0,1
Comanche,Pct 15,"Justice, Supreme Court, Place 6",,DEM,Bonnie Lee Goldstein,26,1,20,5,0,0
Comanche,Pct 15,"Justice, Supreme Court, Place 6",,LIB,J. David Roberson,13,0,7,6,0,0
Comanche,Pct 15,"Justice, Supreme Court, Place 6",,,Under Votes,19,1,14,4,0,0
Comanche,Pct 15,"Justice, Supreme Court, Place 6",,,Over Votes,0,0,0,0,0,0
Comanche,Pct 15,"Presiding Judge, Court of Criminal Appeals",,REP,David J. Schenck,303,6,184,112,0,1
Comanche,Pct 15,"Presiding Judge, Court of Criminal Appeals",,DEM,Holly Taylor,27,1,20,6,0,0
Comanche,Pct 15,"Presiding Judge, Court of Criminal Appeals",,,Under Votes,22,1,15,6,0,0
Comanche,Pct 15,"Presiding Judge, Court of Criminal Appeals",,,Over Votes,0,0,0,0,0,0
Comanche,Pct 15,"Judge, Court of Criminal Appeals, Place 7",,REP,Gina Parker,305,6,184,114,0,1
Comanche,Pct 15,"Judge, Court of Criminal Appeals, Place 7",,DEM,Nancy Mulder,24,1,19,4,0,0
Comanche,Pct 15,"Judge, Court of Criminal Appeals, Place 7",,,Under Votes,23,1,16,6,0,0
Comanche,Pct 15,"Judge, Court of Criminal Appeals, Place 7",,,Over Votes,0,0,0,0,0,0
Comanche,Pct 15,"Judge, Court of Criminal Appeals, Place 8",,REP,Lee Finley,305,6,185,113,0,1
Comanche,Pct 15,"Judge, Court of Criminal Appeals, Place 8",,DEM,Chika Anyiam,23,1,18,4,0,0
Comanche,Pct 15,"Judge, Court of Criminal Appeals, Place 8",,,Under Votes,24,1,16,7,0,0
Comanche,Pct 15,"Judge, Court of Criminal Appeals, Place 8",,,Over Votes,0,0,0,0,0,0
Comanche,Pct 15,State House,68,REP,David Spiller,303,7,184,112,0,0
Comanche,Pct 15,State House,68,DEM,Stacey Swann,30,1,23,6,0,0
Comanche,Pct 15,State House,68,,Under Votes,19,0,12,6,0,1
Comanche,Pct 15,State House,68,,Over Votes,0,0,0,0,0,0
Comanche,Pct 15,"Chief Justice, 11th Court of Appeals District",,REP,John Bailey,300,7,186,107,0,0
Comanche,Pct 15,"Chief Justice, 11th Court of Appeals District",,,Under Votes,52,1,33,17,0,1
Comanche,Pct 15,"Chief Justice, 11th Court of Appeals District",,,Over Votes,0,0,0,0,0,0
Comanche,Pct 15,"District Attorney, 220th Judicial District",,REP,Adam Sibley,302,8,183,111,0,0
Comanche,Pct 15,"District Attorney, 220th Judicial District",,,Under Votes,50,0,36,13,0,1
Comanche,Pct 15,"District Attorney, 220th Judicial District",,,Over Votes,0,0,0,0,0,0
Comanche,Pct 15,County Attorney,,REP,Molly Odgers,298,7,182,109,0,0
Comanche,Pct 15,County Attorney,,,Under Votes,54,1,37,15,0,1
Comanche,Pct 15,County Attorney,,,Over Votes,0,0,0,0,0,0
Comanche,Pct 15,Sheriff,,REP,Chris Pounds,311,8,188,115,0,0
Comanche,Pct 15,Sheriff,,,Under Votes,41,0,31,9,0,1
Comanche,Pct 15,Sheriff,,,Over Votes,0,0,0,0,0,0
Comanche,Pct 15,County Tax Assessor-Collector,,REP,Grace E. Everheart,307,8,189,110,0,0
Comanche,Pct 15,County Tax Assessor-Collector,,,Under Votes,45,0,30,14,0,1
Comanche,Pct 15,County Tax Assessor-Collector,,,Over Votes,0,0,0,0,0,0
Comanche,Pct 15,County Commissioner Precinct 1,,REP,Sheldon T. Scott,303,8,184,111,0,0
Comanche,Pct 15,County Commissioner Precinct 1,,,Under Votes,49,0,35,13,0,1
Comanche,Pct 15,County Commissioner Precinct 1,,,Over Votes,0,0,0,0,0,0
Comanche,Pct 15,County Constable,,REP,Mark McDonald,301,7,183,111,0,0
Comanche,Pct 15,County Constable,,,Under Votes,51,1,36,13,0,1
Comanche,Pct 15,County Constable,,,Over Votes,0,0,0,0,0,0
Comanche,Pct 16,Registered Voters,,,,108,,,,,
Comanche,Pct 16,Ballots Cast,,,,94,,,,,
Comanche,Pct 16,President,,REP,Donald J. Trump,89,2,63,23,0,1
Comanche,Pct 16,President,,DEM,Kamala D. Harris,5,0,5,0,0,0
Comanche,Pct 16,President,,LIB,Chase Oliver,0,0,0,0,0,0
Comanche,Pct 16,President,,GRN,Jill Stein,0,0,0,0,0,0
Comanche,Pct 16,President,,,Under Votes,0,0,0,0,0,0
Comanche,Pct 16,President,,,Over Votes,0,0,0,0,0,0
Comanche,Pct 16,U.S. Senate,,REP,Ted Cruz,88,2,62,23,0,1
Comanche,Pct 16,U.S. Senate,,DEM,Colin Allred,5,0,5,0,0,0
Comanche,Pct 16,U.S. Senate,,LIB,Ted Brown,1,0,1,0,0,0
Comanche,Pct 16,U.S. Senate,,,Under Votes,0,0,0,0,0,0
Comanche,Pct 16,U.S. Senate,,,Over Votes,0,0,0,0,0,0
Comanche,Pct 16,U.S. House,25,REP,Roger Williams,83,2,59,22,0,0
Comanche,Pct 16,U.S. House,25,,Under Votes,11,0,9,1,0,1
Comanche,Pct 16,U.S. House,25,,Over Votes,0,0,0,0,0,0
Comanche,Pct 16,Railroad Commissioner,,REP,Christi Craddick,81,2,55,23,0,1
Comanche,Pct 16,Railroad Commissioner,,DEM,Katherine Culbert,5,0,5,0,0,0
Comanche,Pct 16,Railroad Commissioner,,LIB,Hawk Dunlap,2,0,2,0,0,0
Comanche,Pct 16,Railroad Commissioner,,GRN,Eddie Espinoza,1,0,1,0,0,0
Comanche,Pct 16,Railroad Commissioner,,,Under Votes,5,0,5,0,0,0
Comanche,Pct 16,Railroad Commissioner,,,Over Votes,0,0,0,0,0,0
Comanche,Pct 16,"Justice, Supreme Court, Place 2",,REP,Jimmy Blacklock,83,2,57,23,0,1
Comanche,Pct 16,"Justice, Supreme Court, Place 2",,DEM,Dasean Jones,6,0,6,0,0,0
Comanche,Pct 16,"Justice, Supreme Court, Place 2",,,Under Votes,4,0,4,0,0,0
Comanche,Pct 16,"Justice, Supreme Court, Place 2",,,Over Votes,1,0,1,0,0,0
Comanche,Pct 16,"Justice, Supreme Court, Place 4",,REP,John Devine,85,2,59,23,0,1
Comanche,Pct 16,"Justice, Supreme Court, Place 4",,DEM,Christine Vinh Weems,5,0,5,0,0,0
Comanche,Pct 16,"Justice, Supreme Court, Place 4",,,Under Votes,4,0,4,0,0,0
Comanche,Pct 16,"Justice, Supreme Court, Place 4",,,Over Votes,0,0,0,0,0,0
Comanche,Pct 16,"Justice, Supreme Court, Place 6",,REP,Jane Bland,85,2,59,23,0,1
Comanche,Pct 16,"Justice, Supreme Court, Place 6",,DEM,Bonnie Lee Goldstein,5,0,5,0,0,0
Comanche,Pct 16,"Justice, Supreme Court, Place 6",,LIB,J. David Roberson,1,0,1,0,0,0
Comanche,Pct 16,"Justice, Supreme Court, Place 6",,,Under Votes,3,0,3,0,0,0
Comanche,Pct 16,"Justice, Supreme Court, Place 6",,,Over Votes,0,0,0,0,0,0
Comanche,Pct 16,"Presiding Judge, Court of Criminal Appeals",,REP,David J. Schenck,85,2,59,23,0,1
Comanche,Pct 16,"Presiding Judge, Court of Criminal Appeals",,DEM,Holly Taylor,6,0,6,0,0,0
Comanche,Pct 16,"Presiding Judge, Court of Criminal Appeals",,,Under Votes,3,0,3,0,0,0
Comanche,Pct 16,"Presiding Judge, Court of Criminal Appeals",,,Over Votes,0,0,0,0,0,0
Comanche,Pct 16,"Judge, Court of Criminal Appeals, Place 7",,REP,Gina Parker,85,2,59,23,0,1
Comanche,Pct 16,"Judge, Court of Criminal Appeals, Place 7",,DEM,Nancy Mulder,6,0,6,0,0,0
Comanche,Pct 16,"Judge, Court of Criminal Appeals, Place 7",,,Under Votes,3,0,3,0,0,0
Comanche,Pct 16,"Judge, Court of Criminal Appeals, Place 7",,,Over Votes,0,0,0,0,0,0
Comanche,Pct 16,"Judge, Court of Criminal Appeals, Place 8",,REP,Lee Finley,87,2,61,23,0,1
Comanche,Pct 16,"Judge, Court of Criminal Appeals, Place 8",,DEM,Chika Anyiam,3,0,3,0,0,0
Comanche,Pct 16,"Judge, Court of Criminal Appeals, Place 8",,,Under Votes,4,0,4,0,0,0
Comanche,Pct 16,"Judge, Court of Criminal Appeals, Place 8",,,Over Votes,0,0,0,0,0,0
Comanche,Pct 16,State House,68,REP,David Spiller,83,2,59,22,0,0
Comanche,Pct 16,State House,68,DEM,Stacey Swann,6,0,6,0,0,0
Comanche,Pct 16,State House,68,,Under Votes,5,0,3,1,0,1
Comanche,Pct 16,State House,68,,Over Votes,0,0,0,0,0,0
Comanche,Pct 16,"Chief Justice, 11th Court of Appeals District",,REP,John Bailey,81,2,57,21,0,1
Comanche,Pct 16,"Chief Justice, 11th Court of Appeals District",,,Under Votes,13,0,11,2,0,0
Comanche,Pct 16,"Chief Justice, 11th Court of Appeals District",,,Over Votes,0,0,0,0,0,0
Comanche,Pct 16,"District Attorney, 220th Judicial District",,REP,Adam Sibley,80,2,57,20,0,1
Comanche,Pct 16,"District Attorney, 220th Judicial District",,,Under Votes,14,0,11,3,0,0
Comanche,Pct 16,"District Attorney, 220th Judicial District",,,Over Votes,0,0,0,0,0,0
Comanche,Pct 16,County Attorney,,REP,Molly Odgers,81,2,58,21,0,0
Comanche,Pct 16,County Attorney,,,Under Votes,13,0,10,2,0,1
Comanche,Pct 16,County Attorney,,,Over Votes,0,0,0,0,0,0
Comanche,Pct 16,Sheriff,,REP,Chris Pounds,83,2,59,22,0,0
Comanche,Pct 16,Sheriff,,,Under Votes,11,0,9,1,0,1
Comanche,Pct 16,Sheriff,,,Over Votes,0,0,0,0,0,0
Comanche,Pct 16,County Tax Assessor-Collector,,REP,Grace E. Everheart,83,2,59,22,0,0
Comanche,Pct 16,County Tax Assessor-Collector,,,Under Votes,11,0,9,1,0,1
Comanche,Pct 16,County Tax Assessor-Collector,,,Over Votes,0,0,0,0,0,0
Comanche,Pct 16,County Constable,,REP,Mark McDonald,83,2,59,22,0,0
Comanche,Pct 16,County Constable,,,Under Votes,11,0,9,1,0,1
Comanche,Pct 16,County Constable,,,Over Votes,0,0,0,0,0,0
Comanche,Pct 2 GISD,Registered Voters,,,,8,,,,,
Comanche,Pct 2 GISD,Ballots Cast,,,,4,,,,,
Comanche,Pct 2 GISD,President,,REP,Donald J. Trump,4,2,2,0,0,0
Comanche,Pct 2 GISD,President,,DEM,Kamala D. Harris,0,0,0,0,0,0
Comanche,Pct 2 GISD,President,,LIB,Chase Oliver,0,0,0,0,0,0
Comanche,Pct 2 GISD,President,,GRN,Jill Stein,0,0,0,0,0,0
Comanche,Pct 2 GISD,President,,,Under Votes,0,0,0,0,0,0
Comanche,Pct 2 GISD,President,,,Over Votes,0,0,0,0,0,0
Comanche,Pct 2 GISD,U.S. Senate,,REP,Ted Cruz,3,2,1,0,0,0
Comanche,Pct 2 GISD,U.S. Senate,,DEM,Colin Allred,0,0,0,0,0,0
Comanche,Pct 2 GISD,U.S. Senate,,LIB,Ted Brown,1,0,1,0,0,0
Comanche,Pct 2 GISD,U.S. Senate,,,Under Votes,0,0,0,0,0,0
Comanche,Pct 2 GISD,U.S. Senate,,,Over Votes,0,0,0,0,0,0
Comanche,Pct 2 GISD,U.S. House,25,REP,Roger Williams,4,2,2,0,0,0
Comanche,Pct 2 GISD,U.S. House,25,,Under Votes,0,0,0,0,0,0
Comanche,Pct 2 GISD,U.S. House,25,,Over Votes,0,0,0,0,0,0
Comanche,Pct 2 GISD,Railroad Commissioner,,REP,Christi Craddick,3,2,1,0,0,0
Comanche,Pct 2 GISD,Railroad Commissioner,,DEM,Katherine Culbert,0,0,0,0,0,0
Comanche,Pct 2 GISD,Railroad Commissioner,,LIB,Hawk Dunlap,0,0,0,0,0,0
Comanche,Pct 2 GISD,Railroad Commissioner,,GRN,Eddie Espinoza,0,0,0,0,0,0
Comanche,Pct 2 GISD,Railroad Commissioner,,,Under Votes,1,0,1,0,0,0
Comanche,Pct 2 GISD,Railroad Commissioner,,,Over Votes,0,0,0,0,0,0
Comanche,Pct 2 GISD,"Justice, Supreme Court, Place 2",,REP,Jimmy Blacklock,4,2,2,0,0,0
Comanche,Pct 2 GISD,"Justice, Supreme Court, Place 2",,DEM,Dasean Jones,0,0,0,0,0,0
Comanche,Pct 2 GISD,"Justice, Supreme Court, Place 2",,,Under Votes,0,0,0,0,0,0
Comanche,Pct 2 GISD,"Justice, Supreme Court, Place 2",,,Over Votes,0,0,0,0,0,0
Comanche,Pct 2 GISD,"Justice, Supreme Court, Place 4",,REP,John Devine,3,2,1,0,0,0
Comanche,Pct 2 GISD,"Justice, Supreme Court, Place 4",,DEM,Christine Vinh Weems,0,0,0,0,0,0
Comanche,Pct 2 GISD,"Justice, Supreme Court, Place 4",,,Under Votes,1,0,1,0,0,0
Comanche,Pct 2 GISD,"Justice, Supreme Court, Place 4",,,Over Votes,0,0,0,0,0,0
Comanche,Pct 2 GISD,"Justice, Supreme Court, Place 6",,REP,Jane Bland,4,2,2,0,0,0
Comanche,Pct 2 GISD,"Justice, Supreme Court, Place 6",,DEM,Bonnie Lee Goldstein,0,0,0,0,0,0
Comanche,Pct 2 GISD,"Justice, Supreme Court, Place 6",,LIB,J. David Roberson,0,0,0,0,0,0
Comanche,Pct 2 GISD,"Justice, Supreme Court, Place 6",,,Under Votes,0,0,0,0,0,0
Comanche,Pct 2 GISD,"Justice, Supreme Court, Place 6",,,Over Votes,0,0,0,0,0,0
Comanche,Pct 2 GISD,"Presiding Judge, Court of Criminal Appeals",,REP,David J. Schenck,3,2,1,0,0,0
Comanche,Pct 2 GISD,"Presiding Judge, Court of Criminal Appeals",,DEM,Holly Taylor,0,0,0,0,0,0
Comanche,Pct 2 GISD,"Presiding Judge, Court of Criminal Appeals",,,Under Votes,1,0,1,0,0,0
Comanche,Pct 2 GISD,"Presiding Judge, Court of Criminal Appeals",,,Over Votes,0,0,0,0,0,0
Comanche,Pct 2 GISD,"Judge, Court of Criminal Appeals, Place 7",,REP,Gina Parker,3,2,1,0,0,0
Comanche,Pct 2 GISD,"Judge, Court of Criminal Appeals, Place 7",,DEM,Nancy Mulder,0,0,0,0,0,0
Comanche,Pct 2 GISD,"Judge, Court of Criminal Appeals, Place 7",,,Under Votes,1,0,1,0,0,0
Comanche,Pct 2 GISD,"Judge, Court of Criminal Appeals, Place 7",,,Over Votes,0,0,0,0,0,0
Comanche,Pct 2 GISD,"Judge, Court of Criminal Appeals, Place 8",,REP,Lee Finley,3,2,1,0,0,0
Comanche,Pct 2 GISD,"Judge, Court of Criminal Appeals, Place 8",,DEM,Chika Anyiam,0,0,0,0,0,0
Comanche,Pct 2 GISD,"Judge, Court of Criminal Appeals, Place 8",,,Under Votes,1,0,1,0,0,0
Comanche,Pct 2 GISD,"Judge, Court of Criminal Appeals, Place 8",,,Over Votes,0,0,0,0,0,0
Comanche,Pct 2 GISD,State House,68,REP,David Spiller,4,2,2,0,0,0
Comanche,Pct 2 GISD,State House,68,DEM,Stacey Swann,0,0,0,0,0,0
Comanche,Pct 2 GISD,State House,68,,Under Votes,0,0,0,0,0,0
Comanche,Pct 2 GISD,State House,68,,Over Votes,0,0,0,0,0,0
Comanche,Pct 2 GISD,"Chief Justice, 11th Court of Appeals District",,REP,John Bailey,1,0,1,0,0,0
Comanche,Pct 2 GISD,"Chief Justice, 11th Court of Appeals District",,,Under Votes,3,2,1,0,0,0
Comanche,Pct 2 GISD,"Chief Justice, 11th Court of Appeals District",,,Over Votes,0,0,0,0,0,0
Comanche,Pct 2 GISD,"District Attorney, 220th Judicial District",,REP,Adam Sibley,1,0,1,0,0,0
Comanche,Pct 2 GISD,"District Attorney, 220th Judicial District",,,Under Votes,3,2,1,0,0,0
Comanche,Pct 2 GISD,"District Attorney, 220th Judicial District",,,Over Votes,0,0,0,0,0,0
Comanche,Pct 2 GISD,County Attorney,,REP,Molly Odgers,1,0,1,0,0,0
Comanche,Pct 2 GISD,County Attorney,,,Under Votes,3,2,1,0,0,0
Comanche,Pct 2 GISD,County Attorney,,,Over Votes,0,0,0,0,0,0
Comanche,Pct 2 GISD,Sheriff,,REP,Chris Pounds,1,0,1,0,0,0
Comanche,Pct 2 GISD,Sheriff,,,Under Votes,3,2,1,0,0,0
Comanche,Pct 2 GISD,Sheriff,,,Over Votes,0,0,0,0,0,0
Comanche,Pct 2 GISD,County Tax Assessor-Collector,,REP,Grace E. Everheart,1,0,1,0,0,0
Comanche,Pct 2 GISD,County Tax Assessor-Collector,,,Under Votes,3,2,1,0,0,0
Comanche,Pct 2 GISD,County Tax Assessor-Collector,,,Over Votes,0,0,0,0,0,0
Comanche,Pct 2 GISD,County Constable,,REP,Mark McDonald,2,0,2,0,0,0
Comanche,Pct 2 GISD,County Constable,,,Under Votes,2,2,0,0,0,0
Comanche,Pct 2 GISD,County Constable,,,Over Votes,0,0,0,0,0,0
Comanche,Pct 2 GISD,Gustine ISD Board of Trustees,,,Kenneth Braim,2,2,0,0,0,0
Comanche,Pct 2 GISD,Gustine ISD Board of Trustees,,,James Littlejohn,3,2,1,0,0,0
Comanche,Pct 2 GISD,Gustine ISD Board of Trustees,,,Preston Cone,0,0,0,0,0,0
Comanche,Pct 2 GISD,Gustine ISD Board of Trustees,,,Peggy Reeves,0,0,0,0,0,0
Comanche,Pct 2 GISD,Gustine ISD Board of Trustees,,,Crystal Pope Drew,0,0,0,0,0,0
Comanche,Pct 2 GISD,Gustine ISD Board of Trustees,,,Quentin C. Been,0,0,0,0,0,0
Comanche,Pct 2 GISD,Gustine ISD Board of Trustees,,,Steve Ruedas,0,0,0,0,0,0
Comanche,Pct 2 GISD,Gustine ISD Board of Trustees,,,Jarrett Westfall,0,0,0,0,0,0
Comanche,Pct 2 GISD,Gustine ISD Board of Trustees,,,Pete McDougal,0,0,0,0,0,0
Comanche,Pct 2 GISD,Gustine ISD Board of Trustees,,,Under Votes,11,4,7,0,0,0
Comanche,Pct 2 GISD,Gustine ISD Board of Trustees,,,Over Votes,0,0,0,0,0,0
Comanche,Pct 6 GISD,Registered Voters,,,,344,,,,,
Comanche,Pct 6 GISD,Ballots Cast,,,,215,,,,,
Comanche,Pct 6 GISD,President,,REP,Donald J. Trump,189,9,108,72,0,0
Comanche,Pct 6 GISD,President,,DEM,Kamala D. Harris,21,0,14,7,0,0
Comanche,Pct 6 GISD,President,,LIB,Chase Oliver,5,2,0,3,0,0
Comanche,Pct 6 GISD,President,,GRN,Jill Stein,0,0,0,0,0,0
Comanche,Pct 6 GISD,President,,,Under Votes,0,0,0,0,0,0
Comanche,Pct 6 GISD,President,,,Over Votes,0,0,0,0,0,0
Comanche,Pct 6 GISD,U.S. Senate,,REP,Ted Cruz,177,11,101,65,0,0
Comanche,Pct 6 GISD,U.S. Senate,,DEM,Colin Allred,29,0,18,11,0,0
Comanche,Pct 6 GISD,U.S. Senate,,LIB,Ted Brown,3,0,2,1,0,0
Comanche,Pct 6 GISD,U.S. Senate,,,Under Votes,6,0,1,5,0,0
Comanche,Pct 6 GISD,U.S. Senate,,,Over Votes,0,0,0,0,0,0
Comanche,Pct 6 GISD,U.S. House,25,REP,Roger Williams,181,11,104,66,0,0
Comanche,Pct 6 GISD,U.S. House,25,,Under Votes,34,0,18,16,0,0
Comanche,Pct 6 GISD,U.S. House,25,,Over Votes,0,0,0,0,0,0
Comanche,Pct 6 GISD,Railroad Commissioner,,REP,Christi Craddick,167,9,97,61,0,0
Comanche,Pct 6 GISD,Railroad Commissioner,,DEM,Katherine Culbert,18,0,12,6,0,0
Comanche,Pct 6 GISD,Railroad Commissioner,,LIB,Hawk Dunlap,11,2,4,5,0,0
Comanche,Pct 6 GISD,Railroad Commissioner,,GRN,Eddie Espinoza,5,0,2,3,0,0
Comanche,Pct 6 GISD,Railroad Commissioner,,,Under Votes,14,0,7,7,0,0
Comanche,Pct 6 GISD,Railroad Commissioner,,,Over Votes,0,0,0,0,0,0
Comanche,Pct 6 GISD,"Justice, Supreme Court, Place 2",,REP,Jimmy Blacklock,180,11,102,67,0,0
Comanche,Pct 6 GISD,"Justice, Supreme Court, Place 2",,DEM,Dasean Jones,23,0,15,8,0,0
Comanche,Pct 6 GISD,"Justice, Supreme Court, Place 2",,,Under Votes,12,0,5,7,0,0
Comanche,Pct 6 GISD,"Justice, Supreme Court, Place 2",,,Over Votes,0,0,0,0,0,0
Comanche,Pct 6 GISD,"Justice, Supreme Court, Place 4",,REP,John Devine,178,11,100,67,0,0
Comanche,Pct 6 GISD,"Justice, Supreme Court, Place 4",,DEM,Christine Vinh Weems,23,0,16,7,0,0
Comanche,Pct 6 GISD,"Justice, Supreme Court, Place 4",,,Under Votes,14,0,6,8,0,0
Comanche,Pct 6 GISD,"Justice, Supreme Court, Place 4",,,Over Votes,0,0,0,0,0,0
Comanche,Pct 6 GISD,"Justice, Supreme Court, Place 6",,REP,Jane Bland,174,9,101,64,0,0
Comanche,Pct 6 GISD,"Justice, Supreme Court, Place 6",,DEM,Bonnie Lee Goldstein,20,0,14,6,0,0
Comanche,Pct 6 GISD,"Justice, Supreme Court, Place 6",,LIB,J. David Roberson,8,2,1,5,0,0
Comanche,Pct 6 GISD,"Justice, Supreme Court, Place 6",,,Under Votes,13,0,6,7,0,0
Comanche,Pct 6 GISD,"Justice, Supreme Court, Place 6",,,Over Votes,0,0,0,0,0,0
Comanche,Pct 6 GISD,"Presiding Judge, Court of Criminal Appeals",,REP,David J. Schenck,177,11,99,67,0,0
Comanche,Pct 6 GISD,"Presiding Judge, Court of Criminal Appeals",,DEM,Holly Taylor,23,0,15,8,0,0
Comanche,Pct 6 GISD,"Presiding Judge, Court of Criminal Appeals",,,Under Votes,15,0,8,7,0,0
Comanche,Pct 6 GISD,"Presiding Judge, Court of Criminal Appeals",,,Over Votes,0,0,0,0,0,0
Comanche,Pct 6 GISD,"Judge, Court of Criminal Appeals, Place 7",,REP,Gina Parker,178,11,101,66,0,0
Comanche,Pct 6 GISD,"Judge, Court of Criminal Appeals, Place 7",,DEM,Nancy Mulder,22,0,14,8,0,0
Comanche,Pct 6 GISD,"Judge, Court of Criminal Appeals, Place 7",,,Under Votes,15,0,7,8,0,0
Comanche,Pct 6 GISD,"Judge, Court of Criminal Appeals, Place 7",,,Over Votes,0,0,0,0,0,0
Comanche,Pct 6 GISD,"Judge, Court of Criminal Appeals, Place 8",,REP,Lee Finley,176,11,98,67,0,0
Comanche,Pct 6 GISD,"Judge, Court of Criminal Appeals, Place 8",,DEM,Chika Anyiam,21,0,15,6,0,0
Comanche,Pct 6 GISD,"Judge, Court of Criminal Appeals, Place 8",,,Under Votes,18,0,9,9,0,0
Comanche,Pct 6 GISD,"Judge, Court of Criminal Appeals, Place 8",,,Over Votes,0,0,0,0,0,0
Comanche,Pct 6 GISD,State House,68,REP,David Spiller,180,11,101,68,0,0
Comanche,Pct 6 GISD,State House,68,DEM,Stacey Swann,20,0,14,6,0,0
Comanche,Pct 6 GISD,State House,68,,Under Votes,15,0,7,8,0,0
Comanche,Pct 6 GISD,State House,68,,Over Votes,0,0,0,0,0,0
Comanche,Pct 6 GISD,"Chief Justice, 11th Court of Appeals District",,REP,John Bailey,178,11,104,63,0,0
Comanche,Pct 6 GISD,"Chief Justice, 11th Court of Appeals District",,,Under Votes,37,0,18,19,0,0
Comanche,Pct 6 GISD,"Chief Justice, 11th Court of Appeals District",,,Over Votes,0,0,0,0,0,0
Comanche,Pct 6 GISD,"District Attorney, 220th Judicial District",,REP,Adam Sibley,175,11,101,63,0,0
Comanche,Pct 6 GISD,"District Attorney, 220th Judicial District",,,Under Votes,40,0,21,19,0,0
Comanche,Pct 6 GISD,"District Attorney, 220th Judicial District",,,Over Votes,0,0,0,0,0,0
Comanche,Pct 6 GISD,County Attorney,,REP,Molly Odgers,177,11,103,63,0,0
Comanche,Pct 6 GISD,County Attorney,,,Under Votes,38,0,19,19,0,0
Comanche,Pct 6 GISD,County Attorney,,,Over Votes,0,0,0,0,0,0
Comanche,Pct 6 GISD,Sheriff,,REP,Chris Pounds,185,11,109,65,0,0
Comanche,Pct 6 GISD,Sheriff,,,Under Votes,30,0,13,17,0,0
Comanche,Pct 6 GISD,Sheriff,,,Over Votes,0,0,0,0,0,0
Comanche,Pct 6 GISD,County Tax Assessor-Collector,,REP,Grace E. Everheart,182,11,106,65,0,0
Comanche,Pct 6 GISD,County Tax Assessor-Collector,,,Under Votes,33,0,16,17,0,0
Comanche,Pct 6 GISD,County Tax Assessor-Collector,,,Over Votes,0,0,0,0,0,0
Comanche,Pct 6 GISD,County Constable,,REP,Mark McDonald,178,10,104,64,0,0
Comanche,Pct 6 GISD,County Constable,,,Under Votes,37,1,18,18,0,0
Comanche,Pct 6 GISD,County Constable,,,Over Votes,0,0,0,0,0,0
Comanche,Pct 6 GISD,Gustine ISD Board of Trustees,,,Kenneth Braim,70,4,44,22,0,0
Comanche,Pct 6 GISD,Gustine ISD Board of Trustees,,,James Littlejohn,115,6,60,49,0,0
Comanche,Pct 6 GISD,Gustine ISD Board of Trustees,,,Preston Cone,21,1,13,7,0,0
Comanche,Pct 6 GISD,Gustine ISD Board of Trustees,,,Peggy Reeves,18,3,10,5,0,0
Comanche,Pct 6 GISD,Gustine ISD Board of Trustees,,,Crystal Pope Drew,64,5,32,27,0,0
Comanche,Pct 6 GISD,Gustine ISD Board of Trustees,,,Quentin C. Been,31,1,20,10,0,0
Comanche,Pct 6 GISD,Gustine ISD Board of Trustees,,,Steve Ruedas,69,3,32,34,0,0
Comanche,Pct 6 GISD,Gustine ISD Board of Trustees,,,Jarrett Westfall,72,5,40,27,0,0
Comanche,Pct 6 GISD,Gustine ISD Board of Trustees,,,Pete McDougal,102,5,61,36,0,0
Comanche,Pct 6 GISD,Gustine ISD Board of Trustees,,,Under Votes,298,11,176,111,0,0
Comanche,Pct 6 GISD,Gustine ISD Board of Trustees,,,Over Votes,0,0,0,0,0,0
Comanche,Pct 7 GISD,Registered Voters,,,,329,,,,,
Comanche,Pct 7 GISD,Ballots Cast,,,,209,,,,,
Comanche,Pct 7 GISD,President,,REP,Donald J. Trump,186,2,121,63,0,0
Comanche,Pct 7 GISD,President,,DEM,Kamala D. Harris,23,3,8,12,0,0
Comanche,Pct 7 GISD,President,,LIB,Chase Oliver,0,0,0,0,0,0
Comanche,Pct 7 GISD,President,,GRN,Jill Stein,0,0,0,0,0,0
Comanche,Pct 7 GISD,President,,,Under Votes,0,0,0,0,0,0
Comanche,Pct 7 GISD,President,,,Over Votes,0,0,0,0,0,0
Comanche,Pct 7 GISD,U.S. Senate,,REP,Ted Cruz,178,4,116,58,0,0
Comanche,Pct 7 GISD,U.S. Senate,,DEM,Colin Allred,24,1,10,13,0,0
Comanche,Pct 7 GISD,U.S. Senate,,LIB,Ted Brown,3,0,0,3,0,0
Comanche,Pct 7 GISD,U.S. Senate,,,Under Votes,4,0,3,1,0,0
Comanche,Pct 7 GISD,U.S. Senate,,,Over Votes,0,0,0,0,0,0
Comanche,Pct 7 GISD,U.S. House,25,REP,Roger Williams,176,4,110,62,0,0
Comanche,Pct 7 GISD,U.S. House,25,,Under Votes,33,1,19,13,0,0
Comanche,Pct 7 GISD,U.S. House,25,,Over Votes,0,0,0,0,0,0
Comanche,Pct 7 GISD,Railroad Commissioner,,REP,Christi Craddick,169,4,110,55,0,0
Comanche,Pct 7 GISD,Railroad Commissioner,,DEM,Katherine Culbert,15,1,6,8,0,0
Comanche,Pct 7 GISD,Railroad Commissioner,,LIB,Hawk Dunlap,7,0,4,3,0,0
Comanche,Pct 7 GISD,Railroad Commissioner,,GRN,Eddie Espinoza,3,0,0,3,0,0
Comanche,Pct 7 GISD,Railroad Commissioner,,,Under Votes,15,0,9,6,0,0
Comanche,Pct 7 GISD,Railroad Commissioner,,,Over Votes,0,0,0,0,0,0
Comanche,Pct 7 GISD,"Justice, Supreme Court, Place 2",,REP,Jimmy Blacklock,179,4,116,59,0,0
Comanche,Pct 7 GISD,"Justice, Supreme Court, Place 2",,DEM,Dasean Jones,17,1,6,10,0,0
Comanche,Pct 7 GISD,"Justice, Supreme Court, Place 2",,,Under Votes,13,0,7,6,0,0
Comanche,Pct 7 GISD,"Justice, Supreme Court, Place 2",,,Over Votes,0,0,0,0,0,0
Comanche,Pct 7 GISD,"Justice, Supreme Court, Place 4",,REP,John Devine,176,4,113,59,0,0
Comanche,Pct 7 GISD,"Justice, Supreme Court, Place 4",,DEM,Christine Vinh Weems,17,1,7,9,0,0
Comanche,Pct 7 GISD,"Justice, Supreme Court, Place 4",,,Under Votes,16,0,9,7,0,0
Comanche,Pct 7 GISD,"Justice, Supreme Court, Place 4",,,Over Votes,0,0,0,0,0,0
Comanche,Pct 7 GISD,"Justice, Supreme Court, Place 6",,REP,Jane Bland,171,4,111,56,0,0
Comanche,Pct 7 GISD,"Justice, Supreme Court, Place 6",,DEM,Bonnie Lee Goldstein,15,1,6,8,0,0
Comanche,Pct 7 GISD,"Justice, Supreme Court, Place 6",,LIB,J. David Roberson,9,0,4,5,0,0
Comanche,Pct 7 GISD,"Justice, Supreme Court, Place 6",,,Under Votes,14,0,8,6,0,0
Comanche,Pct 7 GISD,"Justice, Supreme Court, Place 6",,,Over Votes,0,0,0,0,0,0
Comanche,Pct 7 GISD,"Presiding Judge, Court of Criminal Appeals",,REP,David J. Schenck,179,4,116,59,0,0
Comanche,Pct 7 GISD,"Presiding Judge, Court of Criminal Appeals",,DEM,Holly Taylor,18,1,7,10,0,0
Comanche,Pct 7 GISD,"Presiding Judge, Court of Criminal Appeals",,,Under Votes,12,0,6,6,0,0
Comanche,Pct 7 GISD,"Presiding Judge, Court of Criminal Appeals",,,Over Votes,0,0,0,0,0,0
Comanche,Pct 7 GISD,"Judge, Court of Criminal Appeals, Place 7",,REP,Gina Parker,179,4,116,59,0,0
Comanche,Pct 7 GISD,"Judge, Court of Criminal Appeals, Place 7",,DEM,Nancy Mulder,17,1,6,10,0,0
Comanche,Pct 7 GISD,"Judge, Court of Criminal Appeals, Place 7",,,Under Votes,13,0,7,6,0,0
Comanche,Pct 7 GISD,"Judge, Court of Criminal Appeals, Place 7",,,Over Votes,0,0,0,0,0,0
Comanche,Pct 7 GISD,"Judge, Court of Criminal Appeals, Place 8",,REP,Lee Finley,180,4,115,61,0,0
Comanche,Pct 7 GISD,"Judge, Court of Criminal Appeals, Place 8",,DEM,Chika Anyiam,14,1,6,7,0,0
Comanche,Pct 7 GISD,"Judge, Court of Criminal Appeals, Place 8",,,Under Votes,15,0,8,7,0,0
Comanche,Pct 7 GISD,"Judge, Court of Criminal Appeals, Place 8",,,Over Votes,0,0,0,0,0,0
Comanche,Pct 7 GISD,State House,68,REP,David Spiller,177,4,115,58,0,0
Comanche,Pct 7 GISD,State House,68,DEM,Stacey Swann,18,1,6,11,0,0
Comanche,Pct 7 GISD,State House,68,,Under Votes,14,0,8,6,0,0
Comanche,Pct 7 GISD,State House,68,,Over Votes,0,0,0,0,0,0
Comanche,Pct 7 GISD,"Chief Justice, 11th Court of Appeals District",,REP,John Bailey,177,4,110,63,0,0
Comanche,Pct 7 GISD,"Chief Justice, 11th Court of Appeals District",,,Under Votes,32,1,19,12,0,0
Comanche,Pct 7 GISD,"Chief Justice, 11th Court of Appeals District",,,Over Votes,0,0,0,0,0,0
Comanche,Pct 7 GISD,"District Attorney, 220th Judicial District",,REP,Adam Sibley,168,4,105,59,0,0
Comanche,Pct 7 GISD,"District Attorney, 220th Judicial District",,,Under Votes,41,1,24,16,0,0
Comanche,Pct 7 GISD,"District Attorney, 220th Judicial District",,,Over Votes,0,0,0,0,0,0
Comanche,Pct 7 GISD,County Attorney,,REP,Molly Odgers,170,4,106,60,0,0
Comanche,Pct 7 GISD,County Attorney,,,Under Votes,39,1,23,15,0,0
Comanche,Pct 7 GISD,County Attorney,,,Over Votes,0,0,0,0,0,0
Comanche,Pct 7 GISD,Sheriff,,REP,Chris Pounds,172,4,107,61,0,0
Comanche,Pct 7 GISD,Sheriff,,,Under Votes,37,1,22,14,0,0
Comanche,Pct 7 GISD,Sheriff,,,Over Votes,0,0,0,0,0,0
Comanche,Pct 7 GISD,County Tax Assessor-Collector,,REP,Grace E. Everheart,171,5,107,59,0,0
Comanche,Pct 7 GISD,County Tax Assessor-Collector,,,Under Votes,38,0,22,16,0,0
Comanche,Pct 7 GISD,County Tax Assessor-Collector,,,Over Votes,0,0,0,0,0,0
Comanche,Pct 7 GISD,County Commissioner Precinct 3,,DEM,Sherman L. Sides,98,1,55,42,0,0
Comanche,Pct 7 GISD,County Commissioner Precinct 3,,,Under Votes,111,4,74,33,0,0
Comanche,Pct 7 GISD,County Commissioner Precinct 3,,,Over Votes,0,0,0,0,0,0
Comanche,Pct 7 GISD,County Constable,,REP,Mark McDonald,169,4,105,60,0,0
Comanche,Pct 7 GISD,County Constable,,,Under Votes,40,1,24,15,0,0
Comanche,Pct 7 GISD,County Constable,,,Over Votes,0,0,0,0,0,0
Comanche,Pct 7 GISD,Gustine ISD Board of Trustees,,,Kenneth Braim,47,0,29,18,0,0
Comanche,Pct 7 GISD,Gustine ISD Board of Trustees,,,James Littlejohn,97,2,56,39,0,0
Comanche,Pct 7 GISD,Gustine ISD Board of Trustees,,,Preston Cone,29,0,14,15,0,0
Comanche,Pct 7 GISD,Gustine ISD Board of Trustees,,,Peggy Reeves,31,0,25,6,0,0
Comanche,Pct 7 GISD,Gustine ISD Board of Trustees,,,Crystal Pope Drew,60,0,36,24,0,0
Comanche,Pct 7 GISD,Gustine ISD Board of Trustees,,,Quentin C. Been,19,0,9,10,0,0
Comanche,Pct 7 GISD,Gustine ISD Board of Trustees,,,Steve Ruedas,55,1,33,21,0,0
Comanche,Pct 7 GISD,Gustine ISD Board of Trustees,,,Jarrett Westfall,52,2,32,18,0,0
Comanche,Pct 7 GISD,Gustine ISD Board of Trustees,,,Pete McDougal,86,2,54,30,0,0
Comanche,Pct 7 GISD,Gustine ISD Board of Trustees,,,Under Votes,360,13,228,119,0,0
Comanche,Pct 7 GISD,Gustine ISD Board of Trustees,,,Over Votes,0,0,0,0,0,0
Comanche,Pct 9 GISD,Registered Voters,,,,9,,,,,
Comanche,Pct 9 GISD,Ballots Cast,,,,8,,,,,
Comanche,Pct 9 GISD,President,,REP,Donald J. Trump,5,0,3,2,0,0
Comanche,Pct 9 GISD,President,,DEM,Kamala D. Harris,3,2,1,0,0,0
Comanche,Pct 9 GISD,President,,LIB,Chase Oliver,0,0,0,0,0,0
Comanche,Pct 9 GISD,President,,GRN,Jill Stein,0,0,0,0,0,0
Comanche,Pct 9 GISD,President,,,Under Votes,0,0,0,0,0,0
Comanche,Pct 9 GISD,President,,,Over Votes,0,0,0,0,0,0
Comanche,Pct 9 GISD,U.S. Senate,,REP,Ted Cruz,5,0,3,2,0,0
Comanche,Pct 9 GISD,U.S. Senate,,DEM,Colin Allred,3,2,1,0,0,0
Comanche,Pct 9 GISD,U.S. Senate,,LIB,Ted Brown,0,0,0,0,0,0
Comanche,Pct 9 GISD,U.S. Senate,,,Under Votes,0,0,0,0,0,0
Comanche,Pct 9 GISD,U.S. Senate,,,Over Votes,0,0,0,0,0,0
Comanche,Pct 9 GISD,U.S. House,25,REP,Roger Williams,7,2,4,1,0,0
Comanche,Pct 9 GISD,U.S. House,25,,Under Votes,1,0,0,1,0,0
Comanche,Pct 9 GISD,U.S. House,25,,Over Votes,0,0,0,0,0,0
Comanche,Pct 9 GISD,Railroad Commissioner,,REP,Christi Craddick,5,0,3,2,0,0
Comanche,Pct 9 GISD,Railroad Commissioner,,DEM,Katherine Culbert,3,2,1,0,0,0
Comanche,Pct 9 GISD,Railroad Commissioner,,LIB,Hawk Dunlap,0,0,0,0,0,0
Comanche,Pct 9 GISD,Railroad Commissioner,,GRN,Eddie Espinoza,0,0,0,0,0,0
Comanche,Pct 9 GISD,Railroad Commissioner,,,Under Votes,0,0,0,0,0,0
Comanche,Pct 9 GISD,Railroad Commissioner,,,Over Votes,0,0,0,0,0,0
Comanche,Pct 9 GISD,"Justice, Supreme Court, Place 2",,REP,Jimmy Blacklock,5,0,3,2,0,0
Comanche,Pct 9 GISD,"Justice, Supreme Court, Place 2",,DEM,Dasean Jones,3,2,1,0,0,0
Comanche,Pct 9 GISD,"Justice, Supreme Court, Place 2",,,Under Votes,0,0,0,0,0,0
Comanche,Pct 9 GISD,"Justice, Supreme Court, Place 2",,,Over Votes,0,0,0,0,0,0
Comanche,Pct 9 GISD,"Justice, Supreme Court, Place 4",,REP,John Devine,5,0,3,2,0,0
Comanche,Pct 9 GISD,"Justice, Supreme Court, Place 4",,DEM,Christine Vinh Weems,3,2,1,0,0,0
Comanche,Pct 9 GISD,"Justice, Supreme Court, Place 4",,,Under Votes,0,0,0,0,0,0
Comanche,Pct 9 GISD,"Justice, Supreme Court, Place 4",,,Over Votes,0,0,0,0,0,0
Comanche,Pct 9 GISD,"Justice, Supreme Court, Place 6",,REP,Jane Bland,5,0,3,2,0,0
Comanche,Pct 9 GISD,"Justice, Supreme Court, Place 6",,DEM,Bonnie Lee Goldstein,3,2,1,0,0,0
Comanche,Pct 9 GISD,"Justice, Supreme Court, Place 6",,LIB,J. David Roberson,0,0,0,0,0,0
Comanche,Pct 9 GISD,"Justice, Supreme Court, Place 6",,,Under Votes,0,0,0,0,0,0
Comanche,Pct 9 GISD,"Justice, Supreme Court, Place 6",,,Over Votes,0,0,0,0,0,0
Comanche,Pct 9 GISD,"Presiding Judge, Court of Criminal Appeals",,REP,David J. Schenck,5,0,3,2,0,0
Comanche,Pct 9 GISD,"Presiding Judge, Court of Criminal Appeals",,DEM,Holly Taylor,3,2,1,0,0,0
Comanche,Pct 9 GISD,"Presiding Judge, Court of Criminal Appeals",,,Under Votes,0,0,0,0,0,0
Comanche,Pct 9 GISD,"Presiding Judge, Court of Criminal Appeals",,,Over Votes,0,0,0,0,0,0
Comanche,Pct 9 GISD,"Judge, Court of Criminal Appeals, Place 7",,REP,Gina Parker,5,0,3,2,0,0
Comanche,Pct 9 GISD,"Judge, Court of Criminal Appeals, Place 7",,DEM,Nancy Mulder,3,2,1,0,0,0
Comanche,Pct 9 GISD,"Judge, Court of Criminal Appeals, Place 7",,,Under Votes,0,0,0,0,0,0
Comanche,Pct 9 GISD,"Judge, Court of Criminal Appeals, Place 7",,,Over Votes,0,0,0,0,0,0
Comanche,Pct 9 GISD,"Judge, Court of Criminal Appeals, Place 8",,REP,Lee Finley,5,0,3,2,0,0
Comanche,Pct 9 GISD,"Judge, Court of Criminal Appeals, Place 8",,DEM,Chika Anyiam,3,2,1,0,0,0
Comanche,Pct 9 GISD,"Judge, Court of Criminal Appeals, Place 8",,,Under Votes,0,0,0,0,0,0
Comanche,Pct 9 GISD,"Judge, Court of Criminal Appeals, Place 8",,,Over Votes,0,0,0,0,0,0
Comanche,Pct 9 GISD,State House,68,REP,David Spiller,5,0,3,2,0,0
Comanche,Pct 9 GISD,State House,68,DEM,Stacey Swann,3,2,1,0,0,0
Comanche,Pct 9 GISD,State House,68,,Under Votes,0,0,0,0,0,0
Comanche,Pct 9 GISD,State House,68,,Over Votes,0,0,0,0,0,0
Comanche,Pct 9 GISD,"Chief Justice, 11th Court of Appeals District",,REP,John Bailey,7,2,4,1,0,0
Comanche,Pct 9 GISD,"Chief Justice, 11th Court of Appeals District",,,Under Votes,1,0,0,1,0,0
Comanche,Pct 9 GISD,"Chief Justice, 11th Court of Appeals District",,,Over Votes,0,0,0,0,0,0
Comanche,Pct 9 GISD,"District Attorney, 220th Judicial District",,REP,Adam Sibley,8,2,4,2,0,0
Comanche,Pct 9 GISD,"District Attorney, 220th Judicial District",,,Under Votes,0,0,0,0,0,0
Comanche,Pct 9 GISD,"District Attorney, 220th Judicial District",,,Over Votes,0,0,0,0,0,0
Comanche,Pct 9 GISD,County Attorney,,REP,Molly Odgers,8,2,4,2,0,0
Comanche,Pct 9 GISD,County Attorney,,,Under Votes,0,0,0,0,0,0
Comanche,Pct 9 GISD,County Attorney,,,Over Votes,0,0,0,0,0,0
Comanche,Pct 9 GISD,Sheriff,,REP,Chris Pounds,8,2,4,2,0,0
Comanche,Pct 9 GISD,Sheriff,,,Under Votes,0,0,0,0,0,0
Comanche,Pct 9 GISD,Sheriff,,,Over Votes,0,0,0,0,0,0
Comanche,Pct 9 GISD,County Tax Assessor-Collector,,REP,Grace E. Everheart,8,2,4,2,0,0
Comanche,Pct 9 GISD,County Tax Assessor-Collector,,,Under Votes,0,0,0,0,0,0
Comanche,Pct 9 GISD,County Tax Assessor-Collector,,,Over Votes,0,0,0,0,0,0
Comanche,Pct 9 GISD,County Commissioner Precinct 3,,DEM,Sherman L. Sides,5,2,2,1,0,0
Comanche,Pct 9 GISD,County Commissioner Precinct 3,,,Under Votes,3,0,2,1,0,0
Comanche,Pct 9 GISD,County Commissioner Precinct 3,,,Over Votes,0,0,0,0,0,0
Comanche,Pct 9 GISD,County Constable,,REP,Mark McDonald,7,2,3,2,0,0
Comanche,Pct 9 GISD,County Constable,,,Under Votes,1,0,1,0,0,0
Comanche,Pct 9 GISD,County Constable,,,Over Votes,0,0,0,0,0,0
Comanche,Pct 9 GISD,Gustine ISD Board of Trustees,,,Kenneth Braim,1,0,0,1,0,0
Comanche,Pct 9 GISD,Gustine ISD Board of Trustees,,,James Littlejohn,5,0,3,2,0,0
Comanche,Pct 9 GISD,Gustine ISD Board of Trustees,,,Preston Cone,1,0,1,0,0,0
Comanche,Pct 9 GISD,Gustine ISD Board of Trustees,,,Peggy Reeves,0,0,0,0,0,0
Comanche,Pct 9 GISD,Gustine ISD Board of Trustees,,,Crystal Pope Drew,6,2,3,1,0,0
Comanche,Pct 9 GISD,Gustine ISD Board of Trustees,,,Quentin C. Been,4,2,2,0,0,0
Comanche,Pct 9 GISD,Gustine ISD Board of Trustees,,,Steve Ruedas,5,2,3,0,0,0
Comanche,Pct 9 GISD,Gustine ISD Board of Trustees,,,Jarrett Westfall,5,2,2,1,0,0
Comanche,Pct 9 GISD,Gustine ISD Board of Trustees,,,Pete McDougal,4,0,2,2,0,0
Comanche,Pct 9 GISD,Gustine ISD Board of Trustees,,,Under Votes,1,0,0,1,0,0
Comanche,Pct 9 GISD,Gustine ISD Board of Trustees,,,Over Votes,0,0,0,0,0,0
Comanche,Pct 10 GISD,Registered Voters,,,,0,,,,,
Comanche,Pct 10 GISD,Ballots Cast,,,,0,,,,,
Comanche,Pct 10 GISD,President,,REP,Donald J. Trump,0,0,0,0,0,0
Comanche,Pct 10 GISD,President,,DEM,Kamala D. Harris,0,0,0,0,0,0
Comanche,Pct 10 GISD,President,,LIB,Chase Oliver,0,0,0,0,0,0
Comanche,Pct 10 GISD,President,,GRN,Jill Stein,0,0,0,0,0,0
Comanche,Pct 10 GISD,President,,,Under Votes,0,0,0,0,0,0
Comanche,Pct 10 GISD,President,,,Over Votes,0,0,0,0,0,0
Comanche,Pct 10 GISD,U.S. Senate,,REP,Ted Cruz,0,0,0,0,0,0
Comanche,Pct 10 GISD,U.S. Senate,,DEM,Colin Allred,0,0,0,0,0,0
Comanche,Pct 10 GISD,U.S. Senate,,LIB,Ted Brown,0,0,0,0,0,0
Comanche,Pct 10 GISD,U.S. Senate,,,Under Votes,0,0,0,0,0,0
Comanche,Pct 10 GISD,U.S. Senate,,,Over Votes,0,0,0,0,0,0
Comanche,Pct 10 GISD,U.S. House,25,REP,Roger Williams,0,0,0,0,0,0
Comanche,Pct 10 GISD,U.S. House,25,,Under Votes,0,0,0,0,0,0
Comanche,Pct 10 GISD,U.S. House,25,,Over Votes,0,0,0,0,0,0
Comanche,Pct 10 GISD,Railroad Commissioner,,REP,Christi Craddick,0,0,0,0,0,0
Comanche,Pct 10 GISD,Railroad Commissioner,,DEM,Katherine Culbert,0,0,0,0,0,0
Comanche,Pct 10 GISD,Railroad Commissioner,,LIB,Hawk Dunlap,0,0,0,0,0,0
Comanche,Pct 10 GISD,Railroad Commissioner,,GRN,Eddie Espinoza,0,0,0,0,0,0
Comanche,Pct 10 GISD,Railroad Commissioner,,,Under Votes,0,0,0,0,0,0
Comanche,Pct 10 GISD,Railroad Commissioner,,,Over Votes,0,0,0,0,0,0
Comanche,Pct 10 GISD,"Justice, Supreme Court, Place 2",,REP,Jimmy Blacklock,0,0,0,0,0,0
Comanche,Pct 10 GISD,"Justice, Supreme Court, Place 2",,DEM,Dasean Jones,0,0,0,0,0,0
Comanche,Pct 10 GISD,"Justice, Supreme Court, Place 2",,,Under Votes,0,0,0,0,0,0
Comanche,Pct 10 GISD,"Justice, Supreme Court, Place 2",,,Over Votes,0,0,0,0,0,0
Comanche,Pct 10 GISD,"Justice, Supreme Court, Place 4",,REP,John Devine,0,0,0,0,0,0
Comanche,Pct 10 GISD,"Justice, Supreme Court, Place 4",,DEM,Christine Vinh Weems,0,0,0,0,0,0
Comanche,Pct 10 GISD,"Justice, Supreme Court, Place 4",,,Under Votes,0,0,0,0,0,0
Comanche,Pct 10 GISD,"Justice, Supreme Court, Place 4",,,Over Votes,0,0,0,0,0,0
Comanche,Pct 10 GISD,"Justice, Supreme Court, Place 6",,REP,Jane Bland,0,0,0,0,0,0
Comanche,Pct 10 GISD,"Justice, Supreme Court, Place 6",,DEM,Bonnie Lee Goldstein,0,0,0,0,0,0
Comanche,Pct 10 GISD,"Justice, Supreme Court, Place 6",,LIB,J. David Roberson,0,0,0,0,0,0
Comanche,Pct 10 GISD,"Justice, Supreme Court, Place 6",,,Under Votes,0,0,0,0,0,0
Comanche,Pct 10 GISD,"Justice, Supreme Court, Place 6",,,Over Votes,0,0,0,0,0,0
Comanche,Pct 10 GISD,"Presiding Judge, Court of Criminal Appeals",,REP,David J. Schenck,0,0,0,0,0,0
Comanche,Pct 10 GISD,"Presiding Judge, Court of Criminal Appeals",,DEM,Holly Taylor,0,0,0,0,0,0
Comanche,Pct 10 GISD,"Presiding Judge, Court of Criminal Appeals",,,Under Votes,0,0,0,0,0,0
Comanche,Pct 10 GISD,"Presiding Judge, Court of Criminal Appeals",,,Over Votes,0,0,0,0,0,0
Comanche,Pct 10 GISD,"Judge, Court of Criminal Appeals, Place 7",,REP,Gina Parker,0,0,0,0,0,0
Comanche,Pct 10 GISD,"Judge, Court of Criminal Appeals, Place 7",,DEM,Nancy Mulder,0,0,0,0,0,0
Comanche,Pct 10 GISD,"Judge, Court of Criminal Appeals, Place 7",,,Under Votes,0,0,0,0,0,0
Comanche,Pct 10 GISD,"Judge, Court of Criminal Appeals, Place 7",,,Over Votes,0,0,0,0,0,0
Comanche,Pct 10 GISD,"Judge, Court of Criminal Appeals, Place 8",,REP,Lee Finley,0,0,0,0,0,0
Comanche,Pct 10 GISD,"Judge, Court of Criminal Appeals, Place 8",,DEM,Chika Anyiam,0,0,0,0,0,0
Comanche,Pct 10 GISD,"Judge, Court of Criminal Appeals, Place 8",,,Under Votes,0,0,0,0,0,0
Comanche,Pct 10 GISD,"Judge, Court of Criminal Appeals, Place 8",,,Over Votes,0,0,0,0,0,0
Comanche,Pct 10 GISD,State House,68,REP,David Spiller,0,0,0,0,0,0
Comanche,Pct 10 GISD,State House,68,DEM,Stacey Swann,0,0,0,0,0,0
Comanche,Pct 10 GISD,State House,68,,Under Votes,0,0,0,0,0,0
Comanche,Pct 10 GISD,State House,68,,Over Votes,0,0,0,0,0,0
Comanche,Pct 10 GISD,"Chief Justice, 11th Court of Appeals District",,REP,John Bailey,0,0,0,0,0,0
Comanche,Pct 10 GISD,"Chief Justice, 11th Court of Appeals District",,,Under Votes,0,0,0,0,0,0
Comanche,Pct 10 GISD,"Chief Justice, 11th Court of Appeals District",,,Over Votes,0,0,0,0,0,0
Comanche,Pct 10 GISD,"District Attorney, 220th Judicial District",,REP,Adam Sibley,0,0,0,0,0,0
Comanche,Pct 10 GISD,"District Attorney, 220th Judicial District",,,Under Votes,0,0,0,0,0,0
Comanche,Pct 10 GISD,"District Attorney, 220th Judicial District",,,Over Votes,0,0,0,0,0,0
Comanche,Pct 10 GISD,County Attorney,,REP,Molly Odgers,0,0,0,0,0,0
Comanche,Pct 10 GISD,County Attorney,,,Under Votes,0,0,0,0,0,0
Comanche,Pct 10 GISD,County Attorney,,,Over Votes,0,0,0,0,0,0
Comanche,Pct 10 GISD,Sheriff,,REP,Chris Pounds,0,0,0,0,0,0
Comanche,Pct 10 GISD,Sheriff,,,Under Votes,0,0,0,0,0,0
Comanche,Pct 10 GISD,Sheriff,,,Over Votes,0,0,0,0,0,0
Comanche,Pct 10 GISD,County Tax Assessor-Collector,,REP,Grace E. Everheart,0,0,0,0,0,0
Comanche,Pct 10 GISD,County Tax Assessor-Collector,,,Under Votes,0,0,0,0,0,0
Comanche,Pct 10 GISD,County Tax Assessor-Collector,,,Over Votes,0,0,0,0,0,0
Comanche,Pct 10 GISD,County Commissioner Precinct 3,,DEM,Sherman L. Sides,0,0,0,0,0,0
Comanche,Pct 10 GISD,County Commissioner Precinct 3,,,Under Votes,0,0,0,0,0,0
Comanche,Pct 10 GISD,County Commissioner Precinct 3,,,Over Votes,0,0,0,0,0,0
Comanche,Pct 10 GISD,County Constable,,REP,Mark McDonald,0,0,0,0,0,0
Comanche,Pct 10 GISD,County Constable,,,Under Votes,0,0,0,0,0,0
Comanche,Pct 10 GISD,County Constable,,,Over Votes,0,0,0,0,0,0
Comanche,Pct 10 GISD,Gustine ISD Board of Trustees,,,Kenneth Braim,0,0,0,0,0,0
Comanche,Pct 10 GISD,Gustine ISD Board of Trustees,,,James Littlejohn,0,0,0,0,0,0
Comanche,Pct 10 GISD,Gustine ISD Board of Trustees,,,Preston Cone,0,0,0,0,0,0
Comanche,Pct 10 GISD,Gustine ISD Board of Trustees,,,Peggy Reeves,0,0,0,0,0,0
Comanche,Pct 10 GISD,Gustine ISD Board of Trustees,,,Crystal Pope Drew,0,0,0,0,0,0
Comanche,Pct 10 GISD,Gustine ISD Board of Trustees,,,Quentin C. Been,0,0,0,0,0,0
Comanche,Pct 10 GISD,Gustine ISD Board of Trustees,,,Steve Ruedas,0,0,0,0,0,0
Comanche,Pct 10 GISD,Gustine ISD Board of Trustees,,,Jarrett Westfall,0,0,0,0,0,0
Comanche,Pct 10 GISD,Gustine ISD Board of Trustees,,,Pete McDougal,0,0,0,0,0,0
Comanche,Pct 10 GISD,Gustine ISD Board of Trustees,,,Under Votes,0,0,0,0,0,0
Comanche,Pct 10 GISD,Gustine ISD Board of Trustees,,,Over Votes,0,0,0,0,0,0
Comanche,Pct 7 PISD,Registered Voters,,,,4,,,,,
Comanche,Pct 7 PISD,Ballots Cast,,,,4,,,,,
Comanche,Pct 7 PISD,President,,REP,Donald J. Trump,2,0,0,2,0,0
Comanche,Pct 7 PISD,President,,DEM,Kamala D. Harris,2,0,0,2,0,0
Comanche,Pct 7 PISD,President,,LIB,Chase Oliver,0,0,0,0,0,0
Comanche,Pct 7 PISD,President,,GRN,Jill Stein,0,0,0,0,0,0
Comanche,Pct 7 PISD,President,,,Under Votes,0,0,0,0,0,0
Comanche,Pct 7 PISD,President,,,Over Votes,0,0,0,0,0,0
Comanche,Pct 7 PISD,U.S. Senate,,REP,Ted Cruz,2,0,0,2,0,0
Comanche,Pct 7 PISD,U.S. Senate,,DEM,Colin Allred,2,0,0,2,0,0
Comanche,Pct 7 PISD,U.S. Senate,,LIB,Ted Brown,0,0,0,0,0,0
Comanche,Pct 7 PISD,U.S. Senate,,,Under Votes,0,0,0,0,0,0
Comanche,Pct 7 PISD,U.S. Senate,,,Over Votes,0,0,0,0,0,0
Comanche,Pct 7 PISD,U.S. House,25,REP,Roger Williams,2,0,0,2,0,0
Comanche,Pct 7 PISD,U.S. House,25,,Under Votes,2,0,0,2,0,0
Comanche,Pct 7 PISD,U.S. House,25,,Over Votes,0,0,0,0,0,0
Comanche,Pct 7 PISD,Railroad Commissioner,,REP,Christi Craddick,1,0,0,1,0,0
Comanche,Pct 7 PISD,Railroad Commissioner,,DEM,Katherine Culbert,2,0,0,2,0,0
Comanche,Pct 7 PISD,Railroad Commissioner,,LIB,Hawk Dunlap,0,0,0,0,0,0
Comanche,Pct 7 PISD,Railroad Commissioner,,GRN,Eddie Espinoza,0,0,0,0,0,0
Comanche,Pct 7 PISD,Railroad Commissioner,,,Under Votes,1,0,0,1,0,0
Comanche,Pct 7 PISD,Railroad Commissioner,,,Over Votes,0,0,0,0,0,0
Comanche,Pct 7 PISD,"Justice, Supreme Court, Place 2",,REP,Jimmy Blacklock,2,0,0,2,0,0
Comanche,Pct 7 PISD,"Justice, Supreme Court, Place 2",,DEM,Dasean Jones,1,0,0,1,0,0
Comanche,Pct 7 PISD,"Justice, Supreme Court, Place 2",,,Under Votes,1,0,0,1,0,0
Comanche,Pct 7 PISD,"Justice, Supreme Court, Place 2",,,Over Votes,0,0,0,0,0,0
Comanche,Pct 7 PISD,"Justice, Supreme Court, Place 4",,REP,John Devine,3,0,0,3,0,0
Comanche,Pct 7 PISD,"Justice, Supreme Court, Place 4",,DEM,Christine Vinh Weems,1,0,0,1,0,0
Comanche,Pct 7 PISD,"Justice, Supreme Court, Place 4",,,Under Votes,0,0,0,0,0,0
Comanche,Pct 7 PISD,"Justice, Supreme Court, Place 4",,,Over Votes,0,0,0,0,0,0
Comanche,Pct 7 PISD,"Justice, Supreme Court, Place 6",,REP,Jane Bland,1,0,0,1,0,0
Comanche,Pct 7 PISD,"Justice, Supreme Court, Place 6",,DEM,Bonnie Lee Goldstein,2,0,0,2,0,0
Comanche,Pct 7 PISD,"Justice, Supreme Court, Place 6",,LIB,J. David Roberson,1,0,0,1,0,0
Comanche,Pct 7 PISD,"Justice, Supreme Court, Place 6",,,Under Votes,0,0,0,0,0,0
Comanche,Pct 7 PISD,"Justice, Supreme Court, Place 6",,,Over Votes,0,0,0,0,0,0
Comanche,Pct 7 PISD,"Presiding Judge, Court of Criminal Appeals",,REP,David J. Schenck,1,0,0,1,0,0
Comanche,Pct 7 PISD,"Presiding Judge, Court of Criminal Appeals",,DEM,Holly Taylor,2,0,0,2,0,0
Comanche,Pct 7 PISD,"Presiding Judge, Court of Criminal Appeals",,,Under Votes,1,0,0,1,0,0
Comanche,Pct 7 PISD,"Presiding Judge, Court of Criminal Appeals",,,Over Votes,0,0,0,0,0,0
Comanche,Pct 7 PISD,"Judge, Court of Criminal Appeals, Place 7",,REP,Gina Parker,1,0,0,1,0,0
Comanche,Pct 7 PISD,"Judge, Court of Criminal Appeals, Place 7",,DEM,Nancy Mulder,2,0,0,2,0,0
Comanche,Pct 7 PISD,"Judge, Court of Criminal Appeals, Place 7",,,Under Votes,1,0,0,1,0,0
Comanche,Pct 7 PISD,"Judge, Court of Criminal Appeals, Place 7",,,Over Votes,0,0,0,0,0,0
Comanche,Pct 7 PISD,"Judge, Court of Criminal Appeals, Place 8",,REP,Lee Finley,2,0,0,2,0,0
Comanche,Pct 7 PISD,"Judge, Court of Criminal Appeals, Place 8",,DEM,Chika Anyiam,1,0,0,1,0,0
Comanche,Pct 7 PISD,"Judge, Court of Criminal Appeals, Place 8",,,Under Votes,1,0,0,1,0,0
Comanche,Pct 7 PISD,"Judge, Court of Criminal Appeals, Place 8",,,Over Votes,0,0,0,0,0,0
Comanche,Pct 7 PISD,State House,68,REP,David Spiller,1,0,0,1,0,0
Comanche,Pct 7 PISD,State House,68,DEM,Stacey Swann,2,0,0,2,0,0
Comanche,Pct 7 PISD,State House,68,,Under Votes,1,0,0,1,0,0
Comanche,Pct 7 PISD,State House,68,,Over Votes,0,0,0,0,0,0
Comanche,Pct 7 PISD,"Chief Justice, 11th Court of Appeals District",,REP,John Bailey,2,0,0,2,0,0
Comanche,Pct 7 PISD,"Chief Justice, 11th Court of Appeals District",,,Under Votes,2,0,0,2,0,0
Comanche,Pct 7 PISD,"Chief Justice, 11th Court of Appeals District",,,Over Votes,0,0,0,0,0,0
Comanche,Pct 7 PISD,"District Attorney, 220th Judicial District",,REP,Adam Sibley,2,0,0,2,0,0
Comanche,Pct 7 PISD,"District Attorney, 220th Judicial District",,,Under Votes,2,0,0,2,0,0
Comanche,Pct 7 PISD,"District Attorney, 220th Judicial District",,,Over Votes,0,0,0,0,0,0
Comanche,Pct 7 PISD,County Attorney,,REP,Molly Odgers,2,0,0,2,0,0
Comanche,Pct 7 PISD,County Attorney,,,Under Votes,2,0,0,2,0,0
Comanche,Pct 7 PISD,County Attorney,,,Over Votes,0,0,0,0,0,0
Comanche,Pct 7 PISD,Sheriff,,REP,Chris Pounds,2,0,0,2,0,0
Comanche,Pct 7 PISD,Sheriff,,,Under Votes,2,0,0,2,0,0
Comanche,Pct 7 PISD,Sheriff,,,Over Votes,0,0,0,0,0,0
Comanche,Pct 7 PISD,County Tax Assessor-Collector,,REP,Grace E. Everheart,2,0,0,2,0,0
Comanche,Pct 7 PISD,County Tax Assessor-Collector,,,Under Votes,2,0,0,2,0,0
Comanche,Pct 7 PISD,County Tax Assessor-Collector,,,Over Votes,0,0,0,0,0,0
Comanche,Pct 7 PISD,County Commissioner Precinct 3,,DEM,Sherman L. Sides,1,0,0,1,0,0
Comanche,Pct 7 PISD,County Commissioner Precinct 3,,,Under Votes,3,0,0,3,0,0
Comanche,Pct 7 PISD,County Commissioner Precinct 3,,,Over Votes,0,0,0,0,0,0
Comanche,Pct 7 PISD,County Constable,,REP,Mark McDonald,3,0,0,3,0,0
Comanche,Pct 7 PISD,County Constable,,,Under Votes,1,0,0,1,0,0
Comanche,Pct 7 PISD,County Constable,,,Over Votes,0,0,0,0,0,0
Comanche,Pct 7 PISD,Priddy ISD Board of Trustees,,,Wesley G. Peters,1,0,0,1,0,0
Comanche,Pct 7 PISD,Priddy ISD Board of Trustees,,,LaDonna Feist,0,0,0,0,0,0
Comanche,Pct 7 PISD,Priddy ISD Board of Trustees,,,Ross Rhoades,0,0,0,0,0,0
Comanche,Pct 7 PISD,Priddy ISD Board of Trustees,,,Barry Randolph,0,0,0,0,0,0
Comanche,Pct 7 PISD,Priddy ISD Board of Trustees,,,Under Votes,11,0,0,11,0,0
Comanche,Pct 7 PISD,Priddy ISD Board of Trustees,,,Over Votes,0,0,0,0,0,0
Comanche,Pct 15 MISD,Registered Voters,,,,81,,,,,
Comanche,Pct 15 MISD,Ballots Cast,,,,43,,,,,
Comanche,Pct 15 MISD,President,,REP,Donald J. Trump,40,0,26,14,0,0
Comanche,Pct 15 MISD,President,,DEM,Kamala D. Harris,2,0,0,2,0,0
Comanche,Pct 15 MISD,President,,LIB,Chase Oliver,0,0,0,0,0,0
Comanche,Pct 15 MISD,President,,GRN,Jill Stein,0,0,0,0,0,0
Comanche,Pct 15 MISD,President,,,Under Votes,1,0,0,1,0,0
Comanche,Pct 15 MISD,President,,,Over Votes,0,0,0,0,0,0
Comanche,Pct 15 MISD,U.S. Senate,,REP,Ted Cruz,40,0,26,14,0,0
Comanche,Pct 15 MISD,U.S. Senate,,DEM,Colin Allred,2,0,0,2,0,0
Comanche,Pct 15 MISD,U.S. Senate,,LIB,Ted Brown,0,0,0,0,0,0
Comanche,Pct 15 MISD,U.S. Senate,,,Under Votes,1,0,0,1,0,0
Comanche,Pct 15 MISD,U.S. Senate,,,Over Votes,0,0,0,0,0,0
Comanche,Pct 15 MISD,U.S. House,25,REP,Roger Williams,38,0,26,12,0,0
Comanche,Pct 15 MISD,U.S. House,25,,CHAD HAGG,1,0,0,1,0,0
Comanche,Pct 15 MISD,U.S. House,25,,Under Votes,4,0,0,4,0,0
Comanche,Pct 15 MISD,U.S. House,25,,Over Votes,0,0,0,0,0,0
Comanche,Pct 15 MISD,Railroad Commissioner,,REP,Christi Craddick,37,0,25,12,0,0
Comanche,Pct 15 MISD,Railroad Commissioner,,DEM,Katherine Culbert,1,0,0,1,0,0
Comanche,Pct 15 MISD,Railroad Commissioner,,LIB,Hawk Dunlap,3,0,1,2,0,0
Comanche,Pct 15 MISD,Railroad Commissioner,,GRN,Eddie Espinoza,0,0,0,0,0,0
Comanche,Pct 15 MISD,Railroad Commissioner,,,Under Votes,1,0,0,1,0,0
Comanche,Pct 15 MISD,Railroad Commissioner,,,Over Votes,1,0,0,1,0,0
Comanche,Pct 15 MISD,"Justice, Supreme Court, Place 2",,REP,Jimmy Blacklock,37,0,24,13,0,0
Comanche,Pct 15 MISD,"Justice, Supreme Court, Place 2",,DEM,Dasean Jones,2,0,0,2,0,0
Comanche,Pct 15 MISD,"Justice, Supreme Court, Place 2",,,Under Votes,4,0,2,2,0,0
Comanche,Pct 15 MISD,"Justice, Supreme Court, Place 2",,,Over Votes,0,0,0,0,0,0
Comanche,Pct 15 MISD,"Justice, Supreme Court, Place 4",,REP,John Devine,37,0,24,13,0,0
Comanche,Pct 15 MISD,"Justice, Supreme Court, Place 4",,DEM,Christine Vinh Weems,2,0,0,2,0,0
Comanche,Pct 15 MISD,"Justice, Supreme Court, Place 4",,,Under Votes,4,0,2,2,0,0
Comanche,Pct 15 MISD,"Justice, Supreme Court, Place 4",,,Over Votes,0,0,0,0,0,0
Comanche,Pct 15 MISD,"Justice, Supreme Court, Place 6",,REP,Jane Bland,38,0,25,13,0,0
Comanche,Pct 15 MISD,"Justice, Supreme Court, Place 6",,DEM,Bonnie Lee Goldstein,1,0,0,1,0,0
Comanche,Pct 15 MISD,"Justice, Supreme Court, Place 6",,LIB,J. David Roberson,1,0,0,1,0,0
Comanche,Pct 15 MISD,"Justice, Supreme Court, Place 6",,,Under Votes,3,0,1,2,0,0
Comanche,Pct 15 MISD,"Justice, Supreme Court, Place 6",,,Over Votes,0,0,0,0,0,0
Comanche,Pct 15 MISD,"Presiding Judge, Court of Criminal Appeals",,REP,David J. Schenck,37,0,24,13,0,0
Comanche,Pct 15 MISD,"Presiding Judge, Court of Criminal Appeals",,DEM,Holly Taylor,2,0,0,2,0,0
Comanche,Pct 15 MISD,"Presiding Judge, Court of Criminal Appeals",,,Under Votes,4,0,2,2,0,0
Comanche,Pct 15 MISD,"Presiding Judge, Court of Criminal Appeals",,,Over Votes,0,0,0,0,0,0
Comanche,Pct 15 MISD,"Judge, Court of Criminal Appeals, Place 7",,REP,Gina Parker,38,0,25,13,0,0
Comanche,Pct 15 MISD,"Judge, Court of Criminal Appeals, Place 7",,DEM,Nancy Mulder,2,0,0,2,0,0
Comanche,Pct 15 MISD,"Judge, Court of Criminal Appeals, Place 7",,,Under Votes,3,0,1,2,0,0
Comanche,Pct 15 MISD,"Judge, Court of Criminal Appeals, Place 7",,,Over Votes,0,0,0,0,0,0
Comanche,Pct 15 MISD,"Judge, Court of Criminal Appeals, Place 8",,REP,Lee Finley,37,0,24,13,0,0
Comanche,Pct 15 MISD,"Judge, Court of Criminal Appeals, Place 8",,DEM,Chika Anyiam,2,0,0,2,0,0
Comanche,Pct 15 MISD,"Judge, Court of Criminal Appeals, Place 8",,,Under Votes,4,0,2,2,0,0
Comanche,Pct 15 MISD,"Judge, Court of Criminal Appeals, Place 8",,,Over Votes,0,0,0,0,0,0
Comanche,Pct 15 MISD,State House,68,REP,David Spiller,37,0,24,13,0,0
Comanche,Pct 15 MISD,State House,68,DEM,Stacey Swann,3,0,0,3,0,0
Comanche,Pct 15 MISD,State House,68,,Under Votes,3,0,2,1,0,0
Comanche,Pct 15 MISD,State House,68,,Over Votes,0,0,0,0,0,0
Comanche,Pct 15 MISD,"Chief Justice, 11th Court of Appeals District",,REP,John Bailey,37,0,24,13,0,0
Comanche,Pct 15 MISD,"Chief Justice, 11th Court of Appeals District",,,Under Votes,6,0,2,4,0,0
Comanche,Pct 15 MISD,"Chief Justice, 11th Court of Appeals District",,,Over Votes,0,0,0,0,0,0
Comanche,Pct 15 MISD,"District Attorney, 220th Judicial District",,REP,Adam Sibley,36,0,23,13,0,0
Comanche,Pct 15 MISD,"District Attorney, 220th Judicial District",,,Under Votes,7,0,3,4,0,0
Comanche,Pct 15 MISD,"District Attorney, 220th Judicial District",,,Over Votes,0,0,0,0,0,0
Comanche,Pct 15 MISD,County Attorney,,REP,Molly Odgers,36,0,23,13,0,0
Comanche,Pct 15 MISD,County Attorney,,,Under Votes,7,0,3,4,0,0
Comanche,Pct 15 MISD,County Attorney,,,Over Votes,0,0,0,0,0,0
Comanche,Pct 15 MISD,Sheriff,,REP,Chris Pounds,37,0,24,13,0,0
Comanche,Pct 15 MISD,Sheriff,,,Under Votes,6,0,2,4,0,0
Comanche,Pct 15 MISD,Sheriff,,,Over Votes,0,0,0,0,0,0
Comanche,Pct 15 MISD,County Tax Assessor-Collector,,REP,Grace E. Everheart,37,0,24,13,0,0
Comanche,Pct 15 MISD,County Tax Assessor-Collector,,,Under Votes,6,0,2,4,0,0
Comanche,Pct 15 MISD,County Tax Assessor-Collector,,,Over Votes,0,0,0,0,0,0
Comanche,Pct 15 MISD,County Commissioner Precinct 1,,REP,Sheldon T. Scott,37,0,24,13,0,0
Comanche,Pct 15 MISD,County Commissioner Precinct 1,,,Under Votes,6,0,2,4,0,0
Comanche,Pct 15 MISD,County Commissioner Precinct 1,,,Over Votes,0,0,0,0,0,0
Comanche,Pct 15 MISD,County Constable,,REP,Mark McDonald,37,0,24,13,0,0
Comanche,Pct 15 MISD,County Constable,,,Under Votes,6,0,2,4,0,0
Comanche,Pct 15 MISD,County Constable,,,Over Votes,0,0,0,0,0,0
Comanche,Pct 15 MISD,May ISD Council Member,,,Mark Hanson,7,0,5,2,0,0
Comanche,Pct 15 MISD,May ISD Council Member,,,Trey Clevenger,9,0,7,2,0,0
Comanche,Pct 15 MISD,May ISD Council Member,,,Josh King,12,0,11,1,0,0
Comanche,Pct 15 MISD,May ISD Council Member,,,Allison Vail,3,0,1,2,0,0
Comanche,Pct 15 MISD,May ISD Council Member,,,Jeff Phillips,16,0,11,5,0,0
Comanche,Pct 15 MISD,May ISD Council Member,,,Johnny Louthan,5,0,4,1,0,0
Comanche,Pct 15 MISD,May ISD Council Member,,,Under Votes,77,0,39,38,0,0
Comanche,Pct 15 MISD,May ISD Council Member,,,Over Votes,0,0,0,0,0,0
Comanche,Pct 1 Federal Ballot,Registered Voters,,,,0,,,,,
Comanche,Pct 1 Federal Ballot,Ballots Cast,,,,1,,,,,
Comanche,Pct 1 Federal Ballot,President,,REP,Donald J. Trump,0,0,0,0,0,0
Comanche,Pct 1 Federal Ballot,President,,DEM,Kamala D. Harris,1,1,0,0,0,0
Comanche,Pct 1 Federal Ballot,President,,LIB,Chase Oliver,0,0,0,0,0,0
Comanche,Pct 1 Federal Ballot,President,,GRN,Jill Stein,0,0,0,0,0,0
Comanche,Pct 1 Federal Ballot,President,,,Under Votes,0,0,0,0,0,0
Comanche,Pct 1 Federal Ballot,President,,,Over Votes,0,0,0,0,0,0
Comanche,Pct 1 Federal Ballot,U.S. Senate,,REP,Ted Cruz,0,0,0,0,0,0
Comanche,Pct 1 Federal Ballot,U.S. Senate,,DEM,Colin Allred,1,1,0,0,0,0
Comanche,Pct 1 Federal Ballot,U.S. Senate,,LIB,Ted Brown,0,0,0,0,0,0
Comanche,Pct 1 Federal Ballot,U.S. Senate,,,Under Votes,0,0,0,0,0,0
Comanche,Pct 1 Federal Ballot,U.S. Senate,,,Over Votes,0,0,0,0,0,0
Comanche,Pct 1 Federal Ballot,U.S. House,25,REP,Roger Williams,0,0,0,0,0,0
Comanche,Pct 1 Federal Ballot,U.S. House,25,,Under Votes,1,1,0,0,0,0
Comanche,Pct 1 Federal Ballot,U.S. House,25,,Over Votes,0,0,0,0,0,0
Comanche,Pct 2 Federal Ballot,Registered Voters,,,,0,,,,,
Comanche,Pct 2 Federal Ballot,Ballots Cast,,,,2,,,,,
Comanche,Pct 2 Federal Ballot,President,,REP,Donald J. Trump,1,1,0,0,0,0
Comanche,Pct 2 Federal Ballot,President,,DEM,Kamala D. Harris,1,1,0,0,0,0
Comanche,Pct 2 Federal Ballot,President,,LIB,Chase Oliver,0,0,0,0,0,0
Comanche,Pct 2 Federal Ballot,President,,GRN,Jill Stein,0,0,0,0,0,0
Comanche,Pct 2 Federal Ballot,President,,,Under Votes,0,0,0,0,0,0
Comanche,Pct 2 Federal Ballot,President,,,Over Votes,0,0,0,0,0,0
Comanche,Pct 2 Federal Ballot,U.S. Senate,,REP,Ted Cruz,1,1,0,0,0,0
Comanche,Pct 2 Federal Ballot,U.S. Senate,,DEM,Colin Allred,1,1,0,0,0,0
Comanche,Pct 2 Federal Ballot,U.S. Senate,,LIB,Ted Brown,0,0,0,0,0,0
Comanche,Pct 2 Federal Ballot,U.S. Senate,,,Under Votes,0,0,0,0,0,0
Comanche,Pct 2 Federal Ballot,U.S. Senate,,,Over Votes,0,0,0,0,0,0
Comanche,Pct 2 Federal Ballot,U.S. House,25,REP,Roger Williams,1,1,0,0,0,0
Comanche,Pct 2 Federal Ballot,U.S. House,25,,Under Votes,1,1,0,0,0,0
Comanche,Pct 2 Federal Ballot,U.S. House,25,,Over Votes,0,0,0,0,0,0
Comanche,Pct 4 Federal Ballot,Registered Voters,,,,0,,,,,
Comanche,Pct 4 Federal Ballot,Ballots Cast,,,,0,,,,,
Comanche,Pct 4 Federal Ballot,President,,REP,Donald J. Trump,0,0,0,0,0,0
Comanche,Pct 4 Federal Ballot,President,,DEM,Kamala D. Harris,0,0,0,0,0,0
Comanche,Pct 4 Federal Ballot,President,,LIB,Chase Oliver,0,0,0,0,0,0
Comanche,Pct 4 Federal Ballot,President,,GRN,Jill Stein,0,0,0,0,0,0
Comanche,Pct 4 Federal Ballot,President,,,Under Votes,0,0,0,0,0,0
Comanche,Pct 4 Federal Ballot,President,,,Over Votes,0,0,0,0,0,0
Comanche,Pct 4 Federal Ballot,U.S. Senate,,REP,Ted Cruz,0,0,0,0,0,0
Comanche,Pct 4 Federal Ballot,U.S. Senate,,DEM,Colin Allred,0,0,0,0,0,0
Comanche,Pct 4 Federal Ballot,U.S. Senate,,LIB,Ted Brown,0,0,0,0,0,0
Comanche,Pct 4 Federal Ballot,U.S. Senate,,,Under Votes,0,0,0,0,0,0
Comanche,Pct 4 Federal Ballot,U.S. Senate,,,Over Votes,0,0,0,0,0,0
Comanche,Pct 4 Federal Ballot,U.S. House,25,REP,Roger Williams,0,0,0,0,0,0
Comanche,Pct 4 Federal Ballot,U.S. House,25,,Under Votes,0,0,0,0,0,0
Comanche,Pct 4 Federal Ballot,U.S. House,25,,Over Votes,0,0,0,0,0,0
Comanche,Pct 5 Federal Ballot,Registered Voters,,,,0,,,,,
Comanche,Pct 5 Federal Ballot,Ballots Cast,,,,0,,,,,
Comanche,Pct 5 Federal Ballot,President,,REP,Donald J. Trump,0,0,0,0,0,0
Comanche,Pct 5 Federal Ballot,President,,DEM,Kamala D. Harris,0,0,0,0,0,0
Comanche,Pct 5 Federal Ballot,President,,LIB,Chase Oliver,0,0,0,0,0,0
Comanche,Pct 5 Federal Ballot,President,,GRN,Jill Stein,0,0,0,0,0,0
Comanche,Pct 5 Federal Ballot,President,,,Under Votes,0,0,0,0,0,0
Comanche,Pct 5 Federal Ballot,President,,,Over Votes,0,0,0,0,0,0
Comanche,Pct 5 Federal Ballot,U.S. Senate,,REP,Ted Cruz,0,0,0,0,0,0
Comanche,Pct 5 Federal Ballot,U.S. Senate,,DEM,Colin Allred,0,0,0,0,0,0
Comanche,Pct 5 Federal Ballot,U.S. Senate,,LIB,Ted Brown,0,0,0,0,0,0
Comanche,Pct 5 Federal Ballot,U.S. Senate,,,Under Votes,0,0,0,0,0,0
Comanche,Pct 5 Federal Ballot,U.S. Senate,,,Over Votes,0,0,0,0,0,0
Comanche,Pct 5 Federal Ballot,U.S. House,25,REP,Roger Williams,0,0,0,0,0,0
Comanche,Pct 5 Federal Ballot,U.S. House,25,,Under Votes,0,0,0,0,0,0
Comanche,Pct 5 Federal Ballot,U.S. House,25,,Over Votes,0,0,0,0,0,0
Comanche,Pct 6 Federal Ballot,Registered Voters,,,,0,,,,,
Comanche,Pct 6 Federal Ballot,Ballots Cast,,,,0,,,,,
Comanche,Pct 6 Federal Ballot,President,,REP,Donald J. Trump,0,0,0,0,0,0
Comanche,Pct 6 Federal Ballot,President,,DEM,Kamala D. Harris,0,0,0,0,0,0
Comanche,Pct 6 Federal Ballot,President,,LIB,Chase Oliver,0,0,0,0,0,0
Comanche,Pct 6 Federal Ballot,President,,GRN,Jill Stein,0,0,0,0,0,0
Comanche,Pct 6 Federal Ballot,President,,,Under Votes,0,0,0,0,0,0
Comanche,Pct 6 Federal Ballot,President,,,Over Votes,0,0,0,0,0,0
Comanche,Pct 6 Federal Ballot,U.S. Senate,,REP,Ted Cruz,0,0,0,0,0,0
Comanche,Pct 6 Federal Ballot,U.S. Senate,,DEM,Colin Allred,0,0,0,0,0,0
Comanche,Pct 6 Federal Ballot,U.S. Senate,,LIB,Ted Brown,0,0,0,0,0,0
Comanche,Pct 6 Federal Ballot,U.S. Senate,,,Under Votes,0,0,0,0,0,0
Comanche,Pct 6 Federal Ballot,U.S. Senate,,,Over Votes,0,0,0,0,0,0
Comanche,Pct 6 Federal Ballot,U.S. House,25,REP,Roger Williams,0,0,0,0,0,0
Comanche,Pct 6 Federal Ballot,U.S. House,25,,Under Votes,0,0,0,0,0,0
Comanche,Pct 6 Federal Ballot,U.S. House,25,,Over Votes,0,0,0,0,0,0
Comanche,Pct 7 Federal Ballot,Registered Voters,,,,0,,,,,
Comanche,Pct 7 Federal Ballot,Ballots Cast,,,,1,,,,,
Comanche,Pct 7 Federal Ballot,President,,REP,Donald J. Trump,1,1,0,0,0,0
Comanche,Pct 7 Federal Ballot,President,,DEM,Kamala D. Harris,0,0,0,0,0,0
Comanche,Pct 7 Federal Ballot,President,,LIB,Chase Oliver,0,0,0,0,0,0
Comanche,Pct 7 Federal Ballot,President,,GRN,Jill Stein,0,0,0,0,0,0
Comanche,Pct 7 Federal Ballot,President,,,Under Votes,0,0,0,0,0,0
Comanche,Pct 7 Federal Ballot,President,,,Over Votes,0,0,0,0,0,0
Comanche,Pct 7 Federal Ballot,U.S. Senate,,REP,Ted Cruz,1,1,0,0,0,0
Comanche,Pct 7 Federal Ballot,U.S. Senate,,DEM,Colin Allred,0,0,0,0,0,0
Comanche,Pct 7 Federal Ballot,U.S. Senate,,LIB,Ted Brown,0,0,0,0,0,0
Comanche,Pct 7 Federal Ballot,U.S. Senate,,,Under Votes,0,0,0,0,0,0
Comanche,Pct 7 Federal Ballot,U.S. Senate,,,Over Votes,0,0,0,0,0,0
Comanche,Pct 7 Federal Ballot,U.S. House,25,REP,Roger Williams,1,1,0,0,0,0
Comanche,Pct 7 Federal Ballot,U.S. House,25,,Under Votes,0,0,0,0,0,0
Comanche,Pct 7 Federal Ballot,U.S. House,25,,Over Votes,0,0,0,0,0,0
Comanche,Pct 9 Federal Ballot,Registered Voters,,,,0,,,,,
Comanche,Pct 9 Federal Ballot,Ballots Cast,,,,0,,,,,
Comanche,Pct 9 Federal Ballot,President,,REP,Donald J. Trump,0,0,0,0,0,0
Comanche,Pct 9 Federal Ballot,President,,DEM,Kamala D. Harris,0,0,0,0,0,0
Comanche,Pct 9 Federal Ballot,President,,LIB,Chase Oliver,0,0,0,0,0,0
Comanche,Pct 9 Federal Ballot,President,,GRN,Jill Stein,0,0,0,0,0,0
Comanche,Pct 9 Federal Ballot,President,,,Under Votes,0,0,0,0,0,0
Comanche,Pct 9 Federal Ballot,President,,,Over Votes,0,0,0,0,0,0
Comanche,Pct 9 Federal Ballot,U.S. Senate,,REP,Ted Cruz,0,0,0,0,0,0
Comanche,Pct 9 Federal Ballot,U.S. Senate,,DEM,Colin Allred,0,0,0,0,0,0
Comanche,Pct 9 Federal Ballot,U.S. Senate,,LIB,Ted Brown,0,0,0,0,0,0
Comanche,Pct 9 Federal Ballot,U.S. Senate,,,Under Votes,0,0,0,0,0,0
Comanche,Pct 9 Federal Ballot,U.S. Senate,,,Over Votes,0,0,0,0,0,0
Comanche,Pct 9 Federal Ballot,U.S. House,25,REP,Roger Williams,0,0,0,0,0,0
Comanche,Pct 9 Federal Ballot,U.S. House,25,,Under Votes,0,0,0,0,0,0
Comanche,Pct 9 Federal Ballot,U.S. House,25,,Over Votes,0,0,0,0,0,0
Comanche,Pct 10 Federal Ballot,Registered Voters,,,,0,,,,,
Comanche,Pct 10 Federal Ballot,Ballots Cast,,,,1,,,,,
Comanche,Pct 10 Federal Ballot,President,,REP,Donald J. Trump,1,1,0,0,0,0
Comanche,Pct 10 Federal Ballot,President,,DEM,Kamala D. Harris,0,0,0,0,0,0
Comanche,Pct 10 Federal Ballot,President,,LIB,Chase Oliver,0,0,0,0,0,0
Comanche,Pct 10 Federal Ballot,President,,GRN,Jill Stein,0,0,0,0,0,0
Comanche,Pct 10 Federal Ballot,President,,,Under Votes,0,0,0,0,0,0
Comanche,Pct 10 Federal Ballot,President,,,Over Votes,0,0,0,0,0,0
Comanche,Pct 10 Federal Ballot,U.S. Senate,,REP,Ted Cruz,1,1,0,0,0,0
Comanche,Pct 10 Federal Ballot,U.S. Senate,,DEM,Colin Allred,0,0,0,0,0,0
Comanche,Pct 10 Federal Ballot,U.S. Senate,,LIB,Ted Brown,0,0,0,0,0,0
Comanche,Pct 10 Federal Ballot,U.S. Senate,,,Under Votes,0,0,0,0,0,0
Comanche,Pct 10 Federal Ballot,U.S. Senate,,,Over Votes,0,0,0,0,0,0
Comanche,Pct 10 Federal Ballot,U.S. House,25,REP,Roger Williams,0,0,0,0,0,0
Comanche,Pct 10 Federal Ballot,U.S. House,25,,Under Votes,1,1,0,0,0,0
Comanche,Pct 10 Federal Ballot,U.S. House,25,,Over Votes,0,0,0,0,0,0
Comanche,Pct 11 Federal Ballot,Registered Voters,,,,0,,,,,
Comanche,Pct 11 Federal Ballot,Ballots Cast,,,,0,,,,,
Comanche,Pct 11 Federal Ballot,President,,REP,Donald J. Trump,0,0,0,0,0,0
Comanche,Pct 11 Federal Ballot,President,,DEM,Kamala D. Harris,0,0,0,0,0,0
Comanche,Pct 11 Federal Ballot,President,,LIB,Chase Oliver,0,0,0,0,0,0
Comanche,Pct 11 Federal Ballot,President,,GRN,Jill Stein,0,0,0,0,0,0
Comanche,Pct 11 Federal Ballot,President,,,Under Votes,0,0,0,0,0,0
Comanche,Pct 11 Federal Ballot,President,,,Over Votes,0,0,0,0,0,0
Comanche,Pct 11 Federal Ballot,U.S. Senate,,REP,Ted Cruz,0,0,0,0,0,0
Comanche,Pct 11 Federal Ballot,U.S. Senate,,DEM,Colin Allred,0,0,0,0,0,0
Comanche,Pct 11 Federal Ballot,U.S. Senate,,LIB,Ted Brown,0,0,0,0,0,0
Comanche,Pct 11 Federal Ballot,U.S. Senate,,,Under Votes,0,0,0,0,0,0
Comanche,Pct 11 Federal Ballot,U.S. Senate,,,Over Votes,0,0,0,0,0,0
Comanche,Pct 11 Federal Ballot,U.S. House,25,REP,Roger Williams,0,0,0,0,0,0
Comanche,Pct 11 Federal Ballot,U.S. House,25,,Under Votes,0,0,0,0,0,0
Comanche,Pct 11 Federal Ballot,U.S. House,25,,Over Votes,0,0,0,0,0,0
Comanche,Pct 12 Federal Ballot,Registered Voters,,,,0,,,,,
Comanche,Pct 12 Federal Ballot,Ballots Cast,,,,0,,,,,
Comanche,Pct 12 Federal Ballot,President,,REP,Donald J. Trump,0,0,0,0,0,0
Comanche,Pct 12 Federal Ballot,President,,DEM,Kamala D. Harris,0,0,0,0,0,0
Comanche,Pct 12 Federal Ballot,President,,LIB,Chase Oliver,0,0,0,0,0,0
Comanche,Pct 12 Federal Ballot,President,,GRN,Jill Stein,0,0,0,0,0,0
Comanche,Pct 12 Federal Ballot,President,,,Under Votes,0,0,0,0,0,0
Comanche,Pct 12 Federal Ballot,President,,,Over Votes,0,0,0,0,0,0
Comanche,Pct 12 Federal Ballot,U.S. Senate,,REP,Ted Cruz,0,0,0,0,0,0
Comanche,Pct 12 Federal Ballot,U.S. Senate,,DEM,Colin Allred,0,0,0,0,0,0
Comanche,Pct 12 Federal Ballot,U.S. Senate,,LIB,Ted Brown,0,0,0,0,0,0
Comanche,Pct 12 Federal Ballot,U.S. Senate,,,Under Votes,0,0,0,0,0,0
Comanche,Pct 12 Federal Ballot,U.S. Senate,,,Over Votes,0,0,0,0,0,0
Comanche,Pct 12 Federal Ballot,U.S. House,25,REP,Roger Williams,0,0,0,0,0,0
Comanche,Pct 12 Federal Ballot,U.S. House,25,,Under Votes,0,0,0,0,0,0
Comanche,Pct 12 Federal Ballot,U.S. House,25,,Over Votes,0,0,0,0,0,0
Comanche,Pct 13 Federal Ballot,Registered Voters,,,,0,,,,,
Comanche,Pct 13 Federal Ballot,Ballots Cast,,,,0,,,,,
Comanche,Pct 13 Federal Ballot,President,,REP,Donald J. Trump,0,0,0,0,0,0
Comanche,Pct 13 Federal Ballot,President,,DEM,Kamala D. Harris,0,0,0,0,0,0
Comanche,Pct 13 Federal Ballot,President,,LIB,Chase Oliver,0,0,0,0,0,0
Comanche,Pct 13 Federal Ballot,President,,GRN,Jill Stein,0,0,0,0,0,0
Comanche,Pct 13 Federal Ballot,President,,,Under Votes,0,0,0,0,0,0
Comanche,Pct 13 Federal Ballot,President,,,Over Votes,0,0,0,0,0,0
Comanche,Pct 13 Federal Ballot,U.S. Senate,,REP,Ted Cruz,0,0,0,0,0,0
Comanche,Pct 13 Federal Ballot,U.S. Senate,,DEM,Colin Allred,0,0,0,0,0,0
Comanche,Pct 13 Federal Ballot,U.S. Senate,,LIB,Ted Brown,0,0,0,0,0,0
Comanche,Pct 13 Federal Ballot,U.S. Senate,,,Under Votes,0,0,0,0,0,0
Comanche,Pct 13 Federal Ballot,U.S. Senate,,,Over Votes,0,0,0,0,0,0
Comanche,Pct 13 Federal Ballot,U.S. House,25,REP,Roger Williams,0,0,0,0,0,0
Comanche,Pct 13 Federal Ballot,U.S. House,25,,Under Votes,0,0,0,0,0,0
Comanche,Pct 13 Federal Ballot,U.S. House,25,,Over Votes,0,0,0,0,0,0
Comanche,Pct 14 Federal Ballot,Registered Voters,,,,0,,,,,
Comanche,Pct 14 Federal Ballot,Ballots Cast,,,,0,,,,,
Comanche,Pct 14 Federal Ballot,President,,REP,Donald J. Trump,0,0,0,0,0,0
Comanche,Pct 14 Federal Ballot,President,,DEM,Kamala D. Harris,0,0,0,0,0,0
Comanche,Pct 14 Federal Ballot,President,,LIB,Chase Oliver,0,0,0,0,0,0
Comanche,Pct 14 Federal Ballot,President,,GRN,Jill Stein,0,0,0,0,0,0
Comanche,Pct 14 Federal Ballot,President,,,Under Votes,0,0,0,0,0,0
Comanche,Pct 14 Federal Ballot,President,,,Over Votes,0,0,0,0,0,0
Comanche,Pct 14 Federal Ballot,U.S. Senate,,REP,Ted Cruz,0,0,0,0,0,0
Comanche,Pct 14 Federal Ballot,U.S. Senate,,DEM,Colin Allred,0,0,0,0,0,0
Comanche,Pct 14 Federal Ballot,U.S. Senate,,LIB,Ted Brown,0,0,0,0,0,0
Comanche,Pct 14 Federal Ballot,U.S. Senate,,,Under Votes,0,0,0,0,0,0
Comanche,Pct 14 Federal Ballot,U.S. Senate,,,Over Votes,0,0,0,0,0,0
Comanche,Pct 14 Federal Ballot,U.S. House,25,REP,Roger Williams,0,0,0,0,0,0
Comanche,Pct 14 Federal Ballot,U.S. House,25,,Under Votes,0,0,0,0,0,0
Comanche,Pct 14 Federal Ballot,U.S. House,25,,Over Votes,0,0,0,0,0,0
Comanche,Pct 15 Federal Ballot,Registered Voters,,,,0,,,,,
Comanche,Pct 15 Federal Ballot,Ballots Cast,,,,0,,,,,
Comanche,Pct 15 Federal Ballot,President,,REP,Donald J. Trump,0,0,0,0,0,0
Comanche,Pct 15 Federal Ballot,President,,DEM,Kamala D. Harris,0,0,0,0,0,0
Comanche,Pct 15 Federal Ballot,President,,LIB,Chase Oliver,0,0,0,0,0,0
Comanche,Pct 15 Federal Ballot,President,,GRN,Jill Stein,0,0,0,0,0,0
Comanche,Pct 15 Federal Ballot,President,,,Under Votes,0,0,0,0,0,0
Comanche,Pct 15 Federal Ballot,President,,,Over Votes,0,0,0,0,0,0
Comanche,Pct 15 Federal Ballot,U.S. Senate,,REP,Ted Cruz,0,0,0,0,0,0
Comanche,Pct 15 Federal Ballot,U.S. Senate,,DEM,Colin Allred,0,0,0,0,0,0
Comanche,Pct 15 Federal Ballot,U.S. Senate,,LIB,Ted Brown,0,0,0,0,0,0
Comanche,Pct 15 Federal Ballot,U.S. Senate,,,Under Votes,0,0,0,0,0,0
Comanche,Pct 15 Federal Ballot,U.S. Senate,,,Over Votes,0,0,0,0,0,0
Comanche,Pct 15 Federal Ballot,U.S. House,25,REP,Roger Williams,0,0,0,0,0,0
Comanche,Pct 15 Federal Ballot,U.S. House,25,,Under Votes,0,0,0,0,0,0
Comanche,Pct 15 Federal Ballot,U.S. House,25,,Over Votes,0,0,0,0,0,0
Comanche,Pct 16 Federal Ballot,Registered Voters,,,,0,,,,,
Comanche,Pct 16 Federal Ballot,Ballots Cast,,,,0,,,,,
Comanche,Pct 16 Federal Ballot,President,,REP,Donald J. Trump,0,0,0,0,0,0
Comanche,Pct 16 Federal Ballot,President,,DEM,Kamala D. Harris,0,0,0,0,0,0
Comanche,Pct 16 Federal Ballot,President,,LIB,Chase Oliver,0,0,0,0,0,0
Comanche,Pct 16 Federal Ballot,President,,GRN,Jill Stein,0,0,0,0,0,0
Comanche,Pct 16 Federal Ballot,President,,,Under Votes,0,0,0,0,0,0
Comanche,Pct 16 Federal Ballot,President,,,Over Votes,0,0,0,0,0,0
Comanche,Pct 16 Federal Ballot,U.S. Senate,,REP,Ted Cruz,0,0,0,0,0,0
Comanche,Pct 16 Federal Ballot,U.S. Senate,,DEM,Colin Allred,0,0,0,0,0,0
Comanche,Pct 16 Federal Ballot,U.S. Senate,,LIB,Ted Brown,0,0,0,0,0,0
Comanche,Pct 16 Federal Ballot,U.S. Senate,,,Under Votes,0,0,0,0,0,0
Comanche,Pct 16 Federal Ballot,U.S. Senate,,,Over Votes,0,0,0,0,0,0
Comanche,Pct 16 Federal Ballot,U.S. House,25,REP,Roger Williams,0,0,0,0,0,0
Comanche,Pct 16 Federal Ballot,U.S. House,25,,Under Votes,0,0,0,0,0,0
Comanche,Pct 16 Federal Ballot,U.S. House,25,,Over Votes,0,0,0,0,0,0
Comanche,Pct 1 Presidental Ballot,Registered Voters,,,,0,,,,,
Comanche,Pct 1 Presidental Ballot,Ballots Cast,,,,0,,,,,
Comanche,Pct 1 Presidental Ballot,President,,REP,Donald J. Trump,0,0,0,0,0,0
Comanche,Pct 1 Presidental Ballot,President,,DEM,Kamala D. Harris,0,0,0,0,0,0
Comanche,Pct 1 Presidental Ballot,President,,LIB,Chase Oliver,0,0,0,0,0,0
Comanche,Pct 1 Presidental Ballot,President,,GRN,Jill Stein,0,0,0,0,0,0
Comanche,Pct 1 Presidental Ballot,President,,,Under Votes,0,0,0,0,0,0
Comanche,Pct 1 Presidental Ballot,President,,,Over Votes,0,0,0,0,0,0
Comanche,Pct 2 Presidental Ballot,Registered Voters,,,,0,,,,,
Comanche,Pct 2 Presidental Ballot,Ballots Cast,,,,0,,,,,
Comanche,Pct 2 Presidental Ballot,President,,REP,Donald J. Trump,0,0,0,0,0,0
Comanche,Pct 2 Presidental Ballot,President,,DEM,Kamala D. Harris,0,0,0,0,0,0
Comanche,Pct 2 Presidental Ballot,President,,LIB,Chase Oliver,0,0,0,0,0,0
Comanche,Pct 2 Presidental Ballot,President,,GRN,Jill Stein,0,0,0,0,0,0
Comanche,Pct 2 Presidental Ballot,President,,,Under Votes,0,0,0,0,0,0
Comanche,Pct 2 Presidental Ballot,President,,,Over Votes,0,0,0,0,0,0
Comanche,Pct 4 Presidental Ballot,Registered Voters,,,,0,,,,,
Comanche,Pct 4 Presidental Ballot,Ballots Cast,,,,0,,,,,
Comanche,Pct 4 Presidental Ballot,President,,REP,Donald J. Trump,0,0,0,0,0,0
Comanche,Pct 4 Presidental Ballot,President,,DEM,Kamala D. Harris,0,0,0,0,0,0
Comanche,Pct 4 Presidental Ballot,President,,LIB,Chase Oliver,0,0,0,0,0,0
Comanche,Pct 4 Presidental Ballot,President,,GRN,Jill Stein,0,0,0,0,0,0
Comanche,Pct 4 Presidental Ballot,President,,,Under Votes,0,0,0,0,0,0
Comanche,Pct 4 Presidental Ballot,President,,,Over Votes,0,0,0,0,0,0
Comanche,Pct 5 Presidental Ballot,Registered Voters,,,,0,,,,,
Comanche,Pct 5 Presidental Ballot,Ballots Cast,,,,0,,,,,
Comanche,Pct 5 Presidental Ballot,President,,REP,Donald J. Trump,0,0,0,0,0,0
Comanche,Pct 5 Presidental Ballot,President,,DEM,Kamala D. Harris,0,0,0,0,0,0
Comanche,Pct 5 Presidental Ballot,President,,LIB,Chase Oliver,0,0,0,0,0,0
Comanche,Pct 5 Presidental Ballot,President,,GRN,Jill Stein,0,0,0,0,0,0
Comanche,Pct 5 Presidental Ballot,President,,,Under Votes,0,0,0,0,0,0
Comanche,Pct 5 Presidental Ballot,President,,,Over Votes,0,0,0,0,0,0
Comanche,Pct 6 Presidental Ballot,Registered Voters,,,,0,,,,,
Comanche,Pct 6 Presidental Ballot,Ballots Cast,,,,0,,,,,
Comanche,Pct 6 Presidental Ballot,President,,REP,Donald J. Trump,0,0,0,0,0,0
Comanche,Pct 6 Presidental Ballot,President,,DEM,Kamala D. Harris,0,0,0,0,0,0
Comanche,Pct 6 Presidental Ballot,President,,LIB,Chase Oliver,0,0,0,0,0,0
Comanche,Pct 6 Presidental Ballot,President,,GRN,Jill Stein,0,0,0,0,0,0
Comanche,Pct 6 Presidental Ballot,President,,,Under Votes,0,0,0,0,0,0
Comanche,Pct 6 Presidental Ballot,President,,,Over Votes,0,0,0,0,0,0
Comanche,Pct 7 Presidental Ballot,Registered Voters,,,,0,,,,,
Comanche,Pct 7 Presidental Ballot,Ballots Cast,,,,0,,,,,
Comanche,Pct 7 Presidental Ballot,President,,REP,Donald J. Trump,0,0,0,0,0,0
Comanche,Pct 7 Presidental Ballot,President,,DEM,Kamala D. Harris,0,0,0,0,0,0
Comanche,Pct 7 Presidental Ballot,President,,LIB,Chase Oliver,0,0,0,0,0,0
Comanche,Pct 7 Presidental Ballot,President,,GRN,Jill Stein,0,0,0,0,0,0
Comanche,Pct 7 Presidental Ballot,President,,,Under Votes,0,0,0,0,0,0
Comanche,Pct 7 Presidental Ballot,President,,,Over Votes,0,0,0,0,0,0
Comanche,Pct 9 Presidental Ballot,Registered Voters,,,,0,,,,,
Comanche,Pct 9 Presidental Ballot,Ballots Cast,,,,0,,,,,
Comanche,Pct 9 Presidental Ballot,President,,REP,Donald J. Trump,0,0,0,0,0,0
Comanche,Pct 9 Presidental Ballot,President,,DEM,Kamala D. Harris,0,0,0,0,0,0
Comanche,Pct 9 Presidental Ballot,President,,LIB,Chase Oliver,0,0,0,0,0,0
Comanche,Pct 9 Presidental Ballot,President,,GRN,Jill Stein,0,0,0,0,0,0
Comanche,Pct 9 Presidental Ballot,President,,,Under Votes,0,0,0,0,0,0
Comanche,Pct 9 Presidental Ballot,President,,,Over Votes,0,0,0,0,0,0
Comanche,Pct 10 Presidental Ballot,Registered Voters,,,,0,,,,,
Comanche,Pct 10 Presidental Ballot,Ballots Cast,,,,0,,,,,
Comanche,Pct 10 Presidental Ballot,President,,REP,Donald J. Trump,0,0,0,0,0,0
Comanche,Pct 10 Presidental Ballot,President,,DEM,Kamala D. Harris,0,0,0,0,0,0
Comanche,Pct 10 Presidental Ballot,President,,LIB,Chase Oliver,0,0,0,0,0,0
Comanche,Pct 10 Presidental Ballot,President,,GRN,Jill Stein,0,0,0,0,0,0
Comanche,Pct 10 Presidental Ballot,President,,,Under Votes,0,0,0,0,0,0
Comanche,Pct 10 Presidental Ballot,President,,,Over Votes,0,0,0,0,0,0
Comanche,Pct 11 Presidental Ballot,Registered Voters,,,,0,,,,,
Comanche,Pct 11 Presidental Ballot,Ballots Cast,,,,0,,,,,
Comanche,Pct 11 Presidental Ballot,President,,REP,Donald J. Trump,0,0,0,0,0,0
Comanche,Pct 11 Presidental Ballot,President,,DEM,Kamala D. Harris,0,0,0,0,0,0
Comanche,Pct 11 Presidental Ballot,President,,LIB,Chase Oliver,0,0,0,0,0,0
Comanche,Pct 11 Presidental Ballot,President,,GRN,Jill Stein,0,0,0,0,0,0
Comanche,Pct 11 Presidental Ballot,President,,,Under Votes,0,0,0,0,0,0
Comanche,Pct 11 Presidental Ballot,President,,,Over Votes,0,0,0,0,0,0
Comanche,Pct 12 Presidental Ballot,Registered Voters,,,,0,,,,,
Comanche,Pct 12 Presidental Ballot,Ballots Cast,,,,0,,,,,
Comanche,Pct 12 Presidental Ballot,President,,REP,Donald J. Trump,0,0,0,0,0,0
Comanche,Pct 12 Presidental Ballot,President,,DEM,Kamala D. Harris,0,0,0,0,0,0
Comanche,Pct 12 Presidental Ballot,President,,LIB,Chase Oliver,0,0,0,0,0,0
Comanche,Pct 12 Presidental Ballot,President,,GRN,Jill Stein,0,0,0,0,0,0
Comanche,Pct 12 Presidental Ballot,President,,,Under Votes,0,0,0,0,0,0
Comanche,Pct 12 Presidental Ballot,President,,,Over Votes,0,0,0,0,0,0
Comanche,Pct 13 Presidental Ballot,Registered Voters,,,,0,,,,,
Comanche,Pct 13 Presidental Ballot,Ballots Cast,,,,0,,,,,
Comanche,Pct 13 Presidental Ballot,President,,REP,Donald J. Trump,0,0,0,0,0,0
Comanche,Pct 13 Presidental Ballot,President,,DEM,Kamala D. Harris,0,0,0,0,0,0
Comanche,Pct 13 Presidental Ballot,President,,LIB,Chase Oliver,0,0,0,0,0,0
Comanche,Pct 13 Presidental Ballot,President,,GRN,Jill Stein,0,0,0,0,0,0
Comanche,Pct 13 Presidental Ballot,President,,,Under Votes,0,0,0,0,0,0
Comanche,Pct 13 Presidental Ballot,President,,,Over Votes,0,0,0,0,0,0
Comanche,Pct 14 Presidental Ballot,Registered Voters,,,,0,,,,,
Comanche,Pct 14 Presidental Ballot,Ballots Cast,,,,0,,,,,
Comanche,Pct 14 Presidental Ballot,President,,REP,Donald J. Trump,0,0,0,0,0,0
Comanche,Pct 14 Presidental Ballot,President,,DEM,Kamala D. Harris,0,0,0,0,0,0
Comanche,Pct 14 Presidental Ballot,President,,LIB,Chase Oliver,0,0,0,0,0,0
Comanche,Pct 14 Presidental Ballot,President,,GRN,Jill Stein,0,0,0,0,0,0
Comanche,Pct 14 Presidental Ballot,President,,,Under Votes,0,0,0,0,0,0
Comanche,Pct 14 Presidental Ballot,President,,,Over Votes,0,0,0,0,0,0
Comanche,Pct 15 Presidental Ballot,Registered Voters,,,,0,,,,,
Comanche,Pct 15 Presidental Ballot,Ballots Cast,,,,0,,,,,
Comanche,Pct 15 Presidental Ballot,President,,REP,Donald J. Trump,0,0,0,0,0,0
Comanche,Pct 15 Presidental Ballot,President,,DEM,Kamala D. Harris,0,0,0,0,0,0
Comanche,Pct 15 Presidental Ballot,President,,LIB,Chase Oliver,0,0,0,0,0,0
Comanche,Pct 15 Presidental Ballot,President,,GRN,Jill Stein,0,0,0,0,0,0
Comanche,Pct 15 Presidental Ballot,President,,,Under Votes,0,0,0,0,0,0
Comanche,Pct 15 Presidental Ballot,President,,,Over Votes,0,0,0,0,0,0
Comanche,Pct 16 Presidental Ballot,Registered Voters,,,,0,,,,,
Comanche,Pct 16 Presidental Ballot,Ballots Cast,,,,0,,,,,
Comanche,Pct 16 Presidental Ballot,President,,REP,Donald J. Trump,0,0,0,0,0,0
Comanche,Pct 16 Presidental Ballot,President,,DEM,Kamala D. Harris,0,0,0,0,0,0
Comanche,Pct 16 Presidental Ballot,President,,LIB,Chase Oliver,0,0,0,0,0,0
Comanche,Pct 16 Presidental Ballot,President,,GRN,Jill Stein,0,0,0,0,0,0
Comanche,Pct 16 Presidental Ballot,President,,,Under Votes,0,0,0,0,0,0
Comanche,Pct 16 Presidental Ballot,President,,,Over Votes,0,0,0,0,0,0
Comanche,Pct 12 LISD,Registered Voters,,,,0,,,,,
Comanche,Pct 12 LISD,Ballots Cast,,,,0,,,,,
Comanche,Pct 12 LISD,President,,REP,Donald J. Trump,0,0,0,0,0,0
Comanche,Pct 12 LISD,President,,DEM,Kamala D. Harris,0,0,0,0,0,0
Comanche,Pct 12 LISD,President,,LIB,Chase Oliver,0,0,0,0,0,0
Comanche,Pct 12 LISD,President,,GRN,Jill Stein,0,0,0,0,0,0
Comanche,Pct 12 LISD,President,,,Under Votes,0,0,0,0,0,0
Comanche,Pct 12 LISD,President,,,Over Votes,0,0,0,0,0,0
Comanche,Pct 12 LISD,U.S. Senate,,REP,Ted Cruz,0,0,0,0,0,0
Comanche,Pct 12 LISD,U.S. Senate,,DEM,Colin Allred,0,0,0,0,0,0
Comanche,Pct 12 LISD,U.S. Senate,,LIB,Ted Brown,0,0,0,0,0,0
Comanche,Pct 12 LISD,U.S. Senate,,,Under Votes,0,0,0,0,0,0
Comanche,Pct 12 LISD,U.S. Senate,,,Over Votes,0,0,0,0,0,0
Comanche,Pct 12 LISD,U.S. House,25,REP,Roger Williams,0,0,0,0,0,0
Comanche,Pct 12 LISD,U.S. House,25,,Under Votes,0,0,0,0,0,0
Comanche,Pct 12 LISD,U.S. House,25,,Over Votes,0,0,0,0,0,0
Comanche,Pct 12 LISD,Railroad Commissioner,,REP,Christi Craddick,0,0,0,0,0,0
Comanche,Pct 12 LISD,Railroad Commissioner,,DEM,Katherine Culbert,0,0,0,0,0,0
Comanche,Pct 12 LISD,Railroad Commissioner,,LIB,Hawk Dunlap,0,0,0,0,0,0
Comanche,Pct 12 LISD,Railroad Commissioner,,GRN,Eddie Espinoza,0,0,0,0,0,0
Comanche,Pct 12 LISD,Railroad Commissioner,,,Under Votes,0,0,0,0,0,0
Comanche,Pct 12 LISD,Railroad Commissioner,,,Over Votes,0,0,0,0,0,0
Comanche,Pct 12 LISD,"Justice, Supreme Court, Place 2",,REP,Jimmy Blacklock,0,0,0,0,0,0
Comanche,Pct 12 LISD,"Justice, Supreme Court, Place 2",,DEM,Dasean Jones,0,0,0,0,0,0
Comanche,Pct 12 LISD,"Justice, Supreme Court, Place 2",,,Under Votes,0,0,0,0,0,0
Comanche,Pct 12 LISD,"Justice, Supreme Court, Place 2",,,Over Votes,0,0,0,0,0,0
Comanche,Pct 12 LISD,"Justice, Supreme Court, Place 4",,REP,John Devine,0,0,0,0,0,0
Comanche,Pct 12 LISD,"Justice, Supreme Court, Place 4",,DEM,Christine Vinh Weems,0,0,0,0,0,0
Comanche,Pct 12 LISD,"Justice, Supreme Court, Place 4",,,Under Votes,0,0,0,0,0,0
Comanche,Pct 12 LISD,"Justice, Supreme Court, Place 4",,,Over Votes,0,0,0,0,0,0
Comanche,Pct 12 LISD,"Justice, Supreme Court, Place 6",,REP,Jane Bland,0,0,0,0,0,0
Comanche,Pct 12 LISD,"Justice, Supreme Court, Place 6",,DEM,Bonnie Lee Goldstein,0,0,0,0,0,0
Comanche,Pct 12 LISD,"Justice, Supreme Court, Place 6",,LIB,J. David Roberson,0,0,0,0,0,0
Comanche,Pct 12 LISD,"Justice, Supreme Court, Place 6",,,Under Votes,0,0,0,0,0,0
Comanche,Pct 12 LISD,"Justice, Supreme Court, Place 6",,,Over Votes,0,0,0,0,0,0
Comanche,Pct 12 LISD,"Presiding Judge, Court of Criminal Appeals",,REP,David J. Schenck,0,0,0,0,0,0
Comanche,Pct 12 LISD,"Presiding Judge, Court of Criminal Appeals",,DEM,Holly Taylor,0,0,0,0,0,0
Comanche,Pct 12 LISD,"Presiding Judge, Court of Criminal Appeals",,,Under Votes,0,0,0,0,0,0
Comanche,Pct 12 LISD,"Presiding Judge, Court of Criminal Appeals",,,Over Votes,0,0,0,0,0,0
Comanche,Pct 12 LISD,"Judge, Court of Criminal Appeals, Place 7",,REP,Gina Parker,0,0,0,0,0,0
Comanche,Pct 12 LISD,"Judge, Court of Criminal Appeals, Place 7",,DEM,Nancy Mulder,0,0,0,0,0,0
Comanche,Pct 12 LISD,"Judge, Court of Criminal Appeals, Place 7",,,Under Votes,0,0,0,0,0,0
Comanche,Pct 12 LISD,"Judge, Court of Criminal Appeals, Place 7",,,Over Votes,0,0,0,0,0,0
Comanche,Pct 12 LISD,"Judge, Court of Criminal Appeals, Place 8",,REP,Lee Finley,0,0,0,0,0,0
Comanche,Pct 12 LISD,"Judge, Court of Criminal Appeals, Place 8",,DEM,Chika Anyiam,0,0,0,0,0,0
Comanche,Pct 12 LISD,"Judge, Court of Criminal Appeals, Place 8",,,Under Votes,0,0,0,0,0,0
Comanche,Pct 12 LISD,"Judge, Court of Criminal Appeals, Place 8",,,Over Votes,0,0,0,0,0,0
Comanche,Pct 12 LISD,State House,68,REP,David Spiller,0,0,0,0,0,0
Comanche,Pct 12 LISD,State House,68,DEM,Stacey Swann,0,0,0,0,0,0
Comanche,Pct 12 LISD,State House,68,,Under Votes,0,0,0,0,0,0
Comanche,Pct 12 LISD,State House,68,,Over Votes,0,0,0,0,0,0
Comanche,Pct 12 LISD,"Chief Justice, 11th Court of Appeals District",,REP,John Bailey,0,0,0,0,0,0
Comanche,Pct 12 LISD,"Chief Justice, 11th Court of Appeals District",,,Under Votes,0,0,0,0,0,0
Comanche,Pct 12 LISD,"Chief Justice, 11th Court of Appeals District",,,Over Votes,0,0,0,0,0,0
Comanche,Pct 12 LISD,"District Attorney, 220th Judicial District",,REP,Adam Sibley,0,0,0,0,0,0
Comanche,Pct 12 LISD,"District Attorney, 220th Judicial District",,,Under Votes,0,0,0,0,0,0
Comanche,Pct 12 LISD,"District Attorney, 220th Judicial District",,,Over Votes,0,0,0,0,0,0
Comanche,Pct 12 LISD,County Attorney,,REP,Molly Odgers,0,0,0,0,0,0
Comanche,Pct 12 LISD,County Attorney,,,Under Votes,0,0,0,0,0,0
Comanche,Pct 12 LISD,County Attorney,,,Over Votes,0,0,0,0,0,0
Comanche,Pct 12 LISD,Sheriff,,REP,Chris Pounds,0,0,0,0,0,0
Comanche,Pct 12 LISD,Sheriff,,,Under Votes,0,0,0,0,0,0
Comanche,Pct 12 LISD,Sheriff,,,Over Votes,0,0,0,0,0,0
Comanche,Pct 12 LISD,County Tax Assessor-Collector,,REP,Grace E. Everheart,0,0,0,0,0,0
Comanche,Pct 12 LISD,County Tax Assessor-Collector,,,Under Votes,0,0,0,0,0,0
Comanche,Pct 12 LISD,County Tax Assessor-Collector,,,Over Votes,0,0,0,0,0,0
Comanche,Pct 12 LISD,County Constable,,REP,Mark McDonald,0,0,0,0,0,0
Comanche,Pct 12 LISD,County Constable,,,Under Votes,0,0,0,0,0,0
Comanche,Pct 12 LISD,County Constable,,,Over Votes,0,0,0,0,0,0
Comanche,Pct 12 LISD,Lingleville ISD Trustee Position 1,,,Andrew Grimm,0,0,0,0,0,0
Comanche,Pct 12 LISD,Lingleville ISD Trustee Position 1,,,Sonya Koke,0,0,0,0,0,0
Comanche,Pct 12 LISD,Lingleville ISD Trustee Position 1,,,Under Votes,0,0,0,0,0,0
Comanche,Pct 12 LISD,Lingleville ISD Trustee Position 1,,,Over Votes,0,0,0,0,0,0
Comanche,Pct 12 LISD,Lingleville ISD Trustee Position 2,,,Justin Wilson,0,0,0,0,0,0
Comanche,Pct 12 LISD,Lingleville ISD Trustee Position 2,,,Under Votes,0,0,0,0,0,0
Comanche,Pct 12 LISD,Lingleville ISD Trustee Position 2,,,Over Votes,0,0,0,0,0,0
Comanche,Pct 12 LISD,Lingleville ISD Trustee Position 3,,,Jerod James,0,0,0,0,0,0
Comanche,Pct 12 LISD,Lingleville ISD Trustee Position 3,,,Larry Griffin,0,0,0,0,0,0
Comanche,Pct 12 LISD,Lingleville ISD Trustee Position 3,,,Under Votes,0,0,0,0,0,0
Comanche,Pct 12 LISD,Lingleville ISD Trustee Position 3,,,Over Votes,0,0,0,0,0,0
Comanche,Pct 12 LISD,Lingleville ISD Trustee Position 4,,,Brent Hallmark,0,0,0,0,0,0
Comanche,Pct 12 LISD,Lingleville ISD Trustee Position 4,,,Under Votes,0,0,0,0,0,0
Comanche,Pct 12 LISD,Lingleville ISD Trustee Position 4,,,Over Votes,0,0,0,0,0,0
